id,cruzamento_upload_id,row_number,col_a,col_b,col_c,col_d,col_e,col_f,col_g,col_h,col_i,col_j,col_k,col_l,col_m,col_n,col_o,col_p,col_q,col_r,col_s,col_t,col_u,col_v,col_w,col_x,col_y,col_z,col_aa,col_ab,col_ac,col_ad,col_ae,col_af,col_ag,col_ah,col_ai,col_aj,col_ak,col_al,col_am,col_an,col_ao,col_ap,col_aq,col_ar,col_as,col_at,col_au,col_av,col_aw,col_ax,col_ay,col_az,col_ba,col_bb,raw_data,created_at
4551,11,1,1,HORAS NORMAIS,"1000-Salário, vencimento, soldo ou subsídio",OK,-,"",,,,,,,,,,,,,,,,,,,,,,,,,,,,,,,,,,,,,,,,,,,,,,,,,"{""EB"": ""-"", ""Nome Evento"": ""HORAS NORMAIS"", ""CodigoEvento"": ""1"", ""OBSERVAÇÃO "": """", ""Analise Natureza"": ""OK"", ""Natureza E-social"": ""1000-Salário, vencimento, soldo ou subsídio""}",2026-03-27 16:02:12.212327
4552,11,2,2,SALARIO MES,"1000-Salário, vencimento, soldo ou subsídio",OK,-,"",,,,,,,,,,,,,,,,,,,,,,,,,,,,,,,,,,,,,,,,,,,,,,,,,"{""EB"": ""-"", ""Nome Evento"": ""SALARIO MES"", ""CodigoEvento"": ""2"", ""OBSERVAÇÃO "": """", ""Analise Natureza"": ""OK"", ""Natureza E-social"": ""1000-Salário, vencimento, soldo ou subsídio""}",2026-03-27 16:02:12.212327
4553,11,3,5,PARTICIPACAO LUCROS/RESULTADOS,1300-PLR – Participação em Lucros ou Resultados,OK,-,"",,,,,,,,,,,,,,,,,,,,,,,,,,,,,,,,,,,,,,,,,,,,,,,,,"{""EB"": ""-"", ""Nome Evento"": ""PARTICIPACAO LUCROS/RESULTADOS"", ""CodigoEvento"": ""5"", ""OBSERVAÇÃO "": """", ""Analise Natureza"": ""OK"", ""Natureza E-social"": ""1300-PLR – Participação em Lucros ou Resultados""}",2026-03-27 16:02:12.212327
4554,11,4,10,GRATIFICAÇÃO,1211-Gratificações,OK,-,"",,,,,,,,,,,,,,,,,,,,,,,,,,,,,,,,,,,,,,,,,,,,,,,,,"{""EB"": ""-"", ""Nome Evento"": ""GRATIFICAÇÃO"", ""CodigoEvento"": ""10"", ""OBSERVAÇÃO "": """", ""Analise Natureza"": ""OK"", ""Natureza E-social"": ""1211-Gratificações""}",2026-03-27 16:02:12.212327
4555,11,5,12,DIF. SALARIO,"1000-Salário, vencimento, soldo ou subsídio",OK,-,"",,,,,,,,,,,,,,,,,,,,,,,,,,,,,,,,,,,,,,,,,,,,,,,,,"{""EB"": ""-"", ""Nome Evento"": ""DIF. SALARIO"", ""CodigoEvento"": ""12"", ""OBSERVAÇÃO "": """", ""Analise Natureza"": ""OK"", ""Natureza E-social"": ""1000-Salário, vencimento, soldo ou subsídio""}",2026-03-27 16:02:12.212327
4556,11,6,17,SALARIO MES,6000-Saldo de salários na rescisão contratual,OK,-,"",,,,,,,,,,,,,,,,,,,,,,,,,,,,,,,,,,,,,,,,,,,,,,,,,"{""EB"": ""-"", ""Nome Evento"": ""SALARIO MES"", ""CodigoEvento"": ""17"", ""OBSERVAÇÃO "": """", ""Analise Natureza"": ""OK"", ""Natureza E-social"": ""6000-Saldo de salários na rescisão contratual""}",2026-03-27 16:02:12.212327
4557,11,7,21,SALARIO SUBSTITUTO MES ANTERIOR,"1000-Salário, vencimento, soldo ou subsídio",OK,-,"Tipode rendimento no GI está como diversos, verificar deveria estar como salário",,,,,,,,,,,,,,,,,,,,,,,,,,,,,,,,,,,,,,,,,,,,,,,,,"{""EB"": ""-"", ""Nome Evento"": ""SALARIO SUBSTITUTO MES ANTERIOR"", ""CodigoEvento"": ""21"", ""OBSERVAÇÃO "": ""Tipode rendimento no GI está como diversos, verificar deveria estar como salário"", ""Analise Natureza"": ""OK"", ""Natureza E-social"": ""1000-Salário, vencimento, soldo ou subsídio""}",2026-03-27 16:02:12.212327
4558,11,8,37,DIF. DISSIDIO,"1000-Salário, vencimento, soldo ou subsídio",OK,-,"",,,,,,,,,,,,,,,,,,,,,,,,,,,,,,,,,,,,,,,,,,,,,,,,,"{""EB"": ""-"", ""Nome Evento"": ""DIF. DISSIDIO"", ""CodigoEvento"": ""37"", ""OBSERVAÇÃO "": """", ""Analise Natureza"": ""OK"", ""Natureza E-social"": ""1000-Salário, vencimento, soldo ou subsídio""}",2026-03-27 16:02:12.212327
4559,11,9,47,SALARIO FAMILIA,1409-Salário-família,OK,Rubrica com inconsistência de IRRF,"",,,,,,,,,,,,,,,,,,,,,,,,,,,,,,,,,,,,,,,,,,,,,,,,,"{""EB"": ""Rubrica com inconsistência de IRRF"", ""Nome Evento"": ""SALARIO FAMILIA"", ""CodigoEvento"": ""47"", ""OBSERVAÇÃO "": """", ""Analise Natureza"": ""OK"", ""Natureza E-social"": ""1409-Salário-família""}",2026-03-27 16:02:12.212327
4560,11,10,52,ADIC. NOTURNO C/20%,1205-Adicional noturno,OK,-,"",,,,,,,,,,,,,,,,,,,,,,,,,,,,,,,,,,,,,,,,,,,,,,,,,"{""EB"": ""-"", ""Nome Evento"": ""ADIC. NOTURNO C/20%"", ""CodigoEvento"": ""52"", ""OBSERVAÇÃO "": """", ""Analise Natureza"": ""OK"", ""Natureza E-social"": ""1205-Adicional noturno""}",2026-03-27 16:02:12.212327
4561,11,11,53,REEMB. I.R.F.,1623-Ressarcimento de provisão,OK,-,"",,,,,,,,,,,,,,,,,,,,,,,,,,,,,,,,,,,,,,,,,,,,,,,,,"{""EB"": ""-"", ""Nome Evento"": ""REEMB. I.R.F."", ""CodigoEvento"": ""53"", ""OBSERVAÇÃO "": """", ""Analise Natureza"": ""OK"", ""Natureza E-social"": ""1623-Ressarcimento de provisão""}",2026-03-27 16:02:12.212327
4562,11,12,54,ADIC. NOTURNO C/25%,1205-Adicional noturno,OK,-,"",,,,,,,,,,,,,,,,,,,,,,,,,,,,,,,,,,,,,,,,,,,,,,,,,"{""EB"": ""-"", ""Nome Evento"": ""ADIC. NOTURNO C/25%"", ""CodigoEvento"": ""54"", ""OBSERVAÇÃO "": """", ""Analise Natureza"": ""OK"", ""Natureza E-social"": ""1205-Adicional noturno""}",2026-03-27 16:02:12.212327
4563,11,13,55,PRO-LABORE,3508-Retiradas (pró-labore) de proprietários ou sócios,OK,Rubrica com inconsistência de FGTS,"",,,,,,,,,,,,,,,,,,,,,,,,,,,,,,,,,,,,,,,,,,,,,,,,,"{""EB"": ""Rubrica com inconsistência de FGTS"", ""Nome Evento"": ""PRO-LABORE"", ""CodigoEvento"": ""55"", ""OBSERVAÇÃO "": """", ""Analise Natureza"": ""OK"", ""Natureza E-social"": ""3508-Retiradas (pró-labore) de proprietários ou sócios""}",2026-03-27 16:02:12.212327
4564,11,14,56,ADIC. NOTURNO C/30%,1205-Adicional noturno,OK,-,"",,,,,,,,,,,,,,,,,,,,,,,,,,,,,,,,,,,,,,,,,,,,,,,,,"{""EB"": ""-"", ""Nome Evento"": ""ADIC. NOTURNO C/30%"", ""CodigoEvento"": ""56"", ""OBSERVAÇÃO "": """", ""Analise Natureza"": ""OK"", ""Natureza E-social"": ""1205-Adicional noturno""}",2026-03-27 16:02:12.212327
4565,11,15,57,ADIC. NOTURNO C/35%,1205-Adicional noturno,OK,-,"",,,,,,,,,,,,,,,,,,,,,,,,,,,,,,,,,,,,,,,,,,,,,,,,,"{""EB"": ""-"", ""Nome Evento"": ""ADIC. NOTURNO C/35%"", ""CodigoEvento"": ""57"", ""OBSERVAÇÃO "": """", ""Analise Natureza"": ""OK"", ""Natureza E-social"": ""1205-Adicional noturno""}",2026-03-27 16:02:12.212327
4566,11,16,60,ADIC. INSALUBRIDADE 07/2019,1202-Adicional de insalubridade,OK,-,"",,,,,,,,,,,,,,,,,,,,,,,,,,,,,,,,,,,,,,,,,,,,,,,,,"{""EB"": ""-"", ""Nome Evento"": ""ADIC. INSALUBRIDADE 07/2019"", ""CodigoEvento"": ""60"", ""OBSERVAÇÃO "": """", ""Analise Natureza"": ""OK"", ""Natureza E-social"": ""1202-Adicional de insalubridade""}",2026-03-27 16:02:12.212327
4567,11,17,61,ADIC. INSALUBRIDADE MES ANT.,1202-Adicional de insalubridade,OK,-,Verificar tipo de Rendimentos no GI,,,,,,,,,,,,,,,,,,,,,,,,,,,,,,,,,,,,,,,,,,,,,,,,,"{""EB"": ""-"", ""Nome Evento"": ""ADIC. INSALUBRIDADE MES ANT."", ""CodigoEvento"": ""61"", ""OBSERVAÇÃO "": ""Verificar tipo de Rendimentos no GI"", ""Analise Natureza"": ""OK"", ""Natureza E-social"": ""1202-Adicional de insalubridade""}",2026-03-27 16:02:12.212327
4568,11,18,62,ADIC. INSALUBRIDADE,1202-Adicional de insalubridade,OK,-,Verificar tipo de Rendimentos no GI,,,,,,,,,,,,,,,,,,,,,,,,,,,,,,,,,,,,,,,,,,,,,,,,,"{""EB"": ""-"", ""Nome Evento"": ""ADIC. INSALUBRIDADE"", ""CodigoEvento"": ""62"", ""OBSERVAÇÃO "": ""Verificar tipo de Rendimentos no GI"", ""Analise Natureza"": ""OK"", ""Natureza E-social"": ""1202-Adicional de insalubridade""}",2026-03-27 16:02:12.212327
4569,11,19,64,ADIC. NOTURNO C/50%,1205-Adicional noturno,OK,-,"",,,,,,,,,,,,,,,,,,,,,,,,,,,,,,,,,,,,,,,,,,,,,,,,,"{""EB"": ""-"", ""Nome Evento"": ""ADIC. NOTURNO C/50%"", ""CodigoEvento"": ""64"", ""OBSERVAÇÃO "": """", ""Analise Natureza"": ""OK"", ""Natureza E-social"": ""1205-Adicional noturno""}",2026-03-27 16:02:12.212327
4570,11,20,65,ADIC. NOTURNO MES ANTERIOR,1205-Adicional noturno,OK,-,"",,,,,,,,,,,,,,,,,,,,,,,,,,,,,,,,,,,,,,,,,,,,,,,,,"{""EB"": ""-"", ""Nome Evento"": ""ADIC. NOTURNO MES ANTERIOR"", ""CodigoEvento"": ""65"", ""OBSERVAÇÃO "": """", ""Analise Natureza"": ""OK"", ""Natureza E-social"": ""1205-Adicional noturno""}",2026-03-27 16:02:12.212327
4571,11,21,66,ADIC. NOTURNO MES ANT 20%,1205-Adicional noturno,OK,-,"",,,,,,,,,,,,,,,,,,,,,,,,,,,,,,,,,,,,,,,,,,,,,,,,,"{""EB"": ""-"", ""Nome Evento"": ""ADIC. NOTURNO MES ANT 20%"", ""CodigoEvento"": ""66"", ""OBSERVAÇÃO "": """", ""Analise Natureza"": ""OK"", ""Natureza E-social"": ""1205-Adicional noturno""}",2026-03-27 16:02:12.212327
4572,11,22,67,DIF. ADIC. INSALUBRIDADE,1202-Adicional de insalubridade,OK,-,"",,,,,,,,,,,,,,,,,,,,,,,,,,,,,,,,,,,,,,,,,,,,,,,,,"{""EB"": ""-"", ""Nome Evento"": ""DIF. ADIC. INSALUBRIDADE"", ""CodigoEvento"": ""67"", ""OBSERVAÇÃO "": """", ""Analise Natureza"": ""OK"", ""Natureza E-social"": ""1202-Adicional de insalubridade""}",2026-03-27 16:02:12.212327
4573,11,23,69,ADIC. PERICULOSIDADE MES ANTER,1203-Adicional de periculosidade,OK,-,"",,,,,,,,,,,,,,,,,,,,,,,,,,,,,,,,,,,,,,,,,,,,,,,,,"{""EB"": ""-"", ""Nome Evento"": ""ADIC. PERICULOSIDADE MES ANTER"", ""CodigoEvento"": ""69"", ""OBSERVAÇÃO "": """", ""Analise Natureza"": ""OK"", ""Natureza E-social"": ""1203-Adicional de periculosidade""}",2026-03-27 16:02:12.212327
4574,11,24,70,ADIC. PERICULOSIDADE,1203-Adicional de periculosidade,OK,-,Verificar tipo de Rendimentos no GI  e no bloco da rescisão ,,,,,,,,,,,,,,,,,,,,,,,,,,,,,,,,,,,,,,,,,,,,,,,,,"{""EB"": ""-"", ""Nome Evento"": ""ADIC. PERICULOSIDADE"", ""CodigoEvento"": ""70"", ""OBSERVAÇÃO "": ""Verificar tipo de Rendimentos no GI  e no bloco da rescisão "", ""Analise Natureza"": ""OK"", ""Natureza E-social"": ""1203-Adicional de periculosidade""}",2026-03-27 16:02:12.212327
4575,11,25,81,HORAS REDUZIDAS ADIC. NOT MES ANT,1205-Adicional noturno,OK,-,Verificar o tipo de rendimentos no GI ,,,,,,,,,,,,,,,,,,,,,,,,,,,,,,,,,,,,,,,,,,,,,,,,,"{""EB"": ""-"", ""Nome Evento"": ""HORAS REDUZIDAS ADIC. NOT MES ANT"", ""CodigoEvento"": ""81"", ""OBSERVAÇÃO "": ""Verificar o tipo de rendimentos no GI "", ""Analise Natureza"": ""OK"", ""Natureza E-social"": ""1205-Adicional noturno""}",2026-03-27 16:02:12.212327
4576,11,26,82,HORAS REDUZIDAS ADIC. NOTURNO,1205-Adicional noturno,OK,-,Verificar o tipo de rendimentos no GI ,,,,,,,,,,,,,,,,,,,,,,,,,,,,,,,,,,,,,,,,,,,,,,,,,"{""EB"": ""-"", ""Nome Evento"": ""HORAS REDUZIDAS ADIC. NOTURNO"", ""CodigoEvento"": ""82"", ""OBSERVAÇÃO "": ""Verificar o tipo de rendimentos no GI "", ""Analise Natureza"": ""OK"", ""Natureza E-social"": ""1205-Adicional noturno""}",2026-03-27 16:02:12.212327
4577,11,27,93,F.G.T.S. MULTA,6101-Indenização compensatória multa rescisória 20 ou 40% (CF/88),OK,-,"",,,,,,,,,,,,,,,,,,,,,,,,,,,,,,,,,,,,,,,,,,,,,,,,,"{""EB"": ""-"", ""Nome Evento"": ""F.G.T.S. MULTA"", ""CodigoEvento"": ""93"", ""OBSERVAÇÃO "": """", ""Analise Natureza"": ""OK"", ""Natureza E-social"": ""6101-Indenização compensatória multa rescisória 20 ou 40% (CF/88)""}",2026-03-27 16:02:12.212327
4578,11,28,102,HORAS EXTRAS 60%,1003-Horas extraordinárias,OK,-,"",,,,,,,,,,,,,,,,,,,,,,,,,,,,,,,,,,,,,,,,,,,,,,,,,"{""EB"": ""-"", ""Nome Evento"": ""HORAS EXTRAS 60%"", ""CodigoEvento"": ""102"", ""OBSERVAÇÃO "": """", ""Analise Natureza"": ""OK"", ""Natureza E-social"": ""1003-Horas extraordinárias""}",2026-03-27 16:02:12.212327
4579,11,29,105,HORAS EXTRAS 50%,1003-Horas extraordinárias,OK,-,"",,,,,,,,,,,,,,,,,,,,,,,,,,,,,,,,,,,,,,,,,,,,,,,,,"{""EB"": ""-"", ""Nome Evento"": ""HORAS EXTRAS 50%"", ""CodigoEvento"": ""105"", ""OBSERVAÇÃO "": """", ""Analise Natureza"": ""OK"", ""Natureza E-social"": ""1003-Horas extraordinárias""}",2026-03-27 16:02:12.212327
4580,11,30,108,HORAS EXTRAS 50% - MES ANTERIOR,1003-Horas extraordinárias,OK,-,"",,,,,,,,,,,,,,,,,,,,,,,,,,,,,,,,,,,,,,,,,,,,,,,,,"{""EB"": ""-"", ""Nome Evento"": ""HORAS EXTRAS 50% - MES ANTERIOR"", ""CodigoEvento"": ""108"", ""OBSERVAÇÃO "": """", ""Analise Natureza"": ""OK"", ""Natureza E-social"": ""1003-Horas extraordinárias""}",2026-03-27 16:02:12.212327
4581,11,31,123,HORAS EXTRAS 100%,1003-Horas extraordinárias,OK,-,"",,,,,,,,,,,,,,,,,,,,,,,,,,,,,,,,,,,,,,,,,,,,,,,,,"{""EB"": ""-"", ""Nome Evento"": ""HORAS EXTRAS 100%"", ""CodigoEvento"": ""123"", ""OBSERVAÇÃO "": """", ""Analise Natureza"": ""OK"", ""Natureza E-social"": ""1003-Horas extraordinárias""}",2026-03-27 16:02:12.212327
4582,11,32,127,HORAS EXTRAS 100% - MES ANTERIOR,1003-Horas extraordinárias,OK,-,"",,,,,,,,,,,,,,,,,,,,,,,,,,,,,,,,,,,,,,,,,,,,,,,,,"{""EB"": ""-"", ""Nome Evento"": ""HORAS EXTRAS 100% - MES ANTERIOR"", ""CodigoEvento"": ""127"", ""OBSERVAÇÃO "": """", ""Analise Natureza"": ""OK"", ""Natureza E-social"": ""1003-Horas extraordinárias""}",2026-03-27 16:02:12.212327
4583,11,33,145,DEV. FALTAS (DIAS),"1000-Salário, vencimento, soldo ou subsídio",OK,-,"",,,,,,,,,,,,,,,,,,,,,,,,,,,,,,,,,,,,,,,,,,,,,,,,,"{""EB"": ""-"", ""Nome Evento"": ""DEV. FALTAS (DIAS)"", ""CodigoEvento"": ""145"", ""OBSERVAÇÃO "": """", ""Analise Natureza"": ""OK"", ""Natureza E-social"": ""1000-Salário, vencimento, soldo ou subsídio""}",2026-03-27 16:02:12.212327
4584,11,34,153,DIF. ADIC. PERICULOSIDADE,1203-Adicional de periculosidade,OK,-,Verificar tipo de Rendimentos no GI  e no bloco da rescisão ,,,,,,,,,,,,,,,,,,,,,,,,,,,,,,,,,,,,,,,,,,,,,,,,,"{""EB"": ""-"", ""Nome Evento"": ""DIF. ADIC. PERICULOSIDADE"", ""CodigoEvento"": ""153"", ""OBSERVAÇÃO "": ""Verificar tipo de Rendimentos no GI  e no bloco da rescisão "", ""Analise Natureza"": ""OK"", ""Natureza E-social"": ""1203-Adicional de periculosidade""}",2026-03-27 16:02:12.212327
4585,11,35,155,REEMB. VALE ALIMENTACAO MES ANTERIOR,"1806-Alimentação em ticket ou cartão, vinculada ao PAT",OK,-,"",,,,,,,,,,,,,,,,,,,,,,,,,,,,,,,,,,,,,,,,,,,,,,,,,"{""EB"": ""-"", ""Nome Evento"": ""REEMB. VALE ALIMENTACAO MES ANTERIOR"", ""CodigoEvento"": ""155"", ""OBSERVAÇÃO "": """", ""Analise Natureza"": ""OK"", ""Natureza E-social"": ""1806-Alimentação em ticket ou cartão, vinculada ao PAT""}",2026-03-27 16:02:12.212327
4586,11,36,171,AUX. DOENÇA,"1000-Salário, vencimento, soldo ou subsídio",OK,-,"",,,,,,,,,,,,,,,,,,,,,,,,,,,,,,,,,,,,,,,,,,,,,,,,,"{""EB"": ""-"", ""Nome Evento"": ""AUX. DOENÇA"", ""CodigoEvento"": ""171"", ""OBSERVAÇÃO "": """", ""Analise Natureza"": ""OK"", ""Natureza E-social"": ""1000-Salário, vencimento, soldo ou subsídio""}",2026-03-27 16:02:12.212327
4587,11,37,172,ACIDENTE DE TRABALHO (15 DIAS),"1000-Salário, vencimento, soldo ou subsídio",OK,-,"",,,,,,,,,,,,,,,,,,,,,,,,,,,,,,,,,,,,,,,,,,,,,,,,,"{""EB"": ""-"", ""Nome Evento"": ""ACIDENTE DE TRABALHO (15 DIAS)"", ""CodigoEvento"": ""172"", ""OBSERVAÇÃO "": """", ""Analise Natureza"": ""OK"", ""Natureza E-social"": ""1000-Salário, vencimento, soldo ou subsídio""}",2026-03-27 16:02:12.212327
4588,11,38,173,ACIDENTE DE TRABALHO (F.G.T.S.),9932-Auxílio acidente do acidentário,OK,-,"",,,,,,,,,,,,,,,,,,,,,,,,,,,,,,,,,,,,,,,,,,,,,,,,,"{""EB"": ""-"", ""Nome Evento"": ""ACIDENTE DE TRABALHO (F.G.T.S.)"", ""CodigoEvento"": ""173"", ""OBSERVAÇÃO "": """", ""Analise Natureza"": ""OK"", ""Natureza E-social"": ""9932-Auxílio acidente do acidentário""}",2026-03-27 16:02:12.212327
4589,11,39,174,AUX. DOENÇA (F.G.T.S.),9989-Outros valores informativos,OK,-,"",,,,,,,,,,,,,,,,,,,,,,,,,,,,,,,,,,,,,,,,,,,,,,,,,"{""EB"": ""-"", ""Nome Evento"": ""AUX. DOENÇA (F.G.T.S.)"", ""CodigoEvento"": ""174"", ""OBSERVAÇÃO "": """", ""Analise Natureza"": ""OK"", ""Natureza E-social"": ""9989-Outros valores informativos""}",2026-03-27 16:02:12.212327
4590,11,40,176,SALARIO MES ANTERIOR,"1000-Salário, vencimento, soldo ou subsídio",OK,-,"",,,,,,,,,,,,,,,,,,,,,,,,,,,,,,,,,,,,,,,,,,,,,,,,,"{""EB"": ""-"", ""Nome Evento"": ""SALARIO MES ANTERIOR"", ""CodigoEvento"": ""176"", ""OBSERVAÇÃO "": """", ""Analise Natureza"": ""OK"", ""Natureza E-social"": ""1000-Salário, vencimento, soldo ou subsídio""}",2026-03-27 16:02:12.212327
4591,11,41,177,SALARIO SUBSTITUTO,"1000-Salário, vencimento, soldo ou subsídio",OK,-,"",,,,,,,,,,,,,,,,,,,,,,,,,,,,,,,,,,,,,,,,,,,,,,,,,"{""EB"": ""-"", ""Nome Evento"": ""SALARIO SUBSTITUTO"", ""CodigoEvento"": ""177"", ""OBSERVAÇÃO "": """", ""Analise Natureza"": ""OK"", ""Natureza E-social"": ""1000-Salário, vencimento, soldo ou subsídio""}",2026-03-27 16:02:12.212327
4592,11,42,185,INDENIZACAO LEI Nº 7.238/84,6102-Indenização do art. 9º lei nº 7.238/84,OK,"Rubrica com inconsistência de INSS, IRRF e FGTS","",,,,,,,,,,,,,,,,,,,,,,,,,,,,,,,,,,,,,,,,,,,,,,,,,"{""EB"": ""Rubrica com inconsistência de INSS, IRRF e FGTS"", ""Nome Evento"": ""INDENIZACAO LEI Nº 7.238/84"", ""CodigoEvento"": ""185"", ""OBSERVAÇÃO "": """", ""Analise Natureza"": ""OK"", ""Natureza E-social"": ""6102-Indenização do art. 9º lei nº 7.238/84""}",2026-03-27 16:02:12.212327
4593,11,43,187,P.L.R.,1300-PLR – Participação em Lucros ou Resultados,OK,-,"",,,,,,,,,,,,,,,,,,,,,,,,,,,,,,,,,,,,,,,,,,,,,,,,,"{""EB"": ""-"", ""Nome Evento"": ""P.L.R."", ""CodigoEvento"": ""187"", ""OBSERVAÇÃO "": """", ""Analise Natureza"": ""OK"", ""Natureza E-social"": ""1300-PLR – Participação em Lucros ou Resultados""}",2026-03-27 16:02:12.212327
4594,11,44,190,REEMB. FALTAS DESC. MES ANTERIOR,"1000-Salário, vencimento, soldo ou subsídio",OK,-,"",,,,,,,,,,,,,,,,,,,,,,,,,,,,,,,,,,,,,,,,,,,,,,,,,"{""EB"": ""-"", ""Nome Evento"": ""REEMB. FALTAS DESC. MES ANTERIOR"", ""CodigoEvento"": ""190"", ""OBSERVAÇÃO "": """", ""Analise Natureza"": ""OK"", ""Natureza E-social"": ""1000-Salário, vencimento, soldo ou subsídio""}",2026-03-27 16:02:12.212327
4595,11,45,193,F.G.T.S. PAGO,9908-FGTS - depósito,OK,-,"",,,,,,,,,,,,,,,,,,,,,,,,,,,,,,,,,,,,,,,,,,,,,,,,,"{""EB"": ""-"", ""Nome Evento"": ""F.G.T.S. PAGO"", ""CodigoEvento"": ""193"", ""OBSERVAÇÃO "": """", ""Analise Natureza"": ""OK"", ""Natureza E-social"": ""9908-FGTS - depósito""}",2026-03-27 16:02:12.212327
4596,11,46,231,REEMB. DESPESAS,9989-Outros valores informativos,OK,-,"",,,,,,,,,,,,,,,,,,,,,,,,,,,,,,,,,,,,,,,,,,,,,,,,,"{""EB"": ""-"", ""Nome Evento"": ""REEMB. DESPESAS"", ""CodigoEvento"": ""231"", ""OBSERVAÇÃO "": """", ""Analise Natureza"": ""OK"", ""Natureza E-social"": ""9989-Outros valores informativos""}",2026-03-27 16:02:12.212327
4597,11,47,232,REEMB. EXAME DEMISSIONAL,9989-Outros valores informativos,-,"","",,,,,,,,,,,,,,,,,,,,,,,,,,,,,,,,,,,,,,,,,,,,,,,,,"{""EB"": """", ""Nome Evento"": ""REEMB. EXAME DEMISSIONAL"", ""CodigoEvento"": ""232"", ""OBSERVAÇÃO "": """", ""Analise Natureza"": ""-"", ""Natureza E-social"": ""9989-Outros valores informativos""}",2026-03-27 16:02:12.212327
4598,11,48,278,PAGTO. CESTA BASICA,"1808-Cesta básica ou refeição, vinculada ao PAT",OK,-,"",,,,,,,,,,,,,,,,,,,,,,,,,,,,,,,,,,,,,,,,,,,,,,,,,"{""EB"": ""-"", ""Nome Evento"": ""PAGTO. CESTA BASICA"", ""CodigoEvento"": ""278"", ""OBSERVAÇÃO "": """", ""Analise Natureza"": ""OK"", ""Natureza E-social"": ""1808-Cesta básica ou refeição, vinculada ao PAT""}",2026-03-27 16:02:12.212327
4599,11,49,236,REEMB. VALE REFEICAO DIF.DISSIDIO,"1806-Alimentação em ticket ou cartão, vinculada ao PAT",OK,-,"",,,,,,,,,,,,,,,,,,,,,,,,,,,,,,,,,,,,,,,,,,,,,,,,,"{""EB"": ""-"", ""Nome Evento"": ""REEMB. VALE REFEICAO DIF.DISSIDIO"", ""CodigoEvento"": ""236"", ""OBSERVAÇÃO "": """", ""Analise Natureza"": ""OK"", ""Natureza E-social"": ""1806-Alimentação em ticket ou cartão, vinculada ao PAT""}",2026-03-27 16:02:12.212327
4600,11,50,240,REEMB. SALARIO FAMILIA,1409-Salário-família,OK,Rubrica com inconsistência de IRRF,"",,,,,,,,,,,,,,,,,,,,,,,,,,,,,,,,,,,,,,,,,,,,,,,,,"{""EB"": ""Rubrica com inconsistência de IRRF"", ""Nome Evento"": ""REEMB. SALARIO FAMILIA"", ""CodigoEvento"": ""240"", ""OBSERVAÇÃO "": """", ""Analise Natureza"": ""OK"", ""Natureza E-social"": ""1409-Salário-família""}",2026-03-27 16:02:12.212327
4601,11,51,241,SALÁRIO FAMILIA MES ANTERIOR,1409-Salário-família,OK,Rubrica com inconsistência de IRRF,"",,,,,,,,,,,,,,,,,,,,,,,,,,,,,,,,,,,,,,,,,,,,,,,,,"{""EB"": ""Rubrica com inconsistência de IRRF"", ""Nome Evento"": ""SALÁRIO FAMILIA MES ANTERIOR"", ""CodigoEvento"": ""241"", ""OBSERVAÇÃO "": """", ""Analise Natureza"": ""OK"", ""Natureza E-social"": ""1409-Salário-família""}",2026-03-27 16:02:12.212327
4602,11,52,252,AJUDA CRECHE CCT,1406-Auxílio-creche,OK,Rubrica com inconsistência de IRRF,"",,,,,,,,,,,,,,,,,,,,,,,,,,,,,,,,,,,,,,,,,,,,,,,,,"{""EB"": ""Rubrica com inconsistência de IRRF"", ""Nome Evento"": ""AJUDA CRECHE CCT"", ""CodigoEvento"": ""252"", ""OBSERVAÇÃO "": """", ""Analise Natureza"": ""OK"", ""Natureza E-social"": ""1406-Auxílio-creche""}",2026-03-27 16:02:12.212327
4603,11,53,253,DEV. ATRASO/FALTA HORAS,"1000-Salário, vencimento, soldo ou subsídio",OK,-,"",,,,,,,,,,,,,,,,,,,,,,,,,,,,,,,,,,,,,,,,,,,,,,,,,"{""EB"": ""-"", ""Nome Evento"": ""DEV. ATRASO/FALTA HORAS"", ""CodigoEvento"": ""253"", ""OBSERVAÇÃO "": """", ""Analise Natureza"": ""OK"", ""Natureza E-social"": ""1000-Salário, vencimento, soldo ou subsídio""}",2026-03-27 16:02:12.212327
4604,11,54,254,REEMB. MENSALIDADE. SINDICAL,9231-Contribuição Sindical – Associativa,OK,Rubrica com inconsistência de IRRF,"",,,,,,,,,,,,,,,,,,,,,,,,,,,,,,,,,,,,,,,,,,,,,,,,,"{""EB"": ""Rubrica com inconsistência de IRRF"", ""Nome Evento"": ""REEMB. MENSALIDADE. SINDICAL"", ""CodigoEvento"": ""254"", ""OBSERVAÇÃO "": """", ""Analise Natureza"": ""OK"", ""Natureza E-social"": ""9231-Contribuição Sindical – Associativa""}",2026-03-27 16:02:12.212327
4605,11,55,256,REEMB. DESC. REFEICAO (PAT),"1806-Alimentação em ticket ou cartão, vinculada ao PAT",OK,-,"",,,,,,,,,,,,,,,,,,,,,,,,,,,,,,,,,,,,,,,,,,,,,,,,,"{""EB"": ""-"", ""Nome Evento"": ""REEMB. DESC. REFEICAO (PAT)"", ""CodigoEvento"": ""256"", ""OBSERVAÇÃO "": """", ""Analise Natureza"": ""OK"", ""Natureza E-social"": ""1806-Alimentação em ticket ou cartão, vinculada ao PAT""}",2026-03-27 16:02:12.212327
4606,11,56,257,ABONO DE FERIAS ARTº 143 (Ferias),1023-Férias - Abono pecuniário,OK,"Rubrica com inconsistência de INSS, IRRF e FGTS",Alterado anteriormente por mim - Adriana ,,,,,,,,,,,,,,,,,,,,,,,,,,,,,,,,,,,,,,,,,,,,,,,,,"{""EB"": ""Rubrica com inconsistência de INSS, IRRF e FGTS"", ""Nome Evento"": ""ABONO DE FERIAS ARTº 143 (Ferias)"", ""CodigoEvento"": ""257"", ""OBSERVAÇÃO "": ""Alterado anteriormente por mim - Adriana "", ""Analise Natureza"": ""OK"", ""Natureza E-social"": ""1023-Férias - Abono pecuniário""}",2026-03-27 16:02:12.212327
4607,11,57,258,1/3 S/ABONO FERIAS ARTº 143 (Ferias),1019 - Terço constitucional de férias - Abono ou gratificação de férias superior a 20 dias,OK,"Rubrica com inconsistência de INSS, IRRF e FGTS","",,,,,,,,,,,,,,,,,,,,,,,,,,,,,,,,,,,,,,,,,,,,,,,,,"{""EB"": ""Rubrica com inconsistência de INSS, IRRF e FGTS"", ""Nome Evento"": ""1/3 S/ABONO FERIAS ARTº 143 (Ferias)"", ""CodigoEvento"": ""258"", ""OBSERVAÇÃO "": """", ""Analise Natureza"": ""OK"", ""Natureza E-social"": ""1019 - Terço constitucional de férias - Abono ou gratificação de férias superior a 20 dias""}",2026-03-27 16:02:12.212327
4608,11,58,260,DIF. CCT S/FERIAS,"1000-Salário, vencimento, soldo ou subsídio",corrigir,-,Natureza da Rubrica sugerida 1016 - Férias ,,,,,,,,,,,,,,,,,,,,,,,,,,,,,,,,,,,,,,,,,,,,,,,,,"{""EB"": ""-"", ""Nome Evento"": ""DIF. CCT S/FERIAS"", ""CodigoEvento"": ""260"", ""OBSERVAÇÃO "": ""Natureza da Rubrica sugerida 1016 - Férias "", ""Analise Natureza"": ""corrigir"", ""Natureza E-social"": ""1000-Salário, vencimento, soldo ou subsídio""}",2026-03-27 16:02:12.212327
4609,11,59,268,DIF GRATIFICACAO MES ANT,1211-Gratificações,OK,-,"",,,,,,,,,,,,,,,,,,,,,,,,,,,,,,,,,,,,,,,,,,,,,,,,,"{""EB"": ""-"", ""Nome Evento"": ""DIF GRATIFICACAO MES ANT"", ""CodigoEvento"": ""268"", ""OBSERVAÇÃO "": """", ""Analise Natureza"": ""OK"", ""Natureza E-social"": ""1211-Gratificações""}",2026-03-27 16:02:12.212327
4610,11,60,270,H E 50% - ART. 71,1003-Horas extraordinárias,OK,-,"",,,,,,,,,,,,,,,,,,,,,,,,,,,,,,,,,,,,,,,,,,,,,,,,,"{""EB"": ""-"", ""Nome Evento"": ""H E 50% - ART. 71"", ""CodigoEvento"": ""270"", ""OBSERVAÇÃO "": """", ""Analise Natureza"": ""OK"", ""Natureza E-social"": ""1003-Horas extraordinárias""}",2026-03-27 16:02:12.212327
4611,11,61,273,ARREDONDAMENTO,2999-Arredondamentos,OK,-,"",,,,,,,,,,,,,,,,,,,,,,,,,,,,,,,,,,,,,,,,,,,,,,,,,"{""EB"": ""-"", ""Nome Evento"": ""ARREDONDAMENTO"", ""CodigoEvento"": ""273"", ""OBSERVAÇÃO "": """", ""Analise Natureza"": ""OK"", ""Natureza E-social"": ""2999-Arredondamentos""}",2026-03-27 16:02:12.212327
4612,11,62,275,VALE REFEIÇÃO,"1806-Alimentação em ticket ou cartão, vinculada ao PAT",OK,-,"",,,,,,,,,,,,,,,,,,,,,,,,,,,,,,,,,,,,,,,,,,,,,,,,,"{""EB"": ""-"", ""Nome Evento"": ""VALE REFEIÇÃO"", ""CodigoEvento"": ""275"", ""OBSERVAÇÃO "": """", ""Analise Natureza"": ""OK"", ""Natureza E-social"": ""1806-Alimentação em ticket ou cartão, vinculada ao PAT""}",2026-03-27 16:02:12.212327
4613,11,63,277,PAGTO. VALE REFEICAO,"1806-Alimentação em ticket ou cartão, vinculada ao PAT",OK,-,"",,,,,,,,,,,,,,,,,,,,,,,,,,,,,,,,,,,,,,,,,,,,,,,,,"{""EB"": ""-"", ""Nome Evento"": ""PAGTO. VALE REFEICAO"", ""CodigoEvento"": ""277"", ""OBSERVAÇÃO "": """", ""Analise Natureza"": ""OK"", ""Natureza E-social"": ""1806-Alimentação em ticket ou cartão, vinculada ao PAT""}",2026-03-27 16:02:12.212327
4614,11,64,279,DEVOL DESC. ASSIST. MEDICA,1405-Assistência médica,OK,Rubrica com inconsistência de IRRF,"",,,,,,,,,,,,,,,,,,,,,,,,,,,,,,,,,,,,,,,,,,,,,,,,,"{""EB"": ""Rubrica com inconsistência de IRRF"", ""Nome Evento"": ""DEVOL DESC. ASSIST. MEDICA"", ""CodigoEvento"": ""279"", ""OBSERVAÇÃO "": """", ""Analise Natureza"": ""OK"", ""Natureza E-social"": ""1405-Assistência médica""}",2026-03-27 16:02:12.212327
4615,11,65,282,ADIANTAMENTO NORMAL,5501-Adiantamento de salário,OK,-,"",,,,,,,,,,,,,,,,,,,,,,,,,,,,,,,,,,,,,,,,,,,,,,,,,"{""EB"": ""-"", ""Nome Evento"": ""ADIANTAMENTO NORMAL"", ""CodigoEvento"": ""282"", ""OBSERVAÇÃO "": """", ""Analise Natureza"": ""OK"", ""Natureza E-social"": ""5501-Adiantamento de salário""}",2026-03-27 16:02:12.212327
4616,11,66,284,PAGTO. VALE ALIMENTACAO,"1806-Alimentação em ticket ou cartão, vinculada ao PAT",OK,-,"",,,,,,,,,,,,,,,,,,,,,,,,,,,,,,,,,,,,,,,,,,,,,,,,,"{""EB"": ""-"", ""Nome Evento"": ""PAGTO. VALE ALIMENTACAO"", ""CodigoEvento"": ""284"", ""OBSERVAÇÃO "": """", ""Analise Natureza"": ""OK"", ""Natureza E-social"": ""1806-Alimentação em ticket ou cartão, vinculada ao PAT""}",2026-03-27 16:02:12.212327
4617,11,67,288,ANTECIPACAO 13º SALARIO,5504-13º salário - Adiantamento,OK,-,"",,,,,,,,,,,,,,,,,,,,,,,,,,,,,,,,,,,,,,,,,,,,,,,,,"{""EB"": ""-"", ""Nome Evento"": ""ANTECIPACAO 13º SALARIO"", ""CodigoEvento"": ""288"", ""OBSERVAÇÃO "": """", ""Analise Natureza"": ""OK"", ""Natureza E-social"": ""5504-13º salário - Adiantamento""}",2026-03-27 16:02:12.212327
4618,11,68,289,MEDIAS ANTECIPACAO 13º SALARIO,5504-13º salário - Adiantamento,OK,-,"",,,,,,,,,,,,,,,,,,,,,,,,,,,,,,,,,,,,,,,,,,,,,,,,,"{""EB"": ""-"", ""Nome Evento"": ""MEDIAS ANTECIPACAO 13º SALARIO"", ""CodigoEvento"": ""289"", ""OBSERVAÇÃO "": """", ""Analise Natureza"": ""OK"", ""Natureza E-social"": ""5504-13º salário - Adiantamento""}",2026-03-27 16:02:12.212327
4619,11,69,291,ADIC. INSALUBRIDADE S/1ª 13º SALARIO,5504-13º salário - Adiantamento,OK,Rubrica com inconsistência de IRRF,"",,,,,,,,,,,,,,,,,,,,,,,,,,,,,,,,,,,,,,,,,,,,,,,,,"{""EB"": ""Rubrica com inconsistência de IRRF"", ""Nome Evento"": ""ADIC. INSALUBRIDADE S/1ª 13º SALARIO"", ""CodigoEvento"": ""291"", ""OBSERVAÇÃO "": """", ""Analise Natureza"": ""OK"", ""Natureza E-social"": ""5504-13º salário - Adiantamento""}",2026-03-27 16:02:12.212327
4620,11,70,292,ADIC. NOT MES ANT C/30%,1205-Adicional noturno,OK,-,"",,,,,,,,,,,,,,,,,,,,,,,,,,,,,,,,,,,,,,,,,,,,,,,,,"{""EB"": ""-"", ""Nome Evento"": ""ADIC. NOT MES ANT C/30%"", ""CodigoEvento"": ""292"", ""OBSERVAÇÃO "": """", ""Analise Natureza"": ""OK"", ""Natureza E-social"": ""1205-Adicional noturno""}",2026-03-27 16:02:12.212327
4621,11,71,293,F.G.T.S. S/13º SALARIO,9908-FGTS - depósito,OK,Rubrica com inconsistência de IRRF,"",,,,,,,,,,,,,,,,,,,,,,,,,,,,,,,,,,,,,,,,,,,,,,,,,"{""EB"": ""Rubrica com inconsistência de IRRF"", ""Nome Evento"": ""F.G.T.S. S/13º SALARIO"", ""CodigoEvento"": ""293"", ""OBSERVAÇÃO "": """", ""Analise Natureza"": ""OK"", ""Natureza E-social"": ""9908-FGTS - depósito""}",2026-03-27 16:02:12.212327
4622,11,72,295,REEMB. ASSIST. MEDICA,1405-Assistência médica,OK,Rubrica com inconsistência de IRRF,Verificar tipo de rendimento e bloco da rescisão ,,,,,,,,,,,,,,,,,,,,,,,,,,,,,,,,,,,,,,,,,,,,,,,,,"{""EB"": ""Rubrica com inconsistência de IRRF"", ""Nome Evento"": ""REEMB. ASSIST. MEDICA"", ""CodigoEvento"": ""295"", ""OBSERVAÇÃO "": ""Verificar tipo de rendimento e bloco da rescisão "", ""Analise Natureza"": ""OK"", ""Natureza E-social"": ""1405-Assistência médica""}",2026-03-27 16:02:12.212327
4623,11,73,299,ADIC. SALARIO,1211-Gratificações,OK,-,"",,,,,,,,,,,,,,,,,,,,,,,,,,,,,,,,,,,,,,,,,,,,,,,,,"{""EB"": ""-"", ""Nome Evento"": ""ADIC. SALARIO"", ""CodigoEvento"": ""299"", ""OBSERVAÇÃO "": """", ""Analise Natureza"": ""OK"", ""Natureza E-social"": ""1211-Gratificações""}",2026-03-27 16:02:12.212327
4624,11,74,303,REEMB. DESC. FALTAS E ATRASOS,"1000-Salário, vencimento, soldo ou subsídio",OK,-,"",,,,,,,,,,,,,,,,,,,,,,,,,,,,,,,,,,,,,,,,,,,,,,,,,"{""EB"": ""-"", ""Nome Evento"": ""REEMB. DESC. FALTAS E ATRASOS"", ""CodigoEvento"": ""303"", ""OBSERVAÇÃO "": """", ""Analise Natureza"": ""OK"", ""Natureza E-social"": ""1000-Salário, vencimento, soldo ou subsídio""}",2026-03-27 16:02:12.212327
4625,11,75,305,REEMB.V.REFEICAO./ ALIM. REF. EXTRAS,"1806-Alimentação em ticket ou cartão, vinculada ao PAT",OK,-,"",,,,,,,,,,,,,,,,,,,,,,,,,,,,,,,,,,,,,,,,,,,,,,,,,"{""EB"": ""-"", ""Nome Evento"": ""REEMB.V.REFEICAO./ ALIM. REF. EXTRAS"", ""CodigoEvento"": ""305"", ""OBSERVAÇÃO "": """", ""Analise Natureza"": ""OK"", ""Natureza E-social"": ""1806-Alimentação em ticket ou cartão, vinculada ao PAT""}",2026-03-27 16:02:12.212327
4626,11,76,312,COMPLEMENTO PGTO.,"1000-Salário, vencimento, soldo ou subsídio",OK,-,"",,,,,,,,,,,,,,,,,,,,,,,,,,,,,,,,,,,,,,,,,,,,,,,,,"{""EB"": ""-"", ""Nome Evento"": ""COMPLEMENTO PGTO."", ""CodigoEvento"": ""312"", ""OBSERVAÇÃO "": """", ""Analise Natureza"": ""OK"", ""Natureza E-social"": ""1000-Salário, vencimento, soldo ou subsídio""}",2026-03-27 16:02:12.212327
4627,11,77,314,DIF. CESTA BASICA,"1808-Cesta básica ou refeição, vinculada ao PAT",OK,-,"",,,,,,,,,,,,,,,,,,,,,,,,,,,,,,,,,,,,,,,,,,,,,,,,,"{""EB"": ""-"", ""Nome Evento"": ""DIF. CESTA BASICA"", ""CodigoEvento"": ""314"", ""OBSERVAÇÃO "": """", ""Analise Natureza"": ""OK"", ""Natureza E-social"": ""1808-Cesta básica ou refeição, vinculada ao PAT""}",2026-03-27 16:02:12.212327
4628,11,78,335,AVISO PREVIO INDENIZADO,9989-Outros valores informativos,-,"","",,,,,,,,,,,,,,,,,,,,,,,,,,,,,,,,,,,,,,,,,,,,,,,,,"{""EB"": """", ""Nome Evento"": ""AVISO PREVIO INDENIZADO"", ""CodigoEvento"": ""335"", ""OBSERVAÇÃO "": """", ""Analise Natureza"": ""-"", ""Natureza E-social"": ""9989-Outros valores informativos""}",2026-03-27 16:02:12.212327
4629,11,79,341,DIF. CCT/2019,"1000-Salário, vencimento, soldo ou subsídio",OK,-,"",,,,,,,,,,,,,,,,,,,,,,,,,,,,,,,,,,,,,,,,,,,,,,,,,"{""EB"": ""-"", ""Nome Evento"": ""DIF. CCT/2019"", ""CodigoEvento"": ""341"", ""OBSERVAÇÃO "": """", ""Analise Natureza"": ""OK"", ""Natureza E-social"": ""1000-Salário, vencimento, soldo ou subsídio""}",2026-03-27 16:02:12.212327
4630,11,80,343,DIF. VALE REFEICAO CCT,"1806-Alimentação em ticket ou cartão, vinculada ao PAT",OK,-,"",,,,,,,,,,,,,,,,,,,,,,,,,,,,,,,,,,,,,,,,,,,,,,,,,"{""EB"": ""-"", ""Nome Evento"": ""DIF. VALE REFEICAO CCT"", ""CodigoEvento"": ""343"", ""OBSERVAÇÃO "": """", ""Analise Natureza"": ""OK"", ""Natureza E-social"": ""1806-Alimentação em ticket ou cartão, vinculada ao PAT""}",2026-03-27 16:02:12.212327
4631,11,81,346,DIFERENCA DE SALARIO,"1000-Salário, vencimento, soldo ou subsídio",OK,-,"",,,,,,,,,,,,,,,,,,,,,,,,,,,,,,,,,,,,,,,,,,,,,,,,,"{""EB"": ""-"", ""Nome Evento"": ""DIFERENCA DE SALARIO"", ""CodigoEvento"": ""346"", ""OBSERVAÇÃO "": """", ""Analise Natureza"": ""OK"", ""Natureza E-social"": ""1000-Salário, vencimento, soldo ou subsídio""}",2026-03-27 16:02:12.212327
4632,11,82,347,FERIAS VENCIDAS INDENIZADAS (Rescisao),6007-Férias vencidas na rescisão,OK,Rubrica com inconsistência de IRRF,"",,,,,,,,,,,,,,,,,,,,,,,,,,,,,,,,,,,,,,,,,,,,,,,,,"{""EB"": ""Rubrica com inconsistência de IRRF"", ""Nome Evento"": ""FERIAS VENCIDAS INDENIZADAS (Rescisao)"", ""CodigoEvento"": ""347"", ""OBSERVAÇÃO "": """", ""Analise Natureza"": ""OK"", ""Natureza E-social"": ""6007-Férias vencidas na rescisão""}",2026-03-27 16:02:12.212327
4633,11,83,348,1/3 FERIAS VENCIDAS INDENIZADAS (Rescisao),6007-Férias vencidas na rescisão,OK,Rubrica com inconsistência de IRRF,"",,,,,,,,,,,,,,,,,,,,,,,,,,,,,,,,,,,,,,,,,,,,,,,,,"{""EB"": ""Rubrica com inconsistência de IRRF"", ""Nome Evento"": ""1/3 FERIAS VENCIDAS INDENIZADAS (Rescisao)"", ""CodigoEvento"": ""348"", ""OBSERVAÇÃO "": """", ""Analise Natureza"": ""OK"", ""Natureza E-social"": ""6007-Férias vencidas na rescisão""}",2026-03-27 16:02:12.212327
4634,11,84,349,AVISO PREVIO INDENIZADO (Lei 12506),6003-Indenização compensatória do aviso-prévio,OK,Rubrica com inconsistência de IRRF,"",,,,,,,,,,,,,,,,,,,,,,,,,,,,,,,,,,,,,,,,,,,,,,,,,"{""EB"": ""Rubrica com inconsistência de IRRF"", ""Nome Evento"": ""AVISO PREVIO INDENIZADO (Lei 12506)"", ""CodigoEvento"": ""349"", ""OBSERVAÇÃO "": """", ""Analise Natureza"": ""OK"", ""Natureza E-social"": ""6003-Indenização compensatória do aviso-prévio""}",2026-03-27 16:02:12.212327
4635,11,85,350,FERIAS NORMAIS (Ferias),1016-Férias,OK,-,"",,,,,,,,,,,,,,,,,,,,,,,,,,,,,,,,,,,,,,,,,,,,,,,,,"{""EB"": ""-"", ""Nome Evento"": ""FERIAS NORMAIS (Ferias)"", ""CodigoEvento"": ""350"", ""OBSERVAÇÃO "": """", ""Analise Natureza"": ""OK"", ""Natureza E-social"": ""1016-Férias""}",2026-03-27 16:02:12.212327
4636,11,86,351,1/3 FERIAS NORMAIS (Ferias),1017-Terço constitucional de férias,OK,-,Verificar tipo de Rendimentos no GI  e no bloco da rescisão ,,,,,,,,,,,,,,,,,,,,,,,,,,,,,,,,,,,,,,,,,,,,,,,,,"{""EB"": ""-"", ""Nome Evento"": ""1/3 FERIAS NORMAIS (Ferias)"", ""CodigoEvento"": ""351"", ""OBSERVAÇÃO "": ""Verificar tipo de Rendimentos no GI  e no bloco da rescisão "", ""Analise Natureza"": ""OK"", ""Natureza E-social"": ""1017-Terço constitucional de férias""}",2026-03-27 16:02:12.212327
4637,11,87,353,AVISO PREVIO INDENIZADO,6003-Indenização compensatória do aviso-prévio,OK,Rubrica com inconsistência de IRRF,"",,,,,,,,,,,,,,,,,,,,,,,,,,,,,,,,,,,,,,,,,,,,,,,,,"{""EB"": ""Rubrica com inconsistência de IRRF"", ""Nome Evento"": ""AVISO PREVIO INDENIZADO"", ""CodigoEvento"": ""353"", ""OBSERVAÇÃO "": """", ""Analise Natureza"": ""OK"", ""Natureza E-social"": ""6003-Indenização compensatória do aviso-prévio""}",2026-03-27 16:02:12.212327
4638,11,88,354,MEDIAS S/AVISO PREVIO INDENIZADO,6003-Indenização compensatória do aviso-prévio,OK,Rubrica com inconsistência de IRRF,"",,,,,,,,,,,,,,,,,,,,,,,,,,,,,,,,,,,,,,,,,,,,,,,,,"{""EB"": ""Rubrica com inconsistência de IRRF"", ""Nome Evento"": ""MEDIAS S/AVISO PREVIO INDENIZADO"", ""CodigoEvento"": ""354"", ""OBSERVAÇÃO "": """", ""Analise Natureza"": ""OK"", ""Natureza E-social"": ""6003-Indenização compensatória do aviso-prévio""}",2026-03-27 16:02:12.212327
4639,11,89,357,FERIAS PROPORCIONAIS (Rescisao),6006-Férias proporcionais,OK,Rubrica com inconsistência de IRRF,"",,,,,,,,,,,,,,,,,,,,,,,,,,,,,,,,,,,,,,,,,,,,,,,,,"{""EB"": ""Rubrica com inconsistência de IRRF"", ""Nome Evento"": ""FERIAS PROPORCIONAIS (Rescisao)"", ""CodigoEvento"": ""357"", ""OBSERVAÇÃO "": """", ""Analise Natureza"": ""OK"", ""Natureza E-social"": ""6006-Férias proporcionais""}",2026-03-27 16:02:12.212327
4640,11,90,358,1/3 FERIAS PROPORCIONAIS (Rescisao),6006-Férias proporcionais,OK,Rubrica com inconsistência de IRRF,"",,,,,,,,,,,,,,,,,,,,,,,,,,,,,,,,,,,,,,,,,,,,,,,,,"{""EB"": ""Rubrica com inconsistência de IRRF"", ""Nome Evento"": ""1/3 FERIAS PROPORCIONAIS (Rescisao)"", ""CodigoEvento"": ""358"", ""OBSERVAÇÃO "": """", ""Analise Natureza"": ""OK"", ""Natureza E-social"": ""6006-Férias proporcionais""}",2026-03-27 16:02:12.212327
4773,11,223,740,"H EXTRAS 50% NOT22,50",1003-Horas extraordinárias,OK,-,"",,,,,,,,,,,,,,,,,,,,,,,,,,,,,,,,,,,,,,,,,,,,,,,,,"{""EB"": ""-"", ""Nome Evento"": ""H EXTRAS 50% NOT22,50"", ""CodigoEvento"": ""740"", ""OBSERVAÇÃO "": """", ""Analise Natureza"": ""OK"", ""Natureza E-social"": ""1003-Horas extraordinárias""}",2026-03-27 16:02:12.212327
4641,11,91,359,ADIC. FERIAS INDENIZADAS (Rescisao),6007-Férias vencidas na rescisão,OK,Rubrica com inconsistência de IRRF,"",,,,,,,,,,,,,,,,,,,,,,,,,,,,,,,,,,,,,,,,,,,,,,,,,"{""EB"": ""Rubrica com inconsistência de IRRF"", ""Nome Evento"": ""ADIC. FERIAS INDENIZADAS (Rescisao)"", ""CodigoEvento"": ""359"", ""OBSERVAÇÃO "": """", ""Analise Natureza"": ""OK"", ""Natureza E-social"": ""6007-Férias vencidas na rescisão""}",2026-03-27 16:02:12.212327
4642,11,92,360,1/3 ADIC. FERIAS INDENIZADAS (Rescisao),6007-Férias vencidas na rescisão,OK,Rubrica com inconsistência de IRRF,"",,,,,,,,,,,,,,,,,,,,,,,,,,,,,,,,,,,,,,,,,,,,,,,,,"{""EB"": ""Rubrica com inconsistência de IRRF"", ""Nome Evento"": ""1/3 ADIC. FERIAS INDENIZADAS (Rescisao)"", ""CodigoEvento"": ""360"", ""OBSERVAÇÃO "": """", ""Analise Natureza"": ""OK"", ""Natureza E-social"": ""6007-Férias vencidas na rescisão""}",2026-03-27 16:02:12.212327
4643,11,93,361,ADIC. FERIAS S/AVISO PREVIO,6007-Férias vencidas na rescisão,OK,Rubrica com inconsistência de IRRF,"",,,,,,,,,,,,,,,,,,,,,,,,,,,,,,,,,,,,,,,,,,,,,,,,,"{""EB"": ""Rubrica com inconsistência de IRRF"", ""Nome Evento"": ""ADIC. FERIAS S/AVISO PREVIO"", ""CodigoEvento"": ""361"", ""OBSERVAÇÃO "": """", ""Analise Natureza"": ""OK"", ""Natureza E-social"": ""6007-Férias vencidas na rescisão""}",2026-03-27 16:02:12.212327
4644,11,94,363,EMPRESTIMO SALDO NEGATIVO,2930-Insuficiência de saldo,OK,Rubrica com inconsistência de IRRF,"",,,,,,,,,,,,,,,,,,,,,,,,,,,,,,,,,,,,,,,,,,,,,,,,,"{""EB"": ""Rubrica com inconsistência de IRRF"", ""Nome Evento"": ""EMPRESTIMO SALDO NEGATIVO"", ""CodigoEvento"": ""363"", ""OBSERVAÇÃO "": """", ""Analise Natureza"": ""OK"", ""Natureza E-social"": ""2930-Insuficiência de saldo""}",2026-03-27 16:02:12.212327
4645,11,95,366,DEVOL. I.N.S.S.- FOLHA,1623-Ressarcimento de provisão,OK,-,"",,,,,,,,,,,,,,,,,,,,,,,,,,,,,,,,,,,,,,,,,,,,,,,,,"{""EB"": ""-"", ""Nome Evento"": ""DEVOL. I.N.S.S.- FOLHA"", ""CodigoEvento"": ""366"", ""OBSERVAÇÃO "": """", ""Analise Natureza"": ""OK"", ""Natureza E-social"": ""1623-Ressarcimento de provisão""}",2026-03-27 16:02:12.212327
4646,11,96,367,13º SALARIO PROP. S/AVISO PREVIO (Lei 12506),6001-13º salário relativo ao aviso-prévio indenizado,OK,Rubrica com inconsistência de IRRF,"",,,,,,,,,,,,,,,,,,,,,,,,,,,,,,,,,,,,,,,,,,,,,,,,,"{""EB"": ""Rubrica com inconsistência de IRRF"", ""Nome Evento"": ""13º SALARIO PROP. S/AVISO PREVIO (Lei 12506)"", ""CodigoEvento"": ""367"", ""OBSERVAÇÃO "": """", ""Analise Natureza"": ""OK"", ""Natureza E-social"": ""6001-13º salário relativo ao aviso-prévio indenizado""}",2026-03-27 16:02:12.212327
4647,11,97,368,FERIAS S/AVISO PREVIO INDENIZADO (Lei 12506),6007-Férias vencidas na rescisão,OK,Rubrica com inconsistência de IRRF,"",,,,,,,,,,,,,,,,,,,,,,,,,,,,,,,,,,,,,,,,,,,,,,,,,"{""EB"": ""Rubrica com inconsistência de IRRF"", ""Nome Evento"": ""FERIAS S/AVISO PREVIO INDENIZADO (Lei 12506)"", ""CodigoEvento"": ""368"", ""OBSERVAÇÃO "": """", ""Analise Natureza"": ""OK"", ""Natureza E-social"": ""6007-Férias vencidas na rescisão""}",2026-03-27 16:02:12.212327
4648,11,98,369,1/3 FERIAS S/AVISO PREVIO INDENIZADO (Lei 12506),6007-Férias vencidas na rescisão,OK,Rubrica com inconsistência de IRRF,"",,,,,,,,,,,,,,,,,,,,,,,,,,,,,,,,,,,,,,,,,,,,,,,,,"{""EB"": ""Rubrica com inconsistência de IRRF"", ""Nome Evento"": ""1/3 FERIAS S/AVISO PREVIO INDENIZADO (Lei 12506)"", ""CodigoEvento"": ""369"", ""OBSERVAÇÃO "": """", ""Analise Natureza"": ""OK"", ""Natureza E-social"": ""6007-Férias vencidas na rescisão""}",2026-03-27 16:02:12.212327
4649,11,99,370,13º SALARIO INDENIZADO,6002-13° salário proporcional na rescisão,OK,-,"",,,,,,,,,,,,,,,,,,,,,,,,,,,,,,,,,,,,,,,,,,,,,,,,,"{""EB"": ""-"", ""Nome Evento"": ""13º SALARIO INDENIZADO"", ""CodigoEvento"": ""370"", ""OBSERVAÇÃO "": """", ""Analise Natureza"": ""OK"", ""Natureza E-social"": ""6002-13° salário proporcional na rescisão""}",2026-03-27 16:02:12.212327
4650,11,100,371,13º SALARIO PROP. S/AVISO PREVIO,6001-13º salário relativo ao aviso-prévio indenizado,OK,Rubrica com inconsistência de IRRF,"",,,,,,,,,,,,,,,,,,,,,,,,,,,,,,,,,,,,,,,,,,,,,,,,,"{""EB"": ""Rubrica com inconsistência de IRRF"", ""Nome Evento"": ""13º SALARIO PROP. S/AVISO PREVIO"", ""CodigoEvento"": ""371"", ""OBSERVAÇÃO "": """", ""Analise Natureza"": ""OK"", ""Natureza E-social"": ""6001-13º salário relativo ao aviso-prévio indenizado""}",2026-03-27 16:02:12.212327
4651,11,101,372,FERIAS S/AVISO PREVIO INDENIZADO,6006-Férias proporcionais,OK,Rubrica com inconsistência de IRRF,"",,,,,,,,,,,,,,,,,,,,,,,,,,,,,,,,,,,,,,,,,,,,,,,,,"{""EB"": ""Rubrica com inconsistência de IRRF"", ""Nome Evento"": ""FERIAS S/AVISO PREVIO INDENIZADO"", ""CodigoEvento"": ""372"", ""OBSERVAÇÃO "": """", ""Analise Natureza"": ""OK"", ""Natureza E-social"": ""6006-Férias proporcionais""}",2026-03-27 16:02:12.212327
4652,11,102,373,1/3 FERIAS S/AVISO PREVIO INDENIZADO,6006-Férias proporcionais,OK,Rubrica com inconsistência de IRRF,"",,,,,,,,,,,,,,,,,,,,,,,,,,,,,,,,,,,,,,,,,,,,,,,,,"{""EB"": ""Rubrica com inconsistência de IRRF"", ""Nome Evento"": ""1/3 FERIAS S/AVISO PREVIO INDENIZADO"", ""CodigoEvento"": ""373"", ""OBSERVAÇÃO "": """", ""Analise Natureza"": ""OK"", ""Natureza E-social"": ""6006-Férias proporcionais""}",2026-03-27 16:02:12.212327
4653,11,103,374,1/3 ADIC. FERIAS S/AVISO PREVIO,6006-Férias proporcionais,OK,Rubrica com inconsistência de IRRF,"",,,,,,,,,,,,,,,,,,,,,,,,,,,,,,,,,,,,,,,,,,,,,,,,,"{""EB"": ""Rubrica com inconsistência de IRRF"", ""Nome Evento"": ""1/3 ADIC. FERIAS S/AVISO PREVIO"", ""CodigoEvento"": ""374"", ""OBSERVAÇÃO "": """", ""Analise Natureza"": ""OK"", ""Natureza E-social"": ""6006-Férias proporcionais""}",2026-03-27 16:02:12.212327
4654,11,104,375,ADIC. 13º SALARIO S/AVISO PREVIO,6001-13º salário relativo ao aviso-prévio indenizado,OK,Rubrica com inconsistência de IRRF,"",,,,,,,,,,,,,,,,,,,,,,,,,,,,,,,,,,,,,,,,,,,,,,,,,"{""EB"": ""Rubrica com inconsistência de IRRF"", ""Nome Evento"": ""ADIC. 13º SALARIO S/AVISO PREVIO"", ""CodigoEvento"": ""375"", ""OBSERVAÇÃO "": """", ""Analise Natureza"": ""OK"", ""Natureza E-social"": ""6001-13º salário relativo ao aviso-prévio indenizado""}",2026-03-27 16:02:12.212327
4655,11,105,379,REEMB VALE REFEICAO/ ALIMENTACAO,"1806-Alimentação em ticket ou cartão, vinculada ao PAT",OK,-,"",,,,,,,,,,,,,,,,,,,,,,,,,,,,,,,,,,,,,,,,,,,,,,,,,"{""EB"": ""-"", ""Nome Evento"": ""REEMB VALE REFEICAO/ ALIMENTACAO"", ""CodigoEvento"": ""379"", ""OBSERVAÇÃO "": """", ""Analise Natureza"": ""OK"", ""Natureza E-social"": ""1806-Alimentação em ticket ou cartão, vinculada ao PAT""}",2026-03-27 16:02:12.212327
4656,11,106,381,ADIC. INSALUBRIDADE S/13º SALARIO,5001-13º salário,OK,-,"",,,,,,,,,,,,,,,,,,,,,,,,,,,,,,,,,,,,,,,,,,,,,,,,,"{""EB"": ""-"", ""Nome Evento"": ""ADIC. INSALUBRIDADE S/13º SALARIO"", ""CodigoEvento"": ""381"", ""OBSERVAÇÃO "": """", ""Analise Natureza"": ""OK"", ""Natureza E-social"": ""5001-13º salário""}",2026-03-27 16:02:12.212327
4657,11,107,384,EMPRESTIMO FOLHA,2930-Insuficiência de saldo,OK,Rubrica com inconsistência de IRRF,"",,,,,,,,,,,,,,,,,,,,,,,,,,,,,,,,,,,,,,,,,,,,,,,,,"{""EB"": ""Rubrica com inconsistência de IRRF"", ""Nome Evento"": ""EMPRESTIMO FOLHA"", ""CodigoEvento"": ""384"", ""OBSERVAÇÃO "": """", ""Analise Natureza"": ""OK"", ""Natureza E-social"": ""2930-Insuficiência de saldo""}",2026-03-27 16:02:12.212327
4658,11,108,390,SALARIO MATERNIDADE,4050-Salário maternidade,OK,-,"",,,,,,,,,,,,,,,,,,,,,,,,,,,,,,,,,,,,,,,,,,,,,,,,,"{""EB"": ""-"", ""Nome Evento"": ""SALARIO MATERNIDADE"", ""CodigoEvento"": ""390"", ""OBSERVAÇÃO "": """", ""Analise Natureza"": ""OK"", ""Natureza E-social"": ""4050-Salário maternidade""}",2026-03-27 16:02:12.212327
4659,11,109,393,F.G.T.S. S/AVISO PREVIO (Rescisao),9908-FGTS - depósito,OK,Rubrica com inconsistência de IRRF,"",,,,,,,,,,,,,,,,,,,,,,,,,,,,,,,,,,,,,,,,,,,,,,,,,"{""EB"": ""Rubrica com inconsistência de IRRF"", ""Nome Evento"": ""F.G.T.S. S/AVISO PREVIO (Rescisao)"", ""CodigoEvento"": ""393"", ""OBSERVAÇÃO "": """", ""Analise Natureza"": ""OK"", ""Natureza E-social"": ""9908-FGTS - depósito""}",2026-03-27 16:02:12.212327
4660,11,110,396,DEVOL. I.N.S.S. - 13º SALARIO,1623-Ressarcimento de provisão,OK,Rubrica com inconsistência de IRRF,"",,,,,,,,,,,,,,,,,,,,,,,,,,,,,,,,,,,,,,,,,,,,,,,,,"{""EB"": ""Rubrica com inconsistência de IRRF"", ""Nome Evento"": ""DEVOL. I.N.S.S. - 13º SALARIO"", ""CodigoEvento"": ""396"", ""OBSERVAÇÃO "": """", ""Analise Natureza"": ""OK"", ""Natureza E-social"": ""1623-Ressarcimento de provisão""}",2026-03-27 16:02:12.212327
4661,11,111,402,PREMIO TEMPO DE SERVICO,1206-Adicional por tempo de serviço,OK,-,"",,,,,,,,,,,,,,,,,,,,,,,,,,,,,,,,,,,,,,,,,,,,,,,,,"{""EB"": ""-"", ""Nome Evento"": ""PREMIO TEMPO DE SERVICO"", ""CodigoEvento"": ""402"", ""OBSERVAÇÃO "": """", ""Analise Natureza"": ""OK"", ""Natureza E-social"": ""1206-Adicional por tempo de serviço""}",2026-03-27 16:02:12.212327
4662,11,112,406,1/3 MEDIAS FERIAS (Ferias),1017-Terço constitucional de férias,OK,-,Verificar tipo de Rendimentos no GI  e no bloco da rescisão ,,,,,,,,,,,,,,,,,,,,,,,,,,,,,,,,,,,,,,,,,,,,,,,,,"{""EB"": ""-"", ""Nome Evento"": ""1/3 MEDIAS FERIAS (Ferias)"", ""CodigoEvento"": ""406"", ""OBSERVAÇÃO "": ""Verificar tipo de Rendimentos no GI  e no bloco da rescisão "", ""Analise Natureza"": ""OK"", ""Natureza E-social"": ""1017-Terço constitucional de férias""}",2026-03-27 16:02:12.212327
4663,11,113,420,ABONO PECUNIARIO RODOVIARIOS,1403 - Abono Legal,OK,"Rubrica com inconsistência de INSS, IRRF e FGTS",Alterado anteriormente por mim - Adriana ,,,,,,,,,,,,,,,,,,,,,,,,,,,,,,,,,,,,,,,,,,,,,,,,,"{""EB"": ""Rubrica com inconsistência de INSS, IRRF e FGTS"", ""Nome Evento"": ""ABONO PECUNIARIO RODOVIARIOS"", ""CodigoEvento"": ""420"", ""OBSERVAÇÃO "": ""Alterado anteriormente por mim - Adriana "", ""Analise Natureza"": ""OK"", ""Natureza E-social"": ""1403 - Abono Legal""}",2026-03-27 16:02:12.212327
4664,11,114,426,COMBUSTIVEL,1620-Ressarcimento de despesas pelo uso de veículo próprio,OK,Rubrica com inconsistência de IRRF,"",,,,,,,,,,,,,,,,,,,,,,,,,,,,,,,,,,,,,,,,,,,,,,,,,"{""EB"": ""Rubrica com inconsistência de IRRF"", ""Nome Evento"": ""COMBUSTIVEL"", ""CodigoEvento"": ""426"", ""OBSERVAÇÃO "": """", ""Analise Natureza"": ""OK"", ""Natureza E-social"": ""1620-Ressarcimento de despesas pelo uso de veículo próprio""}",2026-03-27 16:02:12.212327
4665,11,115,431,DEVOLUCAO DESC. MULTAS TRANSITO,2920-Reembolsos diversos,ok,Rubrica com inconsistência de IRRF,"",,,,,,,,,,,,,,,,,,,,,,,,,,,,,,,,,,,,,,,,,,,,,,,,,"{""EB"": ""Rubrica com inconsistência de IRRF"", ""Nome Evento"": ""DEVOLUCAO DESC. MULTAS TRANSITO"", ""CodigoEvento"": ""431"", ""OBSERVAÇÃO "": """", ""Analise Natureza"": ""ok"", ""Natureza E-social"": ""2920-Reembolsos diversos""}",2026-03-27 16:02:12.212327
4666,11,116,439,HORAS EXTRAS 100% MES ANTERIOR,1003-Horas extraordinárias,OK,-,Verificar informações para bloco na rescisão ,,,,,,,,,,,,,,,,,,,,,,,,,,,,,,,,,,,,,,,,,,,,,,,,,"{""EB"": ""-"", ""Nome Evento"": ""HORAS EXTRAS 100% MES ANTERIOR"", ""CodigoEvento"": ""439"", ""OBSERVAÇÃO "": ""Verificar informações para bloco na rescisão "", ""Analise Natureza"": ""OK"", ""Natureza E-social"": ""1003-Horas extraordinárias""}",2026-03-27 16:02:12.212327
4667,11,117,441,HORAS EXTRAS 50% MES ANTERIOR,1003-Horas extraordinárias,OK,-,Verificar informações para bloco na rescisão ,,,,,,,,,,,,,,,,,,,,,,,,,,,,,,,,,,,,,,,,,,,,,,,,,"{""EB"": ""-"", ""Nome Evento"": ""HORAS EXTRAS 50% MES ANTERIOR"", ""CodigoEvento"": ""441"", ""OBSERVAÇÃO "": ""Verificar informações para bloco na rescisão "", ""Analise Natureza"": ""OK"", ""Natureza E-social"": ""1003-Horas extraordinárias""}",2026-03-27 16:02:12.212327
4668,11,118,444,DIF. VA E VR - CCT,"1806-Alimentação em ticket ou cartão, vinculada ao PAT",OK,-,"",,,,,,,,,,,,,,,,,,,,,,,,,,,,,,,,,,,,,,,,,,,,,,,,,"{""EB"": ""-"", ""Nome Evento"": ""DIF. VA E VR - CCT"", ""CodigoEvento"": ""444"", ""OBSERVAÇÃO "": """", ""Analise Natureza"": ""OK"", ""Natureza E-social"": ""1806-Alimentação em ticket ou cartão, vinculada ao PAT""}",2026-03-27 16:02:12.212327
4669,11,119,449,GRATIFICACAO,1211-Gratificações,OK,-,"",,,,,,,,,,,,,,,,,,,,,,,,,,,,,,,,,,,,,,,,,,,,,,,,,"{""EB"": ""-"", ""Nome Evento"": ""GRATIFICACAO"", ""CodigoEvento"": ""449"", ""OBSERVAÇÃO "": """", ""Analise Natureza"": ""OK"", ""Natureza E-social"": ""1211-Gratificações""}",2026-03-27 16:02:12.212327
4670,11,120,457,ADIC. NOTURNO C/20%,1205-Adicional noturno,OK,-,"",,,,,,,,,,,,,,,,,,,,,,,,,,,,,,,,,,,,,,,,,,,,,,,,,"{""EB"": ""-"", ""Nome Evento"": ""ADIC. NOTURNO C/20%"", ""CodigoEvento"": ""457"", ""OBSERVAÇÃO "": """", ""Analise Natureza"": ""OK"", ""Natureza E-social"": ""1205-Adicional noturno""}",2026-03-27 16:02:12.212327
4671,11,121,459,13 SALARIO,5001-13º salário,OK,-,"",,,,,,,,,,,,,,,,,,,,,,,,,,,,,,,,,,,,,,,,,,,,,,,,,"{""EB"": ""-"", ""Nome Evento"": ""13 SALARIO"", ""CodigoEvento"": ""459"", ""OBSERVAÇÃO "": """", ""Analise Natureza"": ""OK"", ""Natureza E-social"": ""5001-13º salário""}",2026-03-27 16:02:12.212327
4672,11,122,462,DESC H EXTRAS 50% - MES ANT,1003-Horas extraordinárias,OK,-,Verificar informações para bloco na rescisão ,,,,,,,,,,,,,,,,,,,,,,,,,,,,,,,,,,,,,,,,,,,,,,,,,"{""EB"": ""-"", ""Nome Evento"": ""DESC H EXTRAS 50% - MES ANT"", ""CodigoEvento"": ""462"", ""OBSERVAÇÃO "": ""Verificar informações para bloco na rescisão "", ""Analise Natureza"": ""OK"", ""Natureza E-social"": ""1003-Horas extraordinárias""}",2026-03-27 16:02:12.212327
4673,11,123,464,DIF. 13º SALARIO,5001-13º salário,OK,-,"",,,,,,,,,,,,,,,,,,,,,,,,,,,,,,,,,,,,,,,,,,,,,,,,,"{""EB"": ""-"", ""Nome Evento"": ""DIF. 13º SALARIO"", ""CodigoEvento"": ""464"", ""OBSERVAÇÃO "": """", ""Analise Natureza"": ""OK"", ""Natureza E-social"": ""5001-13º salário""}",2026-03-27 16:02:12.212327
4674,11,124,465,DIF. 13º SALARIO,5001-13º salário,OK,-,"",,,,,,,,,,,,,,,,,,,,,,,,,,,,,,,,,,,,,,,,,,,,,,,,,"{""EB"": ""-"", ""Nome Evento"": ""DIF. 13º SALARIO"", ""CodigoEvento"": ""465"", ""OBSERVAÇÃO "": """", ""Analise Natureza"": ""OK"", ""Natureza E-social"": ""5001-13º salário""}",2026-03-27 16:02:12.212327
4675,11,125,469,13º SALARIO S/SALARIO MATERNIDADE,4051-Salário maternidade – 13° salário,OK,-,"",,,,,,,,,,,,,,,,,,,,,,,,,,,,,,,,,,,,,,,,,,,,,,,,,"{""EB"": ""-"", ""Nome Evento"": ""13º SALARIO S/SALARIO MATERNIDADE"", ""CodigoEvento"": ""469"", ""OBSERVAÇÃO "": """", ""Analise Natureza"": ""OK"", ""Natureza E-social"": ""4051-Salário maternidade – 13° salário""}",2026-03-27 16:02:12.212327
4676,11,126,470,13º SALARIO,5001-13º salário,OK,-,"",,,,,,,,,,,,,,,,,,,,,,,,,,,,,,,,,,,,,,,,,,,,,,,,,"{""EB"": ""-"", ""Nome Evento"": ""13º SALARIO"", ""CodigoEvento"": ""470"", ""OBSERVAÇÃO "": """", ""Analise Natureza"": ""OK"", ""Natureza E-social"": ""5001-13º salário""}",2026-03-27 16:02:12.212327
4677,11,127,478,ARTIGO 477,6106-Multa do art. 477 da CLT,OK,Rubrica com inconsistência de IRRF,"",,,,,,,,,,,,,,,,,,,,,,,,,,,,,,,,,,,,,,,,,,,,,,,,,"{""EB"": ""Rubrica com inconsistência de IRRF"", ""Nome Evento"": ""ARTIGO 477"", ""CodigoEvento"": ""478"", ""OBSERVAÇÃO "": """", ""Analise Natureza"": ""OK"", ""Natureza E-social"": ""6106-Multa do art. 477 da CLT""}",2026-03-27 16:02:12.212327
4678,11,128,479,INDENIZACAO ARTº 479,6104-Indenização do art. 479 da CLT,OK,Rubrica com inconsistência de IRRF,"",,,,,,,,,,,,,,,,,,,,,,,,,,,,,,,,,,,,,,,,,,,,,,,,,"{""EB"": ""Rubrica com inconsistência de IRRF"", ""Nome Evento"": ""INDENIZACAO ARTº 479"", ""CodigoEvento"": ""479"", ""OBSERVAÇÃO "": """", ""Analise Natureza"": ""OK"", ""Natureza E-social"": ""6104-Indenização do art. 479 da CLT""}",2026-03-27 16:02:12.212327
4679,11,129,480,ADIC. S/13º SALARIO,5001-13º salário,OK,-,"",,,,,,,,,,,,,,,,,,,,,,,,,,,,,,,,,,,,,,,,,,,,,,,,,"{""EB"": ""-"", ""Nome Evento"": ""ADIC. S/13º SALARIO"", ""CodigoEvento"": ""480"", ""OBSERVAÇÃO "": """", ""Analise Natureza"": ""OK"", ""Natureza E-social"": ""5001-13º salário""}",2026-03-27 16:02:12.212327
4680,11,130,481,ADIC. 13º SALARIO S/AVISO PREVIO,6001-13º salário relativo ao aviso-prévio indenizado,OK,Rubrica com inconsistência de IRRF,"",,,,,,,,,,,,,,,,,,,,,,,,,,,,,,,,,,,,,,,,,,,,,,,,,"{""EB"": ""Rubrica com inconsistência de IRRF"", ""Nome Evento"": ""ADIC. 13º SALARIO S/AVISO PREVIO"", ""CodigoEvento"": ""481"", ""OBSERVAÇÃO "": """", ""Analise Natureza"": ""OK"", ""Natureza E-social"": ""6001-13º salário relativo ao aviso-prévio indenizado""}",2026-03-27 16:02:12.212327
4681,11,131,482,ADIC. PERICULOSIDADE S/2ª PARCELA 13º SALARIO,5001-13º salário,OK,-,"",,,,,,,,,,,,,,,,,,,,,,,,,,,,,,,,,,,,,,,,,,,,,,,,,"{""EB"": ""-"", ""Nome Evento"": ""ADIC. PERICULOSIDADE S/2ª PARCELA 13º SALARIO"", ""CodigoEvento"": ""482"", ""OBSERVAÇÃO "": """", ""Analise Natureza"": ""OK"", ""Natureza E-social"": ""5001-13º salário""}",2026-03-27 16:02:12.212327
4682,11,132,483,F.G.T.S. MES ANTERIOR,9908-FGTS - depósito,OK,Rubrica com inconsistência de IRRF,"",,,,,,,,,,,,,,,,,,,,,,,,,,,,,,,,,,,,,,,,,,,,,,,,,"{""EB"": ""Rubrica com inconsistência de IRRF"", ""Nome Evento"": ""F.G.T.S. MES ANTERIOR"", ""CodigoEvento"": ""483"", ""OBSERVAÇÃO "": """", ""Analise Natureza"": ""OK"", ""Natureza E-social"": ""9908-FGTS - depósito""}",2026-03-27 16:02:12.212327
4683,11,133,488,DIF. VALE REFEICAO,"1806-Alimentação em ticket ou cartão, vinculada ao PAT",OK,-,"",,,,,,,,,,,,,,,,,,,,,,,,,,,,,,,,,,,,,,,,,,,,,,,,,"{""EB"": ""-"", ""Nome Evento"": ""DIF. VALE REFEICAO"", ""CodigoEvento"": ""488"", ""OBSERVAÇÃO "": """", ""Analise Natureza"": ""OK"", ""Natureza E-social"": ""1806-Alimentação em ticket ou cartão, vinculada ao PAT""}",2026-03-27 16:02:12.212327
4774,11,224,741,"ADIC. NOTURNO 22,50%",1205-Adicional noturno,OK,-,"",,,,,,,,,,,,,,,,,,,,,,,,,,,,,,,,,,,,,,,,,,,,,,,,,"{""EB"": ""-"", ""Nome Evento"": ""ADIC. NOTURNO 22,50%"", ""CodigoEvento"": ""741"", ""OBSERVAÇÃO "": """", ""Analise Natureza"": ""OK"", ""Natureza E-social"": ""1205-Adicional noturno""}",2026-03-27 16:02:12.212327
4684,11,134,490,DIF. ASSISTENCIA MEDICA,1405-Assistência médica,OK,Rubrica com inconsistência de IRRF,"",,,,,,,,,,,,,,,,,,,,,,,,,,,,,,,,,,,,,,,,,,,,,,,,,"{""EB"": ""Rubrica com inconsistência de IRRF"", ""Nome Evento"": ""DIF. ASSISTENCIA MEDICA"", ""CodigoEvento"": ""490"", ""OBSERVAÇÃO "": """", ""Analise Natureza"": ""OK"", ""Natureza E-social"": ""1405-Assistência médica""}",2026-03-27 16:02:12.212327
4685,11,135,499,DIF. VALE-TRANSPORTE,1810-Transporte,OK,Rubrica com inconsistência de IRRF,"",,,,,,,,,,,,,,,,,,,,,,,,,,,,,,,,,,,,,,,,,,,,,,,,,"{""EB"": ""Rubrica com inconsistência de IRRF"", ""Nome Evento"": ""DIF. VALE-TRANSPORTE"", ""CodigoEvento"": ""499"", ""OBSERVAÇÃO "": """", ""Analise Natureza"": ""OK"", ""Natureza E-social"": ""1810-Transporte""}",2026-03-27 16:02:12.212327
4686,11,136,502,DESC. ATRASO/FALTA HORAS,9209-Faltas ou atrados,OK,-,"",,,,,,,,,,,,,,,,,,,,,,,,,,,,,,,,,,,,,,,,,,,,,,,,,"{""EB"": ""-"", ""Nome Evento"": ""DESC. ATRASO/FALTA HORAS"", ""CodigoEvento"": ""502"", ""OBSERVAÇÃO "": """", ""Analise Natureza"": ""OK"", ""Natureza E-social"": ""9209-Faltas ou atrados""}",2026-03-27 16:02:12.212327
4687,11,137,505,DESC. ATRASOS/SAIDAS ANTECIPADAS,9209-Faltas ou atrados,OK,-,"",,,,,,,,,,,,,,,,,,,,,,,,,,,,,,,,,,,,,,,,,,,,,,,,,"{""EB"": ""-"", ""Nome Evento"": ""DESC. ATRASOS/SAIDAS ANTECIPADAS"", ""CodigoEvento"": ""505"", ""OBSERVAÇÃO "": """", ""Analise Natureza"": ""OK"", ""Natureza E-social"": ""9209-Faltas ou atrados""}",2026-03-27 16:02:12.212327
4688,11,138,506,DESC. ATRASOS/SAIDAS MES ANTERIOR,9209-Faltas ou atrados,OK,-,"",,,,,,,,,,,,,,,,,,,,,,,,,,,,,,,,,,,,,,,,,,,,,,,,,"{""EB"": ""-"", ""Nome Evento"": ""DESC. ATRASOS/SAIDAS MES ANTERIOR"", ""CodigoEvento"": ""506"", ""OBSERVAÇÃO "": """", ""Analise Natureza"": ""OK"", ""Natureza E-social"": ""9209-Faltas ou atrados""}",2026-03-27 16:02:12.212327
4689,11,139,507,DESC. D.S.R. MES ANTERIOR,9210-DSR s/faltas e atrasos,OK,-,"",,,,,,,,,,,,,,,,,,,,,,,,,,,,,,,,,,,,,,,,,,,,,,,,,"{""EB"": ""-"", ""Nome Evento"": ""DESC. D.S.R. MES ANTERIOR"", ""CodigoEvento"": ""507"", ""OBSERVAÇÃO "": """", ""Analise Natureza"": ""OK"", ""Natureza E-social"": ""9210-DSR s/faltas e atrasos""}",2026-03-27 16:02:12.212327
4690,11,140,510,DESC. DEVOL.PAGTO A MAIOR,9290-Desconto de pagamento indevido em meses anteriores,OK,-,"",,,,,,,,,,,,,,,,,,,,,,,,,,,,,,,,,,,,,,,,,,,,,,,,,"{""EB"": ""-"", ""Nome Evento"": ""DESC. DEVOL.PAGTO A MAIOR"", ""CodigoEvento"": ""510"", ""OBSERVAÇÃO "": """", ""Analise Natureza"": ""OK"", ""Natureza E-social"": ""9290-Desconto de pagamento indevido em meses anteriores""}",2026-03-27 16:02:12.212327
4691,11,141,511,DESC. DIF.DISSIDIO,9290-Desconto de pagamento indevido em meses anteriores,OK,-,"",,,,,,,,,,,,,,,,,,,,,,,,,,,,,,,,,,,,,,,,,,,,,,,,,"{""EB"": ""-"", ""Nome Evento"": ""DESC. DIF.DISSIDIO"", ""CodigoEvento"": ""511"", ""OBSERVAÇÃO "": """", ""Analise Natureza"": ""OK"", ""Natureza E-social"": ""9290-Desconto de pagamento indevido em meses anteriores""}",2026-03-27 16:02:12.212327
4692,11,142,519,DESC. CONTRIB. ASSISTENCIAL LABORAL,9232-Contribuição Sindical – Assistencial,OK,-,"",,,,,,,,,,,,,,,,,,,,,,,,,,,,,,,,,,,,,,,,,,,,,,,,,"{""EB"": ""-"", ""Nome Evento"": ""DESC. CONTRIB. ASSISTENCIAL LABORAL"", ""CodigoEvento"": ""519"", ""OBSERVAÇÃO "": """", ""Analise Natureza"": ""OK"", ""Natureza E-social"": ""9232-Contribuição Sindical – Assistencial""}",2026-03-27 16:02:12.212327
4693,11,143,521,DESC. AVISO PREVIO,6901-Desconto do aviso-prévio,OK,Rubrica com inconsistência de IRRF,"",,,,,,,,,,,,,,,,,,,,,,,,,,,,,,,,,,,,,,,,,,,,,,,,,"{""EB"": ""Rubrica com inconsistência de IRRF"", ""Nome Evento"": ""DESC. AVISO PREVIO"", ""CodigoEvento"": ""521"", ""OBSERVAÇÃO "": """", ""Analise Natureza"": ""OK"", ""Natureza E-social"": ""6901-Desconto do aviso-prévio""}",2026-03-27 16:02:12.212327
4694,11,144,525,DESC. PGTO. ANTECIPADO,9200-Desconto de Adiantamentos,OK,-,"",,,,,,,,,,,,,,,,,,,,,,,,,,,,,,,,,,,,,,,,,,,,,,,,,"{""EB"": ""-"", ""Nome Evento"": ""DESC. PGTO. ANTECIPADO"", ""CodigoEvento"": ""525"", ""OBSERVAÇÃO "": """", ""Analise Natureza"": ""OK"", ""Natureza E-social"": ""9200-Desconto de Adiantamentos""}",2026-03-27 16:02:12.212327
4695,11,145,530,DESC. VALE-TRANSP DISSIDIO 6%,9216-Desconto de vale-transporte,OK,Rubrica com inconsistência de IRRF,"",,,,,,,,,,,,,,,,,,,,,,,,,,,,,,,,,,,,,,,,,,,,,,,,,"{""EB"": ""Rubrica com inconsistência de IRRF"", ""Nome Evento"": ""DESC. VALE-TRANSP DISSIDIO 6%"", ""CodigoEvento"": ""530"", ""OBSERVAÇÃO "": """", ""Analise Natureza"": ""OK"", ""Natureza E-social"": ""9216-Desconto de vale-transporte""}",2026-03-27 16:02:12.212327
4696,11,146,540,DESC. SALDO NEGATIVO,2930-Insuficiência de saldo,OK,-,"",,,,,,,,,,,,,,,,,,,,,,,,,,,,,,,,,,,,,,,,,,,,,,,,,"{""EB"": ""-"", ""Nome Evento"": ""DESC. SALDO NEGATIVO"", ""CodigoEvento"": ""540"", ""OBSERVAÇÃO "": """", ""Analise Natureza"": ""OK"", ""Natureza E-social"": ""2930-Insuficiência de saldo""}",2026-03-27 16:02:12.212327
4697,11,147,541,DESC. ARREDONDAMENTO,2999-Arredondamentos,OK,-,"",,,,,,,,,,,,,,,,,,,,,,,,,,,,,,,,,,,,,,,,,,,,,,,,,"{""EB"": ""-"", ""Nome Evento"": ""DESC. ARREDONDAMENTO"", ""CodigoEvento"": ""541"", ""OBSERVAÇÃO "": """", ""Analise Natureza"": ""OK"", ""Natureza E-social"": ""2999-Arredondamentos""}",2026-03-27 16:02:12.212327
4698,11,148,544,DESC. DIVERSOS,9299-Outros descontos,OK,Rubrica com inconsistência de IRRF,"",,,,,,,,,,,,,,,,,,,,,,,,,,,,,,,,,,,,,,,,,,,,,,,,,"{""EB"": ""Rubrica com inconsistência de IRRF"", ""Nome Evento"": ""DESC. DIVERSOS"", ""CodigoEvento"": ""544"", ""OBSERVAÇÃO "": """", ""Analise Natureza"": ""OK"", ""Natureza E-social"": ""9299-Outros descontos""}",2026-03-27 16:02:12.212327
4699,11,149,546,DESC. ADIANT. NORMAL (FORAMES),9200-Desconto de Adiantamentos,OK,-,"",,,,,,,,,,,,,,,,,,,,,,,,,,,,,,,,,,,,,,,,,,,,,,,,,"{""EB"": ""-"", ""Nome Evento"": ""DESC. ADIANT. NORMAL (FORAMES)"", ""CodigoEvento"": ""546"", ""OBSERVAÇÃO "": """", ""Analise Natureza"": ""OK"", ""Natureza E-social"": ""9200-Desconto de Adiantamentos""}",2026-03-27 16:02:12.212327
4700,11,150,547,DESC. ESTACIONAMENTO,9299-Outros descontos,OK,Rubrica com inconsistência de IRRF,"",,,,,,,,,,,,,,,,,,,,,,,,,,,,,,,,,,,,,,,,,,,,,,,,,"{""EB"": ""Rubrica com inconsistência de IRRF"", ""Nome Evento"": ""DESC. ESTACIONAMENTO"", ""CodigoEvento"": ""547"", ""OBSERVAÇÃO "": """", ""Analise Natureza"": ""OK"", ""Natureza E-social"": ""9299-Outros descontos""}",2026-03-27 16:02:12.212327
4701,11,151,548,DESC. VR NAO UTILIZADO,"9243-Cesta básica ou refeição, vinculada ao PAT - Desconto",OK,-,"",,,,,,,,,,,,,,,,,,,,,,,,,,,,,,,,,,,,,,,,,,,,,,,,,"{""EB"": ""-"", ""Nome Evento"": ""DESC. VR NAO UTILIZADO"", ""CodigoEvento"": ""548"", ""OBSERVAÇÃO "": """", ""Analise Natureza"": ""OK"", ""Natureza E-social"": ""9243-Cesta básica ou refeição, vinculada ao PAT - Desconto""}",2026-03-27 16:02:12.212327
4702,11,152,550,DESC. PAGTO. INDEVIDO,9299-Outros descontos,OK,Rubrica com inconsistência de IRRF,"",,,,,,,,,,,,,,,,,,,,,,,,,,,,,,,,,,,,,,,,,,,,,,,,,"{""EB"": ""Rubrica com inconsistência de IRRF"", ""Nome Evento"": ""DESC. PAGTO. INDEVIDO"", ""CodigoEvento"": ""550"", ""OBSERVAÇÃO "": """", ""Analise Natureza"": ""OK"", ""Natureza E-social"": ""9299-Outros descontos""}",2026-03-27 16:02:12.212327
4703,11,153,552,DESC. CONTRIB. ASSISTENCIAL LABORAL,9232-Contribuição Sindical – Assistencial,OK,Rubrica com inconsistência de IRRF,"",,,,,,,,,,,,,,,,,,,,,,,,,,,,,,,,,,,,,,,,,,,,,,,,,"{""EB"": ""Rubrica com inconsistência de IRRF"", ""Nome Evento"": ""DESC. CONTRIB. ASSISTENCIAL LABORAL"", ""CodigoEvento"": ""552"", ""OBSERVAÇÃO "": """", ""Analise Natureza"": ""OK"", ""Natureza E-social"": ""9232-Contribuição Sindical – Assistencial""}",2026-03-27 16:02:12.212327
4704,11,154,554,DESC. 13º SALARIO,9214-13° salário – desconto de adiantamento,OK,Rubrica com inconsistência de INSS e IRRF,"",,,,,,,,,,,,,,,,,,,,,,,,,,,,,,,,,,,,,,,,,,,,,,,,,"{""EB"": ""Rubrica com inconsistência de INSS e IRRF"", ""Nome Evento"": ""DESC. 13º SALARIO"", ""CodigoEvento"": ""554"", ""OBSERVAÇÃO "": """", ""Analise Natureza"": ""OK"", ""Natureza E-social"": ""9214-13° salário – desconto de adiantamento""}",2026-03-27 16:02:12.212327
4705,11,155,555,DESC. 13º SALARIO ANTECIPADO,9214-13° salário – desconto de adiantamento,OK,Rubrica com inconsistência de IRRF,"",,,,,,,,,,,,,,,,,,,,,,,,,,,,,,,,,,,,,,,,,,,,,,,,,"{""EB"": ""Rubrica com inconsistência de IRRF"", ""Nome Evento"": ""DESC. 13º SALARIO ANTECIPADO"", ""CodigoEvento"": ""555"", ""OBSERVAÇÃO "": """", ""Analise Natureza"": ""OK"", ""Natureza E-social"": ""9214-13° salário – desconto de adiantamento""}",2026-03-27 16:02:12.212327
4749,11,199,658,DESC. PENSAO ALIM S/ Férias,9213-Pensão alimentícia,OK,Rubrica com inconsistência de IRRF,"",,,,,,,,,,,,,,,,,,,,,,,,,,,,,,,,,,,,,,,,,,,,,,,,,"{""EB"": ""Rubrica com inconsistência de IRRF"", ""Nome Evento"": ""DESC. PENSAO ALIM S/ Férias"", ""CodigoEvento"": ""658"", ""OBSERVAÇÃO "": """", ""Analise Natureza"": ""OK"", ""Natureza E-social"": ""9213-Pensão alimentícia""}",2026-03-27 16:02:12.212327
4706,11,156,556,DESC. MEDIAS ANTECIPACAO 13º SALARIO,9214-13° salário – desconto de adiantamento,OK,Rubrica com inconsistência de IRRF,"",,,,,,,,,,,,,,,,,,,,,,,,,,,,,,,,,,,,,,,,,,,,,,,,,"{""EB"": ""Rubrica com inconsistência de IRRF"", ""Nome Evento"": ""DESC. MEDIAS ANTECIPACAO 13º SALARIO"", ""CodigoEvento"": ""556"", ""OBSERVAÇÃO "": """", ""Analise Natureza"": ""OK"", ""Natureza E-social"": ""9214-13° salário – desconto de adiantamento""}",2026-03-27 16:02:12.212327
4707,11,157,558,DESC. ANTEC. ADIC. INSALUBRIDADE S/13º 1ª PARCELA,9214-13° salário – desconto de adiantamento,OK ,Rubrica com inconsistência de IRRF,"",,,,,,,,,,,,,,,,,,,,,,,,,,,,,,,,,,,,,,,,,,,,,,,,,"{""EB"": ""Rubrica com inconsistência de IRRF"", ""Nome Evento"": ""DESC. ANTEC. ADIC. INSALUBRIDADE S/13º 1ª PARCELA"", ""CodigoEvento"": ""558"", ""OBSERVAÇÃO "": """", ""Analise Natureza"": ""OK "", ""Natureza E-social"": ""9214-13° salário – desconto de adiantamento""}",2026-03-27 16:02:12.212327
4708,11,158,564,DESC. 2ª VIA CARTAO ALIMENTACAO,9299-Outros descontos,OK,-,"",,,,,,,,,,,,,,,,,,,,,,,,,,,,,,,,,,,,,,,,,,,,,,,,,"{""EB"": ""-"", ""Nome Evento"": ""DESC. 2ª VIA CARTAO ALIMENTACAO"", ""CodigoEvento"": ""564"", ""OBSERVAÇÃO "": """", ""Analise Natureza"": ""OK"", ""Natureza E-social"": ""9299-Outros descontos""}",2026-03-27 16:02:12.212327
4709,11,159,566,DESC. I.N.S.S.,9201-Contribuição Previdenciária,OK,Rubrica com inconsistência de IRRF,"",,,,,,,,,,,,,,,,,,,,,,,,,,,,,,,,,,,,,,,,,,,,,,,,,"{""EB"": ""Rubrica com inconsistência de IRRF"", ""Nome Evento"": ""DESC. I.N.S.S."", ""CodigoEvento"": ""566"", ""OBSERVAÇÃO "": """", ""Analise Natureza"": ""OK"", ""Natureza E-social"": ""9201-Contribuição Previdenciária""}",2026-03-27 16:02:12.212327
4710,11,160,570,DESC. I.R.F.,9203-Imposto de renda retido na fonte,OK,-,"",,,,,,,,,,,,,,,,,,,,,,,,,,,,,,,,,,,,,,,,,,,,,,,,,"{""EB"": ""-"", ""Nome Evento"": ""DESC. I.R.F."", ""CodigoEvento"": ""570"", ""OBSERVAÇÃO "": """", ""Analise Natureza"": ""OK"", ""Natureza E-social"": ""9203-Imposto de renda retido na fonte""}",2026-03-27 16:02:12.212327
4711,11,161,571,DESC. I.R.F. S/FERIAS,9203-Imposto de renda retido na fonte,OK,-,"",,,,,,,,,,,,,,,,,,,,,,,,,,,,,,,,,,,,,,,,,,,,,,,,,"{""EB"": ""-"", ""Nome Evento"": ""DESC. I.R.F. S/FERIAS"", ""CodigoEvento"": ""571"", ""OBSERVAÇÃO "": """", ""Analise Natureza"": ""OK"", ""Natureza E-social"": ""9203-Imposto de renda retido na fonte""}",2026-03-27 16:02:12.212327
4712,11,162,572,DESC. I.R.F. S/13º SALARIO,9203-Imposto de renda retido na fonte,OK,-,"",,,,,,,,,,,,,,,,,,,,,,,,,,,,,,,,,,,,,,,,,,,,,,,,,"{""EB"": ""-"", ""Nome Evento"": ""DESC. I.R.F. S/13º SALARIO"", ""CodigoEvento"": ""572"", ""OBSERVAÇÃO "": """", ""Analise Natureza"": ""OK"", ""Natureza E-social"": ""9203-Imposto de renda retido na fonte""}",2026-03-27 16:02:12.212327
4713,11,163,575,DESC. CONTRIB. ASSISTENCIAL - SINDMAN,9232-Contribuição Sindical – Assistencial,OK,Rubrica com inconsistência de IRRF,"",,,,,,,,,,,,,,,,,,,,,,,,,,,,,,,,,,,,,,,,,,,,,,,,,"{""EB"": ""Rubrica com inconsistência de IRRF"", ""Nome Evento"": ""DESC. CONTRIB. ASSISTENCIAL - SINDMAN"", ""CodigoEvento"": ""575"", ""OBSERVAÇÃO "": """", ""Analise Natureza"": ""OK"", ""Natureza E-social"": ""9232-Contribuição Sindical – Assistencial""}",2026-03-27 16:02:12.212327
4714,11,164,578,DESC. VALE LANCHE NAO UTILIZADO,"9243-Cesta básica ou refeição, vinculada ao PAT - Desconto",OK,-,"",,,,,,,,,,,,,,,,,,,,,,,,,,,,,,,,,,,,,,,,,,,,,,,,,"{""EB"": ""-"", ""Nome Evento"": ""DESC. VALE LANCHE NAO UTILIZADO"", ""CodigoEvento"": ""578"", ""OBSERVAÇÃO "": """", ""Analise Natureza"": ""OK"", ""Natureza E-social"": ""9243-Cesta básica ou refeição, vinculada ao PAT - Desconto""}",2026-03-27 16:02:12.212327
4715,11,165,580,INDENIZACAO ARTº 480,6904-Multa prevista no art. 480 da CLT,OK,Rubrica com inconsistência de IRRF,"",,,,,,,,,,,,,,,,,,,,,,,,,,,,,,,,,,,,,,,,,,,,,,,,,"{""EB"": ""Rubrica com inconsistência de IRRF"", ""Nome Evento"": ""INDENIZACAO ARTº 480"", ""CodigoEvento"": ""580"", ""OBSERVAÇÃO "": """", ""Analise Natureza"": ""OK"", ""Natureza E-social"": ""6904-Multa prevista no art. 480 da CLT""}",2026-03-27 16:02:12.212327
4716,11,166,582,DESC. CONTRIB. COL. LAB. SINTACLUNS,9232-Contribuição Sindical – Assistencial,OK,Rubrica com inconsistência de IRRF,"",,,,,,,,,,,,,,,,,,,,,,,,,,,,,,,,,,,,,,,,,,,,,,,,,"{""EB"": ""Rubrica com inconsistência de IRRF"", ""Nome Evento"": ""DESC. CONTRIB. COL. LAB. SINTACLUNS"", ""CodigoEvento"": ""582"", ""OBSERVAÇÃO "": """", ""Analise Natureza"": ""OK"", ""Natureza E-social"": ""9232-Contribuição Sindical – Assistencial""}",2026-03-27 16:02:12.212327
4717,11,167,584,DESC. MENS. SINDICAL,9231-Contribuição Sindical – Associativa,OK,-,"",,,,,,,,,,,,,,,,,,,,,,,,,,,,,,,,,,,,,,,,,,,,,,,,,"{""EB"": ""-"", ""Nome Evento"": ""DESC. MENS. SINDICAL"", ""CodigoEvento"": ""584"", ""OBSERVAÇÃO "": """", ""Analise Natureza"": ""OK"", ""Natureza E-social"": ""9231-Contribuição Sindical – Associativa""}",2026-03-27 16:02:12.212327
4718,11,168,585,DESC. MENS. SINDICAL MES ANTERIOR,9231-Contribuição Sindical – Associativa,OK,Rubrica com inconsistência de IRRF,"",,,,,,,,,,,,,,,,,,,,,,,,,,,,,,,,,,,,,,,,,,,,,,,,,"{""EB"": ""Rubrica com inconsistência de IRRF"", ""Nome Evento"": ""DESC. MENS. SINDICAL MES ANTERIOR"", ""CodigoEvento"": ""585"", ""OBSERVAÇÃO "": """", ""Analise Natureza"": ""OK"", ""Natureza E-social"": ""9231-Contribuição Sindical – Associativa""}",2026-03-27 16:02:12.212327
4719,11,169,587,DESC. CONTRIB. CONFEDERATIVA,9233-Contribuição sindical – Confederativa,OK,Rubrica com inconsistência de IRRF,"",,,,,,,,,,,,,,,,,,,,,,,,,,,,,,,,,,,,,,,,,,,,,,,,,"{""EB"": ""Rubrica com inconsistência de IRRF"", ""Nome Evento"": ""DESC. CONTRIB. CONFEDERATIVA"", ""CodigoEvento"": ""587"", ""OBSERVAÇÃO "": """", ""Analise Natureza"": ""OK"", ""Natureza E-social"": ""9233-Contribuição sindical – Confederativa""}",2026-03-27 16:02:12.212327
4720,11,170,590,DESC. CONTRIB. ASSISTENCIAL MES ANTERIOR,9232-Contribuição Sindical – Assistencial,OK,Rubrica com inconsistência de IRRF,"",,,,,,,,,,,,,,,,,,,,,,,,,,,,,,,,,,,,,,,,,,,,,,,,,"{""EB"": ""Rubrica com inconsistência de IRRF"", ""Nome Evento"": ""DESC. CONTRIB. ASSISTENCIAL MES ANTERIOR"", ""CodigoEvento"": ""590"", ""OBSERVAÇÃO "": """", ""Analise Natureza"": ""OK"", ""Natureza E-social"": ""9232-Contribuição Sindical – Assistencial""}",2026-03-27 16:02:12.212327
4721,11,171,591,DESC. CONTRIB. COLABORATIVA LABORAL,9232-Contribuição Sindical – Assistencial,OK,-,"",,,,,,,,,,,,,,,,,,,,,,,,,,,,,,,,,,,,,,,,,,,,,,,,,"{""EB"": ""-"", ""Nome Evento"": ""DESC. CONTRIB. COLABORATIVA LABORAL"", ""CodigoEvento"": ""591"", ""OBSERVAÇÃO "": """", ""Analise Natureza"": ""OK"", ""Natureza E-social"": ""9232-Contribuição Sindical – Assistencial""}",2026-03-27 16:02:12.212327
4722,11,172,592,DESC. CONTRIB. ASSISTENCIAL,9232-Contribuição Sindical – Assistencial,OK,-,"",,,,,,,,,,,,,,,,,,,,,,,,,,,,,,,,,,,,,,,,,,,,,,,,,"{""EB"": ""-"", ""Nome Evento"": ""DESC. CONTRIB. ASSISTENCIAL"", ""CodigoEvento"": ""592"", ""OBSERVAÇÃO "": """", ""Analise Natureza"": ""OK"", ""Natureza E-social"": ""9232-Contribuição Sindical – Assistencial""}",2026-03-27 16:02:12.212327
4723,11,173,594,DESC. CONTRIB. SOC. LABORAL ANCINE,9232-Contribuição Sindical – Assistencial,OK,Rubrica com inconsistência de IRRF,"",,,,,,,,,,,,,,,,,,,,,,,,,,,,,,,,,,,,,,,,,,,,,,,,,"{""EB"": ""Rubrica com inconsistência de IRRF"", ""Nome Evento"": ""DESC. CONTRIB. SOC. LABORAL ANCINE"", ""CodigoEvento"": ""594"", ""OBSERVAÇÃO "": """", ""Analise Natureza"": ""OK"", ""Natureza E-social"": ""9232-Contribuição Sindical – Assistencial""}",2026-03-27 16:02:12.212327
4724,11,174,595,DESC. CONTRIB. NEGOCIAL,9233-Contribuição sindical – Confederativa,OK,Rubrica com inconsistência de IRRF,"",,,,,,,,,,,,,,,,,,,,,,,,,,,,,,,,,,,,,,,,,,,,,,,,,"{""EB"": ""Rubrica com inconsistência de IRRF"", ""Nome Evento"": ""DESC. CONTRIB. NEGOCIAL"", ""CodigoEvento"": ""595"", ""OBSERVAÇÃO "": """", ""Analise Natureza"": ""OK"", ""Natureza E-social"": ""9233-Contribuição sindical – Confederativa""}",2026-03-27 16:02:12.212327
4725,11,175,596,DESC. I.N.S.S. S/13º SALARIO,9201-Contribuição Previdenciária,OK,Rubrica com inconsistência de IRRF,"",,,,,,,,,,,,,,,,,,,,,,,,,,,,,,,,,,,,,,,,,,,,,,,,,"{""EB"": ""Rubrica com inconsistência de IRRF"", ""Nome Evento"": ""DESC. I.N.S.S. S/13º SALARIO"", ""CodigoEvento"": ""596"", ""OBSERVAÇÃO "": """", ""Analise Natureza"": ""OK"", ""Natureza E-social"": ""9201-Contribuição Previdenciária""}",2026-03-27 16:02:12.212327
4726,11,176,599,DESC H.E PAGO MAIOR,1003-Horas extraordinárias,OK,-,"",,,,,,,,,,,,,,,,,,,,,,,,,,,,,,,,,,,,,,,,,,,,,,,,,"{""EB"": ""-"", ""Nome Evento"": ""DESC H.E PAGO MAIOR"", ""CodigoEvento"": ""599"", ""OBSERVAÇÃO "": """", ""Analise Natureza"": ""OK"", ""Natureza E-social"": ""1003-Horas extraordinárias""}",2026-03-27 16:02:12.212327
4727,11,177,600,DESC. ACIDENTE DE TRABALHO (F.G.T.S.),9932-Auxílio acidente do acidentário,OK,Rubrica com inconsistência de IRRF,"",,,,,,,,,,,,,,,,,,,,,,,,,,,,,,,,,,,,,,,,,,,,,,,,,"{""EB"": ""Rubrica com inconsistência de IRRF"", ""Nome Evento"": ""DESC. ACIDENTE DE TRABALHO (F.G.T.S.)"", ""CodigoEvento"": ""600"", ""OBSERVAÇÃO "": """", ""Analise Natureza"": ""OK"", ""Natureza E-social"": ""9932-Auxílio acidente do acidentário""}",2026-03-27 16:02:12.212327
4728,11,178,601,DESC. AUXILIO DOENCA,9933-Auxílio - doença,OK,-,"",,,,,,,,,,,,,,,,,,,,,,,,,,,,,,,,,,,,,,,,,,,,,,,,,"{""EB"": ""-"", ""Nome Evento"": ""DESC. AUXILIO DOENCA"", ""CodigoEvento"": ""601"", ""OBSERVAÇÃO "": """", ""Analise Natureza"": ""OK"", ""Natureza E-social"": ""9933-Auxílio - doença""}",2026-03-27 16:02:12.212327
4729,11,179,607,DESC. ASSIST. MEDICA,9219-Desconto de assistência médica ou odontológica,OK,Rubrica com inconsistência de IRRF,"",,,,,,,,,,,,,,,,,,,,,,,,,,,,,,,,,,,,,,,,,,,,,,,,,"{""EB"": ""Rubrica com inconsistência de IRRF"", ""Nome Evento"": ""DESC. ASSIST. MEDICA"", ""CodigoEvento"": ""607"", ""OBSERVAÇÃO "": """", ""Analise Natureza"": ""OK"", ""Natureza E-social"": ""9219-Desconto de assistência médica ou odontológica""}",2026-03-27 16:02:12.212327
4730,11,180,610,DESC. VT NAO UTILIZADO MES ANTERIOR,9216-Desconto de vale-transporte,OK,Rubrica com inconsistência de IRRF,"",,,,,,,,,,,,,,,,,,,,,,,,,,,,,,,,,,,,,,,,,,,,,,,,,"{""EB"": ""Rubrica com inconsistência de IRRF"", ""Nome Evento"": ""DESC. VT NAO UTILIZADO MES ANTERIOR"", ""CodigoEvento"": ""610"", ""OBSERVAÇÃO "": """", ""Analise Natureza"": ""OK"", ""Natureza E-social"": ""9216-Desconto de vale-transporte""}",2026-03-27 16:02:12.212327
4731,11,181,612,DESC. PENSAO ALIMENTICIA SALARIO,9213-Pensão alimentícia,OK,-,"",,,,,,,,,,,,,,,,,,,,,,,,,,,,,,,,,,,,,,,,,,,,,,,,,"{""EB"": ""-"", ""Nome Evento"": ""DESC. PENSAO ALIMENTICIA SALARIO"", ""CodigoEvento"": ""612"", ""OBSERVAÇÃO "": """", ""Analise Natureza"": ""OK"", ""Natureza E-social"": ""9213-Pensão alimentícia""}",2026-03-27 16:02:12.212327
4732,11,182,614,DESC. EMPRESTIMO BV,9254-Empréstimos consignados – desconto,OK,-,"",,,,,,,,,,,,,,,,,,,,,,,,,,,,,,,,,,,,,,,,,,,,,,,,,"{""EB"": ""-"", ""Nome Evento"": ""DESC. EMPRESTIMO BV"", ""CodigoEvento"": ""614"", ""OBSERVAÇÃO "": """", ""Analise Natureza"": ""OK"", ""Natureza E-social"": ""9254-Empréstimos consignados – desconto""}",2026-03-27 16:02:12.212327
4733,11,183,615,DESC. ASS. MÉDICA MES ANTERIOR,9219-Desconto de assistência médica ou odontológica,OK,Rubrica com inconsistência de IRRF,"",,,,,,,,,,,,,,,,,,,,,,,,,,,,,,,,,,,,,,,,,,,,,,,,,"{""EB"": ""Rubrica com inconsistência de IRRF"", ""Nome Evento"": ""DESC. ASS. MÉDICA MES ANTERIOR"", ""CodigoEvento"": ""615"", ""OBSERVAÇÃO "": """", ""Analise Natureza"": ""OK"", ""Natureza E-social"": ""9219-Desconto de assistência médica ou odontológica""}",2026-03-27 16:02:12.212327
4734,11,184,616,DESC. CONTRIB. ASSISTENCIAL,9232-Contribuição Sindical – Assistencial,OK,Rubrica com inconsistência de IRRF,"",,,,,,,,,,,,,,,,,,,,,,,,,,,,,,,,,,,,,,,,,,,,,,,,,"{""EB"": ""Rubrica com inconsistência de IRRF"", ""Nome Evento"": ""DESC. CONTRIB. ASSISTENCIAL"", ""CodigoEvento"": ""616"", ""OBSERVAÇÃO "": """", ""Analise Natureza"": ""OK"", ""Natureza E-social"": ""9232-Contribuição Sindical – Assistencial""}",2026-03-27 16:02:12.212327
4735,11,185,624,DESC. VALE REFEIÇÃO - CCT,"9243-Cesta básica ou refeição, vinculada ao PAT - Desconto",OK,-,"",,,,,,,,,,,,,,,,,,,,,,,,,,,,,,,,,,,,,,,,,,,,,,,,,"{""EB"": ""-"", ""Nome Evento"": ""DESC. VALE REFEIÇÃO - CCT"", ""CodigoEvento"": ""624"", ""OBSERVAÇÃO "": """", ""Analise Natureza"": ""OK"", ""Natureza E-social"": ""9243-Cesta básica ou refeição, vinculada ao PAT - Desconto""}",2026-03-27 16:02:12.212327
4736,11,186,626,DESC. ATRASO/FALTA HORAS MES ANTERIOR,9209-Faltas ou atrados,OK,-,"",,,,,,,,,,,,,,,,,,,,,,,,,,,,,,,,,,,,,,,,,,,,,,,,,"{""EB"": ""-"", ""Nome Evento"": ""DESC. ATRASO/FALTA HORAS MES ANTERIOR"", ""CodigoEvento"": ""626"", ""OBSERVAÇÃO "": """", ""Analise Natureza"": ""OK"", ""Natureza E-social"": ""9209-Faltas ou atrados""}",2026-03-27 16:02:12.212327
4737,11,187,627,DESC. ADIANT. NORMAL(DENTRO DO MES),9200-Desconto de Adiantamentos,OK,-,"",,,,,,,,,,,,,,,,,,,,,,,,,,,,,,,,,,,,,,,,,,,,,,,,,"{""EB"": ""-"", ""Nome Evento"": ""DESC. ADIANT. NORMAL(DENTRO DO MES)"", ""CodigoEvento"": ""627"", ""OBSERVAÇÃO "": """", ""Analise Natureza"": ""OK"", ""Natureza E-social"": ""9200-Desconto de Adiantamentos""}",2026-03-27 16:02:12.212327
4738,11,188,670,ADIC. NOTURNO C/39%,1205-Adicional noturno,OK,-,"",,,,,,,,,,,,,,,,,,,,,,,,,,,,,,,,,,,,,,,,,,,,,,,,,"{""EB"": ""-"", ""Nome Evento"": ""ADIC. NOTURNO C/39%"", ""CodigoEvento"": ""670"", ""OBSERVAÇÃO "": """", ""Analise Natureza"": ""OK"", ""Natureza E-social"": ""1205-Adicional noturno""}",2026-03-27 16:02:12.212327
4739,11,189,671,DESC. VALE-TRANSPORTE NAO UTILIZADO,9216-Desconto de vale-transporte,OK,-,"",,,,,,,,,,,,,,,,,,,,,,,,,,,,,,,,,,,,,,,,,,,,,,,,,"{""EB"": ""-"", ""Nome Evento"": ""DESC. VALE-TRANSPORTE NAO UTILIZADO"", ""CodigoEvento"": ""671"", ""OBSERVAÇÃO "": """", ""Analise Natureza"": ""OK"", ""Natureza E-social"": ""9216-Desconto de vale-transporte""}",2026-03-27 16:02:12.212327
4740,11,190,632,DESC. CONT.. COLAB. LAB. CABINEIROS,9232-Contribuição Sindical – Assistencial,OK,-,"",,,,,,,,,,,,,,,,,,,,,,,,,,,,,,,,,,,,,,,,,,,,,,,,,"{""EB"": ""-"", ""Nome Evento"": ""DESC. CONT.. COLAB. LAB. CABINEIROS"", ""CodigoEvento"": ""632"", ""OBSERVAÇÃO "": """", ""Analise Natureza"": ""OK"", ""Natureza E-social"": ""9232-Contribuição Sindical – Assistencial""}",2026-03-27 16:02:12.212327
4741,11,191,635,DIF EMPRESTIMO,9254-Empréstimos consignados – desconto,OK,-,"",,,,,,,,,,,,,,,,,,,,,,,,,,,,,,,,,,,,,,,,,,,,,,,,,"{""EB"": ""-"", ""Nome Evento"": ""DIF EMPRESTIMO"", ""CodigoEvento"": ""635"", ""OBSERVAÇÃO "": """", ""Analise Natureza"": ""OK"", ""Natureza E-social"": ""9254-Empréstimos consignados – desconto""}",2026-03-27 16:02:12.212327
4742,11,192,640,DESC. PENSAO ALIMENTICIA S/13º SALARIO,9213-Pensão alimentícia,OK,-,"",,,,,,,,,,,,,,,,,,,,,,,,,,,,,,,,,,,,,,,,,,,,,,,,,"{""EB"": ""-"", ""Nome Evento"": ""DESC. PENSAO ALIMENTICIA S/13º SALARIO"", ""CodigoEvento"": ""640"", ""OBSERVAÇÃO "": """", ""Analise Natureza"": ""OK"", ""Natureza E-social"": ""9213-Pensão alimentícia""}",2026-03-27 16:02:12.212327
4743,11,193,641,DESC. I.N.S.S. (FÉRIAS),9201-Contribuição Previdenciária,OK,Rubrica com inconsistência de IRRF,"",,,,,,,,,,,,,,,,,,,,,,,,,,,,,,,,,,,,,,,,,,,,,,,,,"{""EB"": ""Rubrica com inconsistência de IRRF"", ""Nome Evento"": ""DESC. I.N.S.S. (FÉRIAS)"", ""CodigoEvento"": ""641"", ""OBSERVAÇÃO "": """", ""Analise Natureza"": ""OK"", ""Natureza E-social"": ""9201-Contribuição Previdenciária""}",2026-03-27 16:02:12.212327
4744,11,194,642,DESC INSALUBRIDADE INDEVIDO,1202-Adicional de insalubridade,OK,-,Verificar tipo de Rendimentos no GI,,,,,,,,,,,,,,,,,,,,,,,,,,,,,,,,,,,,,,,,,,,,,,,,,"{""EB"": ""-"", ""Nome Evento"": ""DESC INSALUBRIDADE INDEVIDO"", ""CodigoEvento"": ""642"", ""OBSERVAÇÃO "": ""Verificar tipo de Rendimentos no GI"", ""Analise Natureza"": ""OK"", ""Natureza E-social"": ""1202-Adicional de insalubridade""}",2026-03-27 16:02:12.212327
4745,11,195,647,DESC. EMPRESTIMO ZIPDIN,9254-Empréstimos consignados – desconto,OK,-,"",,,,,,,,,,,,,,,,,,,,,,,,,,,,,,,,,,,,,,,,,,,,,,,,,"{""EB"": ""-"", ""Nome Evento"": ""DESC. EMPRESTIMO ZIPDIN"", ""CodigoEvento"": ""647"", ""OBSERVAÇÃO "": """", ""Analise Natureza"": ""OK"", ""Natureza E-social"": ""9254-Empréstimos consignados – desconto""}",2026-03-27 16:02:12.212327
4746,11,196,655,DESC. PENSAO ALIMENTICIA SALARIO,9213-Pensão alimentícia,OK,-,"",,,,,,,,,,,,,,,,,,,,,,,,,,,,,,,,,,,,,,,,,,,,,,,,,"{""EB"": ""-"", ""Nome Evento"": ""DESC. PENSAO ALIMENTICIA SALARIO"", ""CodigoEvento"": ""655"", ""OBSERVAÇÃO "": """", ""Analise Natureza"": ""OK"", ""Natureza E-social"": ""9213-Pensão alimentícia""}",2026-03-27 16:02:12.212327
4747,11,197,656,DESC. PENSAO ALIMENTICIA S/13º SALARIO,9213-Pensão alimentícia,OK,-,"Verificar a incidencias , está sem incidencia IRRF ",,,,,,,,,,,,,,,,,,,,,,,,,,,,,,,,,,,,,,,,,,,,,,,,,"{""EB"": ""-"", ""Nome Evento"": ""DESC. PENSAO ALIMENTICIA S/13º SALARIO"", ""CodigoEvento"": ""656"", ""OBSERVAÇÃO "": ""Verificar a incidencias , está sem incidencia IRRF "", ""Analise Natureza"": ""OK"", ""Natureza E-social"": ""9213-Pensão alimentícia""}",2026-03-27 16:02:12.212327
4748,11,198,657,DESC. PENSAO ALIMENTICIA EM FERIAS,9213-Pensão alimentícia,OK,-,"Verificar a incidencias , está sem incidencia IRRF ",,,,,,,,,,,,,,,,,,,,,,,,,,,,,,,,,,,,,,,,,,,,,,,,,"{""EB"": ""-"", ""Nome Evento"": ""DESC. PENSAO ALIMENTICIA EM FERIAS"", ""CodigoEvento"": ""657"", ""OBSERVAÇÃO "": ""Verificar a incidencias , está sem incidencia IRRF "", ""Analise Natureza"": ""OK"", ""Natureza E-social"": ""9213-Pensão alimentícia""}",2026-03-27 16:02:12.212327
4750,11,200,659,DESC. PENSAO ALIMENTICIA ACORDO,9213-Pensão alimentícia,OK,Rubrica com inconsistência de IRRF,"",,,,,,,,,,,,,,,,,,,,,,,,,,,,,,,,,,,,,,,,,,,,,,,,,"{""EB"": ""Rubrica com inconsistência de IRRF"", ""Nome Evento"": ""DESC. PENSAO ALIMENTICIA ACORDO"", ""CodigoEvento"": ""659"", ""OBSERVAÇÃO "": """", ""Analise Natureza"": ""OK"", ""Natureza E-social"": ""9213-Pensão alimentícia""}",2026-03-27 16:02:12.212327
4751,11,201,661,REEMB. VT-SALVADORCARD,1810-Transporte,OK,Rubrica com inconsistência de IRRF,"",,,,,,,,,,,,,,,,,,,,,,,,,,,,,,,,,,,,,,,,,,,,,,,,,"{""EB"": ""Rubrica com inconsistência de IRRF"", ""Nome Evento"": ""REEMB. VT-SALVADORCARD"", ""CodigoEvento"": ""661"", ""OBSERVAÇÃO "": """", ""Analise Natureza"": ""OK"", ""Natureza E-social"": ""1810-Transporte""}",2026-03-27 16:02:12.212327
4752,11,202,663,REEMB. VT-SALVADORCARD NAO CARREGADO,1810-Transporte,OK,Rubrica com inconsistência de IRRF,"",,,,,,,,,,,,,,,,,,,,,,,,,,,,,,,,,,,,,,,,,,,,,,,,,"{""EB"": ""Rubrica com inconsistência de IRRF"", ""Nome Evento"": ""REEMB. VT-SALVADORCARD NAO CARREGADO"", ""CodigoEvento"": ""663"", ""OBSERVAÇÃO "": """", ""Analise Natureza"": ""OK"", ""Natureza E-social"": ""1810-Transporte""}",2026-03-27 16:02:12.212327
4753,11,203,667,DESC. MENS. SINDICAL,9231-Contribuição Sindical – Associativa,OK,Rubrica com inconsistência de IRRF,"",,,,,,,,,,,,,,,,,,,,,,,,,,,,,,,,,,,,,,,,,,,,,,,,,"{""EB"": ""Rubrica com inconsistência de IRRF"", ""Nome Evento"": ""DESC. MENS. SINDICAL"", ""CodigoEvento"": ""667"", ""OBSERVAÇÃO "": """", ""Analise Natureza"": ""OK"", ""Natureza E-social"": ""9231-Contribuição Sindical – Associativa""}",2026-03-27 16:02:12.212327
4754,11,204,669,ADIC. NOTURNO C/39%,1205-Adicional noturno,OK,-,"",,,,,,,,,,,,,,,,,,,,,,,,,,,,,,,,,,,,,,,,,,,,,,,,,"{""EB"": ""-"", ""Nome Evento"": ""ADIC. NOTURNO C/39%"", ""CodigoEvento"": ""669"", ""OBSERVAÇÃO "": """", ""Analise Natureza"": ""OK"", ""Natureza E-social"": ""1205-Adicional noturno""}",2026-03-27 16:02:12.212327
4755,11,205,672,DESC. VALE-TRANSPORTE 6%,9216-Desconto de vale-transporte,OK,-,"",,,,,,,,,,,,,,,,,,,,,,,,,,,,,,,,,,,,,,,,,,,,,,,,,"{""EB"": ""-"", ""Nome Evento"": ""DESC. VALE-TRANSPORTE 6%"", ""CodigoEvento"": ""672"", ""OBSERVAÇÃO "": """", ""Analise Natureza"": ""OK"", ""Natureza E-social"": ""9216-Desconto de vale-transporte""}",2026-03-27 16:02:12.212327
4756,11,206,673,DESC. CARTAO BHBUS / OTIMO,9299-Outros descontos,OK,-,"",,,,,,,,,,,,,,,,,,,,,,,,,,,,,,,,,,,,,,,,,,,,,,,,,"{""EB"": ""-"", ""Nome Evento"": ""DESC. CARTAO BHBUS / OTIMO"", ""CodigoEvento"": ""673"", ""OBSERVAÇÃO "": """", ""Analise Natureza"": ""OK"", ""Natureza E-social"": ""9299-Outros descontos""}",2026-03-27 16:02:12.212327
4757,11,207,677,DESC. VALE TRANSP. NAO UTILIZADO MES ANT,9216-Desconto de vale-transporte,OK,Rubrica com inconsistência de IRRF,"",,,,,,,,,,,,,,,,,,,,,,,,,,,,,,,,,,,,,,,,,,,,,,,,,"{""EB"": ""Rubrica com inconsistência de IRRF"", ""Nome Evento"": ""DESC. VALE TRANSP. NAO UTILIZADO MES ANT"", ""CodigoEvento"": ""677"", ""OBSERVAÇÃO "": """", ""Analise Natureza"": ""OK"", ""Natureza E-social"": ""9216-Desconto de vale-transporte""}",2026-03-27 16:02:12.212327
4758,11,208,684,ADIC. NOTURNO C/20%,1205-Adicional noturno,OK,-,"",,,,,,,,,,,,,,,,,,,,,,,,,,,,,,,,,,,,,,,,,,,,,,,,,"{""EB"": ""-"", ""Nome Evento"": ""ADIC. NOTURNO C/20%"", ""CodigoEvento"": ""684"", ""OBSERVAÇÃO "": """", ""Analise Natureza"": ""OK"", ""Natureza E-social"": ""1205-Adicional noturno""}",2026-03-27 16:02:12.212327
4759,11,209,689,DESC. VT DIF CCT,9216-Desconto de vale-transporte,OK,-,"",,,,,,,,,,,,,,,,,,,,,,,,,,,,,,,,,,,,,,,,,,,,,,,,,"{""EB"": ""-"", ""Nome Evento"": ""DESC. VT DIF CCT"", ""CodigoEvento"": ""689"", ""OBSERVAÇÃO "": """", ""Analise Natureza"": ""OK"", ""Natureza E-social"": ""9216-Desconto de vale-transporte""}",2026-03-27 16:02:12.212327
4760,11,210,690,DESC. VA E VR DIF CCT,"9243-Cesta básica ou refeição, vinculada ao PAT - Desconto",OK,-,"",,,,,,,,,,,,,,,,,,,,,,,,,,,,,,,,,,,,,,,,,,,,,,,,,"{""EB"": ""-"", ""Nome Evento"": ""DESC. VA E VR DIF CCT"", ""CodigoEvento"": ""690"", ""OBSERVAÇÃO "": """", ""Analise Natureza"": ""OK"", ""Natureza E-social"": ""9243-Cesta básica ou refeição, vinculada ao PAT - Desconto""}",2026-03-27 16:02:12.212327
4761,11,211,691,DESC. ANTECIPACAO VT,9216-Desconto de vale-transporte,OK,-,"",,,,,,,,,,,,,,,,,,,,,,,,,,,,,,,,,,,,,,,,,,,,,,,,,"{""EB"": ""-"", ""Nome Evento"": ""DESC. ANTECIPACAO VT"", ""CodigoEvento"": ""691"", ""OBSERVAÇÃO "": """", ""Analise Natureza"": ""OK"", ""Natureza E-social"": ""9216-Desconto de vale-transporte""}",2026-03-27 16:02:12.212327
4762,11,212,697,ADIC. NOTURNO C/39% MES ANTERIOR,1205-Adicional noturno,OK,-,"",,,,,,,,,,,,,,,,,,,,,,,,,,,,,,,,,,,,,,,,,,,,,,,,,"{""EB"": ""-"", ""Nome Evento"": ""ADIC. NOTURNO C/39% MES ANTERIOR"", ""CodigoEvento"": ""697"", ""OBSERVAÇÃO "": """", ""Analise Natureza"": ""OK"", ""Natureza E-social"": ""1205-Adicional noturno""}",2026-03-27 16:02:12.212327
4763,11,213,698,DESC. ADIANT. COMISSOES,9200-Desconto de Adiantamentos,OK,Rubrica com inconsistência de IRRF,"",,,,,,,,,,,,,,,,,,,,,,,,,,,,,,,,,,,,,,,,,,,,,,,,,"{""EB"": ""Rubrica com inconsistência de IRRF"", ""Nome Evento"": ""DESC. ADIANT. COMISSOES"", ""CodigoEvento"": ""698"", ""OBSERVAÇÃO "": """", ""Analise Natureza"": ""OK"", ""Natureza E-social"": ""9200-Desconto de Adiantamentos""}",2026-03-27 16:02:12.212327
4764,11,214,700,DESC. F.G.T.S. DEPOSITO RESCISAO - G.R.F.C.,9989-Outros valores informativos,OK,-,"",,,,,,,,,,,,,,,,,,,,,,,,,,,,,,,,,,,,,,,,,,,,,,,,,"{""EB"": ""-"", ""Nome Evento"": ""DESC. F.G.T.S. DEPOSITO RESCISAO - G.R.F.C."", ""CodigoEvento"": ""700"", ""OBSERVAÇÃO "": """", ""Analise Natureza"": ""OK"", ""Natureza E-social"": ""9989-Outros valores informativos""}",2026-03-27 16:02:12.212327
4765,11,215,701,DESC. 2ª VIA CARTAO ALELO,9299-Outros descontos,OK,Rubrica com inconsistência de IRRF,"",,,,,,,,,,,,,,,,,,,,,,,,,,,,,,,,,,,,,,,,,,,,,,,,,"{""EB"": ""Rubrica com inconsistência de IRRF"", ""Nome Evento"": ""DESC. 2ª VIA CARTAO ALELO"", ""CodigoEvento"": ""701"", ""OBSERVAÇÃO "": """", ""Analise Natureza"": ""OK"", ""Natureza E-social"": ""9299-Outros descontos""}",2026-03-27 16:02:12.212327
4766,11,216,702,DESC. 2ª VIA CARTAO REFEICAO,9299-Outros descontos,OK,Rubrica com inconsistência de IRRF,"",,,,,,,,,,,,,,,,,,,,,,,,,,,,,,,,,,,,,,,,,,,,,,,,,"{""EB"": ""Rubrica com inconsistência de IRRF"", ""Nome Evento"": ""DESC. 2ª VIA CARTAO REFEICAO"", ""CodigoEvento"": ""702"", ""OBSERVAÇÃO "": """", ""Analise Natureza"": ""OK"", ""Natureza E-social"": ""9299-Outros descontos""}",2026-03-27 16:02:12.212327
4767,11,217,703,DESC. 2ª VIA CARTAO RIO CARD,9299-Outros descontos,OK,Rubrica com inconsistência de IRRF,"",,,,,,,,,,,,,,,,,,,,,,,,,,,,,,,,,,,,,,,,,,,,,,,,,"{""EB"": ""Rubrica com inconsistência de IRRF"", ""Nome Evento"": ""DESC. 2ª VIA CARTAO RIO CARD"", ""CodigoEvento"": ""703"", ""OBSERVAÇÃO "": """", ""Analise Natureza"": ""OK"", ""Natureza E-social"": ""9299-Outros descontos""}",2026-03-27 16:02:12.212327
4768,11,218,709,DESC. AJUSTE DESP DE VIAGENS,9299-Outros descontos,OK,Rubrica com inconsistência de IRRF,"",,,,,,,,,,,,,,,,,,,,,,,,,,,,,,,,,,,,,,,,,,,,,,,,,"{""EB"": ""Rubrica com inconsistência de IRRF"", ""Nome Evento"": ""DESC. AJUSTE DESP DE VIAGENS"", ""CodigoEvento"": ""709"", ""OBSERVAÇÃO "": """", ""Analise Natureza"": ""OK"", ""Natureza E-social"": ""9299-Outros descontos""}",2026-03-27 16:02:12.212327
4769,11,219,715,DESC. PAGOS ANTECIPADO,9200-Desconto de Adiantamentos,OK,Rubrica com inconsistência de IRRF,"",,,,,,,,,,,,,,,,,,,,,,,,,,,,,,,,,,,,,,,,,,,,,,,,,"{""EB"": ""Rubrica com inconsistência de IRRF"", ""Nome Evento"": ""DESC. PAGOS ANTECIPADO"", ""CodigoEvento"": ""715"", ""OBSERVAÇÃO "": """", ""Analise Natureza"": ""OK"", ""Natureza E-social"": ""9200-Desconto de Adiantamentos""}",2026-03-27 16:02:12.212327
4770,11,220,727,DESC. REFEIÇÃO MÊS ANTERIOR,"9243-Cesta básica ou refeição, vinculada ao PAT - Desconto",OK,-,"",,,,,,,,,,,,,,,,,,,,,,,,,,,,,,,,,,,,,,,,,,,,,,,,,"{""EB"": ""-"", ""Nome Evento"": ""DESC. REFEIÇÃO MÊS ANTERIOR"", ""CodigoEvento"": ""727"", ""OBSERVAÇÃO "": """", ""Analise Natureza"": ""OK"", ""Natureza E-social"": ""9243-Cesta básica ou refeição, vinculada ao PAT - Desconto""}",2026-03-27 16:02:12.212327
4771,11,221,729,DESC. SEGURO DE VIDA,9250-Seguro de vida – desconto,OK,Rubrica com inconsistência de IRRF,"",,,,,,,,,,,,,,,,,,,,,,,,,,,,,,,,,,,,,,,,,,,,,,,,,"{""EB"": ""Rubrica com inconsistência de IRRF"", ""Nome Evento"": ""DESC. SEGURO DE VIDA"", ""CodigoEvento"": ""729"", ""OBSERVAÇÃO "": """", ""Analise Natureza"": ""OK"", ""Natureza E-social"": ""9250-Seguro de vida – desconto""}",2026-03-27 16:02:12.212327
4772,11,222,733,DESC. UNIFORME,9299-Outros descontos,OK,Rubrica com inconsistência de IRRF,"",,,,,,,,,,,,,,,,,,,,,,,,,,,,,,,,,,,,,,,,,,,,,,,,,"{""EB"": ""Rubrica com inconsistência de IRRF"", ""Nome Evento"": ""DESC. UNIFORME"", ""CodigoEvento"": ""733"", ""OBSERVAÇÃO "": """", ""Analise Natureza"": ""OK"", ""Natureza E-social"": ""9299-Outros descontos""}",2026-03-27 16:02:12.212327
4775,11,225,743,"H EXTRAS 100% NOT 22,50",1003-Horas extraordinárias,OK,-,"",,,,,,,,,,,,,,,,,,,,,,,,,,,,,,,,,,,,,,,,,,,,,,,,,"{""EB"": ""-"", ""Nome Evento"": ""H EXTRAS 100% NOT 22,50"", ""CodigoEvento"": ""743"", ""OBSERVAÇÃO "": """", ""Analise Natureza"": ""OK"", ""Natureza E-social"": ""1003-Horas extraordinárias""}",2026-03-27 16:02:12.212327
4776,11,226,744,"H EXTRAS 50% NOT22,50 MES ANTERIOR",1003-Horas extraordinárias,OK,-,"",,,,,,,,,,,,,,,,,,,,,,,,,,,,,,,,,,,,,,,,,,,,,,,,,"{""EB"": ""-"", ""Nome Evento"": ""H EXTRAS 50% NOT22,50 MES ANTERIOR"", ""CodigoEvento"": ""744"", ""OBSERVAÇÃO "": """", ""Analise Natureza"": ""OK"", ""Natureza E-social"": ""1003-Horas extraordinárias""}",2026-03-27 16:02:12.212327
4777,11,227,749,"ADIC. NOTURNO 22,50% - MÊS ANTERIOR",1205-Adicional noturno,OK,-,"",,,,,,,,,,,,,,,,,,,,,,,,,,,,,,,,,,,,,,,,,,,,,,,,,"{""EB"": ""-"", ""Nome Evento"": ""ADIC. NOTURNO 22,50% - MÊS ANTERIOR"", ""CodigoEvento"": ""749"", ""OBSERVAÇÃO "": """", ""Analise Natureza"": ""OK"", ""Natureza E-social"": ""1205-Adicional noturno""}",2026-03-27 16:02:12.212327
4778,11,228,750,ADIC. NOTURNO C/39% MES ANTERIOR,1205-Adicional noturno,OK,-,"",,,,,,,,,,,,,,,,,,,,,,,,,,,,,,,,,,,,,,,,,,,,,,,,,"{""EB"": ""-"", ""Nome Evento"": ""ADIC. NOTURNO C/39% MES ANTERIOR"", ""CodigoEvento"": ""750"", ""OBSERVAÇÃO "": """", ""Analise Natureza"": ""OK"", ""Natureza E-social"": ""1205-Adicional noturno""}",2026-03-27 16:02:12.212327
4779,11,229,751,DESC. CESTA BASICA NAO UTILIZADA,"9243-Cesta básica ou refeição, vinculada ao PAT - Desconto",OK,-,"",,,,,,,,,,,,,,,,,,,,,,,,,,,,,,,,,,,,,,,,,,,,,,,,,"{""EB"": ""-"", ""Nome Evento"": ""DESC. CESTA BASICA NAO UTILIZADA"", ""CodigoEvento"": ""751"", ""OBSERVAÇÃO "": """", ""Analise Natureza"": ""OK"", ""Natureza E-social"": ""9243-Cesta básica ou refeição, vinculada ao PAT - Desconto""}",2026-03-27 16:02:12.212327
4780,11,230,753,REEMB VALE REFEICAO/ ALIMENTACAO - HORA EXTRA,"1806-Alimentação em ticket ou cartão, vinculada ao PAT",OK,-,"",,,,,,,,,,,,,,,,,,,,,,,,,,,,,,,,,,,,,,,,,,,,,,,,,"{""EB"": ""-"", ""Nome Evento"": ""REEMB VALE REFEICAO/ ALIMENTACAO - HORA EXTRA"", ""CodigoEvento"": ""753"", ""OBSERVAÇÃO "": """", ""Analise Natureza"": ""OK"", ""Natureza E-social"": ""1806-Alimentação em ticket ou cartão, vinculada ao PAT""}",2026-03-27 16:02:12.212327
4781,11,231,759,DESC. AUX. DOENÇA INDEVIDO,"1000-Salário, vencimento, soldo ou subsídio",OK,-,"",,,,,,,,,,,,,,,,,,,,,,,,,,,,,,,,,,,,,,,,,,,,,,,,,"{""EB"": ""-"", ""Nome Evento"": ""DESC. AUX. DOENÇA INDEVIDO"", ""CodigoEvento"": ""759"", ""OBSERVAÇÃO "": """", ""Analise Natureza"": ""OK"", ""Natureza E-social"": ""1000-Salário, vencimento, soldo ou subsídio""}",2026-03-27 16:02:12.212327
4782,11,232,762,DESC. MENSALIDADE SINDICAL - BA,9233-Contribuição sindical – Confederativa,OK,-,"",,,,,,,,,,,,,,,,,,,,,,,,,,,,,,,,,,,,,,,,,,,,,,,,,"{""EB"": ""-"", ""Nome Evento"": ""DESC. MENSALIDADE SINDICAL - BA"", ""CodigoEvento"": ""762"", ""OBSERVAÇÃO "": """", ""Analise Natureza"": ""OK"", ""Natureza E-social"": ""9233-Contribuição sindical – Confederativa""}",2026-03-27 16:02:12.212327
4783,11,233,763,DESC. MENSALIDADE SINDICAL,9233-Contribuição sindical – Confederativa,OK,-,"",,,,,,,,,,,,,,,,,,,,,,,,,,,,,,,,,,,,,,,,,,,,,,,,,"{""EB"": ""-"", ""Nome Evento"": ""DESC. MENSALIDADE SINDICAL"", ""CodigoEvento"": ""763"", ""OBSERVAÇÃO "": """", ""Analise Natureza"": ""OK"", ""Natureza E-social"": ""9233-Contribuição sindical – Confederativa""}",2026-03-27 16:02:12.212327
4784,11,234,764,REEMBOLSO DESC. INDEVIDO,"1000-Salário, vencimento, soldo ou subsídio",OK,-,"",,,,,,,,,,,,,,,,,,,,,,,,,,,,,,,,,,,,,,,,,,,,,,,,,"{""EB"": ""-"", ""Nome Evento"": ""REEMBOLSO DESC. INDEVIDO"", ""CodigoEvento"": ""764"", ""OBSERVAÇÃO "": """", ""Analise Natureza"": ""OK"", ""Natureza E-social"": ""1000-Salário, vencimento, soldo ou subsídio""}",2026-03-27 16:02:12.212327
4785,11,235,769,DESC. VALE REFEICAO NAO UTILIZADO MES ANTERIOR,"9241-Alimentação em ticket ou cartão, vinculada ao PAT - Desconto",OK,-,"",,,,,,,,,,,,,,,,,,,,,,,,,,,,,,,,,,,,,,,,,,,,,,,,,"{""EB"": ""-"", ""Nome Evento"": ""DESC. VALE REFEICAO NAO UTILIZADO MES ANTERIOR"", ""CodigoEvento"": ""769"", ""OBSERVAÇÃO "": """", ""Analise Natureza"": ""OK"", ""Natureza E-social"": ""9241-Alimentação em ticket ou cartão, vinculada ao PAT - Desconto""}",2026-03-27 16:02:12.212327
4786,11,236,770,DESC. ADIANT. VALE REFEIÇÃO,"9243-Cesta básica ou refeição, vinculada ao PAT - Desconto",OK,-,"",,,,,,,,,,,,,,,,,,,,,,,,,,,,,,,,,,,,,,,,,,,,,,,,,"{""EB"": ""-"", ""Nome Evento"": ""DESC. ADIANT. VALE REFEIÇÃO"", ""CodigoEvento"": ""770"", ""OBSERVAÇÃO "": """", ""Analise Natureza"": ""OK"", ""Natureza E-social"": ""9243-Cesta básica ou refeição, vinculada ao PAT - Desconto""}",2026-03-27 16:02:12.212327
4787,11,237,771,DESC. VALE REFEICAO NAO UTILIZADO,"9243-Cesta básica ou refeição, vinculada ao PAT - Desconto",OK,-,"",,,,,,,,,,,,,,,,,,,,,,,,,,,,,,,,,,,,,,,,,,,,,,,,,"{""EB"": ""-"", ""Nome Evento"": ""DESC. VALE REFEICAO NAO UTILIZADO"", ""CodigoEvento"": ""771"", ""OBSERVAÇÃO "": """", ""Analise Natureza"": ""OK"", ""Natureza E-social"": ""9243-Cesta básica ou refeição, vinculada ao PAT - Desconto""}",2026-03-27 16:02:12.212327
4788,11,238,772,DESC. CESTA BASICA,"1808-Cesta básica ou refeição, vinculada ao PAT",OK,Rubrica com inconsistência de IRRF,"",,,,,,,,,,,,,,,,,,,,,,,,,,,,,,,,,,,,,,,,,,,,,,,,,"{""EB"": ""Rubrica com inconsistência de IRRF"", ""Nome Evento"": ""DESC. CESTA BASICA"", ""CodigoEvento"": ""772"", ""OBSERVAÇÃO "": """", ""Analise Natureza"": ""OK"", ""Natureza E-social"": ""1808-Cesta básica ou refeição, vinculada ao PAT""}",2026-03-27 16:02:12.212327
4789,11,239,773,DESC. VALE REFEICAO,"9243-Cesta básica ou refeição, vinculada ao PAT - Desconto",OK,-,"",,,,,,,,,,,,,,,,,,,,,,,,,,,,,,,,,,,,,,,,,,,,,,,,,"{""EB"": ""-"", ""Nome Evento"": ""DESC. VALE REFEICAO"", ""CodigoEvento"": ""773"", ""OBSERVAÇÃO "": """", ""Analise Natureza"": ""OK"", ""Natureza E-social"": ""9243-Cesta básica ou refeição, vinculada ao PAT - Desconto""}",2026-03-27 16:02:12.212327
4790,11,240,779,DESC. ASSIST. MEDICA MES ANTERIOR,9219-Desconto de assistência médica ou odontológica,OK,Rubrica com inconsistência de IRRF,"",,,,,,,,,,,,,,,,,,,,,,,,,,,,,,,,,,,,,,,,,,,,,,,,,"{""EB"": ""Rubrica com inconsistência de IRRF"", ""Nome Evento"": ""DESC. ASSIST. MEDICA MES ANTERIOR"", ""CodigoEvento"": ""779"", ""OBSERVAÇÃO "": """", ""Analise Natureza"": ""OK"", ""Natureza E-social"": ""9219-Desconto de assistência médica ou odontológica""}",2026-03-27 16:02:12.212327
4791,11,241,786,ADIANTAMENTO - (PGTO FÉRIAS),5501-Adiantamento de salário,OK,-,"",,,,,,,,,,,,,,,,,,,,,,,,,,,,,,,,,,,,,,,,,,,,,,,,,"{""EB"": ""-"", ""Nome Evento"": ""ADIANTAMENTO - (PGTO FÉRIAS)"", ""CodigoEvento"": ""786"", ""OBSERVAÇÃO "": """", ""Analise Natureza"": ""OK"", ""Natureza E-social"": ""5501-Adiantamento de salário""}",2026-03-27 16:02:12.212327
4792,11,242,790,DESC. SALARIO MATERNIDADE,9299-Outros descontos,OK,"Rubrica com inconsistência de INSS, IRRF e FGTS","",,,,,,,,,,,,,,,,,,,,,,,,,,,,,,,,,,,,,,,,,,,,,,,,,"{""EB"": ""Rubrica com inconsistência de INSS, IRRF e FGTS"", ""Nome Evento"": ""DESC. SALARIO MATERNIDADE"", ""CodigoEvento"": ""790"", ""OBSERVAÇÃO "": """", ""Analise Natureza"": ""OK"", ""Natureza E-social"": ""9299-Outros descontos""}",2026-03-27 16:02:12.212327
4793,11,243,791,MULTA CCT,6129-Outras Indenizações,OK,-,"",,,,,,,,,,,,,,,,,,,,,,,,,,,,,,,,,,,,,,,,,,,,,,,,,"{""EB"": ""-"", ""Nome Evento"": ""MULTA CCT"", ""CodigoEvento"": ""791"", ""OBSERVAÇÃO "": """", ""Analise Natureza"": ""OK"", ""Natureza E-social"": ""6129-Outras Indenizações""}",2026-03-27 16:02:12.212327
4794,11,244,792,PREMIO ASSIDUIDADE (SEM INCIDENCIA),2501-Prêmios,OK,Rubrica com inconsistência de IRRF,"",,,,,,,,,,,,,,,,,,,,,,,,,,,,,,,,,,,,,,,,,,,,,,,,,"{""EB"": ""Rubrica com inconsistência de IRRF"", ""Nome Evento"": ""PREMIO ASSIDUIDADE (SEM INCIDENCIA)"", ""CodigoEvento"": ""792"", ""OBSERVAÇÃO "": """", ""Analise Natureza"": ""OK"", ""Natureza E-social"": ""2501-Prêmios""}",2026-03-27 16:02:12.212327
4795,11,245,793,PREMIO ASSIDUIDADE (SEM INCIDENCIA) MÊS ANTERIOR,2501-Prêmios,OK,Rubrica com inconsistência de IRRF e FGTS,"",,,,,,,,,,,,,,,,,,,,,,,,,,,,,,,,,,,,,,,,,,,,,,,,,"{""EB"": ""Rubrica com inconsistência de IRRF e FGTS"", ""Nome Evento"": ""PREMIO ASSIDUIDADE (SEM INCIDENCIA) MÊS ANTERIOR"", ""CodigoEvento"": ""793"", ""OBSERVAÇÃO "": """", ""Analise Natureza"": ""OK"", ""Natureza E-social"": ""2501-Prêmios""}",2026-03-27 16:02:12.212327
4796,11,246,796,PREMIO ASSIDUIDADE,1211-Gratificações,OK,"Rubrica com inconsistência de INSS, IRRF e FGTS","",,,,,,,,,,,,,,,,,,,,,,,,,,,,,,,,,,,,,,,,,,,,,,,,,"{""EB"": ""Rubrica com inconsistência de INSS, IRRF e FGTS"", ""Nome Evento"": ""PREMIO ASSIDUIDADE"", ""CodigoEvento"": ""796"", ""OBSERVAÇÃO "": """", ""Analise Natureza"": ""OK"", ""Natureza E-social"": ""1211-Gratificações""}",2026-03-27 16:02:12.212327
4797,11,247,806,DESC. EMPRESTIMO NEON,9254-Empréstimos consignados – desconto,OK,-,"",,,,,,,,,,,,,,,,,,,,,,,,,,,,,,,,,,,,,,,,,,,,,,,,,"{""EB"": ""-"", ""Nome Evento"": ""DESC. EMPRESTIMO NEON"", ""CodigoEvento"": ""806"", ""OBSERVAÇÃO "": """", ""Analise Natureza"": ""OK"", ""Natureza E-social"": ""9254-Empréstimos consignados – desconto""}",2026-03-27 16:02:12.212327
4798,11,248,808,GRATIFICACAO ASSIDUIDADE,1211-Gratificações,OK,-,"",,,,,,,,,,,,,,,,,,,,,,,,,,,,,,,,,,,,,,,,,,,,,,,,,"{""EB"": ""-"", ""Nome Evento"": ""GRATIFICACAO ASSIDUIDADE"", ""CodigoEvento"": ""808"", ""OBSERVAÇÃO "": """", ""Analise Natureza"": ""OK"", ""Natureza E-social"": ""1211-Gratificações""}",2026-03-27 16:02:12.212327
4799,11,249,850,ADIC. NOTURNO C/100% MES ANTERIOR,1205-Adicional noturno,OK,-,"",,,,,,,,,,,,,,,,,,,,,,,,,,,,,,,,,,,,,,,,,,,,,,,,,"{""EB"": ""-"", ""Nome Evento"": ""ADIC. NOTURNO C/100% MES ANTERIOR"", ""CodigoEvento"": ""850"", ""OBSERVAÇÃO "": """", ""Analise Natureza"": ""OK"", ""Natureza E-social"": ""1205-Adicional noturno""}",2026-03-27 16:02:12.212327
4800,11,250,809,DESC ADIC. PERICULOSIDADE,1203-Adicional de periculosidade,OK,-,Verificar tipo de Rendimentos no GI  e no bloco da rescisão ,,,,,,,,,,,,,,,,,,,,,,,,,,,,,,,,,,,,,,,,,,,,,,,,,"{""EB"": ""-"", ""Nome Evento"": ""DESC ADIC. PERICULOSIDADE"", ""CodigoEvento"": ""809"", ""OBSERVAÇÃO "": ""Verificar tipo de Rendimentos no GI  e no bloco da rescisão "", ""Analise Natureza"": ""OK"", ""Natureza E-social"": ""1203-Adicional de periculosidade""}",2026-03-27 16:02:12.212327
4801,11,251,814,ADIC. INSALUBRIDADE SOBRE SALARIO,1202-Adicional de insalubridade,OK,-,Verificar tipo de Rendimentos no GI,,,,,,,,,,,,,,,,,,,,,,,,,,,,,,,,,,,,,,,,,,,,,,,,,"{""EB"": ""-"", ""Nome Evento"": ""ADIC. INSALUBRIDADE SOBRE SALARIO"", ""CodigoEvento"": ""814"", ""OBSERVAÇÃO "": ""Verificar tipo de Rendimentos no GI"", ""Analise Natureza"": ""OK"", ""Natureza E-social"": ""1202-Adicional de insalubridade""}",2026-03-27 16:02:12.212327
4802,11,252,815,PREMIO ASSIDUIDADE,1211-Gratificações,OK,-,"",,,,,,,,,,,,,,,,,,,,,,,,,,,,,,,,,,,,,,,,,,,,,,,,,"{""EB"": ""-"", ""Nome Evento"": ""PREMIO ASSIDUIDADE"", ""CodigoEvento"": ""815"", ""OBSERVAÇÃO "": """", ""Analise Natureza"": ""OK"", ""Natureza E-social"": ""1211-Gratificações""}",2026-03-27 16:02:12.212327
4803,11,253,820,SALARIO DIA (INTERMITENTE),"1000-Salário, vencimento, soldo ou subsídio",OK,-,"",,,,,,,,,,,,,,,,,,,,,,,,,,,,,,,,,,,,,,,,,,,,,,,,,"{""EB"": ""-"", ""Nome Evento"": ""SALARIO DIA (INTERMITENTE)"", ""CodigoEvento"": ""820"", ""OBSERVAÇÃO "": """", ""Analise Natureza"": ""OK"", ""Natureza E-social"": ""1000-Salário, vencimento, soldo ou subsídio""}",2026-03-27 16:02:12.212327
4804,11,254,823,FERIAS (INTERMITENTE),6006-Férias proporcionais,OK,Rubrica com inconsistência de IRRF e FGTS,"",,,,,,,,,,,,,,,,,,,,,,,,,,,,,,,,,,,,,,,,,,,,,,,,,"{""EB"": ""Rubrica com inconsistência de IRRF e FGTS"", ""Nome Evento"": ""FERIAS (INTERMITENTE)"", ""CodigoEvento"": ""823"", ""OBSERVAÇÃO "": """", ""Analise Natureza"": ""OK"", ""Natureza E-social"": ""6006-Férias proporcionais""}",2026-03-27 16:02:12.212327
4805,11,255,824,1/3 FERIAS (INTERMITENTE),6006-Férias proporcionais,OK,Rubrica com inconsistência de IRRF e FGTS,"",,,,,,,,,,,,,,,,,,,,,,,,,,,,,,,,,,,,,,,,,,,,,,,,,"{""EB"": ""Rubrica com inconsistência de IRRF e FGTS"", ""Nome Evento"": ""1/3 FERIAS (INTERMITENTE)"", ""CodigoEvento"": ""824"", ""OBSERVAÇÃO "": """", ""Analise Natureza"": ""OK"", ""Natureza E-social"": ""6006-Férias proporcionais""}",2026-03-27 16:02:12.212327
4806,11,256,828,PREMIO ASSIDUIDADE MÊS ANTERIOR,1211-Gratificações,OK,-,"",,,,,,,,,,,,,,,,,,,,,,,,,,,,,,,,,,,,,,,,,,,,,,,,,"{""EB"": ""-"", ""Nome Evento"": ""PREMIO ASSIDUIDADE MÊS ANTERIOR"", ""CodigoEvento"": ""828"", ""OBSERVAÇÃO "": """", ""Analise Natureza"": ""OK"", ""Natureza E-social"": ""1211-Gratificações""}",2026-03-27 16:02:12.212327
4807,11,257,829,PROCESSO TRAB,9218-Retenções judiciais,OK,-,"",,,,,,,,,,,,,,,,,,,,,,,,,,,,,,,,,,,,,,,,,,,,,,,,,"{""EB"": ""-"", ""Nome Evento"": ""PROCESSO TRAB"", ""CodigoEvento"": ""829"", ""OBSERVAÇÃO "": """", ""Analise Natureza"": ""OK"", ""Natureza E-social"": ""9218-Retenções judiciais""}",2026-03-27 16:02:12.212327
4808,11,258,831,SALARIO MATERNIDADE (MES ANTERIOR),4050-Salário maternidade,OK,-,"",,,,,,,,,,,,,,,,,,,,,,,,,,,,,,,,,,,,,,,,,,,,,,,,,"{""EB"": ""-"", ""Nome Evento"": ""SALARIO MATERNIDADE (MES ANTERIOR)"", ""CodigoEvento"": ""831"", ""OBSERVAÇÃO "": """", ""Analise Natureza"": ""OK"", ""Natureza E-social"": ""4050-Salário maternidade""}",2026-03-27 16:02:12.212327
4809,11,259,834,HORAS EXTRAS 50%,1003-Horas extraordinárias,OK,-,"",,,,,,,,,,,,,,,,,,,,,,,,,,,,,,,,,,,,,,,,,,,,,,,,,"{""EB"": ""-"", ""Nome Evento"": ""HORAS EXTRAS 50%"", ""CodigoEvento"": ""834"", ""OBSERVAÇÃO "": """", ""Analise Natureza"": ""OK"", ""Natureza E-social"": ""1003-Horas extraordinárias""}",2026-03-27 16:02:12.212327
4810,11,260,835,HORAS EXTRAS 100%,1003-Horas extraordinárias,OK,-,"",,,,,,,,,,,,,,,,,,,,,,,,,,,,,,,,,,,,,,,,,,,,,,,,,"{""EB"": ""-"", ""Nome Evento"": ""HORAS EXTRAS 100%"", ""CodigoEvento"": ""835"", ""OBSERVAÇÃO "": """", ""Analise Natureza"": ""OK"", ""Natureza E-social"": ""1003-Horas extraordinárias""}",2026-03-27 16:02:12.212327
4811,11,261,836,ADIC. NOTURNO C/20%,1205-Adicional noturno,OK,-,"",,,,,,,,,,,,,,,,,,,,,,,,,,,,,,,,,,,,,,,,,,,,,,,,,"{""EB"": ""-"", ""Nome Evento"": ""ADIC. NOTURNO C/20%"", ""CodigoEvento"": ""836"", ""OBSERVAÇÃO "": """", ""Analise Natureza"": ""OK"", ""Natureza E-social"": ""1205-Adicional noturno""}",2026-03-27 16:02:12.212327
4812,11,262,838,DESC. PENSAO ALIMENTICIA EM FERIAS,9213-Pensão alimentícia,OK,-,"Verificar a incidencias , está sem incidencia IRRF ",,,,,,,,,,,,,,,,,,,,,,,,,,,,,,,,,,,,,,,,,,,,,,,,,"{""EB"": ""-"", ""Nome Evento"": ""DESC. PENSAO ALIMENTICIA EM FERIAS"", ""CodigoEvento"": ""838"", ""OBSERVAÇÃO "": ""Verificar a incidencias , está sem incidencia IRRF "", ""Analise Natureza"": ""OK"", ""Natureza E-social"": ""9213-Pensão alimentícia""}",2026-03-27 16:02:12.212327
4813,11,263,840,ADIC. PERICULOSIDADE,1203-Adicional de periculosidade,OK,-,Verificar tipo de Rendimentos no GI ,,,,,,,,,,,,,,,,,,,,,,,,,,,,,,,,,,,,,,,,,,,,,,,,,"{""EB"": ""-"", ""Nome Evento"": ""ADIC. PERICULOSIDADE"", ""CodigoEvento"": ""840"", ""OBSERVAÇÃO "": ""Verificar tipo de Rendimentos no GI "", ""Analise Natureza"": ""OK"", ""Natureza E-social"": ""1203-Adicional de periculosidade""}",2026-03-27 16:02:12.212327
4814,11,264,841,DESC. ATRASOS,9209-Faltas ou atrados,OK,-,"",,,,,,,,,,,,,,,,,,,,,,,,,,,,,,,,,,,,,,,,,,,,,,,,,"{""EB"": ""-"", ""Nome Evento"": ""DESC. ATRASOS"", ""CodigoEvento"": ""841"", ""OBSERVAÇÃO "": """", ""Analise Natureza"": ""OK"", ""Natureza E-social"": ""9209-Faltas ou atrados""}",2026-03-27 16:02:12.212327
4815,11,265,842,DESC. CONTRIB. NEGOCIAL,9233-Contribuição sindical – Confederativa,OK,Rubrica com inconsistência de IRRF,"",,,,,,,,,,,,,,,,,,,,,,,,,,,,,,,,,,,,,,,,,,,,,,,,,"{""EB"": ""Rubrica com inconsistência de IRRF"", ""Nome Evento"": ""DESC. CONTRIB. NEGOCIAL"", ""CodigoEvento"": ""842"", ""OBSERVAÇÃO "": """", ""Analise Natureza"": ""OK"", ""Natureza E-social"": ""9233-Contribuição sindical – Confederativa""}",2026-03-27 16:02:12.212327
4816,11,266,843,DESC AD NOT INDEVIDO,9299-Outros descontos,"VERIS, IRRF e FGTSICAR","Rubrica com inconsistência de INSS, IRRF e FGTS","",,,,,,,,,,,,,,,,,,,,,,,,,,,,,,,,,,,,,,,,,,,,,,,,,"{""EB"": ""Rubrica com inconsistência de INSS, IRRF e FGTS"", ""Nome Evento"": ""DESC AD NOT INDEVIDO"", ""CodigoEvento"": ""843"", ""OBSERVAÇÃO "": """", ""Analise Natureza"": ""VERIS, IRRF e FGTSICAR"", ""Natureza E-social"": ""9299-Outros descontos""}",2026-03-27 16:02:12.212327
4817,11,267,847,H.EXTRA  NOTURNO C/100%,1205-Adicional noturno,OK,-,"",,,,,,,,,,,,,,,,,,,,,,,,,,,,,,,,,,,,,,,,,,,,,,,,,"{""EB"": ""-"", ""Nome Evento"": ""H.EXTRA  NOTURNO C/100%"", ""CodigoEvento"": ""847"", ""OBSERVAÇÃO "": """", ""Analise Natureza"": ""OK"", ""Natureza E-social"": ""1205-Adicional noturno""}",2026-03-27 16:02:12.212327
4818,11,268,848,ACUMULO DE FUNCAO MES ANT.,1211-Gratificações,OK,-,Verificar incidencias no geral ,,,,,,,,,,,,,,,,,,,,,,,,,,,,,,,,,,,,,,,,,,,,,,,,,"{""EB"": ""-"", ""Nome Evento"": ""ACUMULO DE FUNCAO MES ANT."", ""CodigoEvento"": ""848"", ""OBSERVAÇÃO "": ""Verificar incidencias no geral "", ""Analise Natureza"": ""OK"", ""Natureza E-social"": ""1211-Gratificações""}",2026-03-27 16:02:12.212327
4819,11,269,857,DESC. ATRASO/FALTA HORAS MÊS ANTERIOR,9209-Faltas ou atrados,OK,-,"",,,,,,,,,,,,,,,,,,,,,,,,,,,,,,,,,,,,,,,,,,,,,,,,,"{""EB"": ""-"", ""Nome Evento"": ""DESC. ATRASO/FALTA HORAS MÊS ANTERIOR"", ""CodigoEvento"": ""857"", ""OBSERVAÇÃO "": """", ""Analise Natureza"": ""OK"", ""Natureza E-social"": ""9209-Faltas ou atrados""}",2026-03-27 16:02:12.212327
4820,11,270,862,ADIC. NOTURNO C/20% MES ANTERIOR,1205-Adicional noturno,OK,-,"",,,,,,,,,,,,,,,,,,,,,,,,,,,,,,,,,,,,,,,,,,,,,,,,,"{""EB"": ""-"", ""Nome Evento"": ""ADIC. NOTURNO C/20% MES ANTERIOR"", ""CodigoEvento"": ""862"", ""OBSERVAÇÃO "": """", ""Analise Natureza"": ""OK"", ""Natureza E-social"": ""1205-Adicional noturno""}",2026-03-27 16:02:12.212327
4821,11,271,863,ADIC. NOTURNO C/50% MES ANTERIOR,1205-Adicional noturno,OK,-,"",,,,,,,,,,,,,,,,,,,,,,,,,,,,,,,,,,,,,,,,,,,,,,,,,"{""EB"": ""-"", ""Nome Evento"": ""ADIC. NOTURNO C/50% MES ANTERIOR"", ""CodigoEvento"": ""863"", ""OBSERVAÇÃO "": """", ""Analise Natureza"": ""OK"", ""Natureza E-social"": ""1205-Adicional noturno""}",2026-03-27 16:02:12.212327
4822,11,272,864,ADIC. INSALUBRIDADE SOBRE SALARIO,1202-Adicional de insalubridade,OK,-,Verificar tipo de Rendimentos no GI,,,,,,,,,,,,,,,,,,,,,,,,,,,,,,,,,,,,,,,,,,,,,,,,,"{""EB"": ""-"", ""Nome Evento"": ""ADIC. INSALUBRIDADE SOBRE SALARIO"", ""CodigoEvento"": ""864"", ""OBSERVAÇÃO "": ""Verificar tipo de Rendimentos no GI"", ""Analise Natureza"": ""OK"", ""Natureza E-social"": ""1202-Adicional de insalubridade""}",2026-03-27 16:02:12.212327
4823,11,273,865,PREMIO ASSIDUIDADE,1211-Gratificações,OK,"Rubrica com inconsistência de INSS, IRRF e FGTS","",,,,,,,,,,,,,,,,,,,,,,,,,,,,,,,,,,,,,,,,,,,,,,,,,"{""EB"": ""Rubrica com inconsistência de INSS, IRRF e FGTS"", ""Nome Evento"": ""PREMIO ASSIDUIDADE"", ""CodigoEvento"": ""865"", ""OBSERVAÇÃO "": """", ""Analise Natureza"": ""OK"", ""Natureza E-social"": ""1211-Gratificações""}",2026-03-27 16:02:12.212327
4824,11,274,870,ADICIONAL DE ESTIMULO,1211-Gratificações,OK,-,"",,,,,,,,,,,,,,,,,,,,,,,,,,,,,,,,,,,,,,,,,,,,,,,,,"{""EB"": ""-"", ""Nome Evento"": ""ADICIONAL DE ESTIMULO"", ""CodigoEvento"": ""870"", ""OBSERVAÇÃO "": """", ""Analise Natureza"": ""OK"", ""Natureza E-social"": ""1211-Gratificações""}",2026-03-27 16:02:12.212327
4825,11,275,873,REEMB. 6% VALE TRANSPORTE,1629-Ressarcimento de outras despesas,OK,-,"",,,,,,,,,,,,,,,,,,,,,,,,,,,,,,,,,,,,,,,,,,,,,,,,,"{""EB"": ""-"", ""Nome Evento"": ""REEMB. 6% VALE TRANSPORTE"", ""CodigoEvento"": ""873"", ""OBSERVAÇÃO "": """", ""Analise Natureza"": ""OK"", ""Natureza E-social"": ""1629-Ressarcimento de outras despesas""}",2026-03-27 16:02:12.212327
4826,11,276,874,DEV. FALTAS (HORAS),"1000-Salário, vencimento, soldo ou subsídio",OK,-,"",,,,,,,,,,,,,,,,,,,,,,,,,,,,,,,,,,,,,,,,,,,,,,,,,"{""EB"": ""-"", ""Nome Evento"": ""DEV. FALTAS (HORAS)"", ""CodigoEvento"": ""874"", ""OBSERVAÇÃO "": """", ""Analise Natureza"": ""OK"", ""Natureza E-social"": ""1000-Salário, vencimento, soldo ou subsídio""}",2026-03-27 16:02:12.212327
4827,11,277,875,DEV. D.S.R FALTAS (HORAS),"1000-Salário, vencimento, soldo ou subsídio",OK,-,"",,,,,,,,,,,,,,,,,,,,,,,,,,,,,,,,,,,,,,,,,,,,,,,,,"{""EB"": ""-"", ""Nome Evento"": ""DEV. D.S.R FALTAS (HORAS)"", ""CodigoEvento"": ""875"", ""OBSERVAÇÃO "": """", ""Analise Natureza"": ""OK"", ""Natureza E-social"": ""1000-Salário, vencimento, soldo ou subsídio""}",2026-03-27 16:02:12.212327
4828,11,278,882,REEMB. DESC. VALE REFEICAO,"1806-Alimentação em ticket ou cartão, vinculada ao PAT",OK,-,"",,,,,,,,,,,,,,,,,,,,,,,,,,,,,,,,,,,,,,,,,,,,,,,,,"{""EB"": ""-"", ""Nome Evento"": ""REEMB. DESC. VALE REFEICAO"", ""CodigoEvento"": ""882"", ""OBSERVAÇÃO "": """", ""Analise Natureza"": ""OK"", ""Natureza E-social"": ""1806-Alimentação em ticket ou cartão, vinculada ao PAT""}",2026-03-27 16:02:12.212327
4829,11,279,885,PREMIO ASSIDUIDADE MÊS ANTERIOR,1211-Gratificações,OK,Rubrica com inconsistência de INSS e FGTS,"",,,,,,,,,,,,,,,,,,,,,,,,,,,,,,,,,,,,,,,,,,,,,,,,,"{""EB"": ""Rubrica com inconsistência de INSS e FGTS"", ""Nome Evento"": ""PREMIO ASSIDUIDADE MÊS ANTERIOR"", ""CodigoEvento"": ""885"", ""OBSERVAÇÃO "": """", ""Analise Natureza"": ""OK"", ""Natureza E-social"": ""1211-Gratificações""}",2026-03-27 16:02:12.212327
4830,11,280,891,REEMB VALE LANCHE,"1806-Alimentação em ticket ou cartão, vinculada ao PAT",OK,-,"",,,,,,,,,,,,,,,,,,,,,,,,,,,,,,,,,,,,,,,,,,,,,,,,,"{""EB"": ""-"", ""Nome Evento"": ""REEMB VALE LANCHE"", ""CodigoEvento"": ""891"", ""OBSERVAÇÃO "": """", ""Analise Natureza"": ""OK"", ""Natureza E-social"": ""1806-Alimentação em ticket ou cartão, vinculada ao PAT""}",2026-03-27 16:02:12.212327
4831,11,281,893,DESC. VALE-TRANSPORTE 6% MÊS ANTERIOR,9216-Desconto de vale-transporte,OK,-,"",,,,,,,,,,,,,,,,,,,,,,,,,,,,,,,,,,,,,,,,,,,,,,,,,"{""EB"": ""-"", ""Nome Evento"": ""DESC. VALE-TRANSPORTE 6% MÊS ANTERIOR"", ""CodigoEvento"": ""893"", ""OBSERVAÇÃO "": """", ""Analise Natureza"": ""OK"", ""Natureza E-social"": ""9216-Desconto de vale-transporte""}",2026-03-27 16:02:12.212327
4832,11,282,900,VALE LANCHE NAO UTILIZADO MES ANT,"9243-Cesta básica ou refeição, vinculada ao PAT - Desconto",OK,-,"",,,,,,,,,,,,,,,,,,,,,,,,,,,,,,,,,,,,,,,,,,,,,,,,,"{""EB"": ""-"", ""Nome Evento"": ""VALE LANCHE NAO UTILIZADO MES ANT"", ""CodigoEvento"": ""900"", ""OBSERVAÇÃO "": """", ""Analise Natureza"": ""OK"", ""Natureza E-social"": ""9243-Cesta básica ou refeição, vinculada ao PAT - Desconto""}",2026-03-27 16:02:12.212327
4833,11,283,938,DIFERENCA DE SALARIO,"1000-Salário, vencimento, soldo ou subsídio",OK,-,"",,,,,,,,,,,,,,,,,,,,,,,,,,,,,,,,,,,,,,,,,,,,,,,,,"{""EB"": ""-"", ""Nome Evento"": ""DIFERENCA DE SALARIO"", ""CodigoEvento"": ""938"", ""OBSERVAÇÃO "": """", ""Analise Natureza"": ""OK"", ""Natureza E-social"": ""1000-Salário, vencimento, soldo ou subsídio""}",2026-03-27 16:02:12.212327
4834,11,284,940,GRATIFICAÇÃO MÊS ANTERIOR,1211-Gratificações,OK,-,"",,,,,,,,,,,,,,,,,,,,,,,,,,,,,,,,,,,,,,,,,,,,,,,,,"{""EB"": ""-"", ""Nome Evento"": ""GRATIFICAÇÃO MÊS ANTERIOR"", ""CodigoEvento"": ""940"", ""OBSERVAÇÃO "": """", ""Analise Natureza"": ""OK"", ""Natureza E-social"": ""1211-Gratificações""}",2026-03-27 16:02:12.212327
4835,11,285,948,MULTA POR ATRASO DE SALARIO,6129-Outras Indenizações,OK,Rubrica com inconsistência de IRRF,"",,,,,,,,,,,,,,,,,,,,,,,,,,,,,,,,,,,,,,,,,,,,,,,,,"{""EB"": ""Rubrica com inconsistência de IRRF"", ""Nome Evento"": ""MULTA POR ATRASO DE SALARIO"", ""CodigoEvento"": ""948"", ""OBSERVAÇÃO "": """", ""Analise Natureza"": ""OK"", ""Natureza E-social"": ""6129-Outras Indenizações""}",2026-03-27 16:02:12.212327
4836,11,286,950,DIF. ASSISTENCIA MEDICA,1405-Assistência médica,OK,-,"",,,,,,,,,,,,,,,,,,,,,,,,,,,,,,,,,,,,,,,,,,,,,,,,,"{""EB"": ""-"", ""Nome Evento"": ""DIF. ASSISTENCIA MEDICA"", ""CodigoEvento"": ""950"", ""OBSERVAÇÃO "": """", ""Analise Natureza"": ""OK"", ""Natureza E-social"": ""1405-Assistência médica""}",2026-03-27 16:02:12.212327
4837,11,287,961,DESC. PENSAO ALIMENTICIA SALARIO,9213-Pensão alimentícia,OK,-,"",,,,,,,,,,,,,,,,,,,,,,,,,,,,,,,,,,,,,,,,,,,,,,,,,"{""EB"": ""-"", ""Nome Evento"": ""DESC. PENSAO ALIMENTICIA SALARIO"", ""CodigoEvento"": ""961"", ""OBSERVAÇÃO "": """", ""Analise Natureza"": ""OK"", ""Natureza E-social"": ""9213-Pensão alimentícia""}",2026-03-27 16:02:12.212327
4838,11,288,964,DESC. PENSAO ALIMENTICIA S/13º SALARIO,9213-Pensão alimentícia,OK,-,"",,,,,,,,,,,,,,,,,,,,,,,,,,,,,,,,,,,,,,,,,,,,,,,,,"{""EB"": ""-"", ""Nome Evento"": ""DESC. PENSAO ALIMENTICIA S/13º SALARIO"", ""CodigoEvento"": ""964"", ""OBSERVAÇÃO "": """", ""Analise Natureza"": ""OK"", ""Natureza E-social"": ""9213-Pensão alimentícia""}",2026-03-27 16:02:12.212327
4839,11,289,971,DESC.CESTA BASICA SOCIO,"1808-Cesta básica ou refeição, vinculada ao PAT",OK,Rubrica com inconsistência de IRRF,"",,,,,,,,,,,,,,,,,,,,,,,,,,,,,,,,,,,,,,,,,,,,,,,,,"{""EB"": ""Rubrica com inconsistência de IRRF"", ""Nome Evento"": ""DESC.CESTA BASICA SOCIO"", ""CodigoEvento"": ""971"", ""OBSERVAÇÃO "": """", ""Analise Natureza"": ""OK"", ""Natureza E-social"": ""1808-Cesta básica ou refeição, vinculada ao PAT""}",2026-03-27 16:02:12.212327
4840,11,290,977,ADIC. PERICULOSIDADE S/ HORA EXTRA,1203-Adicional de periculosidade,OK,-,Verificar tipo de Rendimentos no GI ,,,,,,,,,,,,,,,,,,,,,,,,,,,,,,,,,,,,,,,,,,,,,,,,,"{""EB"": ""-"", ""Nome Evento"": ""ADIC. PERICULOSIDADE S/ HORA EXTRA"", ""CodigoEvento"": ""977"", ""OBSERVAÇÃO "": ""Verificar tipo de Rendimentos no GI "", ""Analise Natureza"": ""OK"", ""Natureza E-social"": ""1203-Adicional de periculosidade""}",2026-03-27 16:02:12.212327
4841,11,291,989,DESC. PGTO ASSIDUIDADE MES ANT.,1211-Gratificações,OK,-,"",,,,,,,,,,,,,,,,,,,,,,,,,,,,,,,,,,,,,,,,,,,,,,,,,"{""EB"": ""-"", ""Nome Evento"": ""DESC. PGTO ASSIDUIDADE MES ANT."", ""CodigoEvento"": ""989"", ""OBSERVAÇÃO "": """", ""Analise Natureza"": ""OK"", ""Natureza E-social"": ""1211-Gratificações""}",2026-03-27 16:02:12.212327
4842,11,292,992,REEMB. ATRASO (HORAS) - MES ANTERIOR,"1000-Salário, vencimento, soldo ou subsídio",OK,-,"",,,,,,,,,,,,,,,,,,,,,,,,,,,,,,,,,,,,,,,,,,,,,,,,,"{""EB"": ""-"", ""Nome Evento"": ""REEMB. ATRASO (HORAS) - MES ANTERIOR"", ""CodigoEvento"": ""992"", ""OBSERVAÇÃO "": """", ""Analise Natureza"": ""OK"", ""Natureza E-social"": ""1000-Salário, vencimento, soldo ou subsídio""}",2026-03-27 16:02:12.212327
4843,11,293,993,ADICIONAL DE ESTIMULO MES ANTERIOR,1211-Gratificações,OK,"Rubrica com inconsistência de INSS, IRRF e FGTS","",,,,,,,,,,,,,,,,,,,,,,,,,,,,,,,,,,,,,,,,,,,,,,,,,"{""EB"": ""Rubrica com inconsistência de INSS, IRRF e FGTS"", ""Nome Evento"": ""ADICIONAL DE ESTIMULO MES ANTERIOR"", ""CodigoEvento"": ""993"", ""OBSERVAÇÃO "": """", ""Analise Natureza"": ""OK"", ""Natureza E-social"": ""1211-Gratificações""}",2026-03-27 16:02:12.212327
4844,11,294,995,LICENCA REMUNERADA,1050-Remuneração de dias de afastamento,OK,-,"",,,,,,,,,,,,,,,,,,,,,,,,,,,,,,,,,,,,,,,,,,,,,,,,,"{""EB"": ""-"", ""Nome Evento"": ""LICENCA REMUNERADA"", ""CodigoEvento"": ""995"", ""OBSERVAÇÃO "": """", ""Analise Natureza"": ""OK"", ""Natureza E-social"": ""1050-Remuneração de dias de afastamento""}",2026-03-27 16:02:12.212327
4845,11,295,1000,ADIC. NOTURNO C/20% - (HORA EXTRA 100%),1205-Adicional noturno,OK,Rubrica com inconsistência de IRRF,"",,,,,,,,,,,,,,,,,,,,,,,,,,,,,,,,,,,,,,,,,,,,,,,,,"{""EB"": ""Rubrica com inconsistência de IRRF"", ""Nome Evento"": ""ADIC. NOTURNO C/20% - (HORA EXTRA 100%)"", ""CodigoEvento"": ""1000"", ""OBSERVAÇÃO "": """", ""Analise Natureza"": ""OK"", ""Natureza E-social"": ""1205-Adicional noturno""}",2026-03-27 16:02:12.212327
4846,11,296,1010,ADIC. INSALUBRIDADE SOBRE SALARIO,1202-Adicional de insalubridade,OK,-,Verificar tipo de Rendimentos no GI,,,,,,,,,,,,,,,,,,,,,,,,,,,,,,,,,,,,,,,,,,,,,,,,,"{""EB"": ""-"", ""Nome Evento"": ""ADIC. INSALUBRIDADE SOBRE SALARIO"", ""CodigoEvento"": ""1010"", ""OBSERVAÇÃO "": ""Verificar tipo de Rendimentos no GI"", ""Analise Natureza"": ""OK"", ""Natureza E-social"": ""1202-Adicional de insalubridade""}",2026-03-27 16:02:12.212327
4847,11,297,1016,DESC. EMPRESTIMO ECONSIGNADO FGTS,9253-Empréstimos eConsignado - Desconto,OK,-,"",,,,,,,,,,,,,,,,,,,,,,,,,,,,,,,,,,,,,,,,,,,,,,,,,"{""EB"": ""-"", ""Nome Evento"": ""DESC. EMPRESTIMO ECONSIGNADO FGTS"", ""CodigoEvento"": ""1016"", ""OBSERVAÇÃO "": """", ""Analise Natureza"": ""OK"", ""Natureza E-social"": ""9253-Empréstimos eConsignado - Desconto""}",2026-03-27 16:02:12.212327
4848,11,298,1018,DESC. VALE REFEICAO MES ANTERIOR,"9241-Alimentação em ticket ou cartão, vinculada ao PAT - Desconto",OK,-,"",,,,,,,,,,,,,,,,,,,,,,,,,,,,,,,,,,,,,,,,,,,,,,,,,"{""EB"": ""-"", ""Nome Evento"": ""DESC. VALE REFEICAO MES ANTERIOR"", ""CodigoEvento"": ""1018"", ""OBSERVAÇÃO "": """", ""Analise Natureza"": ""OK"", ""Natureza E-social"": ""9241-Alimentação em ticket ou cartão, vinculada ao PAT - Desconto""}",2026-03-27 16:02:12.212327
4849,11,299,1023,DIF ADIC. S/13º SALARIO,5001-13º salário,OK,-,"",,,,,,,,,,,,,,,,,,,,,,,,,,,,,,,,,,,,,,,,,,,,,,,,,"{""EB"": ""-"", ""Nome Evento"": ""DIF ADIC. S/13º SALARIO"", ""CodigoEvento"": ""1023"", ""OBSERVAÇÃO "": """", ""Analise Natureza"": ""OK"", ""Natureza E-social"": ""5001-13º salário""}",2026-03-27 16:02:12.212327
4850,11,300,1024,DIF ADIC. FERIAS INDENIZADAS (Rescisao),6007-Férias vencidas na rescisão,OK,Rubrica com inconsistência de IRRF,"",,,,,,,,,,,,,,,,,,,,,,,,,,,,,,,,,,,,,,,,,,,,,,,,,"{""EB"": ""Rubrica com inconsistência de IRRF"", ""Nome Evento"": ""DIF ADIC. FERIAS INDENIZADAS (Rescisao)"", ""CodigoEvento"": ""1024"", ""OBSERVAÇÃO "": """", ""Analise Natureza"": ""OK"", ""Natureza E-social"": ""6007-Férias vencidas na rescisão""}",2026-03-27 16:02:12.212327
4851,11,301,1025,LICENCA GESTANTE POR ABORTO NAO CRIMINOSO,4050-Salário maternidade,OK,-,"",,,,,,,,,,,,,,,,,,,,,,,,,,,,,,,,,,,,,,,,,,,,,,,,,"{""EB"": ""-"", ""Nome Evento"": ""LICENCA GESTANTE POR ABORTO NAO CRIMINOSO"", ""CodigoEvento"": ""1025"", ""OBSERVAÇÃO "": """", ""Analise Natureza"": ""OK"", ""Natureza E-social"": ""4050-Salário maternidade""}",2026-03-27 16:02:12.212327
4852,11,302,1060,HORAS EXTRAS 50% - FEVEREIRO,1003-Horas extraordinárias,OK,-,"",,,,,,,,,,,,,,,,,,,,,,,,,,,,,,,,,,,,,,,,,,,,,,,,,"{""EB"": ""-"", ""Nome Evento"": ""HORAS EXTRAS 50% - FEVEREIRO"", ""CodigoEvento"": ""1060"", ""OBSERVAÇÃO "": """", ""Analise Natureza"": ""OK"", ""Natureza E-social"": ""1003-Horas extraordinárias""}",2026-03-27 16:02:12.212327
4853,11,303,1031,DIF. MULTA POR ATRASO DE SALARIO,6129-Outras Indenizações,OK,Rubrica com inconsistência de IRRF,"",,,,,,,,,,,,,,,,,,,,,,,,,,,,,,,,,,,,,,,,,,,,,,,,,"{""EB"": ""Rubrica com inconsistência de IRRF"", ""Nome Evento"": ""DIF. MULTA POR ATRASO DE SALARIO"", ""CodigoEvento"": ""1031"", ""OBSERVAÇÃO "": """", ""Analise Natureza"": ""OK"", ""Natureza E-social"": ""6129-Outras Indenizações""}",2026-03-27 16:02:12.212327
4854,11,304,1032,D.S.R (INTERMITENTE),1012- Descanso semanal remunerado - DSR e feriado,OK,-,Verificar informações para tipo de rendimentos no GI ,,,,,,,,,,,,,,,,,,,,,,,,,,,,,,,,,,,,,,,,,,,,,,,,,"{""EB"": ""-"", ""Nome Evento"": ""D.S.R (INTERMITENTE)"", ""CodigoEvento"": ""1032"", ""OBSERVAÇÃO "": ""Verificar informações para tipo de rendimentos no GI "", ""Analise Natureza"": ""OK"", ""Natureza E-social"": ""1012- Descanso semanal remunerado - DSR e feriado""}",2026-03-27 16:02:12.212327
4855,11,305,1033,DESC. EMPRESTIMO ECONSIGNADO FGTS,9253-Empréstimos eConsignado - Desconto,OK,-,"",,,,,,,,,,,,,,,,,,,,,,,,,,,,,,,,,,,,,,,,,,,,,,,,,"{""EB"": ""-"", ""Nome Evento"": ""DESC. EMPRESTIMO ECONSIGNADO FGTS"", ""CodigoEvento"": ""1033"", ""OBSERVAÇÃO "": """", ""Analise Natureza"": ""OK"", ""Natureza E-social"": ""9253-Empréstimos eConsignado - Desconto""}",2026-03-27 16:02:12.212327
4856,11,306,1034,DESC. EMPRESTIMO ECONSIGNADO FGTS,9253-Empréstimos eConsignado - Desconto,OK,-,"",,,,,,,,,,,,,,,,,,,,,,,,,,,,,,,,,,,,,,,,,,,,,,,,,"{""EB"": ""-"", ""Nome Evento"": ""DESC. EMPRESTIMO ECONSIGNADO FGTS"", ""CodigoEvento"": ""1034"", ""OBSERVAÇÃO "": """", ""Analise Natureza"": ""OK"", ""Natureza E-social"": ""9253-Empréstimos eConsignado - Desconto""}",2026-03-27 16:02:12.212327
4857,11,307,1035,DESC. EMPRESTIMO ECONSIGNADO FGTS,9253-Empréstimos eConsignado - Desconto,OK,-,"",,,,,,,,,,,,,,,,,,,,,,,,,,,,,,,,,,,,,,,,,,,,,,,,,"{""EB"": ""-"", ""Nome Evento"": ""DESC. EMPRESTIMO ECONSIGNADO FGTS"", ""CodigoEvento"": ""1035"", ""OBSERVAÇÃO "": """", ""Analise Natureza"": ""OK"", ""Natureza E-social"": ""9253-Empréstimos eConsignado - Desconto""}",2026-03-27 16:02:12.212327
4858,11,308,1036,DESC. EMPRESTIMO ECONSIGNADO FGTS,9253-Empréstimos eConsignado - Desconto,OK,-,"",,,,,,,,,,,,,,,,,,,,,,,,,,,,,,,,,,,,,,,,,,,,,,,,,"{""EB"": ""-"", ""Nome Evento"": ""DESC. EMPRESTIMO ECONSIGNADO FGTS"", ""CodigoEvento"": ""1036"", ""OBSERVAÇÃO "": """", ""Analise Natureza"": ""OK"", ""Natureza E-social"": ""9253-Empréstimos eConsignado - Desconto""}",2026-03-27 16:02:12.212327
4859,11,309,1037,DESC. EMPRESTIMO ECONSIGNADO FGTS,9253-Empréstimos eConsignado - Desconto,OK,-,"",,,,,,,,,,,,,,,,,,,,,,,,,,,,,,,,,,,,,,,,,,,,,,,,,"{""EB"": ""-"", ""Nome Evento"": ""DESC. EMPRESTIMO ECONSIGNADO FGTS"", ""CodigoEvento"": ""1037"", ""OBSERVAÇÃO "": """", ""Analise Natureza"": ""OK"", ""Natureza E-social"": ""9253-Empréstimos eConsignado - Desconto""}",2026-03-27 16:02:12.212327
4860,11,310,1038,DESC. EMPRESTIMO ECONSIGNADO FGTS,9253-Empréstimos eConsignado - Desconto,OK,-,"",,,,,,,,,,,,,,,,,,,,,,,,,,,,,,,,,,,,,,,,,,,,,,,,,"{""EB"": ""-"", ""Nome Evento"": ""DESC. EMPRESTIMO ECONSIGNADO FGTS"", ""CodigoEvento"": ""1038"", ""OBSERVAÇÃO "": """", ""Analise Natureza"": ""OK"", ""Natureza E-social"": ""9253-Empréstimos eConsignado - Desconto""}",2026-03-27 16:02:12.212327
4861,11,311,1039,DESC. EMPRESTIMO ECONSIGNADO FGTS,9253-Empréstimos eConsignado - Desconto,OK,-,"",,,,,,,,,,,,,,,,,,,,,,,,,,,,,,,,,,,,,,,,,,,,,,,,,"{""EB"": ""-"", ""Nome Evento"": ""DESC. EMPRESTIMO ECONSIGNADO FGTS"", ""CodigoEvento"": ""1039"", ""OBSERVAÇÃO "": """", ""Analise Natureza"": ""OK"", ""Natureza E-social"": ""9253-Empréstimos eConsignado - Desconto""}",2026-03-27 16:02:12.212327
4862,11,312,1040,DESC. EMPRESTIMO ECONSIGNADO FGTS,9253-Empréstimos eConsignado - Desconto,OK,-,"",,,,,,,,,,,,,,,,,,,,,,,,,,,,,,,,,,,,,,,,,,,,,,,,,"{""EB"": ""-"", ""Nome Evento"": ""DESC. EMPRESTIMO ECONSIGNADO FGTS"", ""CodigoEvento"": ""1040"", ""OBSERVAÇÃO "": """", ""Analise Natureza"": ""OK"", ""Natureza E-social"": ""9253-Empréstimos eConsignado - Desconto""}",2026-03-27 16:02:12.212327
4863,11,313,1041,PAGTO. ASSIST. MEDICA,1629-Ressarcimento de outras despesas,OK,-,"",,,,,,,,,,,,,,,,,,,,,,,,,,,,,,,,,,,,,,,,,,,,,,,,,"{""EB"": ""-"", ""Nome Evento"": ""PAGTO. ASSIST. MEDICA"", ""CodigoEvento"": ""1041"", ""OBSERVAÇÃO "": """", ""Analise Natureza"": ""OK"", ""Natureza E-social"": ""1629-Ressarcimento de outras despesas""}",2026-03-27 16:02:12.212327
4864,11,314,1042,REEMBOLSO CO PARTICIPACAO A.M.,9299-Outros descontos,OK,-,"",,,,,,,,,,,,,,,,,,,,,,,,,,,,,,,,,,,,,,,,,,,,,,,,,"{""EB"": ""-"", ""Nome Evento"": ""REEMBOLSO CO PARTICIPACAO A.M."", ""CodigoEvento"": ""1042"", ""OBSERVAÇÃO "": """", ""Analise Natureza"": ""OK"", ""Natureza E-social"": ""9299-Outros descontos""}",2026-03-27 16:02:12.212327
4865,11,315,1043,FERIAS EM DOBRO,1024-Férias - o dobro na vigência do contrato,OK,-,"",,,,,,,,,,,,,,,,,,,,,,,,,,,,,,,,,,,,,,,,,,,,,,,,,"{""EB"": ""-"", ""Nome Evento"": ""FERIAS EM DOBRO"", ""CodigoEvento"": ""1043"", ""OBSERVAÇÃO "": """", ""Analise Natureza"": ""OK"", ""Natureza E-social"": ""1024-Férias - o dobro na vigência do contrato""}",2026-03-27 16:02:12.212327
4866,11,316,1044,AUXILIO ESPECIAL,1899-Outros Auxilios ,OK,-,"",,,,,,,,,,,,,,,,,,,,,,,,,,,,,,,,,,,,,,,,,,,,,,,,,"{""EB"": ""-"", ""Nome Evento"": ""AUXILIO ESPECIAL"", ""CodigoEvento"": ""1044"", ""OBSERVAÇÃO "": """", ""Analise Natureza"": ""OK"", ""Natureza E-social"": ""1899-Outros Auxilios ""}",2026-03-27 16:02:12.212327
4867,11,317,1045,D.S.R. S/SALARIO AULA,1012- Descanso semanal remunerado - DSR e feriado,OK,-,Validar tipo de rendimento no GI ,,,,,,,,,,,,,,,,,,,,,,,,,,,,,,,,,,,,,,,,,,,,,,,,,"{""EB"": ""-"", ""Nome Evento"": ""D.S.R. S/SALARIO AULA"", ""CodigoEvento"": ""1045"", ""OBSERVAÇÃO "": ""Validar tipo de rendimento no GI "", ""Analise Natureza"": ""OK"", ""Natureza E-social"": ""1012- Descanso semanal remunerado - DSR e feriado""}",2026-03-27 16:02:12.212327
4868,11,318,1046,ADICIONAL EXTRACLASSE,1211-Gratificações,OK,-,Verificar Tipo de Rendimentos no GI ,,,,,,,,,,,,,,,,,,,,,,,,,,,,,,,,,,,,,,,,,,,,,,,,,"{""EB"": ""-"", ""Nome Evento"": ""ADICIONAL EXTRACLASSE"", ""CodigoEvento"": ""1046"", ""OBSERVAÇÃO "": ""Verificar Tipo de Rendimentos no GI "", ""Analise Natureza"": ""OK"", ""Natureza E-social"": ""1211-Gratificações""}",2026-03-27 16:02:12.212327
4869,11,319,1048,"ADIC. NOTURNO 22,50% - FEVEREIRO",1205-Adicional noturno,OK,-,"",,,,,,,,,,,,,,,,,,,,,,,,,,,,,,,,,,,,,,,,,,,,,,,,,"{""EB"": ""-"", ""Nome Evento"": ""ADIC. NOTURNO 22,50% - FEVEREIRO"", ""CodigoEvento"": ""1048"", ""OBSERVAÇÃO "": """", ""Analise Natureza"": ""OK"", ""Natureza E-social"": ""1205-Adicional noturno""}",2026-03-27 16:02:12.212327
4870,11,320,1052,"ADIC. NOTURNO 22,50% - JUNHO",1205-Adicional noturno,OK,-,"",,,,,,,,,,,,,,,,,,,,,,,,,,,,,,,,,,,,,,,,,,,,,,,,,"{""EB"": ""-"", ""Nome Evento"": ""ADIC. NOTURNO 22,50% - JUNHO"", ""CodigoEvento"": ""1052"", ""OBSERVAÇÃO "": """", ""Analise Natureza"": ""OK"", ""Natureza E-social"": ""1205-Adicional noturno""}",2026-03-27 16:02:12.212327
4871,11,321,1053,"ADIC. NOTURNO 22,50% - JULHO",1205-Adicional noturno,OK,-,"",,,,,,,,,,,,,,,,,,,,,,,,,,,,,,,,,,,,,,,,,,,,,,,,,"{""EB"": ""-"", ""Nome Evento"": ""ADIC. NOTURNO 22,50% - JULHO"", ""CodigoEvento"": ""1053"", ""OBSERVAÇÃO "": """", ""Analise Natureza"": ""OK"", ""Natureza E-social"": ""1205-Adicional noturno""}",2026-03-27 16:02:12.212327
4872,11,322,1055,"ADIC. NOTURNO 22,50% - SETEMBRO",1205-Adicional noturno,OK,-,"",,,,,,,,,,,,,,,,,,,,,,,,,,,,,,,,,,,,,,,,,,,,,,,,,"{""EB"": ""-"", ""Nome Evento"": ""ADIC. NOTURNO 22,50% - SETEMBRO"", ""CodigoEvento"": ""1055"", ""OBSERVAÇÃO "": """", ""Analise Natureza"": ""OK"", ""Natureza E-social"": ""1205-Adicional noturno""}",2026-03-27 16:02:12.212327
4873,11,323,1056,"ADIC. NOTURNO 22,50% - OUTUBRO",1205-Adicional noturno,OK,-,"",,,,,,,,,,,,,,,,,,,,,,,,,,,,,,,,,,,,,,,,,,,,,,,,,"{""EB"": ""-"", ""Nome Evento"": ""ADIC. NOTURNO 22,50% - OUTUBRO"", ""CodigoEvento"": ""1056"", ""OBSERVAÇÃO "": """", ""Analise Natureza"": ""OK"", ""Natureza E-social"": ""1205-Adicional noturno""}",2026-03-27 16:02:12.212327
4874,11,324,1057,"ADIC. NOTURNO 22,50% - NOVEMBRO",1205-Adicional noturno,OK,-,"",,,,,,,,,,,,,,,,,,,,,,,,,,,,,,,,,,,,,,,,,,,,,,,,,"{""EB"": ""-"", ""Nome Evento"": ""ADIC. NOTURNO 22,50% - NOVEMBRO"", ""CodigoEvento"": ""1057"", ""OBSERVAÇÃO "": """", ""Analise Natureza"": ""OK"", ""Natureza E-social"": ""1205-Adicional noturno""}",2026-03-27 16:02:12.212327
4875,11,325,1062,HORAS EXTRAS 50% - ABRIL,1003-Horas extraordinárias,OK,-,"",,,,,,,,,,,,,,,,,,,,,,,,,,,,,,,,,,,,,,,,,,,,,,,,,"{""EB"": ""-"", ""Nome Evento"": ""HORAS EXTRAS 50% - ABRIL"", ""CodigoEvento"": ""1062"", ""OBSERVAÇÃO "": """", ""Analise Natureza"": ""OK"", ""Natureza E-social"": ""1003-Horas extraordinárias""}",2026-03-27 16:02:12.212327
4876,11,326,1063,HORAS EXTRAS 50% - MAIO,1003-Horas extraordinárias,OK,-,"",,,,,,,,,,,,,,,,,,,,,,,,,,,,,,,,,,,,,,,,,,,,,,,,,"{""EB"": ""-"", ""Nome Evento"": ""HORAS EXTRAS 50% - MAIO"", ""CodigoEvento"": ""1063"", ""OBSERVAÇÃO "": """", ""Analise Natureza"": ""OK"", ""Natureza E-social"": ""1003-Horas extraordinárias""}",2026-03-27 16:02:12.212327
4877,11,327,1064,HORAS EXTRAS 50% - JUNHO,1003-Horas extraordinárias,OK,-,"",,,,,,,,,,,,,,,,,,,,,,,,,,,,,,,,,,,,,,,,,,,,,,,,,"{""EB"": ""-"", ""Nome Evento"": ""HORAS EXTRAS 50% - JUNHO"", ""CodigoEvento"": ""1064"", ""OBSERVAÇÃO "": """", ""Analise Natureza"": ""OK"", ""Natureza E-social"": ""1003-Horas extraordinárias""}",2026-03-27 16:02:12.212327
4878,11,328,1065,HORAS EXTRAS 50% - JULHO,1003-Horas extraordinárias,OK,-,"",,,,,,,,,,,,,,,,,,,,,,,,,,,,,,,,,,,,,,,,,,,,,,,,,"{""EB"": ""-"", ""Nome Evento"": ""HORAS EXTRAS 50% - JULHO"", ""CodigoEvento"": ""1065"", ""OBSERVAÇÃO "": """", ""Analise Natureza"": ""OK"", ""Natureza E-social"": ""1003-Horas extraordinárias""}",2026-03-27 16:02:12.212327
4879,11,329,1066,HORAS EXTRAS 50% - AGOSTO,1003-Horas extraordinárias,OK,-,"",,,,,,,,,,,,,,,,,,,,,,,,,,,,,,,,,,,,,,,,,,,,,,,,,"{""EB"": ""-"", ""Nome Evento"": ""HORAS EXTRAS 50% - AGOSTO"", ""CodigoEvento"": ""1066"", ""OBSERVAÇÃO "": """", ""Analise Natureza"": ""OK"", ""Natureza E-social"": ""1003-Horas extraordinárias""}",2026-03-27 16:02:12.212327
4880,11,330,1067,HORAS EXTRAS 50% - SETEMBRO,1003-Horas extraordinárias,OK,-,"",,,,,,,,,,,,,,,,,,,,,,,,,,,,,,,,,,,,,,,,,,,,,,,,,"{""EB"": ""-"", ""Nome Evento"": ""HORAS EXTRAS 50% - SETEMBRO"", ""CodigoEvento"": ""1067"", ""OBSERVAÇÃO "": """", ""Analise Natureza"": ""OK"", ""Natureza E-social"": ""1003-Horas extraordinárias""}",2026-03-27 16:02:12.212327
4881,11,331,1068,HORAS EXTRAS 50% - OUTUBRO,1003-Horas extraordinárias,OK,-,"",,,,,,,,,,,,,,,,,,,,,,,,,,,,,,,,,,,,,,,,,,,,,,,,,"{""EB"": ""-"", ""Nome Evento"": ""HORAS EXTRAS 50% - OUTUBRO"", ""CodigoEvento"": ""1068"", ""OBSERVAÇÃO "": """", ""Analise Natureza"": ""OK"", ""Natureza E-social"": ""1003-Horas extraordinárias""}",2026-03-27 16:02:12.212327
4882,11,332,1069,HORAS EXTRAS 50% - NOVEMBRO,1003-Horas extraordinárias,OK,-,"",,,,,,,,,,,,,,,,,,,,,,,,,,,,,,,,,,,,,,,,,,,,,,,,,"{""EB"": ""-"", ""Nome Evento"": ""HORAS EXTRAS 50% - NOVEMBRO"", ""CodigoEvento"": ""1069"", ""OBSERVAÇÃO "": """", ""Analise Natureza"": ""OK"", ""Natureza E-social"": ""1003-Horas extraordinárias""}",2026-03-27 16:02:12.212327
4883,11,333,1073,"H EXTRAS 50% NOT22,50 - FEVEREIRO",1003-Horas extraordinárias,OK,-,"",,,,,,,,,,,,,,,,,,,,,,,,,,,,,,,,,,,,,,,,,,,,,,,,,"{""EB"": ""-"", ""Nome Evento"": ""H EXTRAS 50% NOT22,50 - FEVEREIRO"", ""CodigoEvento"": ""1073"", ""OBSERVAÇÃO "": """", ""Analise Natureza"": ""OK"", ""Natureza E-social"": ""1003-Horas extraordinárias""}",2026-03-27 16:02:12.212327
4884,11,334,1076,"H EXTRAS 50% NOT22,50 - MAIO",1003-Horas extraordinárias,OK,-,"",,,,,,,,,,,,,,,,,,,,,,,,,,,,,,,,,,,,,,,,,,,,,,,,,"{""EB"": ""-"", ""Nome Evento"": ""H EXTRAS 50% NOT22,50 - MAIO"", ""CodigoEvento"": ""1076"", ""OBSERVAÇÃO "": """", ""Analise Natureza"": ""OK"", ""Natureza E-social"": ""1003-Horas extraordinárias""}",2026-03-27 16:02:12.212327
4885,11,335,1077,"H EXTRAS 50% NOT22,50 - JUNHO",1003-Horas extraordinárias,OK,-,"",,,,,,,,,,,,,,,,,,,,,,,,,,,,,,,,,,,,,,,,,,,,,,,,,"{""EB"": ""-"", ""Nome Evento"": ""H EXTRAS 50% NOT22,50 - JUNHO"", ""CodigoEvento"": ""1077"", ""OBSERVAÇÃO "": """", ""Analise Natureza"": ""OK"", ""Natureza E-social"": ""1003-Horas extraordinárias""}",2026-03-27 16:02:12.212327
4886,11,336,1078,"H EXTRAS 50% NOT22,50 - JULHO",1003-Horas extraordinárias,OK,-,"",,,,,,,,,,,,,,,,,,,,,,,,,,,,,,,,,,,,,,,,,,,,,,,,,"{""EB"": ""-"", ""Nome Evento"": ""H EXTRAS 50% NOT22,50 - JULHO"", ""CodigoEvento"": ""1078"", ""OBSERVAÇÃO "": """", ""Analise Natureza"": ""OK"", ""Natureza E-social"": ""1003-Horas extraordinárias""}",2026-03-27 16:02:12.212327
4887,11,337,1079,"H EXTRAS 50% NOT22,50 - AGOSTO",1003-Horas extraordinárias,OK,-,"",,,,,,,,,,,,,,,,,,,,,,,,,,,,,,,,,,,,,,,,,,,,,,,,,"{""EB"": ""-"", ""Nome Evento"": ""H EXTRAS 50% NOT22,50 - AGOSTO"", ""CodigoEvento"": ""1079"", ""OBSERVAÇÃO "": """", ""Analise Natureza"": ""OK"", ""Natureza E-social"": ""1003-Horas extraordinárias""}",2026-03-27 16:02:12.212327
4888,11,338,1080,"H EXTRAS 50% NOT22,50 - SETEMBRO",1003-Horas extraordinárias,OK,-,"",,,,,,,,,,,,,,,,,,,,,,,,,,,,,,,,,,,,,,,,,,,,,,,,,"{""EB"": ""-"", ""Nome Evento"": ""H EXTRAS 50% NOT22,50 - SETEMBRO"", ""CodigoEvento"": ""1080"", ""OBSERVAÇÃO "": """", ""Analise Natureza"": ""OK"", ""Natureza E-social"": ""1003-Horas extraordinárias""}",2026-03-27 16:02:12.212327
4889,11,339,1081,"H EXTRAS 50% NOT22,50 - OUTUBRO",1003-Horas extraordinárias,OK,-,"",,,,,,,,,,,,,,,,,,,,,,,,,,,,,,,,,,,,,,,,,,,,,,,,,"{""EB"": ""-"", ""Nome Evento"": ""H EXTRAS 50% NOT22,50 - OUTUBRO"", ""CodigoEvento"": ""1081"", ""OBSERVAÇÃO "": """", ""Analise Natureza"": ""OK"", ""Natureza E-social"": ""1003-Horas extraordinárias""}",2026-03-27 16:02:12.212327
4890,11,340,1082,"H EXTRAS 50% NOT22,50 - NOVEMBRO",1003-Horas extraordinárias,OK,-,"",,,,,,,,,,,,,,,,,,,,,,,,,,,,,,,,,,,,,,,,,,,,,,,,,"{""EB"": ""-"", ""Nome Evento"": ""H EXTRAS 50% NOT22,50 - NOVEMBRO"", ""CodigoEvento"": ""1082"", ""OBSERVAÇÃO "": """", ""Analise Natureza"": ""OK"", ""Natureza E-social"": ""1003-Horas extraordinárias""}",2026-03-27 16:02:12.212327
4891,11,341,1085,HORAS EXTRAS 100% - FEVEREIRO,1003-Horas extraordinárias,OK,-,"",,,,,,,,,,,,,,,,,,,,,,,,,,,,,,,,,,,,,,,,,,,,,,,,,"{""EB"": ""-"", ""Nome Evento"": ""HORAS EXTRAS 100% - FEVEREIRO"", ""CodigoEvento"": ""1085"", ""OBSERVAÇÃO "": """", ""Analise Natureza"": ""OK"", ""Natureza E-social"": ""1003-Horas extraordinárias""}",2026-03-27 16:02:12.212327
4892,11,342,1087,HORAS EXTRAS 100% ABRIL,1003-Horas extraordinárias,OK,-,"",,,,,,,,,,,,,,,,,,,,,,,,,,,,,,,,,,,,,,,,,,,,,,,,,"{""EB"": ""-"", ""Nome Evento"": ""HORAS EXTRAS 100% ABRIL"", ""CodigoEvento"": ""1087"", ""OBSERVAÇÃO "": """", ""Analise Natureza"": ""OK"", ""Natureza E-social"": ""1003-Horas extraordinárias""}",2026-03-27 16:02:12.212327
4893,11,343,1088,HORAS EXTRAS 100% MAIO,1003-Horas extraordinárias,OK,-,"",,,,,,,,,,,,,,,,,,,,,,,,,,,,,,,,,,,,,,,,,,,,,,,,,"{""EB"": ""-"", ""Nome Evento"": ""HORAS EXTRAS 100% MAIO"", ""CodigoEvento"": ""1088"", ""OBSERVAÇÃO "": """", ""Analise Natureza"": ""OK"", ""Natureza E-social"": ""1003-Horas extraordinárias""}",2026-03-27 16:02:12.212327
4894,11,344,1089,HORAS EXTRAS 100% JUNHO,1003-Horas extraordinárias,OK,-,"",,,,,,,,,,,,,,,,,,,,,,,,,,,,,,,,,,,,,,,,,,,,,,,,,"{""EB"": ""-"", ""Nome Evento"": ""HORAS EXTRAS 100% JUNHO"", ""CodigoEvento"": ""1089"", ""OBSERVAÇÃO "": """", ""Analise Natureza"": ""OK"", ""Natureza E-social"": ""1003-Horas extraordinárias""}",2026-03-27 16:02:12.212327
4895,11,345,1090,HORAS EXTRAS 100% JULHO,1003-Horas extraordinárias,OK,-,"",,,,,,,,,,,,,,,,,,,,,,,,,,,,,,,,,,,,,,,,,,,,,,,,,"{""EB"": ""-"", ""Nome Evento"": ""HORAS EXTRAS 100% JULHO"", ""CodigoEvento"": ""1090"", ""OBSERVAÇÃO "": """", ""Analise Natureza"": ""OK"", ""Natureza E-social"": ""1003-Horas extraordinárias""}",2026-03-27 16:02:12.212327
4896,11,346,1091,HORAS EXTRAS 100% - AGOSTO,1003-Horas extraordinárias,OK,-,"",,,,,,,,,,,,,,,,,,,,,,,,,,,,,,,,,,,,,,,,,,,,,,,,,"{""EB"": ""-"", ""Nome Evento"": ""HORAS EXTRAS 100% - AGOSTO"", ""CodigoEvento"": ""1091"", ""OBSERVAÇÃO "": """", ""Analise Natureza"": ""OK"", ""Natureza E-social"": ""1003-Horas extraordinárias""}",2026-03-27 16:02:12.212327
4897,11,347,1092,HORAS EXTRAS 100% SETEMBRO,1003-Horas extraordinárias,OK,-,"",,,,,,,,,,,,,,,,,,,,,,,,,,,,,,,,,,,,,,,,,,,,,,,,,"{""EB"": ""-"", ""Nome Evento"": ""HORAS EXTRAS 100% SETEMBRO"", ""CodigoEvento"": ""1092"", ""OBSERVAÇÃO "": """", ""Analise Natureza"": ""OK"", ""Natureza E-social"": ""1003-Horas extraordinárias""}",2026-03-27 16:02:12.212327
4898,11,348,1093,HORAS EXTRAS 100% OUTUBRO,1003-Horas extraordinárias,OK,-,"",,,,,,,,,,,,,,,,,,,,,,,,,,,,,,,,,,,,,,,,,,,,,,,,,"{""EB"": ""-"", ""Nome Evento"": ""HORAS EXTRAS 100% OUTUBRO"", ""CodigoEvento"": ""1093"", ""OBSERVAÇÃO "": """", ""Analise Natureza"": ""OK"", ""Natureza E-social"": ""1003-Horas extraordinárias""}",2026-03-27 16:02:12.212327
4899,11,349,1094,HORAS EXTRAS 100% NOVEMBRO,1003-Horas extraordinárias,OK,-,"",,,,,,,,,,,,,,,,,,,,,,,,,,,,,,,,,,,,,,,,,,,,,,,,,"{""EB"": ""-"", ""Nome Evento"": ""HORAS EXTRAS 100% NOVEMBRO"", ""CodigoEvento"": ""1094"", ""OBSERVAÇÃO "": """", ""Analise Natureza"": ""OK"", ""Natureza E-social"": ""1003-Horas extraordinárias""}",2026-03-27 16:02:12.212327
4900,11,350,1097,"H EXTRAS 100% NOT 22,50 FEVEREIRO",1003-Horas extraordinárias,OK,-,"",,,,,,,,,,,,,,,,,,,,,,,,,,,,,,,,,,,,,,,,,,,,,,,,,"{""EB"": ""-"", ""Nome Evento"": ""H EXTRAS 100% NOT 22,50 FEVEREIRO"", ""CodigoEvento"": ""1097"", ""OBSERVAÇÃO "": """", ""Analise Natureza"": ""OK"", ""Natureza E-social"": ""1003-Horas extraordinárias""}",2026-03-27 16:02:12.212327
4901,11,351,1100,"H EXTRAS 100% NOT 22,50 MAIO",1003-Horas extraordinárias,OK,-,"",,,,,,,,,,,,,,,,,,,,,,,,,,,,,,,,,,,,,,,,,,,,,,,,,"{""EB"": ""-"", ""Nome Evento"": ""H EXTRAS 100% NOT 22,50 MAIO"", ""CodigoEvento"": ""1100"", ""OBSERVAÇÃO "": """", ""Analise Natureza"": ""OK"", ""Natureza E-social"": ""1003-Horas extraordinárias""}",2026-03-27 16:02:12.212327
4902,11,352,1101,"H EXTRAS 100% NOT 22,50 JUNHO",1003-Horas extraordinárias,OK,-,"",,,,,,,,,,,,,,,,,,,,,,,,,,,,,,,,,,,,,,,,,,,,,,,,,"{""EB"": ""-"", ""Nome Evento"": ""H EXTRAS 100% NOT 22,50 JUNHO"", ""CodigoEvento"": ""1101"", ""OBSERVAÇÃO "": """", ""Analise Natureza"": ""OK"", ""Natureza E-social"": ""1003-Horas extraordinárias""}",2026-03-27 16:02:12.212327
4903,11,353,1102,"H EXTRAS 100% NOT 22,50 JULHO",1003-Horas extraordinárias,OK,-,"",,,,,,,,,,,,,,,,,,,,,,,,,,,,,,,,,,,,,,,,,,,,,,,,,"{""EB"": ""-"", ""Nome Evento"": ""H EXTRAS 100% NOT 22,50 JULHO"", ""CodigoEvento"": ""1102"", ""OBSERVAÇÃO "": """", ""Analise Natureza"": ""OK"", ""Natureza E-social"": ""1003-Horas extraordinárias""}",2026-03-27 16:02:12.212327
4904,11,354,1104,"H EXTRAS 100% NOT 22,50 SETEMBRO",1003-Horas extraordinárias,OK,-,"",,,,,,,,,,,,,,,,,,,,,,,,,,,,,,,,,,,,,,,,,,,,,,,,,"{""EB"": ""-"", ""Nome Evento"": ""H EXTRAS 100% NOT 22,50 SETEMBRO"", ""CodigoEvento"": ""1104"", ""OBSERVAÇÃO "": """", ""Analise Natureza"": ""OK"", ""Natureza E-social"": ""1003-Horas extraordinárias""}",2026-03-27 16:02:12.212327
4905,11,355,1105,"H EXTRAS 100% NOT 22,50 OUTUBRO",1003-Horas extraordinárias,OK,-,"",,,,,,,,,,,,,,,,,,,,,,,,,,,,,,,,,,,,,,,,,,,,,,,,,"{""EB"": ""-"", ""Nome Evento"": ""H EXTRAS 100% NOT 22,50 OUTUBRO"", ""CodigoEvento"": ""1105"", ""OBSERVAÇÃO "": """", ""Analise Natureza"": ""OK"", ""Natureza E-social"": ""1003-Horas extraordinárias""}",2026-03-27 16:02:12.212327
4906,11,356,1106,"H EXTRAS 100% NOT 22,50 NOVEMBRO",1003-Horas extraordinárias,OK,-,"",,,,,,,,,,,,,,,,,,,,,,,,,,,,,,,,,,,,,,,,,,,,,,,,,"{""EB"": ""-"", ""Nome Evento"": ""H EXTRAS 100% NOT 22,50 NOVEMBRO"", ""CodigoEvento"": ""1106"", ""OBSERVAÇÃO "": """", ""Analise Natureza"": ""OK"", ""Natureza E-social"": ""1003-Horas extraordinárias""}",2026-03-27 16:02:12.212327
4907,11,357,1109,ADIC. NOTURNO C/25%,1205-Adicional noturno,OK,-,"",,,,,,,,,,,,,,,,,,,,,,,,,,,,,,,,,,,,,,,,,,,,,,,,,"{""EB"": ""-"", ""Nome Evento"": ""ADIC. NOTURNO C/25%"", ""CodigoEvento"": ""1109"", ""OBSERVAÇÃO "": """", ""Analise Natureza"": ""OK"", ""Natureza E-social"": ""1205-Adicional noturno""}",2026-03-27 16:02:12.212327
4908,11,358,1110,ADIC. INSALUBRIDADE 07/2020 a 12/2020,1202-Adicional de insalubridade,OK,-,"",,,,,,,,,,,,,,,,,,,,,,,,,,,,,,,,,,,,,,,,,,,,,,,,,"{""EB"": ""-"", ""Nome Evento"": ""ADIC. INSALUBRIDADE 07/2020 a 12/2020"", ""CodigoEvento"": ""1110"", ""OBSERVAÇÃO "": """", ""Analise Natureza"": ""OK"", ""Natureza E-social"": ""1202-Adicional de insalubridade""}",2026-03-27 16:02:12.212327
4909,11,359,1111,ADIC. INSALUBRIDADE 01/2021 a 08/2021,1202-Adicional de insalubridade,OK,-,"",,,,,,,,,,,,,,,,,,,,,,,,,,,,,,,,,,,,,,,,,,,,,,,,,"{""EB"": ""-"", ""Nome Evento"": ""ADIC. INSALUBRIDADE 01/2021 a 08/2021"", ""CodigoEvento"": ""1111"", ""OBSERVAÇÃO "": """", ""Analise Natureza"": ""OK"", ""Natureza E-social"": ""1202-Adicional de insalubridade""}",2026-03-27 16:02:12.212327
4910,11,360,1114,MULTA POR ATRASO DE SALARIO 2024,6129-Outras Indenizações,OK,Rubrica com inconsistência de IRRF,"",,,,,,,,,,,,,,,,,,,,,,,,,,,,,,,,,,,,,,,,,,,,,,,,,"{""EB"": ""Rubrica com inconsistência de IRRF"", ""Nome Evento"": ""MULTA POR ATRASO DE SALARIO 2024"", ""CodigoEvento"": ""1114"", ""OBSERVAÇÃO "": """", ""Analise Natureza"": ""OK"", ""Natureza E-social"": ""6129-Outras Indenizações""}",2026-03-27 16:02:12.212327
4911,11,361,1115,MULTA POR ATRASO DE SALARIO 2025,6129-Outras Indenizações,OK,Rubrica com inconsistência de IRRF,"",,,,,,,,,,,,,,,,,,,,,,,,,,,,,,,,,,,,,,,,,,,,,,,,,"{""EB"": ""Rubrica com inconsistência de IRRF"", ""Nome Evento"": ""MULTA POR ATRASO DE SALARIO 2025"", ""CodigoEvento"": ""1115"", ""OBSERVAÇÃO "": """", ""Analise Natureza"": ""OK"", ""Natureza E-social"": ""6129-Outras Indenizações""}",2026-03-27 16:02:12.212327
4912,11,362,1116,DESC. EMPRESTIMO ECONSIGNADO FGTS,9253-Empréstimos eConsignado - Desconto,OK,-,"",,,,,,,,,,,,,,,,,,,,,,,,,,,,,,,,,,,,,,,,,,,,,,,,,"{""EB"": ""-"", ""Nome Evento"": ""DESC. EMPRESTIMO ECONSIGNADO FGTS"", ""CodigoEvento"": ""1116"", ""OBSERVAÇÃO "": """", ""Analise Natureza"": ""OK"", ""Natureza E-social"": ""9253-Empréstimos eConsignado - Desconto""}",2026-03-27 16:02:12.212327
4913,11,363,9279,ASSISTENCIA MEDICA (INFORMATIIVO ESOCIAL),9911-Assistência Médica,OK,-,"",,,,,,,,,,,,,,,,,,,,,,,,,,,,,,,,,,,,,,,,,,,,,,,,,"{""EB"": ""-"", ""Nome Evento"": ""ASSISTENCIA MEDICA (INFORMATIIVO ESOCIAL)"", ""CodigoEvento"": ""9279"", ""OBSERVAÇÃO "": """", ""Analise Natureza"": ""OK"", ""Natureza E-social"": ""9911-Assistência Médica""}",2026-03-27 16:02:12.212327
4914,11,364,9281,ASSISTENCIA ODONTOLOGICA (INFORMATIIVO ESOCIAL),9911-Assistência Médica,OK,-,"",,,,,,,,,,,,,,,,,,,,,,,,,,,,,,,,,,,,,,,,,,,,,,,,,"{""EB"": ""-"", ""Nome Evento"": ""ASSISTENCIA ODONTOLOGICA (INFORMATIIVO ESOCIAL)"", ""CodigoEvento"": ""9281"", ""OBSERVAÇÃO "": """", ""Analise Natureza"": ""OK"", ""Natureza E-social"": ""9911-Assistência Médica""}",2026-03-27 16:02:12.212327
4915,11,365,243,REEMB. CONTRIB. SINDICAL,6129-Outras multas ou indenizações,OK,Rubrica com inconsistência de IRRF,Natureza da Rubrica sujerida 9232 - Contribuição sindical - Assistencial,,,,,,,,,,,,,,,,,,,,,,,,,,,,,,,,,,,,,,,,,,,,,,,,,"{""EB"": ""Rubrica com inconsistência de IRRF"", ""Nome Evento"": ""REEMB. CONTRIB. SINDICAL"", ""CodigoEvento"": ""243"", ""OBSERVAÇÃO "": ""Natureza da Rubrica sujerida 9232 - Contribuição sindical - Assistencial"", ""Analise Natureza"": ""OK"", ""Natureza E-social"": ""6129-Outras multas ou indenizações""}",2026-03-27 16:02:12.212327
4916,11,366,421,AJUDA DE CUSTO,1603-Ajuda de custo,OK,"Rubrica com inconsistência de INSS, IRRF e FGTS",Natureza no GI 1603 - ajusta por mim Adriana ,,,,,,,,,,,,,,,,,,,,,,,,,,,,,,,,,,,,,,,,,,,,,,,,,"{""EB"": ""Rubrica com inconsistência de INSS, IRRF e FGTS"", ""Nome Evento"": ""AJUDA DE CUSTO"", ""CodigoEvento"": ""421"", ""OBSERVAÇÃO "": ""Natureza no GI 1603 - ajusta por mim Adriana "", ""Analise Natureza"": ""OK"", ""Natureza E-social"": ""1603-Ajuda de custo""}",2026-03-27 16:02:12.212327
4917,11,367,509,DESC. DEV. HE/A.N./DSR - MES ANT,9299-Outros descontos,OK,-,"",,,,,,,,,,,,,,,,,,,,,,,,,,,,,,,,,,,,,,,,,,,,,,,,,"{""EB"": ""-"", ""Nome Evento"": ""DESC. DEV. HE/A.N./DSR - MES ANT"", ""CodigoEvento"": ""509"", ""OBSERVAÇÃO "": """", ""Analise Natureza"": ""OK"", ""Natureza E-social"": ""9299-Outros descontos""}",2026-03-27 16:02:12.212327
4918,11,368,512,DESC. FALTAS HORAS MES ANTERIOR,9209-Faltas ou atrasos,OK,-,Natureza da Rubrica sujerido - 9207 - Faltas,,,,,,,,,,,,,,,,,,,,,,,,,,,,,,,,,,,,,,,,,,,,,,,,,"{""EB"": ""-"", ""Nome Evento"": ""DESC. FALTAS HORAS MES ANTERIOR"", ""CodigoEvento"": ""512"", ""OBSERVAÇÃO "": ""Natureza da Rubrica sujerido - 9207 - Faltas"", ""Analise Natureza"": ""OK"", ""Natureza E-social"": ""9209-Faltas ou atrasos""}",2026-03-27 16:02:12.212327
4919,11,369,524,DESC. DIF. SALARIO,9299-Outros descontos,OK,Rubrica com inconsistência de INSS e IRRF,"",,,,,,,,,,,,,,,,,,,,,,,,,,,,,,,,,,,,,,,,,,,,,,,,,"{""EB"": ""Rubrica com inconsistência de INSS e IRRF"", ""Nome Evento"": ""DESC. DIF. SALARIO"", ""CodigoEvento"": ""524"", ""OBSERVAÇÃO "": """", ""Analise Natureza"": ""OK"", ""Natureza E-social"": ""9299-Outros descontos""}",2026-03-27 16:02:12.212327
4920,11,370,328,ADIANTAMENTO DE SALARIO,"",OK,Natureza da Rubrica sujerida - 5501 Adiantamento de salário,"",,,,,,,,,,,,,,,,,,,,,,,,,,,,,,,,,,,,,,,,,,,,,,,,,"{""EB"": ""Natureza da Rubrica sujerida - 5501 Adiantamento de salário"", ""Nome Evento"": ""ADIANTAMENTO DE SALARIO"", ""CodigoEvento"": ""328"", ""OBSERVAÇÃO "": """", ""Analise Natureza"": ""OK"", ""Natureza E-social"": """"}",2026-03-27 16:02:12.212327
4921,11,371,645,DESCONTO DE 2 VIA VT,"",OK,Natureza da Rubrica sujerida - 9299 - Outros Descontos ,"",,,,,,,,,,,,,,,,,,,,,,,,,,,,,,,,,,,,,,,,,,,,,,,,,"{""EB"": ""Natureza da Rubrica sujerida - 9299 - Outros Descontos "", ""Nome Evento"": ""DESCONTO DE 2 VIA VT"", ""CodigoEvento"": ""645"", ""OBSERVAÇÃO "": """", ""Analise Natureza"": ""OK"", ""Natureza E-social"": """"}",2026-03-27 16:02:12.212327
4922,11,372,685,DESC. ADIANTAMENTO DE SALARIO,"",OK,Natureza da Rubrica sujerida - 5501 Adiantamento de salário,"",,,,,,,,,,,,,,,,,,,,,,,,,,,,,,,,,,,,,,,,,,,,,,,,,"{""EB"": ""Natureza da Rubrica sujerida - 5501 Adiantamento de salário"", ""Nome Evento"": ""DESC. ADIANTAMENTO DE SALARIO"", ""CodigoEvento"": ""685"", ""OBSERVAÇÃO "": """", ""Analise Natureza"": ""OK"", ""Natureza E-social"": """"}",2026-03-27 16:02:12.212327
4923,11,373,526,DESC. PLR,9232-Contribuição sindical - Assistencial,OK,Rubrica com inconsistência de IRRF,"",,,,,,,,,,,,,,,,,,,,,,,,,,,,,,,,,,,,,,,,,,,,,,,,,"{""EB"": ""Rubrica com inconsistência de IRRF"", ""Nome Evento"": ""DESC. PLR"", ""CodigoEvento"": ""526"", ""OBSERVAÇÃO "": """", ""Analise Natureza"": ""OK"", ""Natureza E-social"": ""9232-Contribuição sindical - Assistencial""}",2026-03-27 16:02:12.212327
4924,11,374,692,DESC. 2 VIA CARTAO,"",OK,Natureza da Rubrica sujerida - 9299 - Outros Descontos ,"",,,,,,,,,,,,,,,,,,,,,,,,,,,,,,,,,,,,,,,,,,,,,,,,,"{""EB"": ""Natureza da Rubrica sujerida - 9299 - Outros Descontos "", ""Nome Evento"": ""DESC. 2 VIA CARTAO"", ""CodigoEvento"": ""692"", ""OBSERVAÇÃO "": """", ""Analise Natureza"": ""OK"", ""Natureza E-social"": """"}",2026-03-27 16:02:12.212327
4925,11,375,693,DESC. EMPRESTIMO FOLHA PGTO ANTERIOR,"",OK,"","",,,,,,,,,,,,,,,,,,,,,,,,,,,,,,,,,,,,,,,,,,,,,,,,,"{""EB"": """", ""Nome Evento"": ""DESC. EMPRESTIMO FOLHA PGTO ANTERIOR"", ""CodigoEvento"": ""693"", ""OBSERVAÇÃO "": """", ""Analise Natureza"": ""OK"", ""Natureza E-social"": """"}",2026-03-27 16:02:12.212327
4926,11,376,897,DESC. ANTECIPACAO VA E VR,"",OK,"Natureza da Rubrica sujerida - 1806-Alimentação em ticket ou cartão, vinculada ao PAT ","",,,,,,,,,,,,,,,,,,,,,,,,,,,,,,,,,,,,,,,,,,,,,,,,,"{""EB"": ""Natureza da Rubrica sujerida - 1806-Alimentação em ticket ou cartão, vinculada ao PAT "", ""Nome Evento"": ""DESC. ANTECIPACAO VA E VR"", ""CodigoEvento"": ""897"", ""OBSERVAÇÃO "": """", ""Analise Natureza"": ""OK"", ""Natureza E-social"": """"}",2026-03-27 16:02:12.212327
4927,11,377,994,PARCELAMENTO,"",OK,Natureza da Rubrica sujerida - 9989 Outros valores informativos,"",,,,,,,,,,,,,,,,,,,,,,,,,,,,,,,,,,,,,,,,,,,,,,,,,"{""EB"": ""Natureza da Rubrica sujerida - 9989 Outros valores informativos"", ""Nome Evento"": ""PARCELAMENTO"", ""CodigoEvento"": ""994"", ""OBSERVAÇÃO "": """", ""Analise Natureza"": ""OK"", ""Natureza E-social"": """"}",2026-03-27 16:02:12.212327
4928,11,378,500,DESC. FALTAS (DIAS),9207-Faltas,OK,-,Natureza da Rubrica sujerida - 9207 - Faltas ,,,,,,,,,,,,,,,,,,,,,,,,,,,,,,,,,,,,,,,,,,,,,,,,,"{""EB"": ""-"", ""Nome Evento"": ""DESC. FALTAS (DIAS)"", ""CodigoEvento"": ""500"", ""OBSERVAÇÃO "": ""Natureza da Rubrica sujerida - 9207 - Faltas "", ""Analise Natureza"": ""OK"", ""Natureza E-social"": ""9207-Faltas""}",2026-03-27 16:02:12.212327
4929,11,379,13,REEMB. VALE TRANSPORTE,1810-Transporte,OK,Rubrica com inconsistência de IRRF,Natureza da Rubrica sugerida - 1810 Transporte,,,,,,,,,,,,,,,,,,,,,,,,,,,,,,,,,,,,,,,,,,,,,,,,,"{""EB"": ""Rubrica com inconsistência de IRRF"", ""Nome Evento"": ""REEMB. VALE TRANSPORTE"", ""CodigoEvento"": ""13"", ""OBSERVAÇÃO "": ""Natureza da Rubrica sugerida - 1810 Transporte"", ""Analise Natureza"": ""OK"", ""Natureza E-social"": ""1810-Transporte""}",2026-03-27 16:02:12.212327
4930,11,380,265,REEMB. EMPRESTIMO CONSIGNADO,6129-Outras multas ou indenizações,OK,-,"",,,,,,,,,,,,,,,,,,,,,,,,,,,,,,,,,,,,,,,,,,,,,,,,,"{""EB"": ""-"", ""Nome Evento"": ""REEMB. EMPRESTIMO CONSIGNADO"", ""CodigoEvento"": ""265"", ""OBSERVAÇÃO "": """", ""Analise Natureza"": ""OK"", ""Natureza E-social"": ""6129-Outras multas ou indenizações""}",2026-03-27 16:02:12.212327
4931,11,381,748,DESC. JUDICIAL - 2,9299-Outros descontos,OK,Rubrica com inconsistência de IRRF,"",,,,,,,,,,,,,,,,,,,,,,,,,,,,,,,,,,,,,,,,,,,,,,,,,"{""EB"": ""Rubrica com inconsistência de IRRF"", ""Nome Evento"": ""DESC. JUDICIAL - 2"", ""CodigoEvento"": ""748"", ""OBSERVAÇÃO "": """", ""Analise Natureza"": ""OK"", ""Natureza E-social"": ""9299-Outros descontos""}",2026-03-27 16:02:12.212327
4932,11,382,342,DIF. CESTA BASICA CCT,"9243-Cesta básica ou refeição, vinculada ao PAT - Desconto",OK,Rubrica com inconsistência de IRRF,"Natureza da Rubrica sujerida - 1808 Ressarcimento de despesas de viagem, exceto despesas com veículos ",,,,,,,,,,,,,,,,,,,,,,,,,,,,,,,,,,,,,,,,,,,,,,,,,"{""EB"": ""Rubrica com inconsistência de IRRF"", ""Nome Evento"": ""DIF. CESTA BASICA CCT"", ""CodigoEvento"": ""342"", ""OBSERVAÇÃO "": ""Natureza da Rubrica sujerida - 1808 Ressarcimento de despesas de viagem, exceto despesas com veículos "", ""Analise Natureza"": ""OK"", ""Natureza E-social"": ""9243-Cesta básica ou refeição, vinculada ao PAT - Desconto""}",2026-03-27 16:02:12.212327
4933,11,383,403,COMPLEMENTO FERIAS (DISSIDIO),1016-Férias,OK,-,1020 - Natureza da Rubrica encerrada em 30/04/2023 - Natureza da Rubrica sujerida 1016 - Férias ,,,,,,,,,,,,,,,,,,,,,,,,,,,,,,,,,,,,,,,,,,,,,,,,,"{""EB"": ""-"", ""Nome Evento"": ""COMPLEMENTO FERIAS (DISSIDIO)"", ""CodigoEvento"": ""403"", ""OBSERVAÇÃO "": ""1020 - Natureza da Rubrica encerrada em 30/04/2023 - Natureza da Rubrica sujerida 1016 - Férias "", ""Analise Natureza"": ""OK"", ""Natureza E-social"": ""1016-Férias""}",2026-03-27 16:02:12.212327
4934,11,384,405,MEDIAS FERIAS (Ferias),1016-Férias,OK,-,1020 - Natureza da Rubrica encerrada em 30/04/2023 - Natureza da Rubrica sujerida 1016 - Férias ,,,,,,,,,,,,,,,,,,,,,,,,,,,,,,,,,,,,,,,,,,,,,,,,,"{""EB"": ""-"", ""Nome Evento"": ""MEDIAS FERIAS (Ferias)"", ""CodigoEvento"": ""405"", ""OBSERVAÇÃO "": ""1020 - Natureza da Rubrica encerrada em 30/04/2023 - Natureza da Rubrica sujerida 1016 - Férias "", ""Analise Natureza"": ""OK"", ""Natureza E-social"": ""1016-Férias""}",2026-03-27 16:02:12.212327
4935,11,385,407,MEDIAS FERIAS S/ABONO (Ferias),1023-Férias - Abono pecuniário,OK,Rubrica com inconsistência de IRRF,Natureza da Rubrica sujerida 1019 - Terço constitucional de férias - Abono ou gratificação de férias superior a 20 dias,,,,,,,,,,,,,,,,,,,,,,,,,,,,,,,,,,,,,,,,,,,,,,,,,"{""EB"": ""Rubrica com inconsistência de IRRF"", ""Nome Evento"": ""MEDIAS FERIAS S/ABONO (Ferias)"", ""CodigoEvento"": ""407"", ""OBSERVAÇÃO "": ""Natureza da Rubrica sujerida 1019 - Terço constitucional de férias - Abono ou gratificação de férias superior a 20 dias"", ""Analise Natureza"": ""OK"", ""Natureza E-social"": ""1023-Férias - Abono pecuniário""}",2026-03-27 16:02:12.212327
4936,11,386,408,1/3 MEDIAS FERIAS S/ABONO (Ferias),1023-Férias - Abono pecuniário,OK,Rubrica com inconsistência de IRRF,Natureza da Rubrica sujerida 1019 - Terço constitucional de férias - Abono ou gratificação de férias superior a 20 dias,,,,,,,,,,,,,,,,,,,,,,,,,,,,,,,,,,,,,,,,,,,,,,,,,"{""EB"": ""Rubrica com inconsistência de IRRF"", ""Nome Evento"": ""1/3 MEDIAS FERIAS S/ABONO (Ferias)"", ""CodigoEvento"": ""408"", ""OBSERVAÇÃO "": ""Natureza da Rubrica sujerida 1019 - Terço constitucional de férias - Abono ou gratificação de férias superior a 20 dias"", ""Analise Natureza"": ""OK"", ""Natureza E-social"": ""1023-Férias - Abono pecuniário""}",2026-03-27 16:02:12.212327
4937,11,387,503,DESC. D.S.R. S/FALTAS (DIAS),9211-DSR sobre faltas,OK,-,Natureza da Rubrica sujerida - 9211 DSR sobre faltas,,,,,,,,,,,,,,,,,,,,,,,,,,,,,,,,,,,,,,,,,,,,,,,,,"{""EB"": ""-"", ""Nome Evento"": ""DESC. D.S.R. S/FALTAS (DIAS)"", ""CodigoEvento"": ""503"", ""OBSERVAÇÃO "": ""Natureza da Rubrica sujerida - 9211 DSR sobre faltas"", ""Analise Natureza"": ""OK"", ""Natureza E-social"": ""9211-DSR sobre faltas""}",2026-03-27 16:02:12.212327
4938,11,388,504,DESC. D.S.R. S/FALTAS (HORAS),9210-DSR s/faltas e atrasos,OK,-,Natureza da Rubrica sujerida - 9211 DSR sobre faltas,,,,,,,,,,,,,,,,,,,,,,,,,,,,,,,,,,,,,,,,,,,,,,,,,"{""EB"": ""-"", ""Nome Evento"": ""DESC. D.S.R. S/FALTAS (HORAS)"", ""CodigoEvento"": ""504"", ""OBSERVAÇÃO "": ""Natureza da Rubrica sujerida - 9211 DSR sobre faltas"", ""Analise Natureza"": ""OK"", ""Natureza E-social"": ""9210-DSR s/faltas e atrasos""}",2026-03-27 16:02:12.212327
4939,11,389,516,DESC. ASSIST. ODONTOLOGICA DEPENDENTE,9219-Desconto de assistência médica ou odontológica,OK,-,"Natureza da Rubrica sujerida - 9911 Valor não relativo a vencimento ou desconto, relativo à assistência prestada por serviço médico ou odontológico, próprio da empresa ou por ela conveniado, como benefício ao trabalhador",,,,,,,,,,,,,,,,,,,,,,,,,,,,,,,,,,,,,,,,,,,,,,,,,"{""EB"": ""-"", ""Nome Evento"": ""DESC. ASSIST. ODONTOLOGICA DEPENDENTE"", ""CodigoEvento"": ""516"", ""OBSERVAÇÃO "": ""Natureza da Rubrica sujerida - 9911 Valor não relativo a vencimento ou desconto, relativo à assistência prestada por serviço médico ou odontológico, próprio da empresa ou por ela conveniado, como benefício ao trabalhador"", ""Analise Natureza"": ""OK"", ""Natureza E-social"": ""9219-Desconto de assistência médica ou odontológica""}",2026-03-27 16:02:12.212327
4940,11,390,522,DESC. CO PARTICIPACAO A.M.,9219-Desconto de assistência médica ou odontológica,OK,Rubrica com inconsistência de IRRF,"Natureza da Rubrica sujerida - 9911 Valor não relativo a vencimento ou desconto, relativo à assistência prestada por serviço médico ou odontológico, próprio da empresa ou por ela conveniado, como benefício ao trabalhador",,,,,,,,,,,,,,,,,,,,,,,,,,,,,,,,,,,,,,,,,,,,,,,,,"{""EB"": ""Rubrica com inconsistência de IRRF"", ""Nome Evento"": ""DESC. CO PARTICIPACAO A.M."", ""CodigoEvento"": ""522"", ""OBSERVAÇÃO "": ""Natureza da Rubrica sujerida - 9911 Valor não relativo a vencimento ou desconto, relativo à assistência prestada por serviço médico ou odontológico, próprio da empresa ou por ela conveniado, como benefício ao trabalhador"", ""Analise Natureza"": ""OK"", ""Natureza E-social"": ""9219-Desconto de assistência médica ou odontológica""}",2026-03-27 16:02:12.212327
4941,11,391,501,DESC. FALTAS (HORAS),9209-Faltas ou atrasos,OK,-,Natureza da Rubrica sujerida - 9207 - Faltas ,,,,,,,,,,,,,,,,,,,,,,,,,,,,,,,,,,,,,,,,,,,,,,,,,"{""EB"": ""-"", ""Nome Evento"": ""DESC. FALTAS (HORAS)"", ""CodigoEvento"": ""501"", ""OBSERVAÇÃO "": ""Natureza da Rubrica sujerida - 9207 - Faltas "", ""Analise Natureza"": ""OK"", ""Natureza E-social"": ""9209-Faltas ou atrasos""}",2026-03-27 16:02:12.212327
4942,11,392,537,DESC. ASSIST. MEDICA,9219-Desconto de assistência médica ou odontológica,OK,Rubrica com inconsistência de IRRF,"Natureza da Rubrica sujerida - 9911 Valor não relativo a vencimento ou desconto, relativo à assistência prestada por serviço médico ou odontológico, próprio da empresa ou por ela conveniado, como benefício ao trabalhador",,,,,,,,,,,,,,,,,,,,,,,,,,,,,,,,,,,,,,,,,,,,,,,,,"{""EB"": ""Rubrica com inconsistência de IRRF"", ""Nome Evento"": ""DESC. ASSIST. MEDICA"", ""CodigoEvento"": ""537"", ""OBSERVAÇÃO "": ""Natureza da Rubrica sujerida - 9911 Valor não relativo a vencimento ou desconto, relativo à assistência prestada por serviço médico ou odontológico, próprio da empresa ou por ela conveniado, como benefício ao trabalhador"", ""Analise Natureza"": ""OK"", ""Natureza E-social"": ""9219-Desconto de assistência médica ou odontológica""}",2026-03-27 16:02:12.212327
4943,11,393,605,DESC. ASSIST. ODONTO. DEPENDENTE,9219-Desconto de assistência médica ou odontológica,OK,Rubrica com inconsistência de IRRF,"Natureza da Rubrica sujerida - 9911 Valor não relativo a vencimento ou desconto, relativo à assistência prestada por serviço médico ou odontológico, próprio da empresa ou por ela conveniado, como benefício ao trabalhador",,,,,,,,,,,,,,,,,,,,,,,,,,,,,,,,,,,,,,,,,,,,,,,,,"{""EB"": ""Rubrica com inconsistência de IRRF"", ""Nome Evento"": ""DESC. ASSIST. ODONTO. DEPENDENTE"", ""CodigoEvento"": ""605"", ""OBSERVAÇÃO "": ""Natureza da Rubrica sujerida - 9911 Valor não relativo a vencimento ou desconto, relativo à assistência prestada por serviço médico ou odontológico, próprio da empresa ou por ela conveniado, como benefício ao trabalhador"", ""Analise Natureza"": ""OK"", ""Natureza E-social"": ""9219-Desconto de assistência médica ou odontológica""}",2026-03-27 16:02:12.212327
4944,11,394,606,DESC. ASSIST. ODONTO. DEPENDENTE,9219-Desconto de assistência médica ou odontológica,OK,-,"Natureza da Rubrica sujerida - 9911 Valor não relativo a vencimento ou desconto, relativo à assistência prestada por serviço médico ou odontológico, próprio da empresa ou por ela conveniado, como benefício ao trabalhador",,,,,,,,,,,,,,,,,,,,,,,,,,,,,,,,,,,,,,,,,,,,,,,,,"{""EB"": ""-"", ""Nome Evento"": ""DESC. ASSIST. ODONTO. DEPENDENTE"", ""CodigoEvento"": ""606"", ""OBSERVAÇÃO "": ""Natureza da Rubrica sujerida - 9911 Valor não relativo a vencimento ou desconto, relativo à assistência prestada por serviço médico ou odontológico, próprio da empresa ou por ela conveniado, como benefício ao trabalhador"", ""Analise Natureza"": ""OK"", ""Natureza E-social"": ""9219-Desconto de assistência médica ou odontológica""}",2026-03-27 16:02:12.212327
4958,11,408,776,DESC. VALE ALIMENTACAO,"9241-Alimentação em ticket ou cartão, vinculada ao PAT - Desconto",OK,-,"Natureza da Rubrica sujerida - 9241 Alimentação em ticket ou cartão, vinculada ao PAT - Desconto",,,,,,,,,,,,,,,,,,,,,,,,,,,,,,,,,,,,,,,,,,,,,,,,,"{""EB"": ""-"", ""Nome Evento"": ""DESC. VALE ALIMENTACAO"", ""CodigoEvento"": ""776"", ""OBSERVAÇÃO "": ""Natureza da Rubrica sujerida - 9241 Alimentação em ticket ou cartão, vinculada ao PAT - Desconto"", ""Analise Natureza"": ""OK"", ""Natureza E-social"": ""9241-Alimentação em ticket ou cartão, vinculada ao PAT - Desconto""}",2026-03-27 16:02:12.212327
4945,11,395,619,DESC. ASS. MÉDICA DEP.,9219-Desconto de assistência médica ou odontológica,OK,Rubrica com inconsistência de IRRF,"Natureza da Rubrica sujerida - 9911 Valor não relativo a vencimento ou desconto, relativo à assistência prestada por serviço médico ou odontológico, próprio da empresa ou por ela conveniado, como benefício ao trabalhador",,,,,,,,,,,,,,,,,,,,,,,,,,,,,,,,,,,,,,,,,,,,,,,,,"{""EB"": ""Rubrica com inconsistência de IRRF"", ""Nome Evento"": ""DESC. ASS. MÉDICA DEP."", ""CodigoEvento"": ""619"", ""OBSERVAÇÃO "": ""Natureza da Rubrica sujerida - 9911 Valor não relativo a vencimento ou desconto, relativo à assistência prestada por serviço médico ou odontológico, próprio da empresa ou por ela conveniado, como benefício ao trabalhador"", ""Analise Natureza"": ""OK"", ""Natureza E-social"": ""9219-Desconto de assistência médica ou odontológica""}",2026-03-27 16:02:12.212327
4946,11,396,631,DESC. ASSIST. ODONT. SINTACLUNS,9219-Desconto de assistência médica ou odontológica,OK,Rubrica com inconsistência de IRRF,"Natureza da Rubrica sujerida - 9911 Valor não relativo a vencimento ou desconto, relativo à assistência prestada por serviço médico ou odontológico, próprio da empresa ou por ela conveniado, como benefício ao trabalhador",,,,,,,,,,,,,,,,,,,,,,,,,,,,,,,,,,,,,,,,,,,,,,,,,"{""EB"": ""Rubrica com inconsistência de IRRF"", ""Nome Evento"": ""DESC. ASSIST. ODONT. SINTACLUNS"", ""CodigoEvento"": ""631"", ""OBSERVAÇÃO "": ""Natureza da Rubrica sujerida - 9911 Valor não relativo a vencimento ou desconto, relativo à assistência prestada por serviço médico ou odontológico, próprio da empresa ou por ela conveniado, como benefício ao trabalhador"", ""Analise Natureza"": ""OK"", ""Natureza E-social"": ""9219-Desconto de assistência médica ou odontológica""}",2026-03-27 16:02:12.212327
4947,11,397,638,DESC. ASSIST. ODONT. DEP. SINTACLUNS,9219-Desconto de assistência médica ou odontológica,OK,Rubrica com inconsistência de IRRF,"Natureza da Rubrica sujerida - 9911 Valor não relativo a vencimento ou desconto, relativo à assistência prestada por serviço médico ou odontológico, próprio da empresa ou por ela conveniado, como benefício ao trabalhador",,,,,,,,,,,,,,,,,,,,,,,,,,,,,,,,,,,,,,,,,,,,,,,,,"{""EB"": ""Rubrica com inconsistência de IRRF"", ""Nome Evento"": ""DESC. ASSIST. ODONT. DEP. SINTACLUNS"", ""CodigoEvento"": ""638"", ""OBSERVAÇÃO "": ""Natureza da Rubrica sujerida - 9911 Valor não relativo a vencimento ou desconto, relativo à assistência prestada por serviço médico ou odontológico, próprio da empresa ou por ela conveniado, como benefício ao trabalhador"", ""Analise Natureza"": ""OK"", ""Natureza E-social"": ""9219-Desconto de assistência médica ou odontológica""}",2026-03-27 16:02:12.212327
4948,11,398,752,DIF. 1/3 DAS FERIAS,1016-Férias,OK,Rubrica com inconsistência de IRRF,Natureza da Rubrica sujerida 1017  - Terço constitucional de férias ,,,,,,,,,,,,,,,,,,,,,,,,,,,,,,,,,,,,,,,,,,,,,,,,,"{""EB"": ""Rubrica com inconsistência de IRRF"", ""Nome Evento"": ""DIF. 1/3 DAS FERIAS"", ""CodigoEvento"": ""752"", ""OBSERVAÇÃO "": ""Natureza da Rubrica sujerida 1017  - Terço constitucional de férias "", ""Analise Natureza"": ""OK"", ""Natureza E-social"": ""1016-Férias""}",2026-03-27 16:02:12.212327
4949,11,399,404,DIF. FERIAS,1016-Férias,OK,-,1020 - Natureza da Rubrica encerrada em 30/04/2023 - Natureza da Rubrica sujerida 1016 - Férias ,,,,,,,,,,,,,,,,,,,,,,,,,,,,,,,,,,,,,,,,,,,,,,,,,"{""EB"": ""-"", ""Nome Evento"": ""DIF. FERIAS"", ""CodigoEvento"": ""404"", ""OBSERVAÇÃO "": ""1020 - Natureza da Rubrica encerrada em 30/04/2023 - Natureza da Rubrica sujerida 1016 - Férias "", ""Analise Natureza"": ""OK"", ""Natureza E-social"": ""1016-Férias""}",2026-03-27 16:02:12.212327
4950,11,400,428,REEMBOLSO DESC. INDEVIDO,1629-Ressarcimento de outras despesas,OK,"Rubrica com inconsistência de INSS, IRRF e FGTS",Natureza da Rubrica 1299 foi encerrada em 30.04.2023 - Natureza sujerida 1629 - Ressarcimento de outras despesas,,,,,,,,,,,,,,,,,,,,,,,,,,,,,,,,,,,,,,,,,,,,,,,,,"{""EB"": ""Rubrica com inconsistência de INSS, IRRF e FGTS"", ""Nome Evento"": ""REEMBOLSO DESC. INDEVIDO"", ""CodigoEvento"": ""428"", ""OBSERVAÇÃO "": ""Natureza da Rubrica 1299 foi encerrada em 30.04.2023 - Natureza sujerida 1629 - Ressarcimento de outras despesas"", ""Analise Natureza"": ""OK"", ""Natureza E-social"": ""1629-Ressarcimento de outras despesas""}",2026-03-27 16:02:12.212327
4951,11,401,430,DEVOLUCAO DESC. VT,1629-Ressarcimento de outras despesas,OK,Rubrica com inconsistência de IRRF,Natureza da Rubrica - 1806 - Transporte ,,,,,,,,,,,,,,,,,,,,,,,,,,,,,,,,,,,,,,,,,,,,,,,,,"{""EB"": ""Rubrica com inconsistência de IRRF"", ""Nome Evento"": ""DEVOLUCAO DESC. VT"", ""CodigoEvento"": ""430"", ""OBSERVAÇÃO "": ""Natureza da Rubrica - 1806 - Transporte "", ""Analise Natureza"": ""OK"", ""Natureza E-social"": ""1629-Ressarcimento de outras despesas""}",2026-03-27 16:02:12.212327
4952,11,402,899,DESC. PAGTO. INDEVIDO,9299-Outros descontos,OK,-,"",,,,,,,,,,,,,,,,,,,,,,,,,,,,,,,,,,,,,,,,,,,,,,,,,"{""EB"": ""-"", ""Nome Evento"": ""DESC. PAGTO. INDEVIDO"", ""CodigoEvento"": ""899"", ""OBSERVAÇÃO "": """", ""Analise Natureza"": ""OK"", ""Natureza E-social"": ""9299-Outros descontos""}",2026-03-27 16:02:12.212327
4953,11,403,861,DESC. D.S.R. S/FALTAS (HORAS) MÊS ANTERIOR,9210-DSR s/faltas e atrasos,OK,-,Natureza da Rubrica sujerida - 9211 DSR sobre faltas,,,,,,,,,,,,,,,,,,,,,,,,,,,,,,,,,,,,,,,,,,,,,,,,,"{""EB"": ""-"", ""Nome Evento"": ""DESC. D.S.R. S/FALTAS (HORAS) MÊS ANTERIOR"", ""CodigoEvento"": ""861"", ""OBSERVAÇÃO "": ""Natureza da Rubrica sujerida - 9211 DSR sobre faltas"", ""Analise Natureza"": ""OK"", ""Natureza E-social"": ""9210-DSR s/faltas e atrasos""}",2026-03-27 16:02:12.212327
4954,11,404,621,DESC. BB DETAL,9219-Desconto de assistência médica ou odontológica,OK,Rubrica com inconsistência de IRRF,"Natureza da Rubrica sujerida - 9911 Valor não relativo a vencimento ou desconto, relativo à assistência prestada por serviço médico ou odontológico, próprio da empresa ou por ela conveniado, como benefício ao trabalhador",,,,,,,,,,,,,,,,,,,,,,,,,,,,,,,,,,,,,,,,,,,,,,,,,"{""EB"": ""Rubrica com inconsistência de IRRF"", ""Nome Evento"": ""DESC. BB DETAL"", ""CodigoEvento"": ""621"", ""OBSERVAÇÃO "": ""Natureza da Rubrica sujerida - 9911 Valor não relativo a vencimento ou desconto, relativo à assistência prestada por serviço médico ou odontológico, próprio da empresa ou por ela conveniado, como benefício ao trabalhador"", ""Analise Natureza"": ""OK"", ""Natureza E-social"": ""9219-Desconto de assistência médica ou odontológica""}",2026-03-27 16:02:12.212327
4955,11,405,664,DESC. VALE ALIMENTACAO MES ANTERIOR,"9241-Alimentação em ticket ou cartão, vinculada ao PAT - Desconto",OK,-,"Natureza da Rubrica sujerida - 9241 Alimentação em ticket ou cartão, vinculada ao PAT - Desconto",,,,,,,,,,,,,,,,,,,,,,,,,,,,,,,,,,,,,,,,,,,,,,,,,"{""EB"": ""-"", ""Nome Evento"": ""DESC. VALE ALIMENTACAO MES ANTERIOR"", ""CodigoEvento"": ""664"", ""OBSERVAÇÃO "": ""Natureza da Rubrica sujerida - 9241 Alimentação em ticket ou cartão, vinculada ao PAT - Desconto"", ""Analise Natureza"": ""OK"", ""Natureza E-social"": ""9241-Alimentação em ticket ou cartão, vinculada ao PAT - Desconto""}",2026-03-27 16:02:12.212327
4956,11,406,757,DESC. CONTRIB. DE NATUREZA PREVIDENCIARIA,9232-Contribuição sindical - Assistencial,OK,-,"",,,,,,,,,,,,,,,,,,,,,,,,,,,,,,,,,,,,,,,,,,,,,,,,,"{""EB"": ""-"", ""Nome Evento"": ""DESC. CONTRIB. DE NATUREZA PREVIDENCIARIA"", ""CodigoEvento"": ""757"", ""OBSERVAÇÃO "": """", ""Analise Natureza"": ""OK"", ""Natureza E-social"": ""9232-Contribuição sindical - Assistencial""}",2026-03-27 16:02:12.212327
4957,11,407,767,DESC. PAGTO. SALARIO INDEV.,9299-Outros descontos,OK,-,"",,,,,,,,,,,,,,,,,,,,,,,,,,,,,,,,,,,,,,,,,,,,,,,,,"{""EB"": ""-"", ""Nome Evento"": ""DESC. PAGTO. SALARIO INDEV."", ""CodigoEvento"": ""767"", ""OBSERVAÇÃO "": """", ""Analise Natureza"": ""OK"", ""Natureza E-social"": ""9299-Outros descontos""}",2026-03-27 16:02:12.212327
4959,11,409,146,DEV. D.S.R. S/FALTAS (DIAS),1002-Descanso semanal remunerado - DSR,OK,-,"Natureza da Rubrica sugerida 1020, pois o 1002  foi inativado em 30.04.2024 ",,,,,,,,,,,,,,,,,,,,,,,,,,,,,,,,,,,,,,,,,,,,,,,,,"{""EB"": ""-"", ""Nome Evento"": ""DEV. D.S.R. S/FALTAS (DIAS)"", ""CodigoEvento"": ""146"", ""OBSERVAÇÃO "": ""Natureza da Rubrica sugerida 1020, pois o 1002  foi inativado em 30.04.2024 "", ""Analise Natureza"": ""OK"", ""Natureza E-social"": ""1002-Descanso semanal remunerado - DSR""}",2026-03-27 16:02:12.212327
4960,11,410,869,REEMBOLSO DESC. INDEVIDO,1629-Ressarcimento de outras despesas,OK,"Rubrica com inconsistência de INSS, IRRF e FGTS",Natureza da Rubrica 1299 foi encerrada em 30.04.2023 - Natureza sujerida 1629 - Ressarcimento de outras despesas,,,,,,,,,,,,,,,,,,,,,,,,,,,,,,,,,,,,,,,,,,,,,,,,,"{""EB"": ""Rubrica com inconsistência de INSS, IRRF e FGTS"", ""Nome Evento"": ""REEMBOLSO DESC. INDEVIDO"", ""CodigoEvento"": ""869"", ""OBSERVAÇÃO "": ""Natureza da Rubrica 1299 foi encerrada em 30.04.2023 - Natureza sujerida 1629 - Ressarcimento de outras despesas"", ""Analise Natureza"": ""OK"", ""Natureza E-social"": ""1629-Ressarcimento de outras despesas""}",2026-03-27 16:02:12.212327
4961,11,411,35,DIF. D.S.R.,1002-Descanso semanal remunerado - DSR,OK,-,"Natureza da Rubrica sugerida 1020, pois o 1002  foi inativado em 30.04.2024  - Verificar também o tipo de rendimentos no GI ",,,,,,,,,,,,,,,,,,,,,,,,,,,,,,,,,,,,,,,,,,,,,,,,,"{""EB"": ""-"", ""Nome Evento"": ""DIF. D.S.R."", ""CodigoEvento"": ""35"", ""OBSERVAÇÃO "": ""Natureza da Rubrica sugerida 1020, pois o 1002  foi inativado em 30.04.2024  - Verificar também o tipo de rendimentos no GI "", ""Analise Natureza"": ""OK"", ""Natureza E-social"": ""1002-Descanso semanal remunerado - DSR""}",2026-03-27 16:02:12.212327
4962,11,412,136,D.S.R. S/ADICIONAL,1002-Descanso semanal remunerado - DSR,OK,-,"Natureza da Rubrica sugerida 1020, pois o 1002  foi inativado em 30.04.2024 ",,,,,,,,,,,,,,,,,,,,,,,,,,,,,,,,,,,,,,,,,,,,,,,,,"{""EB"": ""-"", ""Nome Evento"": ""D.S.R. S/ADICIONAL"", ""CodigoEvento"": ""136"", ""OBSERVAÇÃO "": ""Natureza da Rubrica sugerida 1020, pois o 1002  foi inativado em 30.04.2024 "", ""Analise Natureza"": ""OK"", ""Natureza E-social"": ""1002-Descanso semanal remunerado - DSR""}",2026-03-27 16:02:12.212327
4963,11,413,159,D.S.R. S/ADICIONAL,1002-Descanso semanal remunerado - DSR,OK,-,"Natureza da Rubrica sugerida 1020, pois o 1002  foi inativado em 30.04.2024  - Verificar também o tipo de rendimentos no GI ",,,,,,,,,,,,,,,,,,,,,,,,,,,,,,,,,,,,,,,,,,,,,,,,,"{""EB"": ""-"", ""Nome Evento"": ""D.S.R. S/ADICIONAL"", ""CodigoEvento"": ""159"", ""OBSERVAÇÃO "": ""Natureza da Rubrica sugerida 1020, pois o 1002  foi inativado em 30.04.2024  - Verificar também o tipo de rendimentos no GI "", ""Analise Natureza"": ""OK"", ""Natureza E-social"": ""1002-Descanso semanal remunerado - DSR""}",2026-03-27 16:02:12.212327
4964,11,414,160,D.S.R. S/HORA EXTRA,1002-Descanso semanal remunerado - DSR,OK,-,"Natureza da Rubrica sugerida 1020, pois o 1002  foi inativado em 30.04.2024  - Verificar também o tipo de rendimentos no GI ",,,,,,,,,,,,,,,,,,,,,,,,,,,,,,,,,,,,,,,,,,,,,,,,,"{""EB"": ""-"", ""Nome Evento"": ""D.S.R. S/HORA EXTRA"", ""CodigoEvento"": ""160"", ""OBSERVAÇÃO "": ""Natureza da Rubrica sugerida 1020, pois o 1002  foi inativado em 30.04.2024  - Verificar também o tipo de rendimentos no GI "", ""Analise Natureza"": ""OK"", ""Natureza E-social"": ""1002-Descanso semanal remunerado - DSR""}",2026-03-27 16:02:12.212327
4965,11,415,163,D.S.R. S/FERIADO - HS,1012-Descanso semanal remunerado - DSR e feriado,OK,-,"Natureza da Rubrica sugerida 1020, pois o 1002  foi inativado em 30.04.2024 ",,,,,,,,,,,,,,,,,,,,,,,,,,,,,,,,,,,,,,,,,,,,,,,,,"{""EB"": ""-"", ""Nome Evento"": ""D.S.R. S/FERIADO - HS"", ""CodigoEvento"": ""163"", ""OBSERVAÇÃO "": ""Natureza da Rubrica sugerida 1020, pois o 1002  foi inativado em 30.04.2024 "", ""Analise Natureza"": ""OK"", ""Natureza E-social"": ""1012-Descanso semanal remunerado - DSR e feriado""}",2026-03-27 16:02:12.212327
4966,11,416,170,D.S.R. S/COMISSAO,1012-Descanso semanal remunerado - DSR e feriado,OK,-,"Natureza da Rubrica sugerida 1020, pois o 1002  foi inativado em 30.04.2024  - Verificar também o tipo de rendimentos no GI ",,,,,,,,,,,,,,,,,,,,,,,,,,,,,,,,,,,,,,,,,,,,,,,,,"{""EB"": ""-"", ""Nome Evento"": ""D.S.R. S/COMISSAO"", ""CodigoEvento"": ""170"", ""OBSERVAÇÃO "": ""Natureza da Rubrica sugerida 1020, pois o 1002  foi inativado em 30.04.2024  - Verificar também o tipo de rendimentos no GI "", ""Analise Natureza"": ""OK"", ""Natureza E-social"": ""1012-Descanso semanal remunerado - DSR e feriado""}",2026-03-27 16:02:12.212327
4967,11,417,234,REEMB. EXAMES MÉDICOS,6129-Outras multas ou indenizações,OK,"Rubrica com inconsistência de INSS, IRRF e FGTS",Natureza da Rubrica 1299 foi encerrada em 30.04.2023 - Natureza sujerida 1629 - Ressarcimento de outras despesas,,,,,,,,,,,,,,,,,,,,,,,,,,,,,,,,,,,,,,,,,,,,,,,,,"{""EB"": ""Rubrica com inconsistência de INSS, IRRF e FGTS"", ""Nome Evento"": ""REEMB. EXAMES MÉDICOS"", ""CodigoEvento"": ""234"", ""OBSERVAÇÃO "": ""Natureza da Rubrica 1299 foi encerrada em 30.04.2023 - Natureza sujerida 1629 - Ressarcimento de outras despesas"", ""Analise Natureza"": ""OK"", ""Natureza E-social"": ""6129-Outras multas ou indenizações""}",2026-03-27 16:02:12.212327
4968,11,418,320,SOBRE AVISO,1011-Sobreaviso e prontidão,OK,-,Natureza da Rubrica sugerida 1011 - Sobreaviso e prontidão,,,,,,,,,,,,,,,,,,,,,,,,,,,,,,,,,,,,,,,,,,,,,,,,,"{""EB"": ""-"", ""Nome Evento"": ""SOBRE AVISO"", ""CodigoEvento"": ""320"", ""OBSERVAÇÃO "": ""Natureza da Rubrica sugerida 1011 - Sobreaviso e prontidão"", ""Analise Natureza"": ""OK"", ""Natureza E-social"": ""1011-Sobreaviso e prontidão""}",2026-03-27 16:02:12.212327
4969,11,419,577,DESC. VA NAO UTILIZADO MES ANTERIOR,9299-Outros descontos,OK,-,"Natureza da Rubrica sujerida - 9241 Alimentação em ticket ou cartão, vinculada ao PAT - Desconto",,,,,,,,,,,,,,,,,,,,,,,,,,,,,,,,,,,,,,,,,,,,,,,,,"{""EB"": ""-"", ""Nome Evento"": ""DESC. VA NAO UTILIZADO MES ANTERIOR"", ""CodigoEvento"": ""577"", ""OBSERVAÇÃO "": ""Natureza da Rubrica sujerida - 9241 Alimentação em ticket ou cartão, vinculada ao PAT - Desconto"", ""Analise Natureza"": ""OK"", ""Natureza E-social"": ""9299-Outros descontos""}",2026-03-27 16:02:12.212327
4970,11,420,560,DESC. FERIAS PAGAS,9221-Desconto de férias,OK,-,Natureza de Rubrica sujerida - 9221 Desconto de férias ,,,,,,,,,,,,,,,,,,,,,,,,,,,,,,,,,,,,,,,,,,,,,,,,,"{""EB"": ""-"", ""Nome Evento"": ""DESC. FERIAS PAGAS"", ""CodigoEvento"": ""560"", ""OBSERVAÇÃO "": ""Natureza de Rubrica sujerida - 9221 Desconto de férias "", ""Analise Natureza"": ""OK"", ""Natureza E-social"": ""9221-Desconto de férias""}",2026-03-27 16:02:12.212327
4971,11,421,579,DESC. FALTAS (DIAS) MES ANTERIOR,9207-Faltas,OK,-,Natureza da Rubrica sujerida - 9207 - Faltas ,,,,,,,,,,,,,,,,,,,,,,,,,,,,,,,,,,,,,,,,,,,,,,,,,"{""EB"": ""-"", ""Nome Evento"": ""DESC. FALTAS (DIAS) MES ANTERIOR"", ""CodigoEvento"": ""579"", ""OBSERVAÇÃO "": ""Natureza da Rubrica sujerida - 9207 - Faltas "", ""Analise Natureza"": ""OK"", ""Natureza E-social"": ""9207-Faltas""}",2026-03-27 16:02:12.212327
4972,11,422,586,DESC. CONTRIB. SINDICAL,9230-Contribuição sindical laboral,OK,Rubrica com inconsistência de IRRF,Natureza da Rubrica sujerida - 9232 - Contribuição sindical - Assistencial,,,,,,,,,,,,,,,,,,,,,,,,,,,,,,,,,,,,,,,,,,,,,,,,,"{""EB"": ""Rubrica com inconsistência de IRRF"", ""Nome Evento"": ""DESC. CONTRIB. SINDICAL"", ""CodigoEvento"": ""586"", ""OBSERVAÇÃO "": ""Natureza da Rubrica sujerida - 9232 - Contribuição sindical - Assistencial"", ""Analise Natureza"": ""OK"", ""Natureza E-social"": ""9230-Contribuição sindical laboral""}",2026-03-27 16:02:12.212327
4973,11,423,597,DESC. D.S.R. S/FALTAS (DIAS) MES ANTERIOR,9210-DSR s/faltas e atrasos,OK,-,"Natureza da Rubrica sugerida 1020, pois o 1002  foi inativado em 30.04.2024  - Verificar também bloco na rescisão  no GI ",,,,,,,,,,,,,,,,,,,,,,,,,,,,,,,,,,,,,,,,,,,,,,,,,"{""EB"": ""-"", ""Nome Evento"": ""DESC. D.S.R. S/FALTAS (DIAS) MES ANTERIOR"", ""CodigoEvento"": ""597"", ""OBSERVAÇÃO "": ""Natureza da Rubrica sugerida 1020, pois o 1002  foi inativado em 30.04.2024  - Verificar também bloco na rescisão  no GI "", ""Analise Natureza"": ""OK"", ""Natureza E-social"": ""9210-DSR s/faltas e atrasos""}",2026-03-27 16:02:12.212327
4974,11,424,686,DESC. AVISO PREVIO NAO TRABALHADO,6901-Desconto do aviso prévio,OK,"","",,,,,,,,,,,,,,,,,,,,,,,,,,,,,,,,,,,,,,,,,,,,,,,,,"{""EB"": """", ""Nome Evento"": ""DESC. AVISO PREVIO NAO TRABALHADO"", ""CodigoEvento"": ""686"", ""OBSERVAÇÃO "": """", ""Analise Natureza"": ""OK"", ""Natureza E-social"": ""6901-Desconto do aviso prévio""}",2026-03-27 16:02:12.212327
5002,11,452,755,REEMB. VALE TRANSPORTE - HORA EXTRA,1810-Transporte,OK,-,Corrigir no GI consta 9299 - OUTROS DESCONTOS ,,,,,,,,,,,,,,,,,,,,,,,,,,,,,,,,,,,,,,,,,,,,,,,,,"{""EB"": ""-"", ""Nome Evento"": ""REEMB. VALE TRANSPORTE - HORA EXTRA"", ""CodigoEvento"": ""755"", ""OBSERVAÇÃO "": ""Corrigir no GI consta 9299 - OUTROS DESCONTOS "", ""Analise Natureza"": ""OK"", ""Natureza E-social"": ""1810-Transporte""}",2026-03-27 16:02:12.212327
4975,11,425,710,DESC. ALIMENTACAO MES ANTERIOR,"9241-Alimentação em ticket ou cartão, vinculada ao PAT - Desconto",OK,-,"Natureza da Rubrica sujerida - 9241 Alimentação em ticket ou cartão, vinculada ao PAT - Desconto",,,,,,,,,,,,,,,,,,,,,,,,,,,,,,,,,,,,,,,,,,,,,,,,,"{""EB"": ""-"", ""Nome Evento"": ""DESC. ALIMENTACAO MES ANTERIOR"", ""CodigoEvento"": ""710"", ""OBSERVAÇÃO "": ""Natureza da Rubrica sujerida - 9241 Alimentação em ticket ou cartão, vinculada ao PAT - Desconto"", ""Analise Natureza"": ""OK"", ""Natureza E-social"": ""9241-Alimentação em ticket ou cartão, vinculada ao PAT - Desconto""}",2026-03-27 16:02:12.212327
4976,11,426,724,DESC. MULTA DE TRANSITO,9270-Danos e prejuízos causados pelo trabalhador,OK,Rubrica com inconsistência de IRRF,Natureza da Rubrica sujerida - 9270 - Danos e prejuízos causados pelo trabalhador,,,,,,,,,,,,,,,,,,,,,,,,,,,,,,,,,,,,,,,,,,,,,,,,,"{""EB"": ""Rubrica com inconsistência de IRRF"", ""Nome Evento"": ""DESC. MULTA DE TRANSITO"", ""CodigoEvento"": ""724"", ""OBSERVAÇÃO "": ""Natureza da Rubrica sujerida - 9270 - Danos e prejuízos causados pelo trabalhador"", ""Analise Natureza"": ""OK"", ""Natureza E-social"": ""9270-Danos e prejuízos causados pelo trabalhador""}",2026-03-27 16:02:12.212327
4977,11,427,778,DESC. VALE ALIMENTACAO NAO UTILIZADO,9299-Outros descontos,OK,-,"Natureza da Rubrica sujerida - 9241 Alimentação em ticket ou cartão, vinculada ao PAT - Desconto",,,,,,,,,,,,,,,,,,,,,,,,,,,,,,,,,,,,,,,,,,,,,,,,,"{""EB"": ""-"", ""Nome Evento"": ""DESC. VALE ALIMENTACAO NAO UTILIZADO"", ""CodigoEvento"": ""778"", ""OBSERVAÇÃO "": ""Natureza da Rubrica sujerida - 9241 Alimentação em ticket ou cartão, vinculada ao PAT - Desconto"", ""Analise Natureza"": ""OK"", ""Natureza E-social"": ""9299-Outros descontos""}",2026-03-27 16:02:12.212327
4978,11,428,837,DESC. FALTAS (DIAS),9207-Faltas,OK,-,Natureza da Rubrica sujerida - 9207 - Faltas ,,,,,,,,,,,,,,,,,,,,,,,,,,,,,,,,,,,,,,,,,,,,,,,,,"{""EB"": ""-"", ""Nome Evento"": ""DESC. FALTAS (DIAS)"", ""CodigoEvento"": ""837"", ""OBSERVAÇÃO "": ""Natureza da Rubrica sujerida - 9207 - Faltas "", ""Analise Natureza"": ""OK"", ""Natureza E-social"": ""9207-Faltas""}",2026-03-27 16:02:12.212327
4979,11,429,151,REEMB. VALE TRANSPORTE MÊS ANTERIOR,1810-Transporte,OK,-,Natureza da Rubrica sujerida - 1810 - Trasnporte ,,,,,,,,,,,,,,,,,,,,,,,,,,,,,,,,,,,,,,,,,,,,,,,,,"{""EB"": ""-"", ""Nome Evento"": ""REEMB. VALE TRANSPORTE MÊS ANTERIOR"", ""CodigoEvento"": ""151"", ""OBSERVAÇÃO "": ""Natureza da Rubrica sujerida - 1810 - Trasnporte "", ""Analise Natureza"": ""OK"", ""Natureza E-social"": ""1810-Transporte""}",2026-03-27 16:02:12.212327
4980,11,430,18,ADICIONAL DE SALARIO,"1000-Salário, vencimento, soldo",OK,-,Natureza da Rubrica sujerida 2501 - Prêmio,,,,,,,,,,,,,,,,,,,,,,,,,,,,,,,,,,,,,,,,,,,,,,,,,"{""EB"": ""-"", ""Nome Evento"": ""ADICIONAL DE SALARIO"", ""CodigoEvento"": ""18"", ""OBSERVAÇÃO "": ""Natureza da Rubrica sujerida 2501 - Prêmio"", ""Analise Natureza"": ""OK"", ""Natureza E-social"": ""1000-Salário, vencimento, soldo""}",2026-03-27 16:02:12.212327
4981,11,431,19,REEMB. EXAME ADMISSIONAL,6129-Outras multas ou indenizações,OK,"Rubrica com inconsistência de INSS, IRRF e FGTS",Natureza da Rubrica 1299 foi encerrada em 30.04.2023 - Natureza sujerida 1629 - Ressarcimento de outras despesas,,,,,,,,,,,,,,,,,,,,,,,,,,,,,,,,,,,,,,,,,,,,,,,,,"{""EB"": ""Rubrica com inconsistência de INSS, IRRF e FGTS"", ""Nome Evento"": ""REEMB. EXAME ADMISSIONAL"", ""CodigoEvento"": ""19"", ""OBSERVAÇÃO "": ""Natureza da Rubrica 1299 foi encerrada em 30.04.2023 - Natureza sujerida 1629 - Ressarcimento de outras despesas"", ""Analise Natureza"": ""OK"", ""Natureza E-social"": ""6129-Outras multas ou indenizações""}",2026-03-27 16:02:12.212327
4982,11,432,135,D.S.R. S/HORA EXTRA,1002-Descanso semanal remunerado - DSR,OK,"Rubrica com inconsistência de INSS, IRRF e FGTS",1012 - Descanso semanal remunerado - DSR e feriado,,,,,,,,,,,,,,,,,,,,,,,,,,,,,,,,,,,,,,,,,,,,,,,,,"{""EB"": ""Rubrica com inconsistência de INSS, IRRF e FGTS"", ""Nome Evento"": ""D.S.R. S/HORA EXTRA"", ""CodigoEvento"": ""135"", ""OBSERVAÇÃO "": ""1012 - Descanso semanal remunerado - DSR e feriado"", ""Analise Natureza"": ""OK"", ""Natureza E-social"": ""1002-Descanso semanal remunerado - DSR""}",2026-03-27 16:02:12.212327
4983,11,433,774,DESC. ASSIST. MEDICA,9219-Desconto de assistência médica ou odontológica,OK,-,"Natureza da Rubrica sujerida - 9911 Valor não relativo a vencimento ou desconto, relativo à assistência prestada por serviço médico ou odontológico, próprio da empresa ou por ela conveniado, como benefício ao trabalhador",,,,,,,,,,,,,,,,,,,,,,,,,,,,,,,,,,,,,,,,,,,,,,,,,"{""EB"": ""-"", ""Nome Evento"": ""DESC. ASSIST. MEDICA"", ""CodigoEvento"": ""774"", ""OBSERVAÇÃO "": ""Natureza da Rubrica sujerida - 9911 Valor não relativo a vencimento ou desconto, relativo à assistência prestada por serviço médico ou odontológico, próprio da empresa ou por ela conveniado, como benefício ao trabalhador"", ""Analise Natureza"": ""OK"", ""Natureza E-social"": ""9219-Desconto de assistência médica ou odontológica""}",2026-03-27 16:02:12.212327
4984,11,434,775,DESC. ASSIST. ODONTOLOGICA,9219-Desconto de assistência médica ou odontológica,OK,-,"Natureza da Rubrica sujerida - 9911 Valor não relativo a vencimento ou desconto, relativo à assistência prestada por serviço médico ou odontológico, próprio da empresa ou por ela conveniado, como benefício ao trabalhador",,,,,,,,,,,,,,,,,,,,,,,,,,,,,,,,,,,,,,,,,,,,,,,,,"{""EB"": ""-"", ""Nome Evento"": ""DESC. ASSIST. ODONTOLOGICA"", ""CodigoEvento"": ""775"", ""OBSERVAÇÃO "": ""Natureza da Rubrica sujerida - 9911 Valor não relativo a vencimento ou desconto, relativo à assistência prestada por serviço médico ou odontológico, próprio da empresa ou por ela conveniado, como benefício ao trabalhador"", ""Analise Natureza"": ""OK"", ""Natureza E-social"": ""9219-Desconto de assistência médica ou odontológica""}",2026-03-27 16:02:12.212327
4985,11,435,811,ACUMULO DE FUNCAO,1201-Adicional de função / cargo confiança,OK,-,Natureza de Rubrica sujerida 1210 - Gratificação por acordo ou convenção coletiva,,,,,,,,,,,,,,,,,,,,,,,,,,,,,,,,,,,,,,,,,,,,,,,,,"{""EB"": ""-"", ""Nome Evento"": ""ACUMULO DE FUNCAO"", ""CodigoEvento"": ""811"", ""OBSERVAÇÃO "": ""Natureza de Rubrica sujerida 1210 - Gratificação por acordo ou convenção coletiva"", ""Analise Natureza"": ""OK"", ""Natureza E-social"": ""1201-Adicional de função / cargo confiança""}",2026-03-27 16:02:12.212327
4986,11,436,822,D.S.R. S/FERIADO - HS (INTERMITENTE),1012-Descanso semanal remunerado - DSR e feriado,OK,-,"Natureza da Rubrica sugerida 1020, pois o 1002  foi inativado em 30.04.2024  - Verificar também bloco na rescisão  no GI ",,,,,,,,,,,,,,,,,,,,,,,,,,,,,,,,,,,,,,,,,,,,,,,,,"{""EB"": ""-"", ""Nome Evento"": ""D.S.R. S/FERIADO - HS (INTERMITENTE)"", ""CodigoEvento"": ""822"", ""OBSERVAÇÃO "": ""Natureza da Rubrica sugerida 1020, pois o 1002  foi inativado em 30.04.2024  - Verificar também bloco na rescisão  no GI "", ""Analise Natureza"": ""OK"", ""Natureza E-social"": ""1012-Descanso semanal remunerado - DSR e feriado""}",2026-03-27 16:02:12.212327
4987,11,437,892,REEMB. EXAME RETORNO AO TRABALHO,6129-Outras multas ou indenizações,OK,"Rubrica com inconsistência de INSS, IRRF e FGTS",Natureza da Rubrica 1299 foi encerrada em 30.04.2023 - Natureza sujerida 1629 - Ressarcimento de outras despesas,,,,,,,,,,,,,,,,,,,,,,,,,,,,,,,,,,,,,,,,,,,,,,,,,"{""EB"": ""Rubrica com inconsistência de INSS, IRRF e FGTS"", ""Nome Evento"": ""REEMB. EXAME RETORNO AO TRABALHO"", ""CodigoEvento"": ""892"", ""OBSERVAÇÃO "": ""Natureza da Rubrica 1299 foi encerrada em 30.04.2023 - Natureza sujerida 1629 - Ressarcimento de outras despesas"", ""Analise Natureza"": ""OK"", ""Natureza E-social"": ""6129-Outras multas ou indenizações""}",2026-03-27 16:02:12.212327
5003,11,453,1112,CUSTEIO SOCIAL - SINTEAC MG,9230-Contribuição sindical laboral,OK,Rubrica com inconsistência de IRRF,Natureza da Rubrica sujerida - 9232 - Contribuição sindical - Assistencial,,,,,,,,,,,,,,,,,,,,,,,,,,,,,,,,,,,,,,,,,,,,,,,,,"{""EB"": ""Rubrica com inconsistência de IRRF"", ""Nome Evento"": ""CUSTEIO SOCIAL - SINTEAC MG"", ""CodigoEvento"": ""1112"", ""OBSERVAÇÃO "": ""Natureza da Rubrica sujerida - 9232 - Contribuição sindical - Assistencial"", ""Analise Natureza"": ""OK"", ""Natureza E-social"": ""9230-Contribuição sindical laboral""}",2026-03-27 16:02:12.212327
4988,11,438,895,DESC. ASSIST. ODONTO. DEPENDENTE MES ANT,9219-Desconto de assistência médica ou odontológica,OK,-,"Natureza da Rubrica sujerida - 9911 Valor não relativo a vencimento ou desconto, relativo à assistência prestada por serviço médico ou odontológico, próprio da empresa ou por ela conveniado, como benefício ao trabalhador",,,,,,,,,,,,,,,,,,,,,,,,,,,,,,,,,,,,,,,,,,,,,,,,,"{""EB"": ""-"", ""Nome Evento"": ""DESC. ASSIST. ODONTO. DEPENDENTE MES ANT"", ""CodigoEvento"": ""895"", ""OBSERVAÇÃO "": ""Natureza da Rubrica sujerida - 9911 Valor não relativo a vencimento ou desconto, relativo à assistência prestada por serviço médico ou odontológico, próprio da empresa ou por ela conveniado, como benefício ao trabalhador"", ""Analise Natureza"": ""OK"", ""Natureza E-social"": ""9219-Desconto de assistência médica ou odontológica""}",2026-03-27 16:02:12.212327
4989,11,439,1017,REEMB. EXAME TROCA DE FUNCAO,6129-Outras multas ou indenizações,OK,"Rubrica com inconsistência de INSS, IRRF e FGTS",Natureza da Rubrica 1299 foi encerrada em 30.04.2023 - Natureza sujerida 1629 - Ressarcimento de outras despesas,,,,,,,,,,,,,,,,,,,,,,,,,,,,,,,,,,,,,,,,,,,,,,,,,"{""EB"": ""Rubrica com inconsistência de INSS, IRRF e FGTS"", ""Nome Evento"": ""REEMB. EXAME TROCA DE FUNCAO"", ""CodigoEvento"": ""1017"", ""OBSERVAÇÃO "": ""Natureza da Rubrica 1299 foi encerrada em 30.04.2023 - Natureza sujerida 1629 - Ressarcimento de outras despesas"", ""Analise Natureza"": ""OK"", ""Natureza E-social"": ""6129-Outras multas ou indenizações""}",2026-03-27 16:02:12.212327
4990,11,440,149,REEMB D.S.R MES ANTERIOR,1002-Descanso semanal remunerado - DSR,OK,-,"Natureza da Rubrica sugerida 1020, pois o 1002  foi inativado em 30.04.2024 ",,,,,,,,,,,,,,,,,,,,,,,,,,,,,,,,,,,,,,,,,,,,,,,,,"{""EB"": ""-"", ""Nome Evento"": ""REEMB D.S.R MES ANTERIOR"", ""CodigoEvento"": ""149"", ""OBSERVAÇÃO "": ""Natureza da Rubrica sugerida 1020, pois o 1002  foi inativado em 30.04.2024 "", ""Analise Natureza"": ""OK"", ""Natureza E-social"": ""1002-Descanso semanal remunerado - DSR""}",2026-03-27 16:02:12.212327
4991,11,441,161,D.S.R. MES ANTERIOR,1002-Descanso semanal remunerado - DSR,OK,-,"Natureza da Rubrica sugerida 1020, pois o 1002  foi inativado em 30.04.2024  - Verificar também o tipo de rendimentos no GI ",,,,,,,,,,,,,,,,,,,,,,,,,,,,,,,,,,,,,,,,,,,,,,,,,"{""EB"": ""-"", ""Nome Evento"": ""D.S.R. MES ANTERIOR"", ""CodigoEvento"": ""161"", ""OBSERVAÇÃO "": ""Natureza da Rubrica sugerida 1020, pois o 1002  foi inativado em 30.04.2024  - Verificar também o tipo de rendimentos no GI "", ""Analise Natureza"": ""OK"", ""Natureza E-social"": ""1002-Descanso semanal remunerado - DSR""}",2026-03-27 16:02:12.212327
4992,11,442,294,DESP DE VIAGENS,"1621-Ressarcimento de despesas de viagem, exceto despesas com veículos",OK,Rubrica com inconsistência de IRRF,"Natureza da Rubrica sujerida - 1621 Ressarcimento de despesas de viagem, exceto despesas com veículos",,,,,,,,,,,,,,,,,,,,,,,,,,,,,,,,,,,,,,,,,,,,,,,,,"{""EB"": ""Rubrica com inconsistência de IRRF"", ""Nome Evento"": ""DESP DE VIAGENS"", ""CodigoEvento"": ""294"", ""OBSERVAÇÃO "": ""Natureza da Rubrica sujerida - 1621 Ressarcimento de despesas de viagem, exceto despesas com veículos"", ""Analise Natureza"": ""OK"", ""Natureza E-social"": ""1621-Ressarcimento de despesas de viagem, exceto despesas com veículos""}",2026-03-27 16:02:12.212327
4993,11,443,156,DIF. FERIAS,1016-Férias,OK,Rubrica com inconsistência de IRRF,Natureza da Rubrica sujerida - 1016 - Férias ,,,,,,,,,,,,,,,,,,,,,,,,,,,,,,,,,,,,,,,,,,,,,,,,,"{""EB"": ""Rubrica com inconsistência de IRRF"", ""Nome Evento"": ""DIF. FERIAS"", ""CodigoEvento"": ""156"", ""OBSERVAÇÃO "": ""Natureza da Rubrica sujerida - 1016 - Férias "", ""Analise Natureza"": ""OK"", ""Natureza E-social"": ""1016-Férias""}",2026-03-27 16:02:12.212327
4994,11,444,520,DESC. AVARIA,9270-Danos e prejuízos causados pelo trabalhador,OK,Rubrica com inconsistência de IRRF,Natureza da Rubrica sujerida - 9270 - Danos e prejuízos causados pelo trabalhador,,,,,,,,,,,,,,,,,,,,,,,,,,,,,,,,,,,,,,,,,,,,,,,,,"{""EB"": ""Rubrica com inconsistência de IRRF"", ""Nome Evento"": ""DESC. AVARIA"", ""CodigoEvento"": ""520"", ""OBSERVAÇÃO "": ""Natureza da Rubrica sujerida - 9270 - Danos e prejuízos causados pelo trabalhador"", ""Analise Natureza"": ""OK"", ""Natureza E-social"": ""9270-Danos e prejuízos causados pelo trabalhador""}",2026-03-27 16:02:12.212327
4995,11,445,716,DESC. CELULAR NAO DEVOLVIDO,9270-Danos e prejuízos causados pelo trabalhador,OK,Rubrica com inconsistência de IRRF,Natureza da Rubrica sujerida - 9270 - Danos e prejuízos causados pelo trabalhador,,,,,,,,,,,,,,,,,,,,,,,,,,,,,,,,,,,,,,,,,,,,,,,,,"{""EB"": ""Rubrica com inconsistência de IRRF"", ""Nome Evento"": ""DESC. CELULAR NAO DEVOLVIDO"", ""CodigoEvento"": ""716"", ""OBSERVAÇÃO "": ""Natureza da Rubrica sujerida - 9270 - Danos e prejuízos causados pelo trabalhador"", ""Analise Natureza"": ""OK"", ""Natureza E-social"": ""9270-Danos e prejuízos causados pelo trabalhador""}",2026-03-27 16:02:12.212327
4996,11,446,730,DESC. SMARTPHONE NAO DEVOLVIDO,9270-Danos e prejuízos causados pelo trabalhador,OK,Rubrica com inconsistência de IRRF,Natureza da Rubrica sujerida - 9270 - Danos e prejuízos causados pelo trabalhador,,,,,,,,,,,,,,,,,,,,,,,,,,,,,,,,,,,,,,,,,,,,,,,,,"{""EB"": ""Rubrica com inconsistência de IRRF"", ""Nome Evento"": ""DESC. SMARTPHONE NAO DEVOLVIDO"", ""CodigoEvento"": ""730"", ""OBSERVAÇÃO "": ""Natureza da Rubrica sujerida - 9270 - Danos e prejuízos causados pelo trabalhador"", ""Analise Natureza"": ""OK"", ""Natureza E-social"": ""9270-Danos e prejuízos causados pelo trabalhador""}",2026-03-27 16:02:12.212327
4997,11,447,228,REEMB. DESC. ASSIST. MEDICA,6129-Outras multas ou indenizações,OK,Rubrica com inconsistência de IRRF,Natureza da Rubrica sujerida  9911 - Assistência Médica ,,,,,,,,,,,,,,,,,,,,,,,,,,,,,,,,,,,,,,,,,,,,,,,,,"{""EB"": ""Rubrica com inconsistência de IRRF"", ""Nome Evento"": ""REEMB. DESC. ASSIST. MEDICA"", ""CodigoEvento"": ""228"", ""OBSERVAÇÃO "": ""Natureza da Rubrica sujerida  9911 - Assistência Médica "", ""Analise Natureza"": ""OK"", ""Natureza E-social"": ""6129-Outras multas ou indenizações""}",2026-03-27 16:02:12.212327
4998,11,448,249,REEMB. DESC. ASS. ODONTOLOGICA,6129-Outras multas ou indenizações,OK,Rubrica com inconsistência de IRRF,9219 - Desconto de assistência médica ou odontológica - está no GI ,,,,,,,,,,,,,,,,,,,,,,,,,,,,,,,,,,,,,,,,,,,,,,,,,"{""EB"": ""Rubrica com inconsistência de IRRF"", ""Nome Evento"": ""REEMB. DESC. ASS. ODONTOLOGICA"", ""CodigoEvento"": ""249"", ""OBSERVAÇÃO "": ""9219 - Desconto de assistência médica ou odontológica - está no GI "", ""Analise Natureza"": ""OK"", ""Natureza E-social"": ""6129-Outras multas ou indenizações""}",2026-03-27 16:02:12.212327
4999,11,449,339,DEVOLUCAO FALTAS / DSR,"1000-Salário, vencimento, soldo",OK,-,"Natureza da Rubrica sugerida 1020, pois o 1002  foi inativado em 30.04.2024 ",,,,,,,,,,,,,,,,,,,,,,,,,,,,,,,,,,,,,,,,,,,,,,,,,"{""EB"": ""-"", ""Nome Evento"": ""DEVOLUCAO FALTAS / DSR"", ""CodigoEvento"": ""339"", ""OBSERVAÇÃO "": ""Natureza da Rubrica sugerida 1020, pois o 1002  foi inativado em 30.04.2024 "", ""Analise Natureza"": ""OK"", ""Natureza E-social"": ""1000-Salário, vencimento, soldo""}",2026-03-27 16:02:12.212327
5000,11,450,611,DESC. VALE ALIMENTACAO - CCT,"9241-Alimentação em ticket ou cartão, vinculada ao PAT - Desconto",OK,-,"Natureza da Rubrica sujerida - 9241 Alimentação em ticket ou cartão, vinculada ao PAT - Desconto",,,,,,,,,,,,,,,,,,,,,,,,,,,,,,,,,,,,,,,,,,,,,,,,,"{""EB"": ""-"", ""Nome Evento"": ""DESC. VALE ALIMENTACAO - CCT"", ""CodigoEvento"": ""611"", ""OBSERVAÇÃO "": ""Natureza da Rubrica sujerida - 9241 Alimentação em ticket ou cartão, vinculada ao PAT - Desconto"", ""Analise Natureza"": ""OK"", ""Natureza E-social"": ""9241-Alimentação em ticket ou cartão, vinculada ao PAT - Desconto""}",2026-03-27 16:02:12.212327
5001,11,451,746,DIFERENCA CCT,"1000-Salário, vencimento, soldo",OK,-,"Natureza da Rubrica sujeridade 1000 - Salário, vencimento, soldo",,,,,,,,,,,,,,,,,,,,,,,,,,,,,,,,,,,,,,,,,,,,,,,,,"{""EB"": ""-"", ""Nome Evento"": ""DIFERENCA CCT"", ""CodigoEvento"": ""746"", ""OBSERVAÇÃO "": ""Natureza da Rubrica sujeridade 1000 - Salário, vencimento, soldo"", ""Analise Natureza"": ""OK"", ""Natureza E-social"": ""1000-Salário, vencimento, soldo""}",2026-03-27 16:02:12.212327
5004,11,454,233,REEMB. REFEICAO,1801-Alimentação,OK,Rubrica com inconsistência de IRRF,"Natureza da Rubrica sujerida 1806 - Alimentação em ticket ou cartão, vinculada ao PAT",,,,,,,,,,,,,,,,,,,,,,,,,,,,,,,,,,,,,,,,,,,,,,,,,"{""EB"": ""Rubrica com inconsistência de IRRF"", ""Nome Evento"": ""REEMB. REFEICAO"", ""CodigoEvento"": ""233"", ""OBSERVAÇÃO "": ""Natureza da Rubrica sujerida 1806 - Alimentação em ticket ou cartão, vinculada ao PAT"", ""Analise Natureza"": ""OK"", ""Natureza E-social"": ""1801-Alimentação""}",2026-03-27 16:02:12.212327
5005,11,455,1026,PAGTO. VT E VA - REF FERIADOS,1801-Alimentação,OK,"Rubrica com inconsistência de INSS, IRRF e FGTS","Natureza da Rubrica 1299 foi encerrada em 30.04.2023 - Natureza sujerida 1806 - Alimentação concedida sob a forma de ticket ou cartão, por empresa vinculada ao Programa de Alimentação do Trabalhador - PAT",,,,,,,,,,,,,,,,,,,,,,,,,,,,,,,,,,,,,,,,,,,,,,,,,"{""EB"": ""Rubrica com inconsistência de INSS, IRRF e FGTS"", ""Nome Evento"": ""PAGTO. VT E VA - REF FERIADOS"", ""CodigoEvento"": ""1026"", ""OBSERVAÇÃO "": ""Natureza da Rubrica 1299 foi encerrada em 30.04.2023 - Natureza sujerida 1806 - Alimentação concedida sob a forma de ticket ou cartão, por empresa vinculada ao Programa de Alimentação do Trabalhador - PAT"", ""Analise Natureza"": ""OK"", ""Natureza E-social"": ""1801-Alimentação""}",2026-03-27 16:02:12.212327
