id,cod_rubrica,descricao,cod_natureza,incid_inss,incid_irrf,incid_fgts,analise,incid_base_legal_inss,incid_base_legal_irrf,incid_base_legal_fgts,importado_em,corrigido,corrigido_em,envio_status,ini_valid_esocial
1,1,HORAS NORMAIS,"1000 - Salário, vencimento, soldo ou subsídio",11,11,11,-,"11 - Artigo 28, inciso I, da Lei n° 8.212/91",11 - Artigos 3º e 7º da Lei nº 7.713/88,11 - Artigo 15 da Lei n° 8.036/90,2026-03-28 04:05:08.371145,f,,pendente,
2,2,SALARIO MES,"1000 - Salário, vencimento, soldo ou subsídio",11,11,11,-,"11 - Artigo 28, inciso I, da Lei n° 8.212/91",11 - Artigos 3º e 7º da Lei nº 7.713/88,11 - Artigo 15 da Lei n° 8.036/90,2026-03-28 04:05:08.371145,f,,pendente,
3,5,PARTICIPACAO LUCROS/RESULTADOS,1300 - PLR - Participação nos lucros e resultados,0,14,0,-,"0 - Artigo 28, § 9º da Lei n° 8.212/91",14 - Artigo 3º da Lei nº 10.101/2000,"0 - Artigo 15, § 6º da Lei n° 8.036/90",2026-03-28 04:05:08.371145,f,,pendente,
4,10,GRATIFICAÇÃO,1211 - Gratificações,11,11,11,-,"11 - Artigo 28, inciso I, da Lei n° 8.212/91",11 - Artigos 3º e 7º da Lei nº 7.713/88,11 - Artigo 15 da Lei n° 8.036/90,2026-03-28 04:05:08.371145,f,,pendente,
5,12,DIF. SALARIO,"1000 - Salário, vencimento, soldo ou subsídio",11,11,11,-,"11 - Artigo 28, inciso I, da Lei n° 8.212/91",11 - Artigos 3º e 7º da Lei nº 7.713/88,11 - Artigo 15 da Lei n° 8.036/90,2026-03-28 04:05:08.371145,f,,pendente,
7,17,SALARIO MES,6000 - Saldo de salários na rescisão contratual,11,11,11,-,"11 - Artigo 28, inciso I, da Lei n° 8.212/91",11 - Artigos 3º e 7º da Lei nº 7.713/88,11 - Artigo 15 da Lei n° 8.036/90,2026-03-28 04:05:08.371145,f,,pendente,
8,18,ADICIONAL DE SALARIO,"1000 - Salário, vencimento, soldo ou subsídio",11,11,11,-,"11 - Artigo 28, inciso I, da Lei n° 8.212/91",11 - Artigos 3º e 7º da Lei nº 7.713/88,11 - Artigo 15 da Lei n° 8.036/90,2026-03-28 04:05:08.371145,f,,pendente,
10,21,SALARIO SUBSTITUTO MES ANTERIOR,"1000 - Salário, vencimento, soldo ou subsídio",11,11,11,-,"11 - Artigo 28, inciso I, da Lei n° 8.212/91",11 - Artigos 3º e 7º da Lei nº 7.713/88,11 - Artigo 15 da Lei n° 8.036/90,2026-03-28 04:05:08.371145,f,,pendente,
11,35,DIF. D.S.R.,1002 - Descanso semanal remunerado - DSR,11,11,11,-,"11 - Artigo 28, inciso I, da Lei n° 8.212/91",11 - Artigos 3º e 7º da Lei nº 7.713/88,11 - Artigo 15 da Lei n° 8.036/90,2026-03-28 04:05:08.371145,f,,pendente,
12,37,DIF. DISSIDIO,"1000 - Salário, vencimento, soldo ou subsídio",11,11,11,-,"11 - Artigo 28, inciso I, da Lei n° 8.212/91",11 - Artigos 3º e 7º da Lei nº 7.713/88,11 - Artigo 15 da Lei n° 8.036/90,2026-03-28 04:05:08.371145,f,,pendente,
14,52,ADIC. NOTURNO C/20%,1205 - Adicional noturno,11,11,11,-,"11 - Artigo 28, inciso I, da Lei n° 8.212/91",11 - Artigos 3º e 7º da Lei nº 7.713/88,11 - Artigo 15 da Lei n° 8.036/90,2026-03-28 04:05:08.371145,f,,pendente,
15,53,REEMB. I.R.F.,1623 - Ressarcimento de provisão,0,9,0,-,"0 - Artigo 28, inciso I, da Lei n° 8.212/91","9 - artigo 35, inciso I, alínea p do Decreto n° 9.580/2018",0 - Artigo 15 da Lei n° 8.036/90,2026-03-28 04:05:08.371145,f,,pendente,
16,54,ADIC. NOTURNO C/25%,1205 - Adicional noturno,11,11,11,-,"11 - Artigo 28, inciso I, da Lei n° 8.212/91",11 - Artigos 3º e 7º da Lei nº 7.713/88,11 - Artigo 15 da Lei n° 8.036/90,2026-03-28 04:05:08.371145,f,,pendente,
18,56,ADIC. NOTURNO C/30%,1205 - Adicional noturno,11,11,11,-,"11 - Artigo 28, inciso I, da Lei n° 8.212/91",11 - Artigos 3º e 7º da Lei nº 7.713/88,11 - Artigo 15 da Lei n° 8.036/90,2026-03-28 04:05:08.371145,f,,pendente,
19,57,ADIC. NOTURNO C/35%,1205 - Adicional noturno,11,11,11,-,"11 - Artigo 28, inciso I, da Lei n° 8.212/91",11 - Artigos 3º e 7º da Lei nº 7.713/88,11 - Artigo 15 da Lei n° 8.036/90,2026-03-28 04:05:08.371145,f,,pendente,
20,60,ADIC. INSALUBRIDADE 07/2019,1202 - Adicional de insalubridade,11,11,11,-,"11 - Artigo 28, inciso I, da Lei n° 8.212/91",11 - Artigos 3º e 7º da Lei nº 7.713/88,11 - Artigo 15 da Lei n° 8.036/90,2026-03-28 04:05:08.371145,f,,pendente,
21,61,ADIC. INSALUBRIDADE MES ANT.,1202 - Adicional de insalubridade,11,11,11,-,"11 - Artigo 28, inciso I, da Lei n° 8.212/91",11 - Artigos 3º e 7º da Lei nº 7.713/88,11 - Artigo 15 da Lei n° 8.036/90,2026-03-28 04:05:08.371145,f,,pendente,
22,62,ADIC. INSALUBRIDADE,1202 - Adicional de insalubridade,11,11,11,-,"11 - Artigo 28, inciso I, da Lei n° 8.212/91",11 - Artigos 3º e 7º da Lei nº 7.713/88,11 - Artigo 15 da Lei n° 8.036/90,2026-03-28 04:05:08.371145,f,,pendente,
23,64,ADIC. NOTURNO C/50%,1205 - Adicional noturno,11,11,11,-,"11 - Artigo 28, inciso I, da Lei n° 8.212/91",11 - Artigos 3º e 7º da Lei nº 7.713/88,11 - Artigo 15 da Lei n° 8.036/90,2026-03-28 04:05:08.371145,f,,pendente,
24,65,ADIC. NOTURNO MES ANTERIOR,1205 - Adicional noturno,11,11,11,-,"11 - Artigo 28, inciso I, da Lei n° 8.212/91",11 - Artigos 3º e 7º da Lei nº 7.713/88,11 - Artigo 15 da Lei n° 8.036/90,2026-03-28 04:05:08.371145,f,,pendente,
25,66,ADIC. NOTURNO MES ANT 20%,1205 - Adicional noturno,11,11,11,-,"11 - Artigo 28, inciso I, da Lei n° 8.212/91",11 - Artigos 3º e 7º da Lei nº 7.713/88,11 - Artigo 15 da Lei n° 8.036/90,2026-03-28 04:05:08.371145,f,,pendente,
26,67,DIF. ADIC. INSALUBRIDADE,1202 - Adicional de insalubridade,11,11,11,-,"11 - Artigo 28, inciso I, da Lei n° 8.212/91",11 - Artigos 3º e 7º da Lei nº 7.713/88,11 - Artigo 15 da Lei n° 8.036/90,2026-03-28 04:05:08.371145,f,,pendente,
27,69,ADIC. PERICULOSIDADE MES ANTER,1203 - Adicional de periculosidade,11,11,11,-,"11 - Artigo 28, inciso I, da Lei n° 8.212/91",11 - Artigos 3º e 7º da Lei nº 7.713/88,11 - Artigo 15 da Lei n° 8.036/90,2026-03-28 04:05:08.371145,f,,pendente,
28,70,ADIC. PERICULOSIDADE,1203 - Adicional de periculosidade,11,11,11,-,"11 - Artigo 28, inciso I, da Lei n° 8.212/91",11 - Artigos 3º e 7º da Lei nº 7.713/88,11 - Artigo 15 da Lei n° 8.036/90,2026-03-28 04:05:08.371145,f,,pendente,
29,81,HORAS REDUZIDAS ADIC. NOT MES ANT,1205 - Adicional noturno,11,11,11,-,"11 - Artigo 28, inciso I, da Lei n° 8.212/91",11 - Artigos 3º e 7º da Lei nº 7.713/88,11 - Artigo 15 da Lei n° 8.036/90,2026-03-28 04:05:08.371145,f,,pendente,
30,82,HORAS REDUZIDAS ADIC. NOTURNO,1205 - Adicional noturno,11,11,11,-,"11 - Artigo 28, inciso I, da Lei n° 8.212/91",11 - Artigos 3º e 7º da Lei nº 7.713/88,11 - Artigo 15 da Lei n° 8.036/90,2026-03-28 04:05:08.371145,f,,pendente,
31,93,F.G.T.S. MULTA,6101 - indenização compensatória - multa rescisória 20 ou 40% (CF/88),0,9,0,-,"0 - Artigo 28, § 9º da Lei n° 8.212/91",9 - Artigo 28 da Lei nº 8.036/90,"0 - Artigo 15, § 6º da Lei n° 8.036/90",2026-03-28 04:05:08.371145,f,,pendente,
32,102,HORAS EXTRAS 60%,1003 - Horas extraordinárias,11,11,11,-,"11 - Artigo 28, inciso I, da Lei n° 8.212/91",11 - Artigos 3º e 7º da Lei nº 7.713/88,11 - Artigo 15 da Lei n° 8.036/90,2026-03-28 04:05:08.371145,f,,pendente,
9,19,REEMB. EXAME ADMISSIONAL,6129 - Outras verbas não remuneratórias (indenizatórias ou multas),0,9,0,Rubrica com inconsistência de IRRF,"0 - Artigo 28, inciso I, da Lei n° 8.212/91","79 - Artigos 6 da Lei nº 7.713/88 e Artigo 2° da Lei n° 8.036/90, e artigo 65 do Decreto n° 9.580/2018",0 - Artigo 15 da Lei n° 8.036/90,2026-03-28 04:05:08.371145,t,2026-03-28 04:36:18.101042,feito,
33,105,HORAS EXTRAS 50%,1003 - Horas extraordinárias,11,11,11,-,"11 - Artigo 28, inciso I, da Lei n° 8.212/91",11 - Artigos 3º e 7º da Lei nº 7.713/88,11 - Artigo 15 da Lei n° 8.036/90,2026-03-28 04:05:08.371145,f,,pendente,
34,108,HORAS EXTRAS 50% - MES ANTERIOR,1003 - Horas extraordinárias,11,11,11,-,"11 - Artigo 28, inciso I, da Lei n° 8.212/91",11 - Artigos 3º e 7º da Lei nº 7.713/88,11 - Artigo 15 da Lei n° 8.036/90,2026-03-28 04:05:08.371145,f,,pendente,
35,123,HORAS EXTRAS 100%,1003 - Horas extraordinárias,11,11,11,-,"11 - Artigo 28, inciso I, da Lei n° 8.212/91",11 - Artigos 3º e 7º da Lei nº 7.713/88,11 - Artigo 15 da Lei n° 8.036/90,2026-03-28 04:05:08.371145,f,,pendente,
36,127,HORAS EXTRAS 100% - MES ANTERIOR,1003 - Horas extraordinárias,11,11,11,-,"11 - Artigo 28, inciso I, da Lei n° 8.212/91",11 - Artigos 3º e 7º da Lei nº 7.713/88,11 - Artigo 15 da Lei n° 8.036/90,2026-03-28 04:05:08.371145,f,,pendente,
37,135,D.S.R. S/HORA EXTRA,1002 - Descanso semanal remunerado - DSR,11,11,11,-,"11 - Artigo 28, inciso I, da Lei n° 8.212/91",11 - Artigos 3º e 7º da Lei nº 7.713/88,11 - Artigo 15 da Lei n° 8.036/90,2026-03-28 04:05:08.371145,f,,pendente,
38,136,D.S.R. S/ADICIONAL,1002 - Descanso semanal remunerado - DSR,11,11,11,-,"11 - Artigo 28, inciso I, da Lei n° 8.212/91",11 - Artigos 3º e 7º da Lei nº 7.713/88,11 - Artigo 15 da Lei n° 8.036/90,2026-03-28 04:05:08.371145,f,,pendente,
39,145,DEV. FALTAS (DIAS),"1000 - Salário, vencimento, soldo ou subsídio",11,11,11,-,"11 - Artigo 28, inciso I, da Lei n° 8.212/91",11 - Artigos 3º e 7º da Lei nº 7.713/88,11 - Artigo 15 da Lei n° 8.036/90,2026-03-28 04:05:08.371145,f,,pendente,
40,146,DEV. D.S.R. S/FALTAS (DIAS),1002 - Descanso semanal remunerado - DSR,11,11,11,-,"11 - Artigo 28, inciso I, da Lei n° 8.212/91",11 - Artigos 3º e 7º da Lei nº 7.713/88,11 - Artigo 15 da Lei n° 8.036/90,2026-03-28 04:05:08.371145,f,,pendente,
41,149,REEMB D.S.R MES ANTERIOR,1002 - Descanso semanal remunerado - DSR,11,11,11,-,"11 - Artigo 28, inciso I, da Lei n° 8.212/91",11 - Artigos 3º e 7º da Lei nº 7.713/88,11 - Artigo 15 da Lei n° 8.036/90,2026-03-28 04:05:08.371145,f,,pendente,
42,151,REEMB. VALE TRANSPORTE MÊS ANTERIOR,1810 - Transporte (Servidores e Empregados Públicos),0,9,0,-,"0 - Artigo 28, § 9º da Lei n° 8.212/91",9 - Artigos 5º da IN 1500/2014,"0 - Precedente Administrativo nº 311 - Precedente Administrativo nº 3, Ato Declaratório 04/2002",2026-03-28 04:05:08.371145,f,,pendente,
43,153,DIF. ADIC. PERICULOSIDADE,1203 - Adicional de periculosidade,11,11,11,-,"11 - Artigo 28, inciso I, da Lei n° 8.212/91",11 - Artigos 3º e 7º da Lei nº 7.713/88,11 - Artigo 15 da Lei n° 8.036/90,2026-03-28 04:05:08.371145,f,,pendente,
44,155,REEMB. VALE ALIMENTACAO MES ANTERIOR,"1806 - Alimentação em ticket ou cartão, vinculada ao PAT",0,9,0,-,"0 - Artigo 28, inciso I, da Lei n° 8.212/91","9 - artigo 35, inciso I, alínea p do Decreto n° 9.580/2018",0 - Artigo 15 da Lei n° 8.036/90,2026-03-28 04:05:08.371145,f,,pendente,
46,159,D.S.R. S/ADICIONAL,1002 - Descanso semanal remunerado - DSR,11,11,11,-,"11 - Artigo 28, inciso I, da Lei n° 8.212/91",11 - Artigos 3º e 7º da Lei nº 7.713/88,11 - Artigo 15 da Lei n° 8.036/90,2026-03-28 04:05:08.371145,f,,pendente,
47,160,D.S.R. S/HORA EXTRA,1002 - Descanso semanal remunerado - DSR,11,11,11,-,"11 - Artigo 28, inciso I, da Lei n° 8.212/91",11 - Artigos 3º e 7º da Lei nº 7.713/88,11 - Artigo 15 da Lei n° 8.036/90,2026-03-28 04:05:08.371145,f,,pendente,
48,161,D.S.R. MES ANTERIOR,1002 - Descanso semanal remunerado - DSR,11,11,11,-,"11 - Artigo 28, inciso I, da Lei n° 8.212/91",11 - Artigos 3º e 7º da Lei nº 7.713/88,11 - Artigo 15 da Lei n° 8.036/90,2026-03-28 04:05:08.371145,f,,pendente,
49,163,D.S.R. S/FERIADO - HS,1012 - Descanso semanal remunerado - DSR e feriado,11,11,11,-,"11 - Artigo 28, inciso I, da Lei n° 8.212/91",11 - Artigos 3º e 7º da Lei nº 7.713/88,11 - Artigo 15 da Lei n° 8.036/90,2026-03-28 04:05:08.371145,f,,pendente,
50,170,D.S.R. S/COMISSAO,1012 - Descanso semanal remunerado - DSR e feriado,11,11,11,-,"11 - Artigo 28, inciso I, da Lei n° 8.212/91",11 - Artigos 3º e 7º da Lei nº 7.713/88,11 - Artigo 15 da Lei n° 8.036/90,2026-03-28 04:05:08.371145,f,,pendente,
51,171,AUX. DOENÇA,"1000 - Salário, vencimento, soldo ou subsídio",11,11,11,-,"11 - Artigo 28, inciso I, da Lei n° 8.212/91",11 - Artigos 3º e 7º da Lei nº 7.713/88,11 - Artigo 15 da Lei n° 8.036/90,2026-03-28 04:05:08.371145,f,,pendente,
52,172,ACIDENTE DE TRABALHO (15 DIAS),"1000 - Salário, vencimento, soldo ou subsídio",11,11,11,-,"11 - Artigo 28, inciso I, da Lei n° 8.212/91",11 - Artigos 3º e 7º da Lei nº 7.713/88,11 - Artigo 15 da Lei n° 8.036/90,2026-03-28 04:05:08.371145,f,,pendente,
53,173,ACIDENTE DE TRABALHO (F.G.T.S.),9932 - Auxílio - doença acidentário,0,9,11,-,"0 - Artigo 28, § 9º da Lei n° 8.212/91",9 - Artigo 48 da Lei nº 8.541/9279 - Artigo 48 da Lei nº 8.541/92,11 - Artigo 15 da Lei n° 8.036/9012 - Artigo 15 da Lei n° 8.036/900 - Artigo 15 da Lei n° 8.036/90,2026-03-28 04:05:08.371145,f,,pendente,
54,174,AUX. DOENÇA (F.G.T.S.),9989 - Outros valores informativos,0,9,0,-,"0 - Artigo 28, inciso I, da Lei n° 8.212/91",9 - Artigo 12-A da Lei nº 7.713/88,0 - Artigo 15 da Lei n° 8.036/90,2026-03-28 04:05:08.371145,f,,pendente,
55,176,SALARIO MES ANTERIOR,"1000 - Salário, vencimento, soldo ou subsídio",11,11,11,-,"11 - Artigo 28, inciso I, da Lei n° 8.212/91",11 - Artigos 3º e 7º da Lei nº 7.713/88,11 - Artigo 15 da Lei n° 8.036/90,2026-03-28 04:05:08.371145,f,,pendente,
56,177,SALARIO SUBSTITUTO,"1000 - Salário, vencimento, soldo ou subsídio",11,11,11,-,"11 - Artigo 28, inciso I, da Lei n° 8.212/91",11 - Artigos 3º e 7º da Lei nº 7.713/88,11 - Artigo 15 da Lei n° 8.036/90,2026-03-28 04:05:08.371145,f,,pendente,
58,187,P.L.R.,1300 - PLR - Participação nos lucros e resultados,0,14,0,-,"0 - Artigo 28, § 9º da Lei n° 8.212/91",14 - Artigo 3º da Lei nº 10.101/2000,"0 - Artigo 15, § 6º da Lei n° 8.036/90",2026-03-28 04:05:08.371145,f,,pendente,
59,190,REEMB. FALTAS DESC. MES ANTERIOR,"1000 - Salário, vencimento, soldo ou subsídio",11,11,11,-,"11 - Artigo 28, inciso I, da Lei n° 8.212/91",11 - Artigos 3º e 7º da Lei nº 7.713/88,11 - Artigo 15 da Lei n° 8.036/90,2026-03-28 04:05:08.371145,f,,pendente,
60,193,F.G.T.S. PAGO,9908 - FGTS - depósito,0,9,0,-,"0 - Artigo 28, § 9º da Lei n° 8.212/91",9 - Artigo 7º da Lei nº 8.134/90,"0 - Artigo 15, § 6º da Lei n° 8.036/90",2026-03-28 04:05:08.371145,f,,pendente,
62,231,REEMB. DESPESAS,9989 - Outros valores informativos,0,9,0,-,"0 - Artigo 28, inciso I, da Lei n° 8.212/91",9 - Artigo 12-A da Lei nº 7.713/88,0 - Artigo 15 da Lei n° 8.036/90,2026-03-28 04:05:08.371145,f,,pendente,
63,232,REEMB. EXAME DEMISSIONAL,9989 - Outros valores informativos,0,9,0,-,"0 - Artigo 28, inciso I, da Lei n° 8.212/91",9 - Artigo 12-A da Lei nº 7.713/88,0 - Artigo 15 da Lei n° 8.036/90,2026-03-28 04:05:08.371145,f,,pendente,
57,185,INDENIZACAO LEI Nº 7.238/84,6102 - Indenização do art. 9º lei nº 7.238/84,11,11,11,"Rubrica com inconsistência de INSS, IRRF e FGTS","0 - Artigo 28, § 9º da Lei n° 8.212/91","74 - Artigo 6º, inciso V da Lei nº 7.713/88 e artigo 28 da Lei nº 8.036/90","0 - Artigo 15, § 6º da Lei n° 8.036/90",2026-03-28 04:05:08.371145,t,2026-03-28 10:31:20.044368,feito,2018-02
66,236,REEMB. VALE REFEICAO DIF.DISSIDIO,"1806 - Alimentação em ticket ou cartão, vinculada ao PAT",0,9,0,-,"0 - Artigo 28, inciso I, da Lei n° 8.212/91","9 - artigo 35, inciso I, alínea p do Decreto n° 9.580/2018",0 - Artigo 15 da Lei n° 8.036/90,2026-03-28 04:05:08.371145,f,,pendente,
69,243,REEMB. CONTRIB. SINDICAL,6129 - Outras verbas não remuneratórias (indenizatórias ou multas),0,0,0,Rubrica com inconsistência de IRRF,"0 - Artigo 28, inciso I, da Lei n° 8.212/91","79 - Artigos 6 da Lei nº 7.713/88 e Artigo 2° da Lei n° 8.036/90, e artigo 65 do Decreto n° 9.580/2018",0 - Artigo 15 da Lei n° 8.036/90,2026-03-28 04:05:08.371145,f,,pendente,
70,249,REEMB. DESC. ASS. ODONTOLOGICA,6129 - Outras verbas não remuneratórias (indenizatórias ou multas),0,0,0,Rubrica com inconsistência de IRRF,"0 - Artigo 28, inciso I, da Lei n° 8.212/91","79 - Artigos 6 da Lei nº 7.713/88 e Artigo 2° da Lei n° 8.036/90, e artigo 65 do Decreto n° 9.580/2018",0 - Artigo 15 da Lei n° 8.036/90,2026-03-28 04:05:08.371145,f,,pendente,
71,252,AJUDA CRECHE CCT,1406 - Auxílio-creche,0,0,0,Rubrica com inconsistência de IRRF,"0 - Artigo 28, inciso I, da Lei n° 8.212/91","79 - Ato Declaratório PGFN nº 13/2011, Parecer PGFN/CRJ nº 2.118/2011, e Solução de Consulta COSIT nº 290/2014",0 - Artigo 15 da Lei n° 8.036/90,2026-03-28 04:05:08.371145,f,,pendente,
72,253,DEV. ATRASO/FALTA HORAS,"1000 - Salário, vencimento, soldo ou subsídio",11,11,11,-,"11 - Artigo 28, inciso I, da Lei n° 8.212/91",11 - Artigos 3º e 7º da Lei nº 7.713/88,11 - Artigo 15 da Lei n° 8.036/90,2026-03-28 04:05:08.371145,f,,pendente,
73,254,REEMB. MENSALIDADE. SINDICAL,9231 - Contribuição Sindical - Associativa,0,0,0,Rubrica com inconsistência de IRRF,"0 - Artigo 28, § 9º da Lei n° 8.212/91",9 - Artigo 4º da Lei nº 9.250/95,0 - Artigo 15 da Lei n° 8.036/90,2026-03-28 04:05:08.371145,f,,pendente,
74,256,REEMB. DESC. REFEICAO (PAT),"1806 - Alimentação em ticket ou cartão, vinculada ao PAT",0,9,0,-,"0 - Artigo 28, inciso I, da Lei n° 8.212/91","9 - artigo 35, inciso I, alínea p do Decreto n° 9.580/2018",0 - Artigo 15 da Lei n° 8.036/90,2026-03-28 04:05:08.371145,f,,pendente,
75,257,ABONO DE FERIAS ARTº 143 (Ferias),1023 - Férias - abono pecuniário,0,75,0,-,"0 - Artigo 28, § 9º da Lei n° 8.212/91","75 - Artigo 1º da IN RFB n° 936/2009; itens 5, 6 e 7 da Parecer PGFN/PGA nº 2.683/200813 - Solução de consulta cosit 209/2021","0 - Artigo 15, § 6º da Lei n° 8.036/90",2026-03-28 04:05:08.371145,f,,pendente,
76,258,1/3 S/ABONO FERIAS ARTº 143 (Ferias),1019 -,0,75,0,"Rubrica com inconsistência de INSS, IRRF e FGTS",Rubrica não encontrada,Rubrica não encontrada,Rubrica não encontrada,2026-03-28 04:05:08.371145,f,,pendente,
77,260,DIF. CCT S/FERIAS,"1000 - Salário, vencimento, soldo ou subsídio",11,11,11,-,"11 - Artigo 28, inciso I, da Lei n° 8.212/91",11 - Artigos 3º e 7º da Lei nº 7.713/88,11 - Artigo 15 da Lei n° 8.036/90,2026-03-28 04:05:08.371145,f,,pendente,
78,265,REEMB. EMPRESTIMO CONSIGNADO,6129 - Outras verbas não remuneratórias (indenizatórias ou multas),0,9,0,Rubrica com inconsistência de IRRF,"0 - Artigo 28, inciso I, da Lei n° 8.212/91","79 - Artigos 6 da Lei nº 7.713/88 e Artigo 2° da Lei n° 8.036/90, e artigo 65 do Decreto n° 9.580/2018",0 - Artigo 15 da Lei n° 8.036/90,2026-03-28 04:05:08.371145,f,,pendente,
79,268,DIF GRATIFICACAO MES ANT,1211 - Gratificações,11,11,11,-,"11 - Artigo 28, inciso I, da Lei n° 8.212/91",11 - Artigos 3º e 7º da Lei nº 7.713/88,11 - Artigo 15 da Lei n° 8.036/90,2026-03-28 04:05:08.371145,f,,pendente,
80,270,H E 50% - ART. 71,1003 - Horas extraordinárias,11,11,11,-,"11 - Artigo 28, inciso I, da Lei n° 8.212/91",11 - Artigos 3º e 7º da Lei nº 7.713/88,11 - Artigo 15 da Lei n° 8.036/90,2026-03-28 04:05:08.371145,f,,pendente,
81,273,ARREDONDAMENTO,2999 - Arredondamentos,0,9,0,-,"0 - Artigo 28, § 9º da Lei n° 8.212/91",9 - Artigos 3º e 7º da Lei nº 7.713/88,"0 - Artigo 15, § 6º da Lei n° 8.036/90",2026-03-28 04:05:08.371145,f,,pendente,
82,275,VALE REFEIÇÃO,"1806 - Alimentação em ticket ou cartão, vinculada ao PAT",0,9,0,-,"0 - Artigo 28, inciso I, da Lei n° 8.212/91","9 - artigo 35, inciso I, alínea p do Decreto n° 9.580/2018",0 - Artigo 15 da Lei n° 8.036/90,2026-03-28 04:05:08.371145,f,,pendente,
83,277,PAGTO. VALE REFEICAO,"1806 - Alimentação em ticket ou cartão, vinculada ao PAT",0,9,0,-,"0 - Artigo 28, inciso I, da Lei n° 8.212/91","9 - artigo 35, inciso I, alínea p do Decreto n° 9.580/2018",0 - Artigo 15 da Lei n° 8.036/90,2026-03-28 04:05:08.371145,f,,pendente,
84,278,PAGTO. CESTA BASICA,"1808 - Alimentação concedida sob a forma de cesta básica ou refeição, por empresa vinculada ao PAT",0,9,0,-,"0 - Artigo 28, inciso I, da Lei n° 8.212/91","9 - artigo 35, inciso I, alínea p do Decreto n° 9.580/2018",0 - Artigo 15 da Lei n° 8.036/90,2026-03-28 04:05:08.371145,f,,pendente,
85,279,DEVOL DESC. ASSIST. MEDICA,1405 - Assistência médica,0,0,0,Rubrica com inconsistência de IRRF,"0 - Artigo 28, § 9º da Lei n° 8.212/91","9 - artigo 35, inciso I, alínea p do Decreto n° 9.580/2018",0 - Artigo 15 da Lei n° 8.036/90,2026-03-28 04:05:08.371145,f,,pendente,
86,282,ADIANTAMENTO NORMAL,5501 - Adiantamento de salários,0,11,0,-,"0 - Artigo 28, § 9º da Lei n° 8.212/91",11 - Artigos 3º e 7º da Lei nº 7.713/889 - Artigos 3º e 7º da Lei nº 7.713/88,"0 - Artigo 15, § 6º da Lei n° 8.036/90",2026-03-28 04:05:08.371145,f,,pendente,
87,284,PAGTO. VALE ALIMENTACAO,"1806 - Alimentação em ticket ou cartão, vinculada ao PAT",0,9,0,-,"0 - Artigo 28, inciso I, da Lei n° 8.212/91","9 - artigo 35, inciso I, alínea p do Decreto n° 9.580/2018",0 - Artigo 15 da Lei n° 8.036/90,2026-03-28 04:05:08.371145,f,,pendente,
88,288,ANTECIPACAO 13º SALARIO,5504 - 13º salário - Adiantamento,0,9,12,-,"0 - Artigo 28, § 9º da Lei n° 8.212/91",9 - Artigo 26 da Lei nº 7.713/88,12 - Artigo 15 da Lei n° 8.036/90,2026-03-28 04:05:08.371145,f,,pendente,
89,289,MEDIAS ANTECIPACAO 13º SALARIO,5504 - 13º salário - Adiantamento,0,9,12,-,"0 - Artigo 28, § 9º da Lei n° 8.212/91",9 - Artigo 26 da Lei nº 7.713/88,12 - Artigo 15 da Lei n° 8.036/90,2026-03-28 04:05:08.371145,f,,pendente,
90,291,ADIC. INSALUBRIDADE S/1ª 13º SALARIO,5504 - 13º salário - Adiantamento,0,0,12,Rubrica com inconsistência de IRRF,"0 - Artigo 28, § 9º da Lei n° 8.212/91",9 - Artigo 26 da Lei nº 7.713/88,12 - Artigo 15 da Lei n° 8.036/90,2026-03-28 04:05:08.371145,f,,pendente,
91,292,ADIC. NOT MES ANT C/30%,1205 - Adicional noturno,11,11,11,-,"11 - Artigo 28, inciso I, da Lei n° 8.212/91",11 - Artigos 3º e 7º da Lei nº 7.713/88,11 - Artigo 15 da Lei n° 8.036/90,2026-03-28 04:05:08.371145,f,,pendente,
68,241,SALÁRIO FAMILIA MES ANTERIOR,1409 - Salário-família,51,0,0,Rubrica com inconsistência de IRRF,"51 - Artigo 28, inciso I, da Lei n° 8.212/91","79 - Artigos 5º, inciso VII da IN 1500/2014",0 - Artigo 15 da Lei n° 8.036/90,2026-03-28 04:05:08.371145,t,2026-03-28 19:21:51.438815,feito,2018-02
67,240,REEMB. SALARIO FAMILIA,1409 - Salário-família,51,0,0,Rubrica com inconsistência de IRRF,"51 - Artigo 28, inciso I, da Lei n° 8.212/91","79 - Artigos 5º, inciso VII da IN 1500/2014",0 - Artigo 15 da Lei n° 8.036/90,2026-03-28 04:05:08.371145,t,2026-03-28 19:20:33.873971,feito,2018-02
92,293,F.G.T.S. S/13º SALARIO,9908 - FGTS - depósito,0,0,0,Rubrica com inconsistência de IRRF,"0 - Artigo 28, § 9º da Lei n° 8.212/91",9 - Artigo 7º da Lei nº 8.134/90,"0 - Artigo 15, § 6º da Lei n° 8.036/90",2026-03-28 04:05:08.371145,f,,pendente,
93,294,DESP DE VIAGENS,"1621 - Ressarcimento de despesas de viagem, exceto despesas com veículos",0,0,0,Rubrica com inconsistência de IRRF,"0 - Artigo 28, § 9º da Lei n° 8.212/91","9 - Artigo 6º, inciso II da Lei nº 7.713/88","0 - Artigo 15, § 6º da Lei n° 8.036/90",2026-03-28 04:05:08.371145,f,,pendente,
94,295,REEMB. ASSIST. MEDICA,1405 - Assistência médica,0,0,0,Rubrica com inconsistência de IRRF,"0 - Artigo 28, § 9º da Lei n° 8.212/91","9 - artigo 35, inciso I, alínea p do Decreto n° 9.580/2018",0 - Artigo 15 da Lei n° 8.036/90,2026-03-28 04:05:08.371145,f,,pendente,
95,299,ADIC. SALARIO,1211 - Gratificações,11,11,11,-,"11 - Artigo 28, inciso I, da Lei n° 8.212/91",11 - Artigos 3º e 7º da Lei nº 7.713/88,11 - Artigo 15 da Lei n° 8.036/90,2026-03-28 04:05:08.371145,f,,pendente,
96,303,REEMB. DESC. FALTAS E ATRASOS,"1000 - Salário, vencimento, soldo ou subsídio",11,11,11,-,"11 - Artigo 28, inciso I, da Lei n° 8.212/91",11 - Artigos 3º e 7º da Lei nº 7.713/88,11 - Artigo 15 da Lei n° 8.036/90,2026-03-28 04:05:08.371145,f,,pendente,
97,305,REEMB.V.REFEICAO./ ALIM. REF. EXTRAS,"1806 - Alimentação em ticket ou cartão, vinculada ao PAT",0,9,0,-,"0 - Artigo 28, inciso I, da Lei n° 8.212/91","9 - artigo 35, inciso I, alínea p do Decreto n° 9.580/2018",0 - Artigo 15 da Lei n° 8.036/90,2026-03-28 04:05:08.371145,f,,pendente,
98,312,COMPLEMENTO PGTO.,"1000 - Salário, vencimento, soldo ou subsídio",11,11,11,-,"11 - Artigo 28, inciso I, da Lei n° 8.212/91",11 - Artigos 3º e 7º da Lei nº 7.713/88,11 - Artigo 15 da Lei n° 8.036/90,2026-03-28 04:05:08.371145,f,,pendente,
99,314,DIF. CESTA BASICA,"1808 - Alimentação concedida sob a forma de cesta básica ou refeição, por empresa vinculada ao PAT",0,9,0,-,"0 - Artigo 28, inciso I, da Lei n° 8.212/91","9 - artigo 35, inciso I, alínea p do Decreto n° 9.580/2018",0 - Artigo 15 da Lei n° 8.036/90,2026-03-28 04:05:08.371145,f,,pendente,
100,320,SOBRE AVISO,1011 - Sobreaviso e prontidão,11,11,11,-,"11 - Artigo 28, inciso I, da Lei n° 8.212/91",11 - Artigos 3º e 7º da Lei nº 7.713/88,11 - Artigo 15 da Lei n° 8.036/90,2026-03-28 04:05:08.371145,f,,pendente,
101,335,AVISO PREVIO INDENIZADO,9989 - Outros valores informativos,0,9,0,-,"0 - Artigo 28, inciso I, da Lei n° 8.212/91",9 - Artigo 12-A da Lei nº 7.713/88,0 - Artigo 15 da Lei n° 8.036/90,2026-03-28 04:05:08.371145,f,,pendente,
102,339,DEVOLUCAO FALTAS / DSR,"1000 - Salário, vencimento, soldo ou subsídio",11,11,11,-,"11 - Artigo 28, inciso I, da Lei n° 8.212/91",11 - Artigos 3º e 7º da Lei nº 7.713/88,11 - Artigo 15 da Lei n° 8.036/90,2026-03-28 04:05:08.371145,f,,pendente,
103,341,DIF. CCT/2019,"1000 - Salário, vencimento, soldo ou subsídio",11,11,11,-,"11 - Artigo 28, inciso I, da Lei n° 8.212/91",11 - Artigos 3º e 7º da Lei nº 7.713/88,11 - Artigo 15 da Lei n° 8.036/90,2026-03-28 04:05:08.371145,f,,pendente,
104,342,DIF. CESTA BASICA CCT,"9243 - Cesta básica ou refeição, vinculada ao PAT - Desconto",0,0,0,Rubrica com inconsistência de IRRF,"0 - Artigo 28, §9º da Lei n° 8.212/91",9 - Artigos 3º e 7º da Lei nº 7.713/88,0 - Artigo 15 da Lei n° 8.036/90,2026-03-28 04:05:08.371145,f,,pendente,
105,343,DIF. VALE REFEICAO CCT,"1806 - Alimentação em ticket ou cartão, vinculada ao PAT",0,9,0,-,"0 - Artigo 28, inciso I, da Lei n° 8.212/91","9 - artigo 35, inciso I, alínea p do Decreto n° 9.580/2018",0 - Artigo 15 da Lei n° 8.036/90,2026-03-28 04:05:08.371145,f,,pendente,
106,346,DIFERENCA DE SALARIO,"1000 - Salário, vencimento, soldo ou subsídio",11,11,11,-,"11 - Artigo 28, inciso I, da Lei n° 8.212/91",11 - Artigos 3º e 7º da Lei nº 7.713/88,11 - Artigo 15 da Lei n° 8.036/90,2026-03-28 04:05:08.371145,f,,pendente,
107,347,FERIAS VENCIDAS INDENIZADAS (Rescisao),6007 - Férias vencidas na rescisão,0,9,0,Rubrica com inconsistência de IRRF,"0 - Artigo 28, § 9º da Lei n° 8.212/91","74 - Artigo 6º, inciso V da Lei nº 7.713/88; artigo 682 do Decreto nº 9.580/2018; ADI SRF 14/2005","0 - Artigo 15, § 6º da Lei n° 8.036/90",2026-03-28 04:05:08.371145,f,,pendente,
108,348,1/3 FERIAS VENCIDAS INDENIZADAS (Rescisao),6007 - Férias vencidas na rescisão,0,9,0,Rubrica com inconsistência de IRRF,"0 - Artigo 28, § 9º da Lei n° 8.212/91","74 - Artigo 6º, inciso V da Lei nº 7.713/88; artigo 682 do Decreto nº 9.580/2018; ADI SRF 14/2005","0 - Artigo 15, § 6º da Lei n° 8.036/90",2026-03-28 04:05:08.371145,f,,pendente,
109,349,AVISO PREVIO INDENIZADO (Lei 12506),6003 - Indenização compensatória do aviso-prévio,0,9,21,Rubrica com inconsistência de IRRF,"0 - Artigo 28, § 9º da Lei n° 8.212/91","74 - Artigo 6º, inciso V da Lei nº 7.713/88",21 - Artigo 15 da Lei n° 8.036/90 e Súmula 305 do TST,2026-03-28 04:05:08.371145,f,,pendente,
110,350,FERIAS NORMAIS (Ferias),1016 - Férias - Gozadas,11,13,11,-,"11 - Artigo 28, inciso I, da Lei n° 8.212/910 - Artigo 28, inciso I, da Lei n° 8.212/91",13 - Artigos 3º e 7º da Lei nº 7.713/889 - valor do pagamento informar no 1015,11 - Artigo 15 da Lei n° 8.036/900 - Artigo 15 da Lei n° 8.036/90,2026-03-28 04:05:08.371145,f,,pendente,
111,351,1/3 FERIAS NORMAIS (Ferias),1017 - Férias - Gozadas,11,13,11,-,"11 - Artigo 28, inciso I, da Lei n° 8.212/91",13 - Artigos 3º e 7º da Lei nº 7.713/889 - valor do pagamento informar no 1015,11 - http://www.planalto.gov.br/ccivil_03/leis/l7713.htm,2026-03-28 04:05:08.371145,f,,pendente,
112,353,AVISO PREVIO INDENIZADO,6003 - Indenização compensatória do aviso-prévio,0,0,21,Rubrica com inconsistência de IRRF,"0 - Artigo 28, § 9º da Lei n° 8.212/91","74 - Artigo 6º, inciso V da Lei nº 7.713/88",21 - Artigo 15 da Lei n° 8.036/90 e Súmula 305 do TST,2026-03-28 04:05:08.371145,f,,pendente,
113,354,MEDIAS S/AVISO PREVIO INDENIZADO,6003 - Indenização compensatória do aviso-prévio,0,0,21,Rubrica com inconsistência de IRRF,"0 - Artigo 28, § 9º da Lei n° 8.212/91","74 - Artigo 6º, inciso V da Lei nº 7.713/88",21 - Artigo 15 da Lei n° 8.036/90 e Súmula 305 do TST,2026-03-28 04:05:08.371145,f,,pendente,
114,357,FERIAS PROPORCIONAIS (Rescisao),6006 - Férias proporcionais,0,9,0,Rubrica com inconsistência de IRRF,"0 - Artigo 28, § 9º da Lei n° 8.212/91","74 - Artigo 6º, inciso V da Lei nº 7.713/88; artigo 682 do Decreto nº 9.580/2018; ADI SRF 14/2005","0 - Artigo 15, § 6º da Lei n° 8.036/90",2026-03-28 04:05:08.371145,f,,pendente,
115,358,1/3 FERIAS PROPORCIONAIS (Rescisao),6006 - Férias proporcionais,0,9,0,Rubrica com inconsistência de IRRF,"0 - Artigo 28, § 9º da Lei n° 8.212/91","74 - Artigo 6º, inciso V da Lei nº 7.713/88; artigo 682 do Decreto nº 9.580/2018; ADI SRF 14/2005","0 - Artigo 15, § 6º da Lei n° 8.036/90",2026-03-28 04:05:08.371145,f,,pendente,
116,359,ADIC. FERIAS INDENIZADAS (Rescisao),6007 - Férias vencidas na rescisão,0,9,0,Rubrica com inconsistência de IRRF,"0 - Artigo 28, § 9º da Lei n° 8.212/91","74 - Artigo 6º, inciso V da Lei nº 7.713/88; artigo 682 do Decreto nº 9.580/2018; ADI SRF 14/2005","0 - Artigo 15, § 6º da Lei n° 8.036/90",2026-03-28 04:05:08.371145,f,,pendente,
117,360,1/3 ADIC. FERIAS INDENIZADAS (Rescisao),6007 - Férias vencidas na rescisão,0,9,0,Rubrica com inconsistência de IRRF,"0 - Artigo 28, § 9º da Lei n° 8.212/91","74 - Artigo 6º, inciso V da Lei nº 7.713/88; artigo 682 do Decreto nº 9.580/2018; ADI SRF 14/2005","0 - Artigo 15, § 6º da Lei n° 8.036/90",2026-03-28 04:05:08.371145,f,,pendente,
118,361,ADIC. FERIAS S/AVISO PREVIO,6007 - Férias vencidas na rescisão,0,13,0,Rubrica com inconsistência de IRRF,"0 - Artigo 28, § 9º da Lei n° 8.212/91","74 - Artigo 6º, inciso V da Lei nº 7.713/88; artigo 682 do Decreto nº 9.580/2018; ADI SRF 14/2005","0 - Artigo 15, § 6º da Lei n° 8.036/90",2026-03-28 04:05:08.371145,f,,pendente,
119,363,EMPRESTIMO SALDO NEGATIVO,2930 - Insuficiência de saldo,0,0,0,Rubrica com inconsistência de IRRF,0 - Sem previsão legal.,9 - Sem previsão legal.,0 - Sem previsão legal.,2026-03-28 04:05:08.371145,f,,pendente,
120,366,DEVOL. I.N.S.S.- FOLHA,1623 - Ressarcimento de provisão,0,9,0,-,"0 - Artigo 28, inciso I, da Lei n° 8.212/91","9 - artigo 35, inciso I, alínea p do Decreto n° 9.580/2018",0 - Artigo 15 da Lei n° 8.036/90,2026-03-28 04:05:08.371145,f,,pendente,
121,367,13º SALARIO PROP. S/AVISO PREVIO (Lei 12506),6001 - 13º salário relativo ao aviso-prévio indenizado,12,12,21,Rubrica com inconsistência de IRRF,"12 - Artigo 28, inciso I, da Lei n° 8.212/91","74 - 1.500/2014 (art. 7º, inciso III)",21 - Artigo 15 da Lei n° 8.036/90,2026-03-28 04:05:08.371145,f,,pendente,
122,368,FERIAS S/AVISO PREVIO INDENIZADO (Lei 12506),6007 - Férias vencidas na rescisão,0,9,0,Rubrica com inconsistência de IRRF,"0 - Artigo 28, § 9º da Lei n° 8.212/91","74 - Artigo 6º, inciso V da Lei nº 7.713/88; artigo 682 do Decreto nº 9.580/2018; ADI SRF 14/2005","0 - Artigo 15, § 6º da Lei n° 8.036/90",2026-03-28 04:05:08.371145,f,,pendente,
123,369,1/3 FERIAS S/AVISO PREVIO INDENIZADO (Lei 12506),6007 - Férias vencidas na rescisão,0,9,0,Rubrica com inconsistência de IRRF,"0 - Artigo 28, § 9º da Lei n° 8.212/91","74 - Artigo 6º, inciso V da Lei nº 7.713/88; artigo 682 do Decreto nº 9.580/2018; ADI SRF 14/2005","0 - Artigo 15, § 6º da Lei n° 8.036/90",2026-03-28 04:05:08.371145,f,,pendente,
124,370,13º SALARIO INDENIZADO,6002 - 13° salário proporcional na rescisão,12,12,12,-,"12 - Artigo 28, inciso I, da Lei n° 8.212/91",12 - Artigos 3º e 7º da Lei nº 7.713/88,12 - Artigo 15 da Lei n° 8.036/90,2026-03-28 04:05:08.371145,f,,pendente,
125,371,13º SALARIO PROP. S/AVISO PREVIO,6001 - 13º salário relativo ao aviso-prévio indenizado,12,12,21,Rubrica com inconsistência de IRRF,"12 - Artigo 28, inciso I, da Lei n° 8.212/91","74 - 1.500/2014 (art. 7º, inciso III)",21 - Artigo 15 da Lei n° 8.036/90,2026-03-28 04:05:08.371145,f,,pendente,
126,372,FERIAS S/AVISO PREVIO INDENIZADO,6006 - Férias proporcionais,0,9,0,Rubrica com inconsistência de IRRF,"0 - Artigo 28, § 9º da Lei n° 8.212/91","74 - Artigo 6º, inciso V da Lei nº 7.713/88; artigo 682 do Decreto nº 9.580/2018; ADI SRF 14/2005","0 - Artigo 15, § 6º da Lei n° 8.036/90",2026-03-28 04:05:08.371145,f,,pendente,
127,373,1/3 FERIAS S/AVISO PREVIO INDENIZADO,6006 - Férias proporcionais,0,9,0,Rubrica com inconsistência de IRRF,"0 - Artigo 28, § 9º da Lei n° 8.212/91","74 - Artigo 6º, inciso V da Lei nº 7.713/88; artigo 682 do Decreto nº 9.580/2018; ADI SRF 14/2005","0 - Artigo 15, § 6º da Lei n° 8.036/90",2026-03-28 04:05:08.371145,f,,pendente,
128,374,1/3 ADIC. FERIAS S/AVISO PREVIO,6006 - Férias proporcionais,0,9,0,Rubrica com inconsistência de IRRF,"0 - Artigo 28, § 9º da Lei n° 8.212/91","74 - Artigo 6º, inciso V da Lei nº 7.713/88; artigo 682 do Decreto nº 9.580/2018; ADI SRF 14/2005","0 - Artigo 15, § 6º da Lei n° 8.036/90",2026-03-28 04:05:08.371145,f,,pendente,
129,375,ADIC. 13º SALARIO S/AVISO PREVIO,6001 - 13º salário relativo ao aviso-prévio indenizado,12,12,21,Rubrica com inconsistência de IRRF,"12 - Artigo 28, inciso I, da Lei n° 8.212/91","74 - 1.500/2014 (art. 7º, inciso III)",21 - Artigo 15 da Lei n° 8.036/90,2026-03-28 04:05:08.371145,f,,pendente,
130,379,REEMB VALE REFEICAO/ ALIMENTACAO,"1806 - Alimentação em ticket ou cartão, vinculada ao PAT",0,9,0,-,"0 - Artigo 28, inciso I, da Lei n° 8.212/91","9 - artigo 35, inciso I, alínea p do Decreto n° 9.580/2018",0 - Artigo 15 da Lei n° 8.036/90,2026-03-28 04:05:08.371145,f,,pendente,
131,381,ADIC. INSALUBRIDADE S/13º SALARIO,5001 - 13º salário,12,12,12,-,"12 - Artigo 28, inciso I, da Lei n° 8.212/91",12 - Artigos 3º e 7º da Lei nº 7.713/88,12 - Artigo 15 da Lei n° 8.036/90,2026-03-28 04:05:08.371145,f,,pendente,
132,384,EMPRESTIMO FOLHA,2930 - Insuficiência de saldo,0,0,0,Rubrica com inconsistência de IRRF,0 - Sem previsão legal.,9 - Sem previsão legal.,0 - Sem previsão legal.,2026-03-28 04:05:08.371145,f,,pendente,
133,390,SALARIO MATERNIDADE,4050 - Salário maternidade,21,11,11,-,"21 - Artigo 28, inciso I, da Lei n° 8.212/9115 - IN 2185/2024",11 - Artigos 3º e 7º da Lei nº 7.713/88,11 - Artigo 15 da Lei n° 8.036/90,2026-03-28 04:05:08.371145,f,,pendente,
134,393,F.G.T.S. S/AVISO PREVIO (Rescisao),9908 - FGTS - depósito,0,0,0,Rubrica com inconsistência de IRRF,"0 - Artigo 28, § 9º da Lei n° 8.212/91",9 - Artigo 7º da Lei nº 8.134/90,"0 - Artigo 15, § 6º da Lei n° 8.036/90",2026-03-28 04:05:08.371145,f,,pendente,
135,396,DEVOL. I.N.S.S. - 13º SALARIO,1623 - Ressarcimento de provisão,0,11,0,Rubrica com inconsistência de IRRF,"0 - Artigo 28, inciso I, da Lei n° 8.212/91","9 - artigo 35, inciso I, alínea p do Decreto n° 9.580/2018",0 - Artigo 15 da Lei n° 8.036/90,2026-03-28 04:05:08.371145,f,,pendente,
136,402,PREMIO TEMPO DE SERVICO,1206 - Adicional por tempo de serviço,11,11,11,-,"11 - Artigo 28, inciso I, da Lei n° 8.212/91",11 - Artigos 3º e 7º da Lei nº 7.713/88,11 - Artigo 15 da Lei n° 8.036/90,2026-03-28 04:05:08.371145,f,,pendente,
137,403,COMPLEMENTO FERIAS (DISSIDIO),1016 - Férias - Gozadas,11,13,11,-,"11 - Artigo 28, inciso I, da Lei n° 8.212/910 - Artigo 28, inciso I, da Lei n° 8.212/91",13 - Artigos 3º e 7º da Lei nº 7.713/889 - valor do pagamento informar no 1015,11 - Artigo 15 da Lei n° 8.036/900 - Artigo 15 da Lei n° 8.036/90,2026-03-28 04:05:08.371145,f,,pendente,
138,404,DIF. FERIAS,1016 - Férias - Gozadas,11,13,11,-,"11 - Artigo 28, inciso I, da Lei n° 8.212/910 - Artigo 28, inciso I, da Lei n° 8.212/91",13 - Artigos 3º e 7º da Lei nº 7.713/889 - valor do pagamento informar no 1015,11 - Artigo 15 da Lei n° 8.036/900 - Artigo 15 da Lei n° 8.036/90,2026-03-28 04:05:08.371145,f,,pendente,
139,405,MEDIAS FERIAS (Ferias),1016 - Férias - Gozadas,11,13,11,-,"11 - Artigo 28, inciso I, da Lei n° 8.212/910 - Artigo 28, inciso I, da Lei n° 8.212/91",13 - Artigos 3º e 7º da Lei nº 7.713/889 - valor do pagamento informar no 1015,11 - Artigo 15 da Lei n° 8.036/900 - Artigo 15 da Lei n° 8.036/90,2026-03-28 04:05:08.371145,f,,pendente,
140,406,1/3 MEDIAS FERIAS (Ferias),1017 - Férias - Gozadas,11,13,11,-,"11 - Artigo 28, inciso I, da Lei n° 8.212/91",13 - Artigos 3º e 7º da Lei nº 7.713/889 - valor do pagamento informar no 1015,11 - http://www.planalto.gov.br/ccivil_03/leis/l7713.htm,2026-03-28 04:05:08.371145,f,,pendente,
141,407,MEDIAS FERIAS S/ABONO (Ferias),1023 - Férias - abono pecuniário,0,75,0,-,"0 - Artigo 28, § 9º da Lei n° 8.212/91","75 - Artigo 1º da IN RFB n° 936/2009; itens 5, 6 e 7 da Parecer PGFN/PGA nº 2.683/200813 - Solução de consulta cosit 209/2021","0 - Artigo 15, § 6º da Lei n° 8.036/90",2026-03-28 04:05:08.371145,f,,pendente,
142,408,1/3 MEDIAS FERIAS S/ABONO (Ferias),1023 - Férias - abono pecuniário,0,75,0,-,"0 - Artigo 28, § 9º da Lei n° 8.212/91","75 - Artigo 1º da IN RFB n° 936/2009; itens 5, 6 e 7 da Parecer PGFN/PGA nº 2.683/200813 - Solução de consulta cosit 209/2021","0 - Artigo 15, § 6º da Lei n° 8.036/90",2026-03-28 04:05:08.371145,f,,pendente,
143,420,ABONO PECUNIARIO RODOVIARIOS,1403 - Abono legal,0,75,0,Rubrica com inconsistência de IRRF,"0 - Artigo 28, inciso I, da Lei n° 8.212/91",11 - Artigos 3º e 7º da Lei nº 7.713/88,0 - Artigo 15 da Lei n° 8.036/90,2026-03-28 04:05:08.371145,f,,pendente,
144,421,AJUDA DE CUSTO,1603 - Ajuda de custo,0,73,0,-,"0 - Artigo 28, § 9º da Lei n° 8.212/91","73 - Artigo 6°, inciso XX, da Lei nº 7.713/88","0 - Artigo 15, § 6º da Lei n° 8.036/90",2026-03-28 04:05:08.371145,f,,pendente,
145,426,COMBUSTIVEL,1620 - Ressarcimento de despesas pelo uso de veículo próprio,0,0,0,Rubrica com inconsistência de IRRF,"0 - Artigo 28, § 9º da Lei n° 8.212/91",11 - Artigos 3º e 7º da Lei nº 7.713/88; Acórdão nº 10-39726/2012,"0 - Artigo 15, § 6º da Lei n° 8.036/90",2026-03-28 04:05:08.371145,f,,pendente,
146,428,REEMBOLSO DESC. INDEVIDO,1629 - Ressarcimento de outras despesas  em caráter indenizatório patrimonial,0,9,0,-,"0 - Artigo 28, § 9º da Lei n° 8.212/91",9 - Artigo 6º da Lei nº 7.713/88,"0 - Artigo 15, § 6º da Lei n° 8.036/90",2026-03-28 04:05:08.371145,f,,pendente,
147,430,DEVOLUCAO DESC. VT,1629 - Ressarcimento de outras despesas  em caráter indenizatório patrimonial,0,0,0,Rubrica com inconsistência de IRRF,"0 - Artigo 28, § 9º da Lei n° 8.212/91",9 - Artigo 6º da Lei nº 7.713/88,"0 - Artigo 15, § 6º da Lei n° 8.036/90",2026-03-28 04:05:08.371145,f,,pendente,
148,431,DEVOLUCAO DESC. MULTAS TRANSITO,2920 - Reembolsos diversos,0,0,0,Rubrica com inconsistência de IRRF,"11 - Artigo 28, inciso I, da Lei n° 8.212/910 - Artigo 28, inciso I, da Lei n° 8.212/91",11 - Artigos 3º e 7º da Lei nº 7.713/88,"11 - Artigo 15 da Lei n° 8.036/900 - Artigo 15, § 6º da Lei n° 8.036/90",2026-03-28 04:05:08.371145,f,,pendente,
149,439,HORAS EXTRAS 100% MES ANTERIOR,1003 - Horas extraordinárias,11,11,11,-,"11 - Artigo 28, inciso I, da Lei n° 8.212/91",11 - Artigos 3º e 7º da Lei nº 7.713/88,11 - Artigo 15 da Lei n° 8.036/90,2026-03-28 04:05:08.371145,f,,pendente,
150,441,HORAS EXTRAS 50% MES ANTERIOR,1003 - Horas extraordinárias,11,11,11,-,"11 - Artigo 28, inciso I, da Lei n° 8.212/91",11 - Artigos 3º e 7º da Lei nº 7.713/88,11 - Artigo 15 da Lei n° 8.036/90,2026-03-28 04:05:08.371145,f,,pendente,
151,444,DIF. VA E VR - CCT,"1806 - Alimentação em ticket ou cartão, vinculada ao PAT",0,9,0,-,"0 - Artigo 28, inciso I, da Lei n° 8.212/91","9 - artigo 35, inciso I, alínea p do Decreto n° 9.580/2018",0 - Artigo 15 da Lei n° 8.036/90,2026-03-28 04:05:08.371145,f,,pendente,
152,449,GRATIFICACAO,1211 - Gratificações,11,11,11,-,"11 - Artigo 28, inciso I, da Lei n° 8.212/91",11 - Artigos 3º e 7º da Lei nº 7.713/88,11 - Artigo 15 da Lei n° 8.036/90,2026-03-28 04:05:08.371145,f,,pendente,
153,457,ADIC. NOTURNO C/20%,1205 - Adicional noturno,11,11,11,-,"11 - Artigo 28, inciso I, da Lei n° 8.212/91",11 - Artigos 3º e 7º da Lei nº 7.713/88,11 - Artigo 15 da Lei n° 8.036/90,2026-03-28 04:05:08.371145,f,,pendente,
154,459,13 SALARIO,5001 - 13º salário,12,12,12,-,"12 - Artigo 28, inciso I, da Lei n° 8.212/91",12 - Artigos 3º e 7º da Lei nº 7.713/88,12 - Artigo 15 da Lei n° 8.036/90,2026-03-28 04:05:08.371145,f,,pendente,
155,462,DESC H EXTRAS 50% - MES ANT,1003 - Horas extraordinárias,11,11,11,-,"11 - Artigo 28, inciso I, da Lei n° 8.212/91",11 - Artigos 3º e 7º da Lei nº 7.713/88,11 - Artigo 15 da Lei n° 8.036/90,2026-03-28 04:05:08.371145,f,,pendente,
156,464,DIF. 13º SALARIO,5001 - 13º salário,12,12,12,-,"12 - Artigo 28, inciso I, da Lei n° 8.212/91",12 - Artigos 3º e 7º da Lei nº 7.713/88,12 - Artigo 15 da Lei n° 8.036/90,2026-03-28 04:05:08.371145,f,,pendente,
157,465,DIF. 13º SALARIO,5001 - 13º salário,12,12,12,-,"12 - Artigo 28, inciso I, da Lei n° 8.212/91",12 - Artigos 3º e 7º da Lei nº 7.713/88,12 - Artigo 15 da Lei n° 8.036/90,2026-03-28 04:05:08.371145,f,,pendente,
158,469,13º SALARIO S/SALARIO MATERNIDADE,4051 - Salário maternidade - 13º salário,22,12,12,-,"22 - Artigo 28, inciso I, da Lei n° 8.212/91",12 - Artigo 26 da Lei nº 7.713/88,12 - Artigo 15 da Lei n° 8.036/90,2026-03-28 04:05:08.371145,f,,pendente,
159,470,13º SALARIO,5001 - 13º salário,12,12,12,-,"12 - Artigo 28, inciso I, da Lei n° 8.212/91",12 - Artigos 3º e 7º da Lei nº 7.713/88,12 - Artigo 15 da Lei n° 8.036/90,2026-03-28 04:05:08.371145,f,,pendente,
160,478,ARTIGO 477,6106 - Multa do art. 477 da CLT.,0,0,0,Rubrica com inconsistência de IRRF,"0 - Artigo 28, § 9º da Lei n° 8.212/91","74 - Artigo 6º, inciso V da Lei nº 7.713/88","0 - Artigo 15, § 6º da Lei n° 8.036/90",2026-03-28 04:05:08.371145,f,,pendente,
161,479,INDENIZACAO ARTº 479,6104 - Indenização do art. 479 da CLT,0,0,0,Rubrica com inconsistência de IRRF,"0 - Artigo 28, § 9º da Lei n° 8.212/91","74 - Artigo 6º, inciso V da Lei nº 7.713/88 e artigo 28 da Lei nº 8.036/90","0 - Artigo 15, § 6º da Lei n° 8.036/90",2026-03-28 04:05:08.371145,f,,pendente,
162,480,ADIC. S/13º SALARIO,5001 - 13º salário,12,12,12,-,"12 - Artigo 28, inciso I, da Lei n° 8.212/91",12 - Artigos 3º e 7º da Lei nº 7.713/88,12 - Artigo 15 da Lei n° 8.036/90,2026-03-28 04:05:08.371145,f,,pendente,
163,481,ADIC. 13º SALARIO S/AVISO PREVIO,6001 - 13º salário relativo ao aviso-prévio indenizado,12,12,21,Rubrica com inconsistência de IRRF,"12 - Artigo 28, inciso I, da Lei n° 8.212/91","74 - 1.500/2014 (art. 7º, inciso III)",21 - Artigo 15 da Lei n° 8.036/90,2026-03-28 04:05:08.371145,f,,pendente,
164,482,ADIC. PERICULOSIDADE S/2ª PARCELA 13º SALARIO,5001 - 13º salário,12,12,12,-,"12 - Artigo 28, inciso I, da Lei n° 8.212/91",12 - Artigos 3º e 7º da Lei nº 7.713/88,12 - Artigo 15 da Lei n° 8.036/90,2026-03-28 04:05:08.371145,f,,pendente,
165,483,F.G.T.S. MES ANTERIOR,9908 - FGTS - depósito,0,0,0,Rubrica com inconsistência de IRRF,"0 - Artigo 28, § 9º da Lei n° 8.212/91",9 - Artigo 7º da Lei nº 8.134/90,"0 - Artigo 15, § 6º da Lei n° 8.036/90",2026-03-28 04:05:08.371145,f,,pendente,
166,488,DIF. VALE REFEICAO,"1806 - Alimentação em ticket ou cartão, vinculada ao PAT",0,9,0,-,"0 - Artigo 28, inciso I, da Lei n° 8.212/91","9 - artigo 35, inciso I, alínea p do Decreto n° 9.580/2018",0 - Artigo 15 da Lei n° 8.036/90,2026-03-28 04:05:08.371145,f,,pendente,
167,490,DIF. ASSISTENCIA MEDICA,1405 - Assistência médica,0,0,0,Rubrica com inconsistência de IRRF,"0 - Artigo 28, § 9º da Lei n° 8.212/91","9 - artigo 35, inciso I, alínea p do Decreto n° 9.580/2018",0 - Artigo 15 da Lei n° 8.036/90,2026-03-28 04:05:08.371145,f,,pendente,
168,499,DIF. VALE-TRANSPORTE,1810 - Transporte (Servidores e Empregados Públicos),0,0,0,Rubrica com inconsistência de IRRF,"0 - Artigo 28, § 9º da Lei n° 8.212/91",9 - Artigos 5º da IN 1500/2014,"0 - Precedente Administrativo nº 311 - Precedente Administrativo nº 3, Ato Declaratório 04/2002",2026-03-28 04:05:08.371145,f,,pendente,
169,500,DESC. FALTAS (DIAS),"9207 - Desconto decorrente de ausência de trabalho durante todo o dia em razão de, por exemplo, falta injustificada, suspensão disciplinar, greve",11,11,11,-,"11 - Artigo 28, inciso I, da Lei n° 8.212/91",11 - Artigos 3º e 7º da Lei nº 7.713/88,11 - Artigo 15 da Lei n° 8.036/90,2026-03-28 04:05:08.371145,f,,pendente,
170,501,DESC. FALTAS (HORAS),9209 - Faltas ou atrasos,11,11,11,-,"11 - Artigo 28, inciso I, da Lei n° 8.212/91",11 - Artigos 3º e 7º da Lei nº 7.713/88,11 - Artigo 15 da Lei n° 8.036/90,2026-03-28 04:05:08.371145,f,,pendente,
171,502,DESC. ATRASO/FALTA HORAS,9209 - Faltas ou atrasos,11,11,11,-,"11 - Artigo 28, inciso I, da Lei n° 8.212/91",11 - Artigos 3º e 7º da Lei nº 7.713/88,11 - Artigo 15 da Lei n° 8.036/90,2026-03-28 04:05:08.371145,f,,pendente,
172,503,DESC. D.S.R. S/FALTAS (DIAS),9211 - DSR sobre faltas,11,11,11,-,"11 - Artigo 28, inciso I, da Lei n° 8.212/91",11 - Artigos 3º e 7º da Lei nº 7.713/88,11 - Artigo 15 da Lei n° 8.036/90,2026-03-28 04:05:08.371145,f,,pendente,
173,504,DESC. D.S.R. S/FALTAS (HORAS),9210 - DSR s/faltas e atrasos,11,11,11,-,"11 - Artigo 28, inciso I, da Lei n° 8.212/91",11 - Artigos 3º e 7º da Lei nº 7.713/88,11 - Artigo 15 da Lei n° 8.036/90,2026-03-28 04:05:08.371145,f,,pendente,
174,505,DESC. ATRASOS/SAIDAS ANTECIPADAS,9209 - Faltas ou atrasos,11,11,11,-,"11 - Artigo 28, inciso I, da Lei n° 8.212/91",11 - Artigos 3º e 7º da Lei nº 7.713/88,11 - Artigo 15 da Lei n° 8.036/90,2026-03-28 04:05:08.371145,f,,pendente,
175,506,DESC. ATRASOS/SAIDAS MES ANTERIOR,9209 - Faltas ou atrasos,11,11,11,-,"11 - Artigo 28, inciso I, da Lei n° 8.212/91",11 - Artigos 3º e 7º da Lei nº 7.713/88,11 - Artigo 15 da Lei n° 8.036/90,2026-03-28 04:05:08.371145,f,,pendente,
176,507,DESC. D.S.R. MES ANTERIOR,9210 - DSR s/faltas e atrasos,11,11,11,-,"11 - Artigo 28, inciso I, da Lei n° 8.212/91",11 - Artigos 3º e 7º da Lei nº 7.713/88,11 - Artigo 15 da Lei n° 8.036/90,2026-03-28 04:05:08.371145,f,,pendente,
177,509,DESC. DEV. HE/A.N./DSR - MES ANT,9299 - Outros descontos,11,11,11,"Rubrica com inconsistência de INSS, IRRF e FGTS","0 - Artigo 28, § 9º da Lei n° 8.212/91",9 - Artigos 3º e 7º da Lei nº 7.713/88,"0 - Artigo 15, § 6º da Lei n° 8.036/90",2026-03-28 04:05:08.371145,f,,pendente,
178,510,DESC. DEVOL.PAGTO A MAIOR,9290 - Desconto de pagamento indevido em meses anteriores,11,11,11,-,"11 - Artigo 28, inciso I, da Lei n° 8.212/9112 - Artigo 28, § 9º da Lei n° 8.212/91",11 - Artigos 3º e 7º da Lei nº 7.713/8813 - Artigos 3º e 7º da Lei nº 7.713/8812 - Artigos 3º e 7º da Lei nº 7.713/88,11 - Artigo 15 da Lei n° 8.036/900 - Artigo 15 da Lei n° 8.036/90,2026-03-28 04:05:08.371145,f,,pendente,
179,511,DESC. DIF.DISSIDIO,9290 - Desconto de pagamento indevido em meses anteriores,11,11,11,-,"11 - Artigo 28, inciso I, da Lei n° 8.212/9112 - Artigo 28, § 9º da Lei n° 8.212/91",11 - Artigos 3º e 7º da Lei nº 7.713/8813 - Artigos 3º e 7º da Lei nº 7.713/8812 - Artigos 3º e 7º da Lei nº 7.713/88,11 - Artigo 15 da Lei n° 8.036/900 - Artigo 15 da Lei n° 8.036/90,2026-03-28 04:05:08.371145,f,,pendente,
180,512,DESC. FALTAS HORAS MES ANTERIOR,9209 - Faltas ou atrasos,11,11,11,-,"11 - Artigo 28, inciso I, da Lei n° 8.212/91",11 - Artigos 3º e 7º da Lei nº 7.713/88,11 - Artigo 15 da Lei n° 8.036/90,2026-03-28 04:05:08.371145,f,,pendente,
181,516,DESC. ASSIST. ODONTOLOGICA DEPENDENTE,9219 - Desconto de assistência médica ou odontológica - Plano coletivo empresarial,0,9,0,Rubrica com inconsistência de IRRF,"0 - Artigo 28, § 9º da Lei n° 8.212/91",67 - Artigos 3º e 7º da Lei nº 7.713/88,"0 - Artigo 15, § 6º da Lei n° 8.036/90",2026-03-28 04:05:08.371145,f,,pendente,
182,519,DESC. CONTRIB. ASSISTENCIAL LABORAL,9232 - Contribuição Sindical - Assistencial,0,9,0,-,"0 - Artigo 28, § 9º da Lei n° 8.212/91",9 - Artigo 4º da Lei nº 9.250/95,0 - Artigo 15 da Lei n° 8.036/90,2026-03-28 04:05:08.371145,f,,pendente,
183,520,DESC. AVARIA,9270 - Danos e prejuízos causados pelo trabalhador,0,0,0,Rubrica com inconsistência de IRRF,"0 - Artigo 28, § 9º da Lei n° 8.212/91",9 - Artigo 4º da Lei nº 9.250/95,0 - Artigo 15 da Lei n° 8.036/90,2026-03-28 04:05:08.371145,f,,pendente,
184,521,DESC. AVISO PREVIO,6901 - Desconto do aviso-prévio,0,0,0,Rubrica com inconsistência de IRRF,"0 - Artigo 28, § 9º da Lei n° 8.212/91",9 - Artigos 3º e 7º da Lei nº 7.713/88,"0 - Artigo 15, § 6º da Lei n° 8.036/90",2026-03-28 04:05:08.371145,f,,pendente,
185,522,DESC. CO PARTICIPACAO A.M.,9219 - Desconto de assistência médica ou odontológica - Plano coletivo empresarial,0,0,0,Rubrica com inconsistência de IRRF,"0 - Artigo 28, § 9º da Lei n° 8.212/91",67 - Artigos 3º e 7º da Lei nº 7.713/88,"0 - Artigo 15, § 6º da Lei n° 8.036/90",2026-03-28 04:05:08.371145,f,,pendente,
186,524,DESC. DIF. SALARIO,9299 - Outros descontos,0,0,0,Rubrica com inconsistência de IRRF,"0 - Artigo 28, § 9º da Lei n° 8.212/91",9 - Artigos 3º e 7º da Lei nº 7.713/88,"0 - Artigo 15, § 6º da Lei n° 8.036/90",2026-03-28 04:05:08.371145,f,,pendente,
187,525,DESC. PGTO. ANTECIPADO,9200 - Desconto de Adiantamentos,0,9,0,-,"0 - Artigo 28, § 9º da Lei n° 8.212/91",9 - Artigos 3º e 7º da Lei nº 7.713/8811 - Artigos 3º e 7º da Lei nº 7.713/88,"0 - Artigo 15, § 6º da Lei n° 8.036/90",2026-03-28 04:05:08.371145,f,,pendente,
188,526,DESC. PLR,9232 - Contribuição Sindical - Assistencial,0,0,0,Rubrica com inconsistência de IRRF,"0 - Artigo 28, § 9º da Lei n° 8.212/91",9 - Artigo 4º da Lei nº 9.250/95,0 - Artigo 15 da Lei n° 8.036/90,2026-03-28 04:05:08.371145,f,,pendente,
189,530,DESC. VALE-TRANSP DISSIDIO 6%,9216 - Desconto de vale transporte,0,0,0,Rubrica com inconsistência de IRRF,"0 - Artigo 28, § 9º da Lei n° 8.212/91",9 - Artigos 3º e 7º da Lei nº 7.713/88,"0 - Artigo 15, § 6º da Lei n° 8.036/90",2026-03-28 04:05:08.371145,f,,pendente,
190,537,DESC. ASSIST. MEDICA,9219 - Desconto de assistência médica ou odontológica - Plano coletivo empresarial,0,0,0,Rubrica com inconsistência de IRRF,"0 - Artigo 28, § 9º da Lei n° 8.212/91",67 - Artigos 3º e 7º da Lei nº 7.713/88,"0 - Artigo 15, § 6º da Lei n° 8.036/90",2026-03-28 04:05:08.371145,f,,pendente,
191,540,DESC. SALDO NEGATIVO,2930 - Insuficiência de saldo,0,9,0,-,0 - Sem previsão legal.,9 - Sem previsão legal.,0 - Sem previsão legal.,2026-03-28 04:05:08.371145,f,,pendente,
192,541,DESC. ARREDONDAMENTO,2999 - Arredondamentos,0,9,0,-,"0 - Artigo 28, § 9º da Lei n° 8.212/91",9 - Artigos 3º e 7º da Lei nº 7.713/88,"0 - Artigo 15, § 6º da Lei n° 8.036/90",2026-03-28 04:05:08.371145,f,,pendente,
193,544,DESC. DIVERSOS,9299 - Outros descontos,0,0,0,Rubrica com inconsistência de IRRF,"0 - Artigo 28, § 9º da Lei n° 8.212/91",9 - Artigos 3º e 7º da Lei nº 7.713/88,"0 - Artigo 15, § 6º da Lei n° 8.036/90",2026-03-28 04:05:08.371145,f,,pendente,
194,546,DESC. ADIANT. NORMAL (FORAMES),9200 - Desconto de Adiantamentos,0,11,0,-,"0 - Artigo 28, § 9º da Lei n° 8.212/91",9 - Artigos 3º e 7º da Lei nº 7.713/8811 - Artigos 3º e 7º da Lei nº 7.713/88,"0 - Artigo 15, § 6º da Lei n° 8.036/90",2026-03-28 04:05:08.371145,f,,pendente,
195,547,DESC. ESTACIONAMENTO,9299 - Outros descontos,0,0,0,Rubrica com inconsistência de IRRF,"0 - Artigo 28, § 9º da Lei n° 8.212/91",9 - Artigos 3º e 7º da Lei nº 7.713/88,"0 - Artigo 15, § 6º da Lei n° 8.036/90",2026-03-28 04:05:08.371145,f,,pendente,
196,548,DESC. VR NAO UTILIZADO,"9243 - Cesta básica ou refeição, vinculada ao PAT - Desconto",0,9,0,-,"0 - Artigo 28, §9º da Lei n° 8.212/91",9 - Artigos 3º e 7º da Lei nº 7.713/88,0 - Artigo 15 da Lei n° 8.036/90,2026-03-28 04:05:08.371145,f,,pendente,
197,550,DESC. PAGTO. INDEVIDO,9299 - Outros descontos,0,0,0,Rubrica com inconsistência de IRRF,"0 - Artigo 28, § 9º da Lei n° 8.212/91",9 - Artigos 3º e 7º da Lei nº 7.713/88,"0 - Artigo 15, § 6º da Lei n° 8.036/90",2026-03-28 04:05:08.371145,f,,pendente,
198,552,DESC. CONTRIB. ASSISTENCIAL LABORAL,9232 - Contribuição Sindical - Assistencial,0,0,0,Rubrica com inconsistência de IRRF,"0 - Artigo 28, § 9º da Lei n° 8.212/91",9 - Artigo 4º da Lei nº 9.250/95,0 - Artigo 15 da Lei n° 8.036/90,2026-03-28 04:05:08.371145,f,,pendente,
199,554,DESC. 13º SALARIO,9214 - 13° salário - desconto de adiantamento,12,12,12,Rubrica com inconsistência de INSS e IRRF,"0 - Artigo 28, § 9º, da Lei n° 8.212/91",9 - Artigos 26 da Lei nº 7.713/88,12 - Artigo 15 da Lei n° 8.036/90,2026-03-28 04:05:08.371145,f,,pendente,
200,555,DESC. 13º SALARIO ANTECIPADO,9214 - 13° salário - desconto de adiantamento,0,0,12,Rubrica com inconsistência de IRRF,"0 - Artigo 28, § 9º, da Lei n° 8.212/91",9 - Artigos 26 da Lei nº 7.713/88,12 - Artigo 15 da Lei n° 8.036/90,2026-03-28 04:05:08.371145,f,,pendente,
201,556,DESC. MEDIAS ANTECIPACAO 13º SALARIO,9214 - 13° salário - desconto de adiantamento,0,0,12,Rubrica com inconsistência de IRRF,"0 - Artigo 28, § 9º, da Lei n° 8.212/91",9 - Artigos 26 da Lei nº 7.713/88,12 - Artigo 15 da Lei n° 8.036/90,2026-03-28 04:05:08.371145,f,,pendente,
202,558,DESC. ANTEC. ADIC. INSALUBRIDADE S/13º 1ª PARCELA,9214 - 13° salário - desconto de adiantamento,0,0,12,Rubrica com inconsistência de IRRF,"0 - Artigo 28, § 9º, da Lei n° 8.212/91",9 - Artigos 26 da Lei nº 7.713/88,12 - Artigo 15 da Lei n° 8.036/90,2026-03-28 04:05:08.371145,f,,pendente,
203,560,DESC. FERIAS PAGAS,9221 - Desconto de férias,0,9,0,-,"0 - Artigo 28, § 9º da Lei n° 8.212/9111 - Artigo 28, inciso I, da Lei n° 8.212/91",9 - Artigos 3º e 7º da Lei nº 7.713/8813 - Artigo 12-A da Lei nº 7.713/88,"0 - Artigo 15, § 6º da Lei n° 8.036/9011 - Artigo 15 da Lei n° 8.036/90",2026-03-28 04:05:08.371145,f,,pendente,
204,564,DESC. 2ª VIA CARTAO ALIMENTACAO,9299 - Outros descontos,0,9,0,-,"0 - Artigo 28, § 9º da Lei n° 8.212/91",9 - Artigos 3º e 7º da Lei nº 7.713/88,"0 - Artigo 15, § 6º da Lei n° 8.036/90",2026-03-28 04:05:08.371145,f,,pendente,
205,566,DESC. I.N.S.S.,9201 - Contribuição Previdenciária,31,11,0,Rubrica com inconsistência de IRRF,"31 - Artigo 28, § 9º da Lei n° 8.212/9132 - Artigo 28, § 9º da Lei n° 8.212/91","41 - Artigo 4º, inciso IV, da Lei nº 9.250/9542 - Artigo 4º, inciso IV, da Lei nº 9.250/959 - Artigo 4º, inciso IV, da Lei nº 9.250/95",0 - Artigo 15 da Lei n° 8.036/90,2026-03-28 04:05:08.371145,f,,pendente,
206,570,DESC. I.R.F.,9203 - Imposto de renda retido na fonte,0,31,0,-,"0 - Artigo 28, § 9º da Lei n° 8.212/91","31 - Artigos 26 da Lei nº 7.713/88 e artigo 16 da Lei nº 8.134/9033 - Artigos 3° inciso II e § 4º da Lei nº 7.713/88 e Ato Declaratório PGFN nº 06/200832 - Artigos 26 da Lei nº 7.713/88 e artigo 16 da Lei nº 8.134/9034 - Artigo 2º, §§ 5º a 7º, da Lei nº 10.101/2000","0 - Artigo 15, § 6º da Lei n° 8.036/90",2026-03-28 04:05:08.371145,f,,pendente,
207,571,DESC. I.R.F. S/FERIAS,9203 - Imposto de renda retido na fonte,0,33,0,-,"0 - Artigo 28, § 9º da Lei n° 8.212/91","31 - Artigos 26 da Lei nº 7.713/88 e artigo 16 da Lei nº 8.134/9033 - Artigos 3° inciso II e § 4º da Lei nº 7.713/88 e Ato Declaratório PGFN nº 06/200832 - Artigos 26 da Lei nº 7.713/88 e artigo 16 da Lei nº 8.134/9034 - Artigo 2º, §§ 5º a 7º, da Lei nº 10.101/2000","0 - Artigo 15, § 6º da Lei n° 8.036/90",2026-03-28 04:05:08.371145,f,,pendente,
208,572,DESC. I.R.F. S/13º SALARIO,9203 - Imposto de renda retido na fonte,0,32,0,-,"0 - Artigo 28, § 9º da Lei n° 8.212/91","31 - Artigos 26 da Lei nº 7.713/88 e artigo 16 da Lei nº 8.134/9033 - Artigos 3° inciso II e § 4º da Lei nº 7.713/88 e Ato Declaratório PGFN nº 06/200832 - Artigos 26 da Lei nº 7.713/88 e artigo 16 da Lei nº 8.134/9034 - Artigo 2º, §§ 5º a 7º, da Lei nº 10.101/2000","0 - Artigo 15, § 6º da Lei n° 8.036/90",2026-03-28 04:05:08.371145,f,,pendente,
209,575,DESC. CONTRIB. ASSISTENCIAL - SINDMAN,9232 - Contribuição Sindical - Assistencial,0,0,0,Rubrica com inconsistência de IRRF,"0 - Artigo 28, § 9º da Lei n° 8.212/91",9 - Artigo 4º da Lei nº 9.250/95,0 - Artigo 15 da Lei n° 8.036/90,2026-03-28 04:05:08.371145,f,,pendente,
210,577,DESC. VA NAO UTILIZADO MES ANTERIOR,9299 - Outros descontos,0,9,0,-,"0 - Artigo 28, § 9º da Lei n° 8.212/91",9 - Artigos 3º e 7º da Lei nº 7.713/88,"0 - Artigo 15, § 6º da Lei n° 8.036/90",2026-03-28 04:05:08.371145,f,,pendente,
211,578,DESC. VALE LANCHE NAO UTILIZADO,"9243 - Cesta básica ou refeição, vinculada ao PAT - Desconto",0,9,0,-,"0 - Artigo 28, §9º da Lei n° 8.212/91",9 - Artigos 3º e 7º da Lei nº 7.713/88,0 - Artigo 15 da Lei n° 8.036/90,2026-03-28 04:05:08.371145,f,,pendente,
212,579,DESC. FALTAS (DIAS) MES ANTERIOR,"9207 - Desconto decorrente de ausência de trabalho durante todo o dia em razão de, por exemplo, falta injustificada, suspensão disciplinar, greve",11,11,11,-,"11 - Artigo 28, inciso I, da Lei n° 8.212/91",11 - Artigos 3º e 7º da Lei nº 7.713/88,11 - Artigo 15 da Lei n° 8.036/90,2026-03-28 04:05:08.371145,f,,pendente,
213,580,INDENIZACAO ARTº 480,6904 - Multa prevista no art. 480 da CLT,0,0,0,Rubrica com inconsistência de IRRF,"0 - Artigo 28, § 9º da Lei n° 8.212/91","9 - Artigo 6º, inciso V da Lei nº 7.713/88","0 - Artigo 15, § 6º da Lei n° 8.036/90",2026-03-28 04:05:08.371145,f,,pendente,
214,582,DESC. CONTRIB. COL. LAB. SINTACLUNS,9232 - Contribuição Sindical - Assistencial,0,0,0,Rubrica com inconsistência de IRRF,"0 - Artigo 28, § 9º da Lei n° 8.212/91",9 - Artigo 4º da Lei nº 9.250/95,0 - Artigo 15 da Lei n° 8.036/90,2026-03-28 04:05:08.371145,f,,pendente,
215,584,DESC. MENS. SINDICAL,9231 - Contribuição Sindical - Associativa,0,9,0,-,"0 - Artigo 28, § 9º da Lei n° 8.212/91",9 - Artigo 4º da Lei nº 9.250/95,0 - Artigo 15 da Lei n° 8.036/90,2026-03-28 04:05:08.371145,f,,pendente,
216,585,DESC. MENS. SINDICAL MES ANTERIOR,9231 - Contribuição Sindical - Associativa,0,0,0,Rubrica com inconsistência de IRRF,"0 - Artigo 28, § 9º da Lei n° 8.212/91",9 - Artigo 4º da Lei nº 9.250/95,0 - Artigo 15 da Lei n° 8.036/90,2026-03-28 04:05:08.371145,f,,pendente,
217,586,DESC. CONTRIB. SINDICAL,9230 - Contribuição Sindical - Compulsória,0,0,0,Rubrica com inconsistência de IRRF,"0 - Artigo 28, § 9º da Lei n° 8.212/91","9 - Artigo 4º, inciso II, da Lei nº 9.250/95",0 - Artigo 15 da Lei n° 8.036/90,2026-03-28 04:05:08.371145,f,,pendente,
218,587,DESC. CONTRIB. CONFEDERATIVA,9233 - Contribuição sindical - Confederativa,0,0,0,Rubrica com inconsistência de IRRF,"0 - Artigo 28, § 9º da Lei n° 8.212/91",9 - Artigo 4º da Lei nº 9.250/95,0 - Artigo 15 da Lei n° 8.036/90,2026-03-28 04:05:08.371145,f,,pendente,
219,590,DESC. CONTRIB. ASSISTENCIAL MES ANTERIOR,9232 - Contribuição Sindical - Assistencial,0,0,0,Rubrica com inconsistência de IRRF,"0 - Artigo 28, § 9º da Lei n° 8.212/91",9 - Artigo 4º da Lei nº 9.250/95,0 - Artigo 15 da Lei n° 8.036/90,2026-03-28 04:05:08.371145,f,,pendente,
220,591,DESC. CONTRIB. COLABORATIVA LABORAL,9232 - Contribuição Sindical - Assistencial,0,9,0,-,"0 - Artigo 28, § 9º da Lei n° 8.212/91",9 - Artigo 4º da Lei nº 9.250/95,0 - Artigo 15 da Lei n° 8.036/90,2026-03-28 04:05:08.371145,f,,pendente,
221,592,DESC. CONTRIB. ASSISTENCIAL,9232 - Contribuição Sindical - Assistencial,0,9,0,-,"0 - Artigo 28, § 9º da Lei n° 8.212/91",9 - Artigo 4º da Lei nº 9.250/95,0 - Artigo 15 da Lei n° 8.036/90,2026-03-28 04:05:08.371145,f,,pendente,
222,594,DESC. CONTRIB. SOC. LABORAL ANCINE,9232 - Contribuição Sindical - Assistencial,0,0,0,Rubrica com inconsistência de IRRF,"0 - Artigo 28, § 9º da Lei n° 8.212/91",9 - Artigo 4º da Lei nº 9.250/95,0 - Artigo 15 da Lei n° 8.036/90,2026-03-28 04:05:08.371145,f,,pendente,
223,595,DESC. CONTRIB. NEGOCIAL,9233 - Contribuição sindical - Confederativa,0,79,0,Rubrica com inconsistência de IRRF,"0 - Artigo 28, § 9º da Lei n° 8.212/91",9 - Artigo 4º da Lei nº 9.250/95,0 - Artigo 15 da Lei n° 8.036/90,2026-03-28 04:05:08.371145,f,,pendente,
224,596,DESC. I.N.S.S. S/13º SALARIO,9201 - Contribuição Previdenciária,32,12,0,Rubrica com inconsistência de IRRF,"31 - Artigo 28, § 9º da Lei n° 8.212/9132 - Artigo 28, § 9º da Lei n° 8.212/91","41 - Artigo 4º, inciso IV, da Lei nº 9.250/9542 - Artigo 4º, inciso IV, da Lei nº 9.250/959 - Artigo 4º, inciso IV, da Lei nº 9.250/95",0 - Artigo 15 da Lei n° 8.036/90,2026-03-28 04:05:08.371145,f,,pendente,
225,597,DESC. D.S.R. S/FALTAS (DIAS) MES ANTERIOR,9210 - DSR s/faltas e atrasos,11,11,11,-,"11 - Artigo 28, inciso I, da Lei n° 8.212/91",11 - Artigos 3º e 7º da Lei nº 7.713/88,11 - Artigo 15 da Lei n° 8.036/90,2026-03-28 04:05:08.371145,f,,pendente,
226,599,DESC H.E PAGO MAIOR,1003 - Horas extraordinárias,11,11,11,-,"11 - Artigo 28, inciso I, da Lei n° 8.212/91",11 - Artigos 3º e 7º da Lei nº 7.713/88,11 - Artigo 15 da Lei n° 8.036/90,2026-03-28 04:05:08.371145,f,,pendente,
227,600,DESC. ACIDENTE DE TRABALHO (F.G.T.S.),9932 - Auxílio - doença acidentário,0,0,0,Rubrica com inconsistência de IRRF,"0 - Artigo 28, § 9º da Lei n° 8.212/91",9 - Artigo 48 da Lei nº 8.541/9279 - Artigo 48 da Lei nº 8.541/92,11 - Artigo 15 da Lei n° 8.036/9012 - Artigo 15 da Lei n° 8.036/900 - Artigo 15 da Lei n° 8.036/90,2026-03-28 04:05:08.371145,f,,pendente,
228,601,DESC. AUXILIO DOENCA,9933 - Auxílio-doença,0,9,0,-,"0 - Artigo 28, § 9º da Lei n° 8.212/91",9 - Artigos 3º e 7º da Lei nº 7.713/88,0 - Artigo 15 da Lei n° 8.036/90,2026-03-28 04:05:08.371145,f,,pendente,
229,605,DESC. ASSIST. ODONTO. DEPENDENTE,9219 - Desconto de assistência médica ou odontológica - Plano coletivo empresarial,0,0,0,Rubrica com inconsistência de IRRF,"0 - Artigo 28, § 9º da Lei n° 8.212/91",67 - Artigos 3º e 7º da Lei nº 7.713/88,"0 - Artigo 15, § 6º da Lei n° 8.036/90",2026-03-28 04:05:08.371145,f,,pendente,
284,730,DESC. SMARTPHONE NAO DEVOLVIDO,9270 - Danos e prejuízos causados pelo trabalhador,0,0,0,Rubrica com inconsistência de IRRF,"0 - Artigo 28, § 9º da Lei n° 8.212/91",9 - Artigo 4º da Lei nº 9.250/95,0 - Artigo 15 da Lei n° 8.036/90,2026-03-28 04:05:08.371145,f,,pendente,
230,606,DESC. ASSIST. ODONTO. DEPENDENTE,9219 - Desconto de assistência médica ou odontológica - Plano coletivo empresarial,0,9,0,Rubrica com inconsistência de IRRF,"0 - Artigo 28, § 9º da Lei n° 8.212/91",67 - Artigos 3º e 7º da Lei nº 7.713/88,"0 - Artigo 15, § 6º da Lei n° 8.036/90",2026-03-28 04:05:08.371145,f,,pendente,
231,607,DESC. ASSIST. MEDICA,9219 - Desconto de assistência médica ou odontológica - Plano coletivo empresarial,0,0,0,Rubrica com inconsistência de IRRF,"0 - Artigo 28, § 9º da Lei n° 8.212/91",67 - Artigos 3º e 7º da Lei nº 7.713/88,"0 - Artigo 15, § 6º da Lei n° 8.036/90",2026-03-28 04:05:08.371145,f,,pendente,
232,610,DESC. VT NAO UTILIZADO MES ANTERIOR,9216 - Desconto de vale transporte,0,0,0,Rubrica com inconsistência de IRRF,"0 - Artigo 28, § 9º da Lei n° 8.212/91",9 - Artigos 3º e 7º da Lei nº 7.713/88,"0 - Artigo 15, § 6º da Lei n° 8.036/90",2026-03-28 04:05:08.371145,f,,pendente,
233,611,DESC. VALE ALIMENTACAO - CCT,"9241 - Alimentação em ticket ou cartão, vinculada ao PAT - Desconto",0,9,0,-,"0 - Artigo 28, §9º da Lei n° 8.212/91",9 - Artigos 3º e 7º da Lei nº 7.713/88,0 - Artigo 15 da Lei n° 8.036/90,2026-03-28 04:05:08.371145,f,,pendente,
234,612,DESC. PENSAO ALIMENTICIA SALARIO,9213 - Pensão alimentícia,0,51,0,-,"0 - Artigo 28, § 9º da Lei n° 8.212/91","51 - Artigo 4º, inciso IV, da Lei nº 9.250/9552 - Artigo 4º, inciso IV, da Lei nº 9.250/9553 - Artigo 4º, inciso IV, da Lei nº 9.250/9554 - Artigo 3º, § 10 da Lei nº 10.101/2000","0 - Artigo 15, § 6º da Lei n° 8.036/90",2026-03-28 04:05:08.371145,f,,pendente,
235,614,DESC. EMPRESTIMO BV,9254 - Empréstimos consignados - desconto,0,9,0,-,"0 - Artigo 28, § 9º da Lei n° 8.212/91",9 - Artigo 7º da Lei nº 8.134/90,"0 - Artigo 15, § 6º da Lei n° 8.036/90",2026-03-28 04:05:08.371145,f,,pendente,
236,615,DESC. ASS. MÉDICA MES ANTERIOR,9219 - Desconto de assistência médica ou odontológica - Plano coletivo empresarial,0,0,0,Rubrica com inconsistência de IRRF,"0 - Artigo 28, § 9º da Lei n° 8.212/91",67 - Artigos 3º e 7º da Lei nº 7.713/88,"0 - Artigo 15, § 6º da Lei n° 8.036/90",2026-03-28 04:05:08.371145,f,,pendente,
237,616,DESC. CONTRIB. ASSISTENCIAL,9232 - Contribuição Sindical - Assistencial,0,0,0,Rubrica com inconsistência de IRRF,"0 - Artigo 28, § 9º da Lei n° 8.212/91",9 - Artigo 4º da Lei nº 9.250/95,0 - Artigo 15 da Lei n° 8.036/90,2026-03-28 04:05:08.371145,f,,pendente,
238,619,DESC. ASS. MÉDICA DEP.,9219 - Desconto de assistência médica ou odontológica - Plano coletivo empresarial,0,0,0,Rubrica com inconsistência de IRRF,"0 - Artigo 28, § 9º da Lei n° 8.212/91",67 - Artigos 3º e 7º da Lei nº 7.713/88,"0 - Artigo 15, § 6º da Lei n° 8.036/90",2026-03-28 04:05:08.371145,f,,pendente,
239,621,DESC. BB DETAL,9219 - Desconto de assistência médica ou odontológica - Plano coletivo empresarial,0,0,0,Rubrica com inconsistência de IRRF,"0 - Artigo 28, § 9º da Lei n° 8.212/91",67 - Artigos 3º e 7º da Lei nº 7.713/88,"0 - Artigo 15, § 6º da Lei n° 8.036/90",2026-03-28 04:05:08.371145,f,,pendente,
240,624,DESC. VALE REFEIÇÃO - CCT,"9243 - Cesta básica ou refeição, vinculada ao PAT - Desconto",0,9,0,-,"0 - Artigo 28, §9º da Lei n° 8.212/91",9 - Artigos 3º e 7º da Lei nº 7.713/88,0 - Artigo 15 da Lei n° 8.036/90,2026-03-28 04:05:08.371145,f,,pendente,
241,626,DESC. ATRASO/FALTA HORAS MES ANTERIOR,9209 - Faltas ou atrasos,11,11,11,-,"11 - Artigo 28, inciso I, da Lei n° 8.212/91",11 - Artigos 3º e 7º da Lei nº 7.713/88,11 - Artigo 15 da Lei n° 8.036/90,2026-03-28 04:05:08.371145,f,,pendente,
242,627,DESC. ADIANT. NORMAL(DENTRO DO MES),9200 - Desconto de Adiantamentos,0,11,0,-,"0 - Artigo 28, § 9º da Lei n° 8.212/91",9 - Artigos 3º e 7º da Lei nº 7.713/8811 - Artigos 3º e 7º da Lei nº 7.713/88,"0 - Artigo 15, § 6º da Lei n° 8.036/90",2026-03-28 04:05:08.371145,f,,pendente,
243,631,DESC. ASSIST. ODONT. SINTACLUNS,9219 - Desconto de assistência médica ou odontológica - Plano coletivo empresarial,0,0,0,Rubrica com inconsistência de IRRF,"0 - Artigo 28, § 9º da Lei n° 8.212/91",67 - Artigos 3º e 7º da Lei nº 7.713/88,"0 - Artigo 15, § 6º da Lei n° 8.036/90",2026-03-28 04:05:08.371145,f,,pendente,
244,632,DESC. CONT.. COLAB. LAB. CABINEIROS,9232 - Contribuição Sindical - Assistencial,0,9,0,-,"0 - Artigo 28, § 9º da Lei n° 8.212/91",9 - Artigo 4º da Lei nº 9.250/95,0 - Artigo 15 da Lei n° 8.036/90,2026-03-28 04:05:08.371145,f,,pendente,
245,635,DIF EMPRESTIMO,9254 - Empréstimos consignados - desconto,0,9,0,-,"0 - Artigo 28, § 9º da Lei n° 8.212/91",9 - Artigo 7º da Lei nº 8.134/90,"0 - Artigo 15, § 6º da Lei n° 8.036/90",2026-03-28 04:05:08.371145,f,,pendente,
246,638,DESC. ASSIST. ODONT. DEP. SINTACLUNS,9219 - Desconto de assistência médica ou odontológica - Plano coletivo empresarial,0,0,0,Rubrica com inconsistência de IRRF,"0 - Artigo 28, § 9º da Lei n° 8.212/91",67 - Artigos 3º e 7º da Lei nº 7.713/88,"0 - Artigo 15, § 6º da Lei n° 8.036/90",2026-03-28 04:05:08.371145,f,,pendente,
247,640,DESC. PENSAO ALIMENTICIA S/13º SALARIO,9213 - Pensão alimentícia,0,52,0,-,"0 - Artigo 28, § 9º da Lei n° 8.212/91","51 - Artigo 4º, inciso IV, da Lei nº 9.250/9552 - Artigo 4º, inciso IV, da Lei nº 9.250/9553 - Artigo 4º, inciso IV, da Lei nº 9.250/9554 - Artigo 3º, § 10 da Lei nº 10.101/2000","0 - Artigo 15, § 6º da Lei n° 8.036/90",2026-03-28 04:05:08.371145,f,,pendente,
248,641,DESC. I.N.S.S. (FÉRIAS),9201 - Contribuição Previdenciária,31,13,0,Rubrica com inconsistência de IRRF,"31 - Artigo 28, § 9º da Lei n° 8.212/9132 - Artigo 28, § 9º da Lei n° 8.212/91","41 - Artigo 4º, inciso IV, da Lei nº 9.250/9542 - Artigo 4º, inciso IV, da Lei nº 9.250/959 - Artigo 4º, inciso IV, da Lei nº 9.250/95",0 - Artigo 15 da Lei n° 8.036/90,2026-03-28 04:05:08.371145,f,,pendente,
249,642,DESC INSALUBRIDADE INDEVIDO,1202 - Adicional de insalubridade,11,11,11,-,"11 - Artigo 28, inciso I, da Lei n° 8.212/91",11 - Artigos 3º e 7º da Lei nº 7.713/88,11 - Artigo 15 da Lei n° 8.036/90,2026-03-28 04:05:08.371145,f,,pendente,
250,647,DESC. EMPRESTIMO ZIPDIN,9254 - Empréstimos consignados - desconto,0,9,0,-,"0 - Artigo 28, § 9º da Lei n° 8.212/91",9 - Artigo 7º da Lei nº 8.134/90,"0 - Artigo 15, § 6º da Lei n° 8.036/90",2026-03-28 04:05:08.371145,f,,pendente,
251,655,DESC. PENSAO ALIMENTICIA SALARIO,9213 - Pensão alimentícia,0,51,0,-,"0 - Artigo 28, § 9º da Lei n° 8.212/91","51 - Artigo 4º, inciso IV, da Lei nº 9.250/9552 - Artigo 4º, inciso IV, da Lei nº 9.250/9553 - Artigo 4º, inciso IV, da Lei nº 9.250/9554 - Artigo 3º, § 10 da Lei nº 10.101/2000","0 - Artigo 15, § 6º da Lei n° 8.036/90",2026-03-28 04:05:08.371145,f,,pendente,
252,656,DESC. PENSAO ALIMENTICIA S/13º SALARIO,9213 - Pensão alimentícia,0,52,0,-,"0 - Artigo 28, § 9º da Lei n° 8.212/91","51 - Artigo 4º, inciso IV, da Lei nº 9.250/9552 - Artigo 4º, inciso IV, da Lei nº 9.250/9553 - Artigo 4º, inciso IV, da Lei nº 9.250/9554 - Artigo 3º, § 10 da Lei nº 10.101/2000","0 - Artigo 15, § 6º da Lei n° 8.036/90",2026-03-28 04:05:08.371145,f,,pendente,
253,657,DESC. PENSAO ALIMENTICIA EM FERIAS,9213 - Pensão alimentícia,0,53,0,-,"0 - Artigo 28, § 9º da Lei n° 8.212/91","51 - Artigo 4º, inciso IV, da Lei nº 9.250/9552 - Artigo 4º, inciso IV, da Lei nº 9.250/9553 - Artigo 4º, inciso IV, da Lei nº 9.250/9554 - Artigo 3º, § 10 da Lei nº 10.101/2000","0 - Artigo 15, § 6º da Lei n° 8.036/90",2026-03-28 04:05:08.371145,f,,pendente,
254,658,DESC. PENSAO ALIM S/ Férias,9213 - Pensão alimentícia,0,11,0,Rubrica com inconsistência de IRRF,"0 - Artigo 28, § 9º da Lei n° 8.212/91","51 - Artigo 4º, inciso IV, da Lei nº 9.250/9552 - Artigo 4º, inciso IV, da Lei nº 9.250/9553 - Artigo 4º, inciso IV, da Lei nº 9.250/9554 - Artigo 3º, § 10 da Lei nº 10.101/2000","0 - Artigo 15, § 6º da Lei n° 8.036/90",2026-03-28 04:05:08.371145,f,,pendente,
255,659,DESC. PENSAO ALIMENTICIA ACORDO,9213 - Pensão alimentícia,0,11,0,Rubrica com inconsistência de IRRF,"0 - Artigo 28, § 9º da Lei n° 8.212/91","51 - Artigo 4º, inciso IV, da Lei nº 9.250/9552 - Artigo 4º, inciso IV, da Lei nº 9.250/9553 - Artigo 4º, inciso IV, da Lei nº 9.250/9554 - Artigo 3º, § 10 da Lei nº 10.101/2000","0 - Artigo 15, § 6º da Lei n° 8.036/90",2026-03-28 04:05:08.371145,f,,pendente,
256,661,REEMB. VT-SALVADORCARD,1810 - Transporte (Servidores e Empregados Públicos),0,0,0,Rubrica com inconsistência de IRRF,"0 - Artigo 28, § 9º da Lei n° 8.212/91",9 - Artigos 5º da IN 1500/2014,"0 - Precedente Administrativo nº 311 - Precedente Administrativo nº 3, Ato Declaratório 04/2002",2026-03-28 04:05:08.371145,f,,pendente,
257,663,REEMB. VT-SALVADORCARD NAO CARREGADO,1810 - Transporte (Servidores e Empregados Públicos),0,0,0,Rubrica com inconsistência de IRRF,"0 - Artigo 28, § 9º da Lei n° 8.212/91",9 - Artigos 5º da IN 1500/2014,"0 - Precedente Administrativo nº 311 - Precedente Administrativo nº 3, Ato Declaratório 04/2002",2026-03-28 04:05:08.371145,f,,pendente,
258,664,DESC. VALE ALIMENTACAO MES ANTERIOR,"9241 - Alimentação em ticket ou cartão, vinculada ao PAT - Desconto",0,9,0,-,"0 - Artigo 28, §9º da Lei n° 8.212/91",9 - Artigos 3º e 7º da Lei nº 7.713/88,0 - Artigo 15 da Lei n° 8.036/90,2026-03-28 04:05:08.371145,f,,pendente,
259,667,DESC. MENS. SINDICAL,9231 - Contribuição Sindical - Associativa,0,0,0,Rubrica com inconsistência de IRRF,"0 - Artigo 28, § 9º da Lei n° 8.212/91",9 - Artigo 4º da Lei nº 9.250/95,0 - Artigo 15 da Lei n° 8.036/90,2026-03-28 04:05:08.371145,f,,pendente,
260,669,ADIC. NOTURNO C/39%,1205 - Adicional noturno,11,11,11,-,"11 - Artigo 28, inciso I, da Lei n° 8.212/91",11 - Artigos 3º e 7º da Lei nº 7.713/88,11 - Artigo 15 da Lei n° 8.036/90,2026-03-28 04:05:08.371145,f,,pendente,
261,670,ADIC. NOTURNO C/39%,1205 - Adicional noturno,11,11,11,-,"11 - Artigo 28, inciso I, da Lei n° 8.212/91",11 - Artigos 3º e 7º da Lei nº 7.713/88,11 - Artigo 15 da Lei n° 8.036/90,2026-03-28 04:05:08.371145,f,,pendente,
262,671,DESC. VALE-TRANSPORTE NAO UTILIZADO,9216 - Desconto de vale transporte,0,9,0,-,"0 - Artigo 28, § 9º da Lei n° 8.212/91",9 - Artigos 3º e 7º da Lei nº 7.713/88,"0 - Artigo 15, § 6º da Lei n° 8.036/90",2026-03-28 04:05:08.371145,f,,pendente,
263,672,DESC. VALE-TRANSPORTE 6%,9216 - Desconto de vale transporte,0,9,0,-,"0 - Artigo 28, § 9º da Lei n° 8.212/91",9 - Artigos 3º e 7º da Lei nº 7.713/88,"0 - Artigo 15, § 6º da Lei n° 8.036/90",2026-03-28 04:05:08.371145,f,,pendente,
264,673,DESC. CARTAO BHBUS / OTIMO,9299 - Outros descontos,0,9,0,-,"0 - Artigo 28, § 9º da Lei n° 8.212/91",9 - Artigos 3º e 7º da Lei nº 7.713/88,"0 - Artigo 15, § 6º da Lei n° 8.036/90",2026-03-28 04:05:08.371145,f,,pendente,
265,677,DESC. VALE TRANSP. NAO UTILIZADO MES ANT,9216 - Desconto de vale transporte,0,0,0,Rubrica com inconsistência de IRRF,"0 - Artigo 28, § 9º da Lei n° 8.212/91",9 - Artigos 3º e 7º da Lei nº 7.713/88,"0 - Artigo 15, § 6º da Lei n° 8.036/90",2026-03-28 04:05:08.371145,f,,pendente,
266,684,ADIC. NOTURNO C/20%,1205 - Adicional noturno,11,11,11,-,"11 - Artigo 28, inciso I, da Lei n° 8.212/91",11 - Artigos 3º e 7º da Lei nº 7.713/88,11 - Artigo 15 da Lei n° 8.036/90,2026-03-28 04:05:08.371145,f,,pendente,
267,686,DESC. AVISO PREVIO NAO TRABALHADO,6901 - Desconto do aviso-prévio,0,0,0,Rubrica com inconsistência de IRRF,"0 - Artigo 28, § 9º da Lei n° 8.212/91",9 - Artigos 3º e 7º da Lei nº 7.713/88,"0 - Artigo 15, § 6º da Lei n° 8.036/90",2026-03-28 04:05:08.371145,f,,pendente,
268,689,DESC. VT DIF CCT,9216 - Desconto de vale transporte,0,9,0,-,"0 - Artigo 28, § 9º da Lei n° 8.212/91",9 - Artigos 3º e 7º da Lei nº 7.713/88,"0 - Artigo 15, § 6º da Lei n° 8.036/90",2026-03-28 04:05:08.371145,f,,pendente,
269,690,DESC. VA E VR DIF CCT,"9243 - Cesta básica ou refeição, vinculada ao PAT - Desconto",0,9,0,-,"0 - Artigo 28, §9º da Lei n° 8.212/91",9 - Artigos 3º e 7º da Lei nº 7.713/88,0 - Artigo 15 da Lei n° 8.036/90,2026-03-28 04:05:08.371145,f,,pendente,
270,691,DESC. ANTECIPACAO VT,9216 - Desconto de vale transporte,0,9,0,-,"0 - Artigo 28, § 9º da Lei n° 8.212/91",9 - Artigos 3º e 7º da Lei nº 7.713/88,"0 - Artigo 15, § 6º da Lei n° 8.036/90",2026-03-28 04:05:08.371145,f,,pendente,
271,697,ADIC. NOTURNO C/39% MES ANTERIOR,1205 - Adicional noturno,11,11,11,-,"11 - Artigo 28, inciso I, da Lei n° 8.212/91",11 - Artigos 3º e 7º da Lei nº 7.713/88,11 - Artigo 15 da Lei n° 8.036/90,2026-03-28 04:05:08.371145,f,,pendente,
272,698,DESC. ADIANT. COMISSOES,9200 - Desconto de Adiantamentos,0,0,0,Rubrica com inconsistência de IRRF,"0 - Artigo 28, § 9º da Lei n° 8.212/91",9 - Artigos 3º e 7º da Lei nº 7.713/8811 - Artigos 3º e 7º da Lei nº 7.713/88,"0 - Artigo 15, § 6º da Lei n° 8.036/90",2026-03-28 04:05:08.371145,f,,pendente,
273,700,DESC. F.G.T.S. DEPOSITO RESCISAO - G.R.F.C.,9989 - Outros valores informativos,0,9,0,-,"0 - Artigo 28, inciso I, da Lei n° 8.212/91",9 - Artigo 12-A da Lei nº 7.713/88,0 - Artigo 15 da Lei n° 8.036/90,2026-03-28 04:05:08.371145,f,,pendente,
274,701,DESC. 2ª VIA CARTAO ALELO,9299 - Outros descontos,0,0,0,Rubrica com inconsistência de IRRF,"0 - Artigo 28, § 9º da Lei n° 8.212/91",9 - Artigos 3º e 7º da Lei nº 7.713/88,"0 - Artigo 15, § 6º da Lei n° 8.036/90",2026-03-28 04:05:08.371145,f,,pendente,
275,702,DESC. 2ª VIA CARTAO REFEICAO,9299 - Outros descontos,0,0,0,Rubrica com inconsistência de IRRF,"0 - Artigo 28, § 9º da Lei n° 8.212/91",9 - Artigos 3º e 7º da Lei nº 7.713/88,"0 - Artigo 15, § 6º da Lei n° 8.036/90",2026-03-28 04:05:08.371145,f,,pendente,
276,703,DESC. 2ª VIA CARTAO RIO CARD,9299 - Outros descontos,0,0,0,Rubrica com inconsistência de IRRF,"0 - Artigo 28, § 9º da Lei n° 8.212/91",9 - Artigos 3º e 7º da Lei nº 7.713/88,"0 - Artigo 15, § 6º da Lei n° 8.036/90",2026-03-28 04:05:08.371145,f,,pendente,
277,709,DESC. AJUSTE DESP DE VIAGENS,9299 - Outros descontos,0,0,0,Rubrica com inconsistência de IRRF,"0 - Artigo 28, § 9º da Lei n° 8.212/91",9 - Artigos 3º e 7º da Lei nº 7.713/88,"0 - Artigo 15, § 6º da Lei n° 8.036/90",2026-03-28 04:05:08.371145,f,,pendente,
278,710,DESC. ALIMENTACAO MES ANTERIOR,"9241 - Alimentação em ticket ou cartão, vinculada ao PAT - Desconto",0,9,0,-,"0 - Artigo 28, §9º da Lei n° 8.212/91",9 - Artigos 3º e 7º da Lei nº 7.713/88,0 - Artigo 15 da Lei n° 8.036/90,2026-03-28 04:05:08.371145,f,,pendente,
279,715,DESC. PAGOS ANTECIPADO,9200 - Desconto de Adiantamentos,0,0,0,Rubrica com inconsistência de IRRF,"0 - Artigo 28, § 9º da Lei n° 8.212/91",9 - Artigos 3º e 7º da Lei nº 7.713/8811 - Artigos 3º e 7º da Lei nº 7.713/88,"0 - Artigo 15, § 6º da Lei n° 8.036/90",2026-03-28 04:05:08.371145,f,,pendente,
280,716,DESC. CELULAR NAO DEVOLVIDO,9270 - Danos e prejuízos causados pelo trabalhador,0,0,0,Rubrica com inconsistência de IRRF,"0 - Artigo 28, § 9º da Lei n° 8.212/91",9 - Artigo 4º da Lei nº 9.250/95,0 - Artigo 15 da Lei n° 8.036/90,2026-03-28 04:05:08.371145,f,,pendente,
281,724,DESC. MULTA DE TRANSITO,9270 - Danos e prejuízos causados pelo trabalhador,0,0,0,Rubrica com inconsistência de IRRF,"0 - Artigo 28, § 9º da Lei n° 8.212/91",9 - Artigo 4º da Lei nº 9.250/95,0 - Artigo 15 da Lei n° 8.036/90,2026-03-28 04:05:08.371145,f,,pendente,
282,727,DESC. REFEIÇÃO MÊS ANTERIOR,"9243 - Cesta básica ou refeição, vinculada ao PAT - Desconto",0,9,0,-,"0 - Artigo 28, §9º da Lei n° 8.212/91",9 - Artigos 3º e 7º da Lei nº 7.713/88,0 - Artigo 15 da Lei n° 8.036/90,2026-03-28 04:05:08.371145,f,,pendente,
283,729,DESC. SEGURO DE VIDA,9250 - Seguro de vida - desconto,0,0,0,Rubrica com inconsistência de IRRF,"0 - Artigo 28, § 9º da Lei n° 8.212/91",9 - Artigo 4º da Lei nº 9.250/95,"0 - Artigo 15, § 6º da Lei n° 8.036/90",2026-03-28 04:05:08.371145,f,,pendente,
285,733,DESC. UNIFORME,9299 - Outros descontos,0,0,0,Rubrica com inconsistência de IRRF,"0 - Artigo 28, § 9º da Lei n° 8.212/91",9 - Artigos 3º e 7º da Lei nº 7.713/88,"0 - Artigo 15, § 6º da Lei n° 8.036/90",2026-03-28 04:05:08.371145,f,,pendente,
286,740,"H EXTRAS 50% NOT22,50",1003 - Horas extraordinárias,11,11,11,-,"11 - Artigo 28, inciso I, da Lei n° 8.212/91",11 - Artigos 3º e 7º da Lei nº 7.713/88,11 - Artigo 15 da Lei n° 8.036/90,2026-03-28 04:05:08.371145,f,,pendente,
287,741,"ADIC. NOTURNO 22,50%",1205 - Adicional noturno,11,11,11,-,"11 - Artigo 28, inciso I, da Lei n° 8.212/91",11 - Artigos 3º e 7º da Lei nº 7.713/88,11 - Artigo 15 da Lei n° 8.036/90,2026-03-28 04:05:08.371145,f,,pendente,
288,743,"H EXTRAS 100% NOT 22,50",1003 - Horas extraordinárias,11,11,11,-,"11 - Artigo 28, inciso I, da Lei n° 8.212/91",11 - Artigos 3º e 7º da Lei nº 7.713/88,11 - Artigo 15 da Lei n° 8.036/90,2026-03-28 04:05:08.371145,f,,pendente,
289,744,"H EXTRAS 50% NOT22,50 MES ANTERIOR",1003 - Horas extraordinárias,11,11,11,-,"11 - Artigo 28, inciso I, da Lei n° 8.212/91",11 - Artigos 3º e 7º da Lei nº 7.713/88,11 - Artigo 15 da Lei n° 8.036/90,2026-03-28 04:05:08.371145,f,,pendente,
290,746,DIFERENCA CCT,"1000 - Salário, vencimento, soldo ou subsídio",11,11,11,-,"11 - Artigo 28, inciso I, da Lei n° 8.212/91",11 - Artigos 3º e 7º da Lei nº 7.713/88,11 - Artigo 15 da Lei n° 8.036/90,2026-03-28 04:05:08.371145,f,,pendente,
291,748,DESC. JUDICIAL - 2,9299 - Outros descontos,0,0,0,Rubrica com inconsistência de IRRF,"0 - Artigo 28, § 9º da Lei n° 8.212/91",9 - Artigos 3º e 7º da Lei nº 7.713/88,"0 - Artigo 15, § 6º da Lei n° 8.036/90",2026-03-28 04:05:08.371145,f,,pendente,
292,749,"ADIC. NOTURNO 22,50% - MÊS ANTERIOR",1205 - Adicional noturno,11,11,11,-,"11 - Artigo 28, inciso I, da Lei n° 8.212/91",11 - Artigos 3º e 7º da Lei nº 7.713/88,11 - Artigo 15 da Lei n° 8.036/90,2026-03-28 04:05:08.371145,f,,pendente,
293,750,ADIC. NOTURNO C/39% MES ANTERIOR,1205 - Adicional noturno,11,11,11,-,"11 - Artigo 28, inciso I, da Lei n° 8.212/91",11 - Artigos 3º e 7º da Lei nº 7.713/88,11 - Artigo 15 da Lei n° 8.036/90,2026-03-28 04:05:08.371145,f,,pendente,
294,751,DESC. CESTA BASICA NAO UTILIZADA,"9243 - Cesta básica ou refeição, vinculada ao PAT - Desconto",0,9,0,-,"0 - Artigo 28, §9º da Lei n° 8.212/91",9 - Artigos 3º e 7º da Lei nº 7.713/88,0 - Artigo 15 da Lei n° 8.036/90,2026-03-28 04:05:08.371145,f,,pendente,
295,752,DIF. 1/3 DAS FERIAS,1016 - Férias - Gozadas,11,11,11,Rubrica com inconsistência de IRRF,"11 - Artigo 28, inciso I, da Lei n° 8.212/910 - Artigo 28, inciso I, da Lei n° 8.212/91",13 - Artigos 3º e 7º da Lei nº 7.713/889 - valor do pagamento informar no 1015,11 - Artigo 15 da Lei n° 8.036/900 - Artigo 15 da Lei n° 8.036/90,2026-03-28 04:05:08.371145,f,,pendente,
296,753,REEMB VALE REFEICAO/ ALIMENTACAO - HORA EXTRA,"1806 - Alimentação em ticket ou cartão, vinculada ao PAT",0,9,0,-,"0 - Artigo 28, inciso I, da Lei n° 8.212/91","9 - artigo 35, inciso I, alínea p do Decreto n° 9.580/2018",0 - Artigo 15 da Lei n° 8.036/90,2026-03-28 04:05:08.371145,f,,pendente,
297,755,REEMB. VALE TRANSPORTE - HORA EXTRA,1810 - Transporte (Servidores e Empregados Públicos),0,9,0,-,"0 - Artigo 28, § 9º da Lei n° 8.212/91",9 - Artigos 5º da IN 1500/2014,"0 - Precedente Administrativo nº 311 - Precedente Administrativo nº 3, Ato Declaratório 04/2002",2026-03-28 04:05:08.371145,f,,pendente,
298,757,DESC. CONTRIB. DE NATUREZA PREVIDENCIARIA,9232 - Contribuição Sindical - Assistencial,0,9,0,-,"0 - Artigo 28, § 9º da Lei n° 8.212/91",9 - Artigo 4º da Lei nº 9.250/95,0 - Artigo 15 da Lei n° 8.036/90,2026-03-28 04:05:08.371145,f,,pendente,
299,759,DESC. AUX. DOENÇA INDEVIDO,"1000 - Salário, vencimento, soldo ou subsídio",11,11,11,-,"11 - Artigo 28, inciso I, da Lei n° 8.212/91",11 - Artigos 3º e 7º da Lei nº 7.713/88,11 - Artigo 15 da Lei n° 8.036/90,2026-03-28 04:05:08.371145,f,,pendente,
300,762,DESC. MENSALIDADE SINDICAL - BA,9233 - Contribuição sindical - Confederativa,0,9,0,-,"0 - Artigo 28, § 9º da Lei n° 8.212/91",9 - Artigo 4º da Lei nº 9.250/95,0 - Artigo 15 da Lei n° 8.036/90,2026-03-28 04:05:08.371145,f,,pendente,
301,763,DESC. MENSALIDADE SINDICAL,9233 - Contribuição sindical - Confederativa,0,9,0,-,"0 - Artigo 28, § 9º da Lei n° 8.212/91",9 - Artigo 4º da Lei nº 9.250/95,0 - Artigo 15 da Lei n° 8.036/90,2026-03-28 04:05:08.371145,f,,pendente,
302,764,REEMBOLSO DESC. INDEVIDO,"1000 - Salário, vencimento, soldo ou subsídio",11,11,11,-,"11 - Artigo 28, inciso I, da Lei n° 8.212/91",11 - Artigos 3º e 7º da Lei nº 7.713/88,11 - Artigo 15 da Lei n° 8.036/90,2026-03-28 04:05:08.371145,f,,pendente,
303,767,DESC. PAGTO. SALARIO INDEV.,9299 - Outros descontos,11,11,11,"Rubrica com inconsistência de INSS, IRRF e FGTS","0 - Artigo 28, § 9º da Lei n° 8.212/91",9 - Artigos 3º e 7º da Lei nº 7.713/88,"0 - Artigo 15, § 6º da Lei n° 8.036/90",2026-03-28 04:05:08.371145,f,,pendente,
304,769,DESC. VALE REFEICAO NAO UTILIZADO MES ANTERIOR,"9241 - Alimentação em ticket ou cartão, vinculada ao PAT - Desconto",0,9,0,-,"0 - Artigo 28, §9º da Lei n° 8.212/91",9 - Artigos 3º e 7º da Lei nº 7.713/88,0 - Artigo 15 da Lei n° 8.036/90,2026-03-28 04:05:08.371145,f,,pendente,
305,770,DESC. ADIANT. VALE REFEIÇÃO,"9243 - Cesta básica ou refeição, vinculada ao PAT - Desconto",0,9,0,-,"0 - Artigo 28, §9º da Lei n° 8.212/91",9 - Artigos 3º e 7º da Lei nº 7.713/88,0 - Artigo 15 da Lei n° 8.036/90,2026-03-28 04:05:08.371145,f,,pendente,
306,771,DESC. VALE REFEICAO NAO UTILIZADO,"9243 - Cesta básica ou refeição, vinculada ao PAT - Desconto",0,9,0,-,"0 - Artigo 28, §9º da Lei n° 8.212/91",9 - Artigos 3º e 7º da Lei nº 7.713/88,0 - Artigo 15 da Lei n° 8.036/90,2026-03-28 04:05:08.371145,f,,pendente,
307,772,DESC. CESTA BASICA,"1808 - Alimentação concedida sob a forma de cesta básica ou refeição, por empresa vinculada ao PAT",0,79,0,Rubrica com inconsistência de IRRF,"0 - Artigo 28, inciso I, da Lei n° 8.212/91","9 - artigo 35, inciso I, alínea p do Decreto n° 9.580/2018",0 - Artigo 15 da Lei n° 8.036/90,2026-03-28 04:05:08.371145,f,,pendente,
308,773,DESC. VALE REFEICAO,"9243 - Cesta básica ou refeição, vinculada ao PAT - Desconto",0,9,0,-,"0 - Artigo 28, §9º da Lei n° 8.212/91",9 - Artigos 3º e 7º da Lei nº 7.713/88,0 - Artigo 15 da Lei n° 8.036/90,2026-03-28 04:05:08.371145,f,,pendente,
309,774,DESC. ASSIST. MEDICA,9219 - Desconto de assistência médica ou odontológica - Plano coletivo empresarial,0,9,0,Rubrica com inconsistência de IRRF,"0 - Artigo 28, § 9º da Lei n° 8.212/91",67 - Artigos 3º e 7º da Lei nº 7.713/88,"0 - Artigo 15, § 6º da Lei n° 8.036/90",2026-03-28 04:05:08.371145,f,,pendente,
310,775,DESC. ASSIST. ODONTOLOGICA,9219 - Desconto de assistência médica ou odontológica - Plano coletivo empresarial,0,9,0,Rubrica com inconsistência de IRRF,"0 - Artigo 28, § 9º da Lei n° 8.212/91",67 - Artigos 3º e 7º da Lei nº 7.713/88,"0 - Artigo 15, § 6º da Lei n° 8.036/90",2026-03-28 04:05:08.371145,f,,pendente,
311,776,DESC. VALE ALIMENTACAO,"9241 - Alimentação em ticket ou cartão, vinculada ao PAT - Desconto",0,9,0,-,"0 - Artigo 28, §9º da Lei n° 8.212/91",9 - Artigos 3º e 7º da Lei nº 7.713/88,0 - Artigo 15 da Lei n° 8.036/90,2026-03-28 04:05:08.371145,f,,pendente,
312,778,DESC. VALE ALIMENTACAO NAO UTILIZADO,9299 - Outros descontos,0,9,0,-,"0 - Artigo 28, § 9º da Lei n° 8.212/91",9 - Artigos 3º e 7º da Lei nº 7.713/88,"0 - Artigo 15, § 6º da Lei n° 8.036/90",2026-03-28 04:05:08.371145,f,,pendente,
313,779,DESC. ASSIST. MEDICA MES ANTERIOR,9219 - Desconto de assistência médica ou odontológica - Plano coletivo empresarial,0,0,0,Rubrica com inconsistência de IRRF,"0 - Artigo 28, § 9º da Lei n° 8.212/91",67 - Artigos 3º e 7º da Lei nº 7.713/88,"0 - Artigo 15, § 6º da Lei n° 8.036/90",2026-03-28 04:05:08.371145,f,,pendente,
314,786,ADIANTAMENTO - (PGTO FÉRIAS),5501 - Adiantamento de salários,0,9,0,-,"0 - Artigo 28, § 9º da Lei n° 8.212/91",11 - Artigos 3º e 7º da Lei nº 7.713/889 - Artigos 3º e 7º da Lei nº 7.713/88,"0 - Artigo 15, § 6º da Lei n° 8.036/90",2026-03-28 04:05:08.371145,f,,pendente,
315,790,DESC. SALARIO MATERNIDADE,9299 - Outros descontos,11,11,11,"Rubrica com inconsistência de INSS, IRRF e FGTS","0 - Artigo 28, § 9º da Lei n° 8.212/91",9 - Artigos 3º e 7º da Lei nº 7.713/88,"0 - Artigo 15, § 6º da Lei n° 8.036/90",2026-03-28 04:05:08.371145,f,,pendente,
316,791,MULTA CCT,6129 - Outras verbas não remuneratórias (indenizatórias ou multas),0,79,0,-,"0 - Artigo 28, inciso I, da Lei n° 8.212/91","79 - Artigos 6 da Lei nº 7.713/88 e Artigo 2° da Lei n° 8.036/90, e artigo 65 do Decreto n° 9.580/2018",0 - Artigo 15 da Lei n° 8.036/90,2026-03-28 04:05:08.371145,f,,pendente,
317,792,PREMIO ASSIDUIDADE (SEM INCIDENCIA),2501 - Prêmios,0,9,0,Rubrica com inconsistência de IRRF,"0 - ATO SOLUÇÃO DE CONSULTA Nº 5.003, de 09/04/2025",11 - Artigo 36 do Decreto nº 9.580/2018,0 - Artigo 15 da Lei n° 8.036/90,2026-03-28 04:05:08.371145,f,,pendente,
318,793,PREMIO ASSIDUIDADE (SEM INCIDENCIA) MÊS ANTERIOR,2501 - Prêmios,0,9,11,Rubrica com inconsistência de IRRF e FGTS,"0 - ATO SOLUÇÃO DE CONSULTA Nº 5.003, de 09/04/2025",11 - Artigo 36 do Decreto nº 9.580/2018,0 - Artigo 15 da Lei n° 8.036/90,2026-03-28 04:05:08.371145,f,,pendente,
319,796,PREMIO ASSIDUIDADE,1211 - Gratificações,0,9,0,"Rubrica com inconsistência de INSS, IRRF e FGTS","11 - Artigo 28, inciso I, da Lei n° 8.212/91",11 - Artigos 3º e 7º da Lei nº 7.713/88,11 - Artigo 15 da Lei n° 8.036/90,2026-03-28 04:05:08.371145,f,,pendente,
320,806,DESC. EMPRESTIMO NEON,9254 - Empréstimos consignados - desconto,0,9,0,-,"0 - Artigo 28, § 9º da Lei n° 8.212/91",9 - Artigo 7º da Lei nº 8.134/90,"0 - Artigo 15, § 6º da Lei n° 8.036/90",2026-03-28 04:05:08.371145,f,,pendente,
321,808,GRATIFICACAO ASSIDUIDADE,1211 - Gratificações,11,11,11,-,"11 - Artigo 28, inciso I, da Lei n° 8.212/91",11 - Artigos 3º e 7º da Lei nº 7.713/88,11 - Artigo 15 da Lei n° 8.036/90,2026-03-28 04:05:08.371145,f,,pendente,
322,809,DESC ADIC. PERICULOSIDADE,1203 - Adicional de periculosidade,11,11,11,-,"11 - Artigo 28, inciso I, da Lei n° 8.212/91",11 - Artigos 3º e 7º da Lei nº 7.713/88,11 - Artigo 15 da Lei n° 8.036/90,2026-03-28 04:05:08.371145,f,,pendente,
323,811,ACUMULO DE FUNCAO,1201 - Adicional de função / cargo confiança,11,11,11,-,"11 - Artigo 28, inciso I, da Lei n° 8.212/91",11 - Artigos 3º e 7º da Lei nº 7.713/88,11 - Artigo 15 da Lei n° 8.036/90,2026-03-28 04:05:08.371145,f,,pendente,
324,814,ADIC. INSALUBRIDADE SOBRE SALARIO,1202 - Adicional de insalubridade,11,11,11,-,"11 - Artigo 28, inciso I, da Lei n° 8.212/91",11 - Artigos 3º e 7º da Lei nº 7.713/88,11 - Artigo 15 da Lei n° 8.036/90,2026-03-28 04:05:08.371145,f,,pendente,
325,815,PREMIO ASSIDUIDADE,1211 - Gratificações,11,11,11,-,"11 - Artigo 28, inciso I, da Lei n° 8.212/91",11 - Artigos 3º e 7º da Lei nº 7.713/88,11 - Artigo 15 da Lei n° 8.036/90,2026-03-28 04:05:08.371145,f,,pendente,
326,820,SALARIO DIA (INTERMITENTE),"1000 - Salário, vencimento, soldo ou subsídio",11,11,11,-,"11 - Artigo 28, inciso I, da Lei n° 8.212/91",11 - Artigos 3º e 7º da Lei nº 7.713/88,11 - Artigo 15 da Lei n° 8.036/90,2026-03-28 04:05:08.371145,f,,pendente,
327,822,D.S.R. S/FERIADO - HS (INTERMITENTE),1012 - Descanso semanal remunerado - DSR e feriado,11,11,11,-,"11 - Artigo 28, inciso I, da Lei n° 8.212/91",11 - Artigos 3º e 7º da Lei nº 7.713/88,11 - Artigo 15 da Lei n° 8.036/90,2026-03-28 04:05:08.371145,f,,pendente,
328,823,FERIAS (INTERMITENTE),6006 - Férias proporcionais,0,9,11,Rubrica com inconsistência de IRRF e FGTS,"0 - Artigo 28, § 9º da Lei n° 8.212/91","74 - Artigo 6º, inciso V da Lei nº 7.713/88; artigo 682 do Decreto nº 9.580/2018; ADI SRF 14/2005","0 - Artigo 15, § 6º da Lei n° 8.036/90",2026-03-28 04:05:08.371145,f,,pendente,
329,824,1/3 FERIAS (INTERMITENTE),6006 - Férias proporcionais,0,9,11,Rubrica com inconsistência de IRRF e FGTS,"0 - Artigo 28, § 9º da Lei n° 8.212/91","74 - Artigo 6º, inciso V da Lei nº 7.713/88; artigo 682 do Decreto nº 9.580/2018; ADI SRF 14/2005","0 - Artigo 15, § 6º da Lei n° 8.036/90",2026-03-28 04:05:08.371145,f,,pendente,
330,828,PREMIO ASSIDUIDADE MÊS ANTERIOR,1211 - Gratificações,11,11,11,-,"11 - Artigo 28, inciso I, da Lei n° 8.212/91",11 - Artigos 3º e 7º da Lei nº 7.713/88,11 - Artigo 15 da Lei n° 8.036/90,2026-03-28 04:05:08.371145,f,,pendente,
331,829,PROCESSO TRAB,9218 - Retenções judiciais,0,9,0,-,"0 - Artigo 28, § 9º da Lei n° 8.212/91",9 - Artigo 12-A da Lei nº 7.713/88,"0 - Artigo 15, § 6º da Lei n° 8.036/90",2026-03-28 04:05:08.371145,f,,pendente,
332,831,SALARIO MATERNIDADE (MES ANTERIOR),4050 - Salário maternidade,21,11,11,-,"21 - Artigo 28, inciso I, da Lei n° 8.212/9115 - IN 2185/2024",11 - Artigos 3º e 7º da Lei nº 7.713/88,11 - Artigo 15 da Lei n° 8.036/90,2026-03-28 04:05:08.371145,f,,pendente,
333,834,HORAS EXTRAS 50%,1003 - Horas extraordinárias,11,11,11,-,"11 - Artigo 28, inciso I, da Lei n° 8.212/91",11 - Artigos 3º e 7º da Lei nº 7.713/88,11 - Artigo 15 da Lei n° 8.036/90,2026-03-28 04:05:08.371145,f,,pendente,
334,835,HORAS EXTRAS 100%,1003 - Horas extraordinárias,11,11,11,-,"11 - Artigo 28, inciso I, da Lei n° 8.212/91",11 - Artigos 3º e 7º da Lei nº 7.713/88,11 - Artigo 15 da Lei n° 8.036/90,2026-03-28 04:05:08.371145,f,,pendente,
335,836,ADIC. NOTURNO C/20%,1205 - Adicional noturno,11,11,11,-,"11 - Artigo 28, inciso I, da Lei n° 8.212/91",11 - Artigos 3º e 7º da Lei nº 7.713/88,11 - Artigo 15 da Lei n° 8.036/90,2026-03-28 04:05:08.371145,f,,pendente,
336,837,DESC. FALTAS (DIAS),"9207 - Desconto decorrente de ausência de trabalho durante todo o dia em razão de, por exemplo, falta injustificada, suspensão disciplinar, greve",11,11,11,-,"11 - Artigo 28, inciso I, da Lei n° 8.212/91",11 - Artigos 3º e 7º da Lei nº 7.713/88,11 - Artigo 15 da Lei n° 8.036/90,2026-03-28 04:05:08.371145,f,,pendente,
337,838,DESC. PENSAO ALIMENTICIA EM FERIAS,9213 - Pensão alimentícia,0,53,0,-,"0 - Artigo 28, § 9º da Lei n° 8.212/91","51 - Artigo 4º, inciso IV, da Lei nº 9.250/9552 - Artigo 4º, inciso IV, da Lei nº 9.250/9553 - Artigo 4º, inciso IV, da Lei nº 9.250/9554 - Artigo 3º, § 10 da Lei nº 10.101/2000","0 - Artigo 15, § 6º da Lei n° 8.036/90",2026-03-28 04:05:08.371145,f,,pendente,
338,840,ADIC. PERICULOSIDADE,1203 - Adicional de periculosidade,11,11,11,-,"11 - Artigo 28, inciso I, da Lei n° 8.212/91",11 - Artigos 3º e 7º da Lei nº 7.713/88,11 - Artigo 15 da Lei n° 8.036/90,2026-03-28 04:05:08.371145,f,,pendente,
339,841,DESC. ATRASOS,9209 - Faltas ou atrasos,11,11,11,-,"11 - Artigo 28, inciso I, da Lei n° 8.212/91",11 - Artigos 3º e 7º da Lei nº 7.713/88,11 - Artigo 15 da Lei n° 8.036/90,2026-03-28 04:05:08.371145,f,,pendente,
340,842,DESC. CONTRIB. NEGOCIAL,9233 - Contribuição sindical - Confederativa,0,79,0,Rubrica com inconsistência de IRRF,"0 - Artigo 28, § 9º da Lei n° 8.212/91",9 - Artigo 4º da Lei nº 9.250/95,0 - Artigo 15 da Lei n° 8.036/90,2026-03-28 04:05:08.371145,f,,pendente,
341,843,DESC AD NOT INDEVIDO,9299 - Outros descontos,11,11,11,"Rubrica com inconsistência de INSS, IRRF e FGTS","0 - Artigo 28, § 9º da Lei n° 8.212/91",9 - Artigos 3º e 7º da Lei nº 7.713/88,"0 - Artigo 15, § 6º da Lei n° 8.036/90",2026-03-28 04:05:08.371145,f,,pendente,
342,847,H.EXTRA  NOTURNO C/100%,1205 - Adicional noturno,11,11,11,-,"11 - Artigo 28, inciso I, da Lei n° 8.212/91",11 - Artigos 3º e 7º da Lei nº 7.713/88,11 - Artigo 15 da Lei n° 8.036/90,2026-03-28 04:05:08.371145,f,,pendente,
343,848,ACUMULO DE FUNCAO MES ANT.,1211 - Gratificações,11,11,11,-,"11 - Artigo 28, inciso I, da Lei n° 8.212/91",11 - Artigos 3º e 7º da Lei nº 7.713/88,11 - Artigo 15 da Lei n° 8.036/90,2026-03-28 04:05:08.371145,f,,pendente,
344,850,ADIC. NOTURNO C/100% MES ANTERIOR,1205 - Adicional noturno,11,11,11,-,"11 - Artigo 28, inciso I, da Lei n° 8.212/91",11 - Artigos 3º e 7º da Lei nº 7.713/88,11 - Artigo 15 da Lei n° 8.036/90,2026-03-28 04:05:08.371145,f,,pendente,
345,857,DESC. ATRASO/FALTA HORAS MÊS ANTERIOR,9209 - Faltas ou atrasos,11,11,11,-,"11 - Artigo 28, inciso I, da Lei n° 8.212/91",11 - Artigos 3º e 7º da Lei nº 7.713/88,11 - Artigo 15 da Lei n° 8.036/90,2026-03-28 04:05:08.371145,f,,pendente,
346,861,DESC. D.S.R. S/FALTAS (HORAS) MÊS ANTERIOR,9210 - DSR s/faltas e atrasos,11,11,11,-,"11 - Artigo 28, inciso I, da Lei n° 8.212/91",11 - Artigos 3º e 7º da Lei nº 7.713/88,11 - Artigo 15 da Lei n° 8.036/90,2026-03-28 04:05:08.371145,f,,pendente,
347,862,ADIC. NOTURNO C/20% MES ANTERIOR,1205 - Adicional noturno,11,11,11,-,"11 - Artigo 28, inciso I, da Lei n° 8.212/91",11 - Artigos 3º e 7º da Lei nº 7.713/88,11 - Artigo 15 da Lei n° 8.036/90,2026-03-28 04:05:08.371145,f,,pendente,
348,863,ADIC. NOTURNO C/50% MES ANTERIOR,1205 - Adicional noturno,11,11,11,-,"11 - Artigo 28, inciso I, da Lei n° 8.212/91",11 - Artigos 3º e 7º da Lei nº 7.713/88,11 - Artigo 15 da Lei n° 8.036/90,2026-03-28 04:05:08.371145,f,,pendente,
349,864,ADIC. INSALUBRIDADE SOBRE SALARIO,1202 - Adicional de insalubridade,11,11,11,-,"11 - Artigo 28, inciso I, da Lei n° 8.212/91",11 - Artigos 3º e 7º da Lei nº 7.713/88,11 - Artigo 15 da Lei n° 8.036/90,2026-03-28 04:05:08.371145,f,,pendente,
350,865,PREMIO ASSIDUIDADE,1211 - Gratificações,0,9,0,"Rubrica com inconsistência de INSS, IRRF e FGTS","11 - Artigo 28, inciso I, da Lei n° 8.212/91",11 - Artigos 3º e 7º da Lei nº 7.713/88,11 - Artigo 15 da Lei n° 8.036/90,2026-03-28 04:05:08.371145,f,,pendente,
351,869,REEMBOLSO DESC. INDEVIDO,1629 - Ressarcimento de outras despesas  em caráter indenizatório patrimonial,0,9,0,-,"0 - Artigo 28, § 9º da Lei n° 8.212/91",9 - Artigo 6º da Lei nº 7.713/88,"0 - Artigo 15, § 6º da Lei n° 8.036/90",2026-03-28 04:05:08.371145,f,,pendente,
352,870,ADICIONAL DE ESTIMULO,1211 - Gratificações,11,11,11,-,"11 - Artigo 28, inciso I, da Lei n° 8.212/91",11 - Artigos 3º e 7º da Lei nº 7.713/88,11 - Artigo 15 da Lei n° 8.036/90,2026-03-28 04:05:08.371145,f,,pendente,
353,873,REEMB. 6% VALE TRANSPORTE,1629 - Ressarcimento de outras despesas  em caráter indenizatório patrimonial,0,9,0,-,"0 - Artigo 28, § 9º da Lei n° 8.212/91",9 - Artigo 6º da Lei nº 7.713/88,"0 - Artigo 15, § 6º da Lei n° 8.036/90",2026-03-28 04:05:08.371145,f,,pendente,
354,874,DEV. FALTAS (HORAS),"1000 - Salário, vencimento, soldo ou subsídio",11,11,11,-,"11 - Artigo 28, inciso I, da Lei n° 8.212/91",11 - Artigos 3º e 7º da Lei nº 7.713/88,11 - Artigo 15 da Lei n° 8.036/90,2026-03-28 04:05:08.371145,f,,pendente,
355,875,DEV. D.S.R FALTAS (HORAS),"1000 - Salário, vencimento, soldo ou subsídio",11,11,11,-,"11 - Artigo 28, inciso I, da Lei n° 8.212/91",11 - Artigos 3º e 7º da Lei nº 7.713/88,11 - Artigo 15 da Lei n° 8.036/90,2026-03-28 04:05:08.371145,f,,pendente,
356,882,REEMB. DESC. VALE REFEICAO,"1806 - Alimentação em ticket ou cartão, vinculada ao PAT",0,9,0,-,"0 - Artigo 28, inciso I, da Lei n° 8.212/91","9 - artigo 35, inciso I, alínea p do Decreto n° 9.580/2018",0 - Artigo 15 da Lei n° 8.036/90,2026-03-28 04:05:08.371145,f,,pendente,
357,885,PREMIO ASSIDUIDADE MÊS ANTERIOR,1211 - Gratificações,0,11,0,Rubrica com inconsistência de INSS e FGTS,"11 - Artigo 28, inciso I, da Lei n° 8.212/91",11 - Artigos 3º e 7º da Lei nº 7.713/88,11 - Artigo 15 da Lei n° 8.036/90,2026-03-28 04:05:08.371145,f,,pendente,
358,891,REEMB VALE LANCHE,"1806 - Alimentação em ticket ou cartão, vinculada ao PAT",0,9,0,-,"0 - Artigo 28, inciso I, da Lei n° 8.212/91","9 - artigo 35, inciso I, alínea p do Decreto n° 9.580/2018",0 - Artigo 15 da Lei n° 8.036/90,2026-03-28 04:05:08.371145,f,,pendente,
359,892,REEMB. EXAME RETORNO AO TRABALHO,6129 - Outras verbas não remuneratórias (indenizatórias ou multas),0,9,0,Rubrica com inconsistência de IRRF,"0 - Artigo 28, inciso I, da Lei n° 8.212/91","79 - Artigos 6 da Lei nº 7.713/88 e Artigo 2° da Lei n° 8.036/90, e artigo 65 do Decreto n° 9.580/2018",0 - Artigo 15 da Lei n° 8.036/90,2026-03-28 04:05:08.371145,f,,pendente,
360,893,DESC. VALE-TRANSPORTE 6% MÊS ANTERIOR,9216 - Desconto de vale transporte,0,9,0,-,"0 - Artigo 28, § 9º da Lei n° 8.212/91",9 - Artigos 3º e 7º da Lei nº 7.713/88,"0 - Artigo 15, § 6º da Lei n° 8.036/90",2026-03-28 04:05:08.371145,f,,pendente,
361,895,DESC. ASSIST. ODONTO. DEPENDENTE MES ANT,9219 - Desconto de assistência médica ou odontológica - Plano coletivo empresarial,0,9,0,Rubrica com inconsistência de IRRF,"0 - Artigo 28, § 9º da Lei n° 8.212/91",67 - Artigos 3º e 7º da Lei nº 7.713/88,"0 - Artigo 15, § 6º da Lei n° 8.036/90",2026-03-28 04:05:08.371145,f,,pendente,
362,899,DESC. PAGTO. INDEVIDO,9299 - Outros descontos,11,11,11,"Rubrica com inconsistência de INSS, IRRF e FGTS","0 - Artigo 28, § 9º da Lei n° 8.212/91",9 - Artigos 3º e 7º da Lei nº 7.713/88,"0 - Artigo 15, § 6º da Lei n° 8.036/90",2026-03-28 04:05:08.371145,f,,pendente,
363,900,VALE LANCHE NAO UTILIZADO MES ANT,"9243 - Cesta básica ou refeição, vinculada ao PAT - Desconto",0,9,0,-,"0 - Artigo 28, §9º da Lei n° 8.212/91",9 - Artigos 3º e 7º da Lei nº 7.713/88,0 - Artigo 15 da Lei n° 8.036/90,2026-03-28 04:05:08.371145,f,,pendente,
364,938,DIFERENCA DE SALARIO,"1000 - Salário, vencimento, soldo ou subsídio",11,11,11,-,"11 - Artigo 28, inciso I, da Lei n° 8.212/91",11 - Artigos 3º e 7º da Lei nº 7.713/88,11 - Artigo 15 da Lei n° 8.036/90,2026-03-28 04:05:08.371145,f,,pendente,
365,940,GRATIFICAÇÃO MÊS ANTERIOR,1211 - Gratificações,11,11,11,-,"11 - Artigo 28, inciso I, da Lei n° 8.212/91",11 - Artigos 3º e 7º da Lei nº 7.713/88,11 - Artigo 15 da Lei n° 8.036/90,2026-03-28 04:05:08.371145,f,,pendente,
366,948,MULTA POR ATRASO DE SALARIO,6129 - Outras verbas não remuneratórias (indenizatórias ou multas),0,9,0,Rubrica com inconsistência de IRRF,"0 - Artigo 28, inciso I, da Lei n° 8.212/91","79 - Artigos 6 da Lei nº 7.713/88 e Artigo 2° da Lei n° 8.036/90, e artigo 65 do Decreto n° 9.580/2018",0 - Artigo 15 da Lei n° 8.036/90,2026-03-28 04:05:08.371145,f,,pendente,
367,950,DIF. ASSISTENCIA MEDICA,1405 - Assistência médica,0,9,0,-,"0 - Artigo 28, § 9º da Lei n° 8.212/91","9 - artigo 35, inciso I, alínea p do Decreto n° 9.580/2018",0 - Artigo 15 da Lei n° 8.036/90,2026-03-28 04:05:08.371145,f,,pendente,
368,961,DESC. PENSAO ALIMENTICIA SALARIO,9213 - Pensão alimentícia,0,51,0,-,"0 - Artigo 28, § 9º da Lei n° 8.212/91","51 - Artigo 4º, inciso IV, da Lei nº 9.250/9552 - Artigo 4º, inciso IV, da Lei nº 9.250/9553 - Artigo 4º, inciso IV, da Lei nº 9.250/9554 - Artigo 3º, § 10 da Lei nº 10.101/2000","0 - Artigo 15, § 6º da Lei n° 8.036/90",2026-03-28 04:05:08.371145,f,,pendente,
369,964,DESC. PENSAO ALIMENTICIA S/13º SALARIO,9213 - Pensão alimentícia,0,52,0,-,"0 - Artigo 28, § 9º da Lei n° 8.212/91","51 - Artigo 4º, inciso IV, da Lei nº 9.250/9552 - Artigo 4º, inciso IV, da Lei nº 9.250/9553 - Artigo 4º, inciso IV, da Lei nº 9.250/9554 - Artigo 3º, § 10 da Lei nº 10.101/2000","0 - Artigo 15, § 6º da Lei n° 8.036/90",2026-03-28 04:05:08.371145,f,,pendente,
370,971,DESC.CESTA BASICA SOCIO,"1808 - Alimentação concedida sob a forma de cesta básica ou refeição, por empresa vinculada ao PAT",0,79,0,Rubrica com inconsistência de IRRF,"0 - Artigo 28, inciso I, da Lei n° 8.212/91","9 - artigo 35, inciso I, alínea p do Decreto n° 9.580/2018",0 - Artigo 15 da Lei n° 8.036/90,2026-03-28 04:05:08.371145,f,,pendente,
371,977,ADIC. PERICULOSIDADE S/ HORA EXTRA,1203 - Adicional de periculosidade,11,11,11,-,"11 - Artigo 28, inciso I, da Lei n° 8.212/91",11 - Artigos 3º e 7º da Lei nº 7.713/88,11 - Artigo 15 da Lei n° 8.036/90,2026-03-28 04:05:08.371145,f,,pendente,
372,989,DESC. PGTO ASSIDUIDADE MES ANT.,1211 - Gratificações,11,11,11,-,"11 - Artigo 28, inciso I, da Lei n° 8.212/91",11 - Artigos 3º e 7º da Lei nº 7.713/88,11 - Artigo 15 da Lei n° 8.036/90,2026-03-28 04:05:08.371145,f,,pendente,
373,992,REEMB. ATRASO (HORAS) - MES ANTERIOR,"1000 - Salário, vencimento, soldo ou subsídio",11,11,11,-,"11 - Artigo 28, inciso I, da Lei n° 8.212/91",11 - Artigos 3º e 7º da Lei nº 7.713/88,11 - Artigo 15 da Lei n° 8.036/90,2026-03-28 04:05:08.371145,f,,pendente,
374,993,ADICIONAL DE ESTIMULO MES ANTERIOR,1211 - Gratificações,0,9,0,"Rubrica com inconsistência de INSS, IRRF e FGTS","11 - Artigo 28, inciso I, da Lei n° 8.212/91",11 - Artigos 3º e 7º da Lei nº 7.713/88,11 - Artigo 15 da Lei n° 8.036/90,2026-03-28 04:05:08.371145,f,,pendente,
375,995,LICENCA REMUNERADA,1050 - Remuneração de dias de afastamento,11,11,11,-,"11 - Artigo 28, inciso I, da Lei n° 8.212/910 - Parecer SEI n° 16120/ME 2020",11 - Artigos 3º e 7º da Lei nº 7.713/88,11 - Artigo 15 da Lei n° 8.036/90,2026-03-28 04:05:08.371145,f,,pendente,
376,1000,ADIC. NOTURNO C/20% - (HORA EXTRA 100%),1205 - Adicional noturno,11,9,11,Rubrica com inconsistência de IRRF,"11 - Artigo 28, inciso I, da Lei n° 8.212/91",11 - Artigos 3º e 7º da Lei nº 7.713/88,11 - Artigo 15 da Lei n° 8.036/90,2026-03-28 04:05:08.371145,f,,pendente,
377,1010,ADIC. INSALUBRIDADE SOBRE SALARIO,1202 - Adicional de insalubridade,11,11,11,-,"11 - Artigo 28, inciso I, da Lei n° 8.212/91",11 - Artigos 3º e 7º da Lei nº 7.713/88,11 - Artigo 15 da Lei n° 8.036/90,2026-03-28 04:05:08.371145,f,,pendente,
378,1016,DESC. EMPRESTIMO ECONSIGNADO FGTS,9253 - Desconto de trabalhadores a título de empréstimos na modalidade eConsignado para repasse à instituição financeira consignatária recolhido em guia do FGTS conforme legislação específica,0,9,31,-,"0 - Artigo 28, inciso I, da Lei n° 8.212/91",9 - Artigo 7º da Lei nº 8.134/90,31 - Artigo 15 da Lei n° 8.036/90,2026-03-28 04:05:08.371145,f,,pendente,
379,1017,REEMB. EXAME TROCA DE FUNCAO,6129 - Outras verbas não remuneratórias (indenizatórias ou multas),0,9,0,Rubrica com inconsistência de IRRF,"0 - Artigo 28, inciso I, da Lei n° 8.212/91","79 - Artigos 6 da Lei nº 7.713/88 e Artigo 2° da Lei n° 8.036/90, e artigo 65 do Decreto n° 9.580/2018",0 - Artigo 15 da Lei n° 8.036/90,2026-03-28 04:05:08.371145,f,,pendente,
380,1018,DESC. VALE REFEICAO MES ANTERIOR,"9241 - Alimentação em ticket ou cartão, vinculada ao PAT - Desconto",0,9,0,-,"0 - Artigo 28, §9º da Lei n° 8.212/91",9 - Artigos 3º e 7º da Lei nº 7.713/88,0 - Artigo 15 da Lei n° 8.036/90,2026-03-28 04:05:08.371145,f,,pendente,
381,1023,DIF ADIC. S/13º SALARIO,5001 - 13º salário,12,12,12,-,"12 - Artigo 28, inciso I, da Lei n° 8.212/91",12 - Artigos 3º e 7º da Lei nº 7.713/88,12 - Artigo 15 da Lei n° 8.036/90,2026-03-28 04:05:08.371145,f,,pendente,
382,1024,DIF ADIC. FERIAS INDENIZADAS (Rescisao),6007 - Férias vencidas na rescisão,0,9,0,Rubrica com inconsistência de IRRF,"0 - Artigo 28, § 9º da Lei n° 8.212/91","74 - Artigo 6º, inciso V da Lei nº 7.713/88; artigo 682 do Decreto nº 9.580/2018; ADI SRF 14/2005","0 - Artigo 15, § 6º da Lei n° 8.036/90",2026-03-28 04:05:08.371145,f,,pendente,
383,1025,LICENCA GESTANTE POR ABORTO NAO CRIMINOSO,4050 - Salário maternidade,21,11,11,-,"21 - Artigo 28, inciso I, da Lei n° 8.212/9115 - IN 2185/2024",11 - Artigos 3º e 7º da Lei nº 7.713/88,11 - Artigo 15 da Lei n° 8.036/90,2026-03-28 04:05:08.371145,f,,pendente,
384,1026,PAGTO. VT E VA - REF FERIADOS,1801 - Auxílio-alimentação,0,9,0,-,"11 - Artigo 28, inciso I, da Lei n° 8.212/910 - Artigo 28, inciso I, da Lei n° 8.212/91","11 - Artigos 3º e 7º da Lei nº 7.713/889 - artigo 35, inciso I, alínea p do Decreto n° 9.580/2018",11 - Artigo 15 da Lei n° 8.036/900 - Artigo 15 da Lei n° 8.036/90,2026-03-28 04:05:08.371145,f,,pendente,
385,1031,DIF. MULTA POR ATRASO DE SALARIO,6129 - Outras verbas não remuneratórias (indenizatórias ou multas),0,9,0,Rubrica com inconsistência de IRRF,"0 - Artigo 28, inciso I, da Lei n° 8.212/91","79 - Artigos 6 da Lei nº 7.713/88 e Artigo 2° da Lei n° 8.036/90, e artigo 65 do Decreto n° 9.580/2018",0 - Artigo 15 da Lei n° 8.036/90,2026-03-28 04:05:08.371145,f,,pendente,
386,1032,D.S.R (INTERMITENTE),1012 - Descanso semanal remunerado - DSR e feriado,11,11,11,-,"11 - Artigo 28, inciso I, da Lei n° 8.212/91",11 - Artigos 3º e 7º da Lei nº 7.713/88,11 - Artigo 15 da Lei n° 8.036/90,2026-03-28 04:05:08.371145,f,,pendente,
387,1033,DESC. EMPRESTIMO ECONSIGNADO FGTS,9253 - Desconto de trabalhadores a título de empréstimos na modalidade eConsignado para repasse à instituição financeira consignatária recolhido em guia do FGTS conforme legislação específica,0,9,31,-,"0 - Artigo 28, inciso I, da Lei n° 8.212/91",9 - Artigo 7º da Lei nº 8.134/90,31 - Artigo 15 da Lei n° 8.036/90,2026-03-28 04:05:08.371145,f,,pendente,
388,1034,DESC. EMPRESTIMO ECONSIGNADO FGTS,9253 - Desconto de trabalhadores a título de empréstimos na modalidade eConsignado para repasse à instituição financeira consignatária recolhido em guia do FGTS conforme legislação específica,0,9,31,-,"0 - Artigo 28, inciso I, da Lei n° 8.212/91",9 - Artigo 7º da Lei nº 8.134/90,31 - Artigo 15 da Lei n° 8.036/90,2026-03-28 04:05:08.371145,f,,pendente,
389,1035,DESC. EMPRESTIMO ECONSIGNADO FGTS,9253 - Desconto de trabalhadores a título de empréstimos na modalidade eConsignado para repasse à instituição financeira consignatária recolhido em guia do FGTS conforme legislação específica,0,9,31,-,"0 - Artigo 28, inciso I, da Lei n° 8.212/91",9 - Artigo 7º da Lei nº 8.134/90,31 - Artigo 15 da Lei n° 8.036/90,2026-03-28 04:05:08.371145,f,,pendente,
390,1036,DESC. EMPRESTIMO ECONSIGNADO FGTS,9253 - Desconto de trabalhadores a título de empréstimos na modalidade eConsignado para repasse à instituição financeira consignatária recolhido em guia do FGTS conforme legislação específica,0,9,31,-,"0 - Artigo 28, inciso I, da Lei n° 8.212/91",9 - Artigo 7º da Lei nº 8.134/90,31 - Artigo 15 da Lei n° 8.036/90,2026-03-28 04:05:08.371145,f,,pendente,
391,1037,DESC. EMPRESTIMO ECONSIGNADO FGTS,9253 - Desconto de trabalhadores a título de empréstimos na modalidade eConsignado para repasse à instituição financeira consignatária recolhido em guia do FGTS conforme legislação específica,0,9,31,-,"0 - Artigo 28, inciso I, da Lei n° 8.212/91",9 - Artigo 7º da Lei nº 8.134/90,31 - Artigo 15 da Lei n° 8.036/90,2026-03-28 04:05:08.371145,f,,pendente,
392,1038,DESC. EMPRESTIMO ECONSIGNADO FGTS,9253 - Desconto de trabalhadores a título de empréstimos na modalidade eConsignado para repasse à instituição financeira consignatária recolhido em guia do FGTS conforme legislação específica,0,9,31,-,"0 - Artigo 28, inciso I, da Lei n° 8.212/91",9 - Artigo 7º da Lei nº 8.134/90,31 - Artigo 15 da Lei n° 8.036/90,2026-03-28 04:05:08.371145,f,,pendente,
393,1039,DESC. EMPRESTIMO ECONSIGNADO FGTS,9253 - Desconto de trabalhadores a título de empréstimos na modalidade eConsignado para repasse à instituição financeira consignatária recolhido em guia do FGTS conforme legislação específica,0,9,31,-,"0 - Artigo 28, inciso I, da Lei n° 8.212/91",9 - Artigo 7º da Lei nº 8.134/90,31 - Artigo 15 da Lei n° 8.036/90,2026-03-28 04:05:08.371145,f,,pendente,
394,1040,DESC. EMPRESTIMO ECONSIGNADO FGTS,9253 - Desconto de trabalhadores a título de empréstimos na modalidade eConsignado para repasse à instituição financeira consignatária recolhido em guia do FGTS conforme legislação específica,0,9,31,-,"0 - Artigo 28, inciso I, da Lei n° 8.212/91",9 - Artigo 7º da Lei nº 8.134/90,31 - Artigo 15 da Lei n° 8.036/90,2026-03-28 04:05:08.371145,f,,pendente,
395,1041,PAGTO. ASSIST. MEDICA,1629 - Ressarcimento de outras despesas  em caráter indenizatório patrimonial,0,9,0,-,"0 - Artigo 28, § 9º da Lei n° 8.212/91",9 - Artigo 6º da Lei nº 7.713/88,"0 - Artigo 15, § 6º da Lei n° 8.036/90",2026-03-28 04:05:08.371145,f,,pendente,
396,1042,REEMBOLSO CO PARTICIPACAO A.M.,9299 - Outros descontos,0,9,0,-,"0 - Artigo 28, § 9º da Lei n° 8.212/91",9 - Artigos 3º e 7º da Lei nº 7.713/88,"0 - Artigo 15, § 6º da Lei n° 8.036/90",2026-03-28 04:05:08.371145,f,,pendente,
397,1043,FERIAS EM DOBRO,1024 - Férias - o dobro na vigência do contrato,0,13,0,-,"0 - Artigo 28, § 9º da Lei n° 8.212/91","13 - Artigo 1º da IN RFB n° 936/2009; itens 5, 6 e 7 da Parecer PGFN/PGA nº 2.683/200875 - Artigo 1º da IN RFB n° 936/2009; itens 5, 6 e 7 da Parecer PGFN/PGA nº 2.683/2008 .","0 - Artigo 15, § 6º da Lei n° 8.036/90",2026-03-28 04:05:08.371145,f,,pendente,
398,1044,AUXILIO ESPECIAL,1899 - Outros Auxílios,0,9,0,-,"0 - Artigo 28, § 9º, da Lei n° 8.212/91",9 - Artigo 3° da Lei n° 6.321/76,"0 - Artigo 15, § 6º, da Lei n° 8.036/90",2026-03-28 04:05:08.371145,f,,pendente,
399,1045,D.S.R. S/SALARIO AULA,1012 - Descanso semanal remunerado - DSR e feriado,11,11,11,-,"11 - Artigo 28, inciso I, da Lei n° 8.212/91",11 - Artigos 3º e 7º da Lei nº 7.713/88,11 - Artigo 15 da Lei n° 8.036/90,2026-03-28 04:05:08.371145,f,,pendente,
400,1046,ADICIONAL EXTRACLASSE,1211 - Gratificações,11,11,11,-,"11 - Artigo 28, inciso I, da Lei n° 8.212/91",11 - Artigos 3º e 7º da Lei nº 7.713/88,11 - Artigo 15 da Lei n° 8.036/90,2026-03-28 04:05:08.371145,f,,pendente,
401,1048,"ADIC. NOTURNO 22,50% - FEVEREIRO",1205 - Adicional noturno,11,11,11,-,"11 - Artigo 28, inciso I, da Lei n° 8.212/91",11 - Artigos 3º e 7º da Lei nº 7.713/88,11 - Artigo 15 da Lei n° 8.036/90,2026-03-28 04:05:08.371145,f,,pendente,
402,1052,"ADIC. NOTURNO 22,50% - JUNHO",1205 - Adicional noturno,11,11,11,-,"11 - Artigo 28, inciso I, da Lei n° 8.212/91",11 - Artigos 3º e 7º da Lei nº 7.713/88,11 - Artigo 15 da Lei n° 8.036/90,2026-03-28 04:05:08.371145,f,,pendente,
403,1053,"ADIC. NOTURNO 22,50% - JULHO",1205 - Adicional noturno,11,11,11,-,"11 - Artigo 28, inciso I, da Lei n° 8.212/91",11 - Artigos 3º e 7º da Lei nº 7.713/88,11 - Artigo 15 da Lei n° 8.036/90,2026-03-28 04:05:08.371145,f,,pendente,
404,1055,"ADIC. NOTURNO 22,50% - SETEMBRO",1205 - Adicional noturno,11,11,11,-,"11 - Artigo 28, inciso I, da Lei n° 8.212/91",11 - Artigos 3º e 7º da Lei nº 7.713/88,11 - Artigo 15 da Lei n° 8.036/90,2026-03-28 04:05:08.371145,f,,pendente,
405,1056,"ADIC. NOTURNO 22,50% - OUTUBRO",1205 - Adicional noturno,11,11,11,-,"11 - Artigo 28, inciso I, da Lei n° 8.212/91",11 - Artigos 3º e 7º da Lei nº 7.713/88,11 - Artigo 15 da Lei n° 8.036/90,2026-03-28 04:05:08.371145,f,,pendente,
406,1057,"ADIC. NOTURNO 22,50% - NOVEMBRO",1205 - Adicional noturno,11,11,11,-,"11 - Artigo 28, inciso I, da Lei n° 8.212/91",11 - Artigos 3º e 7º da Lei nº 7.713/88,11 - Artigo 15 da Lei n° 8.036/90,2026-03-28 04:05:08.371145,f,,pendente,
407,1060,HORAS EXTRAS 50% - FEVEREIRO,1003 - Horas extraordinárias,11,11,11,-,"11 - Artigo 28, inciso I, da Lei n° 8.212/91",11 - Artigos 3º e 7º da Lei nº 7.713/88,11 - Artigo 15 da Lei n° 8.036/90,2026-03-28 04:05:08.371145,f,,pendente,
408,1062,HORAS EXTRAS 50% - ABRIL,1003 - Horas extraordinárias,11,11,11,-,"11 - Artigo 28, inciso I, da Lei n° 8.212/91",11 - Artigos 3º e 7º da Lei nº 7.713/88,11 - Artigo 15 da Lei n° 8.036/90,2026-03-28 04:05:08.371145,f,,pendente,
409,1063,HORAS EXTRAS 50% - MAIO,1003 - Horas extraordinárias,11,11,11,-,"11 - Artigo 28, inciso I, da Lei n° 8.212/91",11 - Artigos 3º e 7º da Lei nº 7.713/88,11 - Artigo 15 da Lei n° 8.036/90,2026-03-28 04:05:08.371145,f,,pendente,
410,1064,HORAS EXTRAS 50% - JUNHO,1003 - Horas extraordinárias,11,11,11,-,"11 - Artigo 28, inciso I, da Lei n° 8.212/91",11 - Artigos 3º e 7º da Lei nº 7.713/88,11 - Artigo 15 da Lei n° 8.036/90,2026-03-28 04:05:08.371145,f,,pendente,
411,1065,HORAS EXTRAS 50% - JULHO,1003 - Horas extraordinárias,11,11,11,-,"11 - Artigo 28, inciso I, da Lei n° 8.212/91",11 - Artigos 3º e 7º da Lei nº 7.713/88,11 - Artigo 15 da Lei n° 8.036/90,2026-03-28 04:05:08.371145,f,,pendente,
412,1066,HORAS EXTRAS 50% - AGOSTO,1003 - Horas extraordinárias,11,11,11,-,"11 - Artigo 28, inciso I, da Lei n° 8.212/91",11 - Artigos 3º e 7º da Lei nº 7.713/88,11 - Artigo 15 da Lei n° 8.036/90,2026-03-28 04:05:08.371145,f,,pendente,
413,1067,HORAS EXTRAS 50% - SETEMBRO,1003 - Horas extraordinárias,11,11,11,-,"11 - Artigo 28, inciso I, da Lei n° 8.212/91",11 - Artigos 3º e 7º da Lei nº 7.713/88,11 - Artigo 15 da Lei n° 8.036/90,2026-03-28 04:05:08.371145,f,,pendente,
414,1068,HORAS EXTRAS 50% - OUTUBRO,1003 - Horas extraordinárias,11,11,11,-,"11 - Artigo 28, inciso I, da Lei n° 8.212/91",11 - Artigos 3º e 7º da Lei nº 7.713/88,11 - Artigo 15 da Lei n° 8.036/90,2026-03-28 04:05:08.371145,f,,pendente,
415,1069,HORAS EXTRAS 50% - NOVEMBRO,1003 - Horas extraordinárias,11,11,11,-,"11 - Artigo 28, inciso I, da Lei n° 8.212/91",11 - Artigos 3º e 7º da Lei nº 7.713/88,11 - Artigo 15 da Lei n° 8.036/90,2026-03-28 04:05:08.371145,f,,pendente,
416,1073,"H EXTRAS 50% NOT22,50 - FEVEREIRO",1003 - Horas extraordinárias,11,11,11,-,"11 - Artigo 28, inciso I, da Lei n° 8.212/91",11 - Artigos 3º e 7º da Lei nº 7.713/88,11 - Artigo 15 da Lei n° 8.036/90,2026-03-28 04:05:08.371145,f,,pendente,
417,1076,"H EXTRAS 50% NOT22,50 - MAIO",1003 - Horas extraordinárias,11,11,11,-,"11 - Artigo 28, inciso I, da Lei n° 8.212/91",11 - Artigos 3º e 7º da Lei nº 7.713/88,11 - Artigo 15 da Lei n° 8.036/90,2026-03-28 04:05:08.371145,f,,pendente,
418,1077,"H EXTRAS 50% NOT22,50 - JUNHO",1003 - Horas extraordinárias,11,11,11,-,"11 - Artigo 28, inciso I, da Lei n° 8.212/91",11 - Artigos 3º e 7º da Lei nº 7.713/88,11 - Artigo 15 da Lei n° 8.036/90,2026-03-28 04:05:08.371145,f,,pendente,
419,1078,"H EXTRAS 50% NOT22,50 - JULHO",1003 - Horas extraordinárias,11,11,11,-,"11 - Artigo 28, inciso I, da Lei n° 8.212/91",11 - Artigos 3º e 7º da Lei nº 7.713/88,11 - Artigo 15 da Lei n° 8.036/90,2026-03-28 04:05:08.371145,f,,pendente,
420,1079,"H EXTRAS 50% NOT22,50 - AGOSTO",1003 - Horas extraordinárias,11,11,11,-,"11 - Artigo 28, inciso I, da Lei n° 8.212/91",11 - Artigos 3º e 7º da Lei nº 7.713/88,11 - Artigo 15 da Lei n° 8.036/90,2026-03-28 04:05:08.371145,f,,pendente,
421,1080,"H EXTRAS 50% NOT22,50 - SETEMBRO",1003 - Horas extraordinárias,11,11,11,-,"11 - Artigo 28, inciso I, da Lei n° 8.212/91",11 - Artigos 3º e 7º da Lei nº 7.713/88,11 - Artigo 15 da Lei n° 8.036/90,2026-03-28 04:05:08.371145,f,,pendente,
422,1081,"H EXTRAS 50% NOT22,50 - OUTUBRO",1003 - Horas extraordinárias,11,11,11,-,"11 - Artigo 28, inciso I, da Lei n° 8.212/91",11 - Artigos 3º e 7º da Lei nº 7.713/88,11 - Artigo 15 da Lei n° 8.036/90,2026-03-28 04:05:08.371145,f,,pendente,
423,1082,"H EXTRAS 50% NOT22,50 - NOVEMBRO",1003 - Horas extraordinárias,11,11,11,-,"11 - Artigo 28, inciso I, da Lei n° 8.212/91",11 - Artigos 3º e 7º da Lei nº 7.713/88,11 - Artigo 15 da Lei n° 8.036/90,2026-03-28 04:05:08.371145,f,,pendente,
424,1085,HORAS EXTRAS 100% - FEVEREIRO,1003 - Horas extraordinárias,11,11,11,-,"11 - Artigo 28, inciso I, da Lei n° 8.212/91",11 - Artigos 3º e 7º da Lei nº 7.713/88,11 - Artigo 15 da Lei n° 8.036/90,2026-03-28 04:05:08.371145,f,,pendente,
425,1087,HORAS EXTRAS 100% ABRIL,1003 - Horas extraordinárias,11,11,11,-,"11 - Artigo 28, inciso I, da Lei n° 8.212/91",11 - Artigos 3º e 7º da Lei nº 7.713/88,11 - Artigo 15 da Lei n° 8.036/90,2026-03-28 04:05:08.371145,f,,pendente,
426,1088,HORAS EXTRAS 100% MAIO,1003 - Horas extraordinárias,11,11,11,-,"11 - Artigo 28, inciso I, da Lei n° 8.212/91",11 - Artigos 3º e 7º da Lei nº 7.713/88,11 - Artigo 15 da Lei n° 8.036/90,2026-03-28 04:05:08.371145,f,,pendente,
427,1089,HORAS EXTRAS 100% JUNHO,1003 - Horas extraordinárias,11,11,11,-,"11 - Artigo 28, inciso I, da Lei n° 8.212/91",11 - Artigos 3º e 7º da Lei nº 7.713/88,11 - Artigo 15 da Lei n° 8.036/90,2026-03-28 04:05:08.371145,f,,pendente,
428,1090,HORAS EXTRAS 100% JULHO,1003 - Horas extraordinárias,11,11,11,-,"11 - Artigo 28, inciso I, da Lei n° 8.212/91",11 - Artigos 3º e 7º da Lei nº 7.713/88,11 - Artigo 15 da Lei n° 8.036/90,2026-03-28 04:05:08.371145,f,,pendente,
429,1091,HORAS EXTRAS 100% - AGOSTO,1003 - Horas extraordinárias,11,11,11,-,"11 - Artigo 28, inciso I, da Lei n° 8.212/91",11 - Artigos 3º e 7º da Lei nº 7.713/88,11 - Artigo 15 da Lei n° 8.036/90,2026-03-28 04:05:08.371145,f,,pendente,
430,1092,HORAS EXTRAS 100% SETEMBRO,1003 - Horas extraordinárias,11,11,11,-,"11 - Artigo 28, inciso I, da Lei n° 8.212/91",11 - Artigos 3º e 7º da Lei nº 7.713/88,11 - Artigo 15 da Lei n° 8.036/90,2026-03-28 04:05:08.371145,f,,pendente,
431,1093,HORAS EXTRAS 100% OUTUBRO,1003 - Horas extraordinárias,11,11,11,-,"11 - Artigo 28, inciso I, da Lei n° 8.212/91",11 - Artigos 3º e 7º da Lei nº 7.713/88,11 - Artigo 15 da Lei n° 8.036/90,2026-03-28 04:05:08.371145,f,,pendente,
432,1094,HORAS EXTRAS 100% NOVEMBRO,1003 - Horas extraordinárias,11,11,11,-,"11 - Artigo 28, inciso I, da Lei n° 8.212/91",11 - Artigos 3º e 7º da Lei nº 7.713/88,11 - Artigo 15 da Lei n° 8.036/90,2026-03-28 04:05:08.371145,f,,pendente,
433,1097,"H EXTRAS 100% NOT 22,50 FEVEREIRO",1003 - Horas extraordinárias,11,11,11,-,"11 - Artigo 28, inciso I, da Lei n° 8.212/91",11 - Artigos 3º e 7º da Lei nº 7.713/88,11 - Artigo 15 da Lei n° 8.036/90,2026-03-28 04:05:08.371145,f,,pendente,
434,1100,"H EXTRAS 100% NOT 22,50 MAIO",1003 - Horas extraordinárias,11,11,11,-,"11 - Artigo 28, inciso I, da Lei n° 8.212/91",11 - Artigos 3º e 7º da Lei nº 7.713/88,11 - Artigo 15 da Lei n° 8.036/90,2026-03-28 04:05:08.371145,f,,pendente,
435,1101,"H EXTRAS 100% NOT 22,50 JUNHO",1003 - Horas extraordinárias,11,11,11,-,"11 - Artigo 28, inciso I, da Lei n° 8.212/91",11 - Artigos 3º e 7º da Lei nº 7.713/88,11 - Artigo 15 da Lei n° 8.036/90,2026-03-28 04:05:08.371145,f,,pendente,
436,1102,"H EXTRAS 100% NOT 22,50 JULHO",1003 - Horas extraordinárias,11,11,11,-,"11 - Artigo 28, inciso I, da Lei n° 8.212/91",11 - Artigos 3º e 7º da Lei nº 7.713/88,11 - Artigo 15 da Lei n° 8.036/90,2026-03-28 04:05:08.371145,f,,pendente,
437,1104,"H EXTRAS 100% NOT 22,50 SETEMBRO",1003 - Horas extraordinárias,11,11,11,-,"11 - Artigo 28, inciso I, da Lei n° 8.212/91",11 - Artigos 3º e 7º da Lei nº 7.713/88,11 - Artigo 15 da Lei n° 8.036/90,2026-03-28 04:05:08.371145,f,,pendente,
438,1105,"H EXTRAS 100% NOT 22,50 OUTUBRO",1003 - Horas extraordinárias,11,11,11,-,"11 - Artigo 28, inciso I, da Lei n° 8.212/91",11 - Artigos 3º e 7º da Lei nº 7.713/88,11 - Artigo 15 da Lei n° 8.036/90,2026-03-28 04:05:08.371145,f,,pendente,
439,1106,"H EXTRAS 100% NOT 22,50 NOVEMBRO",1003 - Horas extraordinárias,11,11,11,-,"11 - Artigo 28, inciso I, da Lei n° 8.212/91",11 - Artigos 3º e 7º da Lei nº 7.713/88,11 - Artigo 15 da Lei n° 8.036/90,2026-03-28 04:05:08.371145,f,,pendente,
440,1109,ADIC. NOTURNO C/25%,1205 - Adicional noturno,11,11,11,-,"11 - Artigo 28, inciso I, da Lei n° 8.212/91",11 - Artigos 3º e 7º da Lei nº 7.713/88,11 - Artigo 15 da Lei n° 8.036/90,2026-03-28 04:05:08.371145,f,,pendente,
441,1110,ADIC. INSALUBRIDADE 07/2020 a 12/2020,1202 - Adicional de insalubridade,11,11,11,-,"11 - Artigo 28, inciso I, da Lei n° 8.212/91",11 - Artigos 3º e 7º da Lei nº 7.713/88,11 - Artigo 15 da Lei n° 8.036/90,2026-03-28 04:05:08.371145,f,,pendente,
442,1111,ADIC. INSALUBRIDADE 01/2021 a 08/2021,1202 - Adicional de insalubridade,11,11,11,-,"11 - Artigo 28, inciso I, da Lei n° 8.212/91",11 - Artigos 3º e 7º da Lei nº 7.713/88,11 - Artigo 15 da Lei n° 8.036/90,2026-03-28 04:05:08.371145,f,,pendente,
443,1112,CUSTEIO SOCIAL - SINTEAC MG,9230 - Contribuição Sindical - Compulsória,0,79,0,Rubrica com inconsistência de IRRF,"0 - Artigo 28, § 9º da Lei n° 8.212/91","9 - Artigo 4º, inciso II, da Lei nº 9.250/95",0 - Artigo 15 da Lei n° 8.036/90,2026-03-28 04:05:08.371145,f,,pendente,
444,1114,MULTA POR ATRASO DE SALARIO 2024,6129 - Outras verbas não remuneratórias (indenizatórias ou multas),0,9,0,Rubrica com inconsistência de IRRF,"0 - Artigo 28, inciso I, da Lei n° 8.212/91","79 - Artigos 6 da Lei nº 7.713/88 e Artigo 2° da Lei n° 8.036/90, e artigo 65 do Decreto n° 9.580/2018",0 - Artigo 15 da Lei n° 8.036/90,2026-03-28 04:05:08.371145,f,,pendente,
445,1115,MULTA POR ATRASO DE SALARIO 2025,6129 - Outras verbas não remuneratórias (indenizatórias ou multas),0,9,0,Rubrica com inconsistência de IRRF,"0 - Artigo 28, inciso I, da Lei n° 8.212/91","79 - Artigos 6 da Lei nº 7.713/88 e Artigo 2° da Lei n° 8.036/90, e artigo 65 do Decreto n° 9.580/2018",0 - Artigo 15 da Lei n° 8.036/90,2026-03-28 04:05:08.371145,f,,pendente,
446,1116,DESC. EMPRESTIMO ECONSIGNADO FGTS,9253 - Desconto de trabalhadores a título de empréstimos na modalidade eConsignado para repasse à instituição financeira consignatária recolhido em guia do FGTS conforme legislação específica,0,9,31,-,"0 - Artigo 28, inciso I, da Lei n° 8.212/91",9 - Artigo 7º da Lei nº 8.134/90,31 - Artigo 15 da Lei n° 8.036/90,2026-03-28 04:05:08.371145,f,,pendente,
447,9279,ASSISTENCIA MEDICA (INFORMATIIVO ESOCIAL),9911 - Assistência Médica,0,9,0,-,"0 - Artigo 28, § 9º da Lei n° 8.212/91",9 - Artigos 3º e 7º da Lei nº 7.713/88,0 - Artigo 15 da Lei n° 8.036/90,2026-03-28 04:05:08.371145,f,,pendente,
448,9281,ASSISTENCIA ODONTOLOGICA (INFORMATIIVO ESOCIAL),9911 - Assistência Médica,0,9,0,-,"0 - Artigo 28, § 9º da Lei n° 8.212/91",9 - Artigos 3º e 7º da Lei nº 7.713/88,0 - Artigo 15 da Lei n° 8.036/90,2026-03-28 04:05:08.371145,f,,pendente,
13,47,SALARIO FAMILIA,1409 - Salário-família,51,9,0,Rubrica com inconsistência de IRRF,"51 - Artigo 28, inciso I, da Lei n° 8.212/91","79 - Artigos 5º, inciso VII da IN 1500/2014",0 - Artigo 15 da Lei n° 8.036/90,2026-03-28 04:05:08.371145,t,2026-03-28 04:36:20.753202,feito,
17,55,PRO-LABORE,3508 - Retiradas (pró labore) de proprietários ou sócios,11,11,11,Rubrica com inconsistência de FGTS,"11 - Artigo 28, inciso III, da Lei n° 8.212/91",11 - Artigos 3º e 7º da Lei nº 7.713/88,"0 - Artigo 15, § 6º da Lei n° 8.036/90",2026-03-28 04:05:08.371145,t,2026-03-28 04:36:28.982866,feito,
6,13,REEMB. VALE TRANSPORTE,1810 - Transporte (Servidores e Empregados Públicos),0,0,0,Rubrica com inconsistência de IRRF,"0 - Artigo 28, § 9º da Lei n° 8.212/91",9 - Artigos 5º da IN 1500/2014,"0 - Precedente Administrativo nº 311 - Precedente Administrativo nº 3, Ato Declaratório 04/2002",2026-03-28 04:05:08.371145,t,2026-03-28 04:29:41.532642,feito,
45,156,DIF. FERIAS,1016 - Férias - Gozadas,0,0,0,Rubrica com inconsistência de IRRF,"11 - Artigo 28, inciso I, da Lei n° 8.212/910 - Artigo 28, inciso I, da Lei n° 8.212/91",13 - Artigos 3º e 7º da Lei nº 7.713/889 - valor do pagamento informar no 1015,11 - Artigo 15 da Lei n° 8.036/900 - Artigo 15 da Lei n° 8.036/90,2026-03-28 04:05:08.371145,t,2026-03-28 10:31:26.732826,feito,
61,228,REEMB. DESC. ASSIST. MEDICA,6129 - Outras verbas não remuneratórias (indenizatórias ou multas),0,0,0,Rubrica com inconsistência de IRRF,"0 - Artigo 28, inciso I, da Lei n° 8.212/91","79 - Artigos 6 da Lei nº 7.713/88 e Artigo 2° da Lei n° 8.036/90, e artigo 65 do Decreto n° 9.580/2018",0 - Artigo 15 da Lei n° 8.036/90,2026-03-28 04:05:08.371145,t,2026-03-28 12:22:36.305386,feito,2018-02
64,233,REEMB. REFEICAO,1629 - Ressarcimento de outras despesas,0,0,0,Rubrica com inconsistência de IRRF,"11 - Artigo 28, inciso I, da Lei n° 8.212/910 - Artigo 28, inciso I, da Lei n° 8.212/91","11 - Artigos 3º e 7º da Lei nº 7.713/889 - artigo 35, inciso I, alínea p do Decreto n° 9.580/2018",11 - Artigo 15 da Lei n° 8.036/900 - Artigo 15 da Lei n° 8.036/90,2026-03-28 04:05:08.371145,t,2026-03-28 19:08:59.414011,feito,2018-02
65,234,REEMB. EXAMES MÉDICOS,6129 - Outras verbas não remuneratórias (indenizatórias ou multas),0,9,0,Rubrica com inconsistência de IRRF,"0 - Artigo 28, inciso I, da Lei n° 8.212/91","79 - Artigos 6 da Lei nº 7.713/88 e Artigo 2° da Lei n° 8.036/90, e artigo 65 do Decreto n° 9.580/2018",0 - Artigo 15 da Lei n° 8.036/90,2026-03-28 04:05:08.371145,t,2026-03-28 19:13:01.655255,feito,2018-02
