id,upload_id,row_number,col_a,col_b,col_c,col_d,col_e,col_f,col_g,col_h,col_i,col_j,raw_data,created_at,col_k,col_l,col_m,col_n,col_o,col_p,col_q,col_r,col_s,col_t,col_u,col_v,col_w,col_x,col_y,col_z,col_aa,col_ab,col_ac,col_ad,col_ae,col_af,col_ag,col_ah,col_ai,col_aj,col_ak,col_al,col_am,col_an,col_ao,col_ap,col_aq,col_ar,col_as,col_at,col_au,col_av,col_aw,col_ax,col_ay,col_az,col_ba,col_bb
1,1,1,Nome Evento,CodigoEvento,Natureza E-social,Analise da natureza,EB,Observações,,,,,"{""202501"": ""Nome Evento"", ""__EMPTY"": ""Natureza E-social"", ""__EMPTY_1"": ""Analise da natureza"", ""__EMPTY_2"": ""EB"", ""__EMPTY_3"": ""Observações"", ""Competencia"": ""CodigoEvento""}",2026-03-25 15:01:09.753784,,,,,,,,,,,,,,,,,,,,,,,,,,,,,,,,,,,,,,,,,,,,
2,1,2,HORAS NORMAIS,1,"1000-Salário, vencimento, soldo ou subsídio",OK,-,0,,,,,"{""202501"": ""HORAS NORMAIS"", ""__EMPTY"": ""1000-Salário, vencimento, soldo ou subsídio"", ""__EMPTY_1"": ""OK"", ""__EMPTY_2"": ""-"", ""__EMPTY_3"": 0, ""Competencia"": 1}",2026-03-25 15:01:09.753784,,,,,,,,,,,,,,,,,,,,,,,,,,,,,,,,,,,,,,,,,,,,
3,1,3,SALARIO MES,2,"1000-Salário, vencimento, soldo ou subsídio",OK,-,0,,,,,"{""202501"": ""SALARIO MES"", ""__EMPTY"": ""1000-Salário, vencimento, soldo ou subsídio"", ""__EMPTY_1"": ""OK"", ""__EMPTY_2"": ""-"", ""__EMPTY_3"": 0, ""Competencia"": 2}",2026-03-25 15:01:09.753784,,,,,,,,,,,,,,,,,,,,,,,,,,,,,,,,,,,,,,,,,,,,
4,1,4,PARTICIPACAO LUCROS/RESULTADOS,5,1300-PLR – Participação em Lucros ou Resultados,OK,-,0,,,,,"{""202501"": ""PARTICIPACAO LUCROS/RESULTADOS"", ""__EMPTY"": ""1300-PLR – Participação em Lucros ou Resultados"", ""__EMPTY_1"": ""OK"", ""__EMPTY_2"": ""-"", ""__EMPTY_3"": 0, ""Competencia"": 5}",2026-03-25 15:01:09.753784,,,,,,,,,,,,,,,,,,,,,,,,,,,,,,,,,,,,,,,,,,,,
5,1,5,GRATIFICAÇÃO,10,1211-Gratificações,OK,-,0,,,,,"{""202501"": ""GRATIFICAÇÃO"", ""__EMPTY"": ""1211-Gratificações"", ""__EMPTY_1"": ""OK"", ""__EMPTY_2"": ""-"", ""__EMPTY_3"": 0, ""Competencia"": 10}",2026-03-25 15:01:09.753784,,,,,,,,,,,,,,,,,,,,,,,,,,,,,,,,,,,,,,,,,,,,
6,1,6,DIF. SALARIO,12,"1000-Salário, vencimento, soldo ou subsídio",OK,-,0,,,,,"{""202501"": ""DIF. SALARIO"", ""__EMPTY"": ""1000-Salário, vencimento, soldo ou subsídio"", ""__EMPTY_1"": ""OK"", ""__EMPTY_2"": ""-"", ""__EMPTY_3"": 0, ""Competencia"": 12}",2026-03-25 15:01:09.753784,,,,,,,,,,,,,,,,,,,,,,,,,,,,,,,,,,,,,,,,,,,,
7,1,7,REEMB. VALE TRANSPORTE,13,1629-Ressarcimento de outras despesas,VERIFICAR ,Rubrica com inconsistência de IRRF,Natureza da Rubrica sugerida - 1810 Transporte,,,,,"{""202501"": ""REEMB. VALE TRANSPORTE"", ""__EMPTY"": ""1629-Ressarcimento de outras despesas"", ""__EMPTY_1"": ""VERIFICAR "", ""__EMPTY_2"": ""Rubrica com inconsistência de IRRF"", ""__EMPTY_3"": ""Natureza da Rubrica sugerida - 1810 Transporte"", ""Competencia"": 13}",2026-03-25 15:01:09.753784,,,,,,,,,,,,,,,,,,,,,,,,,,,,,,,,,,,,,,,,,,,,
8,1,8,SALARIO MES,17,6000-Saldo de salários na rescisão contratual,OK,-,0,,,,,"{""202501"": ""SALARIO MES"", ""__EMPTY"": ""6000-Saldo de salários na rescisão contratual"", ""__EMPTY_1"": ""OK"", ""__EMPTY_2"": ""-"", ""__EMPTY_3"": 0, ""Competencia"": 17}",2026-03-25 15:01:09.753784,,,,,,,,,,,,,,,,,,,,,,,,,,,,,,,,,,,,,,,,,,,,
9,1,9,ADICIONAL DE SALARIO,18,1211-Gratificações,VERIFICAR ,-,Natureza da Rubrica sujerida 2501 - Prêmio,,,,,"{""202501"": ""ADICIONAL DE SALARIO"", ""__EMPTY"": ""1211-Gratificações"", ""__EMPTY_1"": ""VERIFICAR "", ""__EMPTY_2"": ""-"", ""__EMPTY_3"": ""Natureza da Rubrica sujerida 2501 - Prêmio"", ""Competencia"": 18}",2026-03-25 15:01:09.753784,,,,,,,,,,,,,,,,,,,,,,,,,,,,,,,,,,,,,,,,,,,,
10,1,10,REEMB. EXAME ADMISSIONAL,19,1299-Outros Adicionais,VERIFICAR ,"Rubrica com inconsistência de INSS, IRRF e FGTS",Natureza da Rubrica 1299 foi encerrada em 30.04.2023 - Natureza sujerida 1629 - Ressarcimento de outras despesas,,,,,"{""202501"": ""REEMB. EXAME ADMISSIONAL"", ""__EMPTY"": ""1299-Outros Adicionais"", ""__EMPTY_1"": ""VERIFICAR "", ""__EMPTY_2"": ""Rubrica com inconsistência de INSS, IRRF e FGTS"", ""__EMPTY_3"": ""Natureza da Rubrica 1299 foi encerrada em 30.04.2023 - Natureza sujerida 1629 - Ressarcimento de outras despesas"", ""Competencia"": 19}",2026-03-25 15:01:09.753784,,,,,,,,,,,,,,,,,,,,,,,,,,,,,,,,,,,,,,,,,,,,
11,1,11,SALARIO SUBSTITUTO MES ANTERIOR,21,"1000-Salário, vencimento, soldo ou subsídio",OK,-,"Tipode rendimento no GI está como diversos, verificar deveria estar como salário",,,,,"{""202501"": ""SALARIO SUBSTITUTO MES ANTERIOR"", ""__EMPTY"": ""1000-Salário, vencimento, soldo ou subsídio"", ""__EMPTY_1"": ""OK"", ""__EMPTY_2"": ""-"", ""__EMPTY_3"": ""Tipode rendimento no GI está como diversos, verificar deveria estar como salário"", ""Competencia"": 21}",2026-03-25 15:01:09.753784,,,,,,,,,,,,,,,,,,,,,,,,,,,,,,,,,,,,,,,,,,,,
12,1,12,SALARIO FAMILIA,47,1409-Salário-família,OK,Rubrica com inconsistência de IRRF,0,,,,,"{""202501"": ""SALARIO FAMILIA"", ""__EMPTY"": ""1409-Salário-família"", ""__EMPTY_1"": ""OK"", ""__EMPTY_2"": ""Rubrica com inconsistência de IRRF"", ""__EMPTY_3"": 0, ""Competencia"": 47}",2026-03-25 15:01:09.753784,,,,,,,,,,,,,,,,,,,,,,,,,,,,,,,,,,,,,,,,,,,,
13,1,13,ADIC. NOTURNO C/20%,52,1205-Adicional noturno,OK,-,0,,,,,"{""202501"": ""ADIC. NOTURNO C/20%"", ""__EMPTY"": ""1205-Adicional noturno"", ""__EMPTY_1"": ""OK"", ""__EMPTY_2"": ""-"", ""__EMPTY_3"": 0, ""Competencia"": 52}",2026-03-25 15:01:09.753784,,,,,,,,,,,,,,,,,,,,,,,,,,,,,,,,,,,,,,,,,,,,
14,1,14,PRO-LABORE,55,3508-Retiradas (pró-labore) de proprietários ou sócios,OK,Rubrica com inconsistência de FGTS,0,,,,,"{""202501"": ""PRO-LABORE"", ""__EMPTY"": ""3508-Retiradas (pró-labore) de proprietários ou sócios"", ""__EMPTY_1"": ""OK"", ""__EMPTY_2"": ""Rubrica com inconsistência de FGTS"", ""__EMPTY_3"": 0, ""Competencia"": 55}",2026-03-25 15:01:09.753784,,,,,,,,,,,,,,,,,,,,,,,,,,,,,,,,,,,,,,,,,,,,
15,1,15,ADIC. NOTURNO C/30%,56,1205-Adicional noturno,OK,-,0,,,,,"{""202501"": ""ADIC. NOTURNO C/30%"", ""__EMPTY"": ""1205-Adicional noturno"", ""__EMPTY_1"": ""OK"", ""__EMPTY_2"": ""-"", ""__EMPTY_3"": 0, ""Competencia"": 56}",2026-03-25 15:01:09.753784,,,,,,,,,,,,,,,,,,,,,,,,,,,,,,,,,,,,,,,,,,,,
16,1,16,ADIC. NOTURNO C/35%,57,1205-Adicional noturno,OK,-,0,,,,,"{""202501"": ""ADIC. NOTURNO C/35%"", ""__EMPTY"": ""1205-Adicional noturno"", ""__EMPTY_1"": ""OK"", ""__EMPTY_2"": ""-"", ""__EMPTY_3"": 0, ""Competencia"": 57}",2026-03-25 15:01:09.753784,,,,,,,,,,,,,,,,,,,,,,,,,,,,,,,,,,,,,,,,,,,,
17,1,17,ADIC. INSALUBRIDADE MES ANT.,61,1202-Adicional de insalubridade,OK,-,Verificar tipo de Rendimentos no GI,,,,,"{""202501"": ""ADIC. INSALUBRIDADE MES ANT."", ""__EMPTY"": ""1202-Adicional de insalubridade"", ""__EMPTY_1"": ""OK"", ""__EMPTY_2"": ""-"", ""__EMPTY_3"": ""Verificar tipo de Rendimentos no GI"", ""Competencia"": 61}",2026-03-25 15:01:09.753784,,,,,,,,,,,,,,,,,,,,,,,,,,,,,,,,,,,,,,,,,,,,
18,1,18,ADIC. INSALUBRIDADE,62,1202-Adicional de insalubridade,OK,-,Verificar tipo de Rendimentos no GI,,,,,"{""202501"": ""ADIC. INSALUBRIDADE"", ""__EMPTY"": ""1202-Adicional de insalubridade"", ""__EMPTY_1"": ""OK"", ""__EMPTY_2"": ""-"", ""__EMPTY_3"": ""Verificar tipo de Rendimentos no GI"", ""Competencia"": 62}",2026-03-25 15:01:09.753784,,,,,,,,,,,,,,,,,,,,,,,,,,,,,,,,,,,,,,,,,,,,
19,1,19,ADIC. NOTURNO MES ANTERIOR,65,1205-Adicional noturno,OK,-,0,,,,,"{""202501"": ""ADIC. NOTURNO MES ANTERIOR"", ""__EMPTY"": ""1205-Adicional noturno"", ""__EMPTY_1"": ""OK"", ""__EMPTY_2"": ""-"", ""__EMPTY_3"": 0, ""Competencia"": 65}",2026-03-25 15:01:09.753784,,,,,,,,,,,,,,,,,,,,,,,,,,,,,,,,,,,,,,,,,,,,
20,1,20,ADIC. NOTURNO MES ANT 20%,66,1205-Adicional noturno,OK,-,0,,,,,"{""202501"": ""ADIC. NOTURNO MES ANT 20%"", ""__EMPTY"": ""1205-Adicional noturno"", ""__EMPTY_1"": ""OK"", ""__EMPTY_2"": ""-"", ""__EMPTY_3"": 0, ""Competencia"": 66}",2026-03-25 15:01:09.753784,,,,,,,,,,,,,,,,,,,,,,,,,,,,,,,,,,,,,,,,,,,,
21,1,21,DIF. ADIC. INSALUBRIDADE,67,1202-Adicional de insalubridade,OK,-,0,,,,,"{""202501"": ""DIF. ADIC. INSALUBRIDADE"", ""__EMPTY"": ""1202-Adicional de insalubridade"", ""__EMPTY_1"": ""OK"", ""__EMPTY_2"": ""-"", ""__EMPTY_3"": 0, ""Competencia"": 67}",2026-03-25 15:01:09.753784,,,,,,,,,,,,,,,,,,,,,,,,,,,,,,,,,,,,,,,,,,,,
22,1,22,ADIC. PERICULOSIDADE,70,1203-Adicional de periculosidade,OK,-,Verificar tipo de Rendimentos no GI  e no bloco da rescisão ,,,,,"{""202501"": ""ADIC. PERICULOSIDADE"", ""__EMPTY"": ""1203-Adicional de periculosidade"", ""__EMPTY_1"": ""OK"", ""__EMPTY_2"": ""-"", ""__EMPTY_3"": ""Verificar tipo de Rendimentos no GI  e no bloco da rescisão "", ""Competencia"": 70}",2026-03-25 15:01:09.753784,,,,,,,,,,,,,,,,,,,,,,,,,,,,,,,,,,,,,,,,,,,,
44,1,44,AUX. DOENÇA (F.G.T.S.),174,9989-Outros valores informativos,OK,-,0,,,,,"{""202501"": ""AUX. DOENÇA (F.G.T.S.)"", ""__EMPTY"": ""9989-Outros valores informativos"", ""__EMPTY_1"": ""OK"", ""__EMPTY_2"": ""-"", ""__EMPTY_3"": 0, ""Competencia"": 174}",2026-03-25 15:01:09.753784,,,,,,,,,,,,,,,,,,,,,,,,,,,,,,,,,,,,,,,,,,,,
23,1,23,HORAS REDUZIDAS ADIC. NOT MES ANT,81,1205-Adicional noturno,OK,-,Verificar o tipo de rendimentos no GI ,,,,,"{""202501"": ""HORAS REDUZIDAS ADIC. NOT MES ANT"", ""__EMPTY"": ""1205-Adicional noturno"", ""__EMPTY_1"": ""OK"", ""__EMPTY_2"": ""-"", ""__EMPTY_3"": ""Verificar o tipo de rendimentos no GI "", ""Competencia"": 81}",2026-03-25 15:01:09.753784,,,,,,,,,,,,,,,,,,,,,,,,,,,,,,,,,,,,,,,,,,,,
24,1,24,HORAS REDUZIDAS ADIC. NOTURNO,82,1205-Adicional noturno,OK,-,Verificar o tipo de rendimentos no GI ,,,,,"{""202501"": ""HORAS REDUZIDAS ADIC. NOTURNO"", ""__EMPTY"": ""1205-Adicional noturno"", ""__EMPTY_1"": ""OK"", ""__EMPTY_2"": ""-"", ""__EMPTY_3"": ""Verificar o tipo de rendimentos no GI "", ""Competencia"": 82}",2026-03-25 15:01:09.753784,,,,,,,,,,,,,,,,,,,,,,,,,,,,,,,,,,,,,,,,,,,,
25,1,25,HORAS REDUZIDAS MES ANTERIOR,83,1205-Adicional noturno,#N/D,#N/D,#N/D,,,,,"{""202501"": ""HORAS REDUZIDAS MES ANTERIOR"", ""__EMPTY"": ""1205-Adicional noturno"", ""__EMPTY_1"": ""#N/D"", ""__EMPTY_2"": ""#N/D"", ""__EMPTY_3"": ""#N/D"", ""Competencia"": 83}",2026-03-25 15:01:09.753784,,,,,,,,,,,,,,,,,,,,,,,,,,,,,,,,,,,,,,,,,,,,
26,1,26,F.G.T.S. MULTA,93,6101-Indenização compensatória multa rescisória 20 ou 40% (CF/88),OK,-,0,,,,,"{""202501"": ""F.G.T.S. MULTA"", ""__EMPTY"": ""6101-Indenização compensatória multa rescisória 20 ou 40% (CF/88)"", ""__EMPTY_1"": ""OK"", ""__EMPTY_2"": ""-"", ""__EMPTY_3"": 0, ""Competencia"": 93}",2026-03-25 15:01:09.753784,,,,,,,,,,,,,,,,,,,,,,,,,,,,,,,,,,,,,,,,,,,,
27,1,27,HORAS EXTRAS 50%,105,1003-Horas extraordinárias,OK,-,0,,,,,"{""202501"": ""HORAS EXTRAS 50%"", ""__EMPTY"": ""1003-Horas extraordinárias"", ""__EMPTY_1"": ""OK"", ""__EMPTY_2"": ""-"", ""__EMPTY_3"": 0, ""Competencia"": 105}",2026-03-25 15:01:09.753784,,,,,,,,,,,,,,,,,,,,,,,,,,,,,,,,,,,,,,,,,,,,
28,1,28,HORAS EXTRAS 50% - MES ANTERIOR,108,1003-Horas extraordinárias,OK,-,0,,,,,"{""202501"": ""HORAS EXTRAS 50% - MES ANTERIOR"", ""__EMPTY"": ""1003-Horas extraordinárias"", ""__EMPTY_1"": ""OK"", ""__EMPTY_2"": ""-"", ""__EMPTY_3"": 0, ""Competencia"": 108}",2026-03-25 15:01:09.753784,,,,,,,,,,,,,,,,,,,,,,,,,,,,,,,,,,,,,,,,,,,,
29,1,29,HORAS EXTRAS 100%,123,1003-Horas extraordinárias,OK,-,0,,,,,"{""202501"": ""HORAS EXTRAS 100%"", ""__EMPTY"": ""1003-Horas extraordinárias"", ""__EMPTY_1"": ""OK"", ""__EMPTY_2"": ""-"", ""__EMPTY_3"": 0, ""Competencia"": 123}",2026-03-25 15:01:09.753784,,,,,,,,,,,,,,,,,,,,,,,,,,,,,,,,,,,,,,,,,,,,
30,1,30,HORAS EXTRAS 100% - MES ANTERIOR,127,1003-Horas extraordinárias,OK,-,0,,,,,"{""202501"": ""HORAS EXTRAS 100% - MES ANTERIOR"", ""__EMPTY"": ""1003-Horas extraordinárias"", ""__EMPTY_1"": ""OK"", ""__EMPTY_2"": ""-"", ""__EMPTY_3"": 0, ""Competencia"": 127}",2026-03-25 15:01:09.753784,,,,,,,,,,,,,,,,,,,,,,,,,,,,,,,,,,,,,,,,,,,,
31,1,31,D.S.R. S/ADICIONAL,136,1002-Descanso semanal remunerado - DSR,VERIFICAR ,-,"Natureza da Rubrica sugerida 1020, pois o 1002  foi inativado em 30.04.2024 ",,,,,"{""202501"": ""D.S.R. S/ADICIONAL"", ""__EMPTY"": ""1002-Descanso semanal remunerado - DSR"", ""__EMPTY_1"": ""VERIFICAR "", ""__EMPTY_2"": ""-"", ""__EMPTY_3"": ""Natureza da Rubrica sugerida 1020, pois o 1002  foi inativado em 30.04.2024 "", ""Competencia"": 136}",2026-03-25 15:01:09.753784,,,,,,,,,,,,,,,,,,,,,,,,,,,,,,,,,,,,,,,,,,,,
32,1,32,MULTA CLAUSULA QUINTA CCT,140,0-Não Informado,#N/D,#N/D,#N/D,,,,,"{""202501"": ""MULTA CLAUSULA QUINTA CCT"", ""__EMPTY"": ""0-Não Informado"", ""__EMPTY_1"": ""#N/D"", ""__EMPTY_2"": ""#N/D"", ""__EMPTY_3"": ""#N/D"", ""Competencia"": 140}",2026-03-25 15:01:09.753784,,,,,,,,,,,,,,,,,,,,,,,,,,,,,,,,,,,,,,,,,,,,
33,1,33,DEV. FALTAS (DIAS),145,"1000-Salário, vencimento, soldo ou subsídio",OK,-,0,,,,,"{""202501"": ""DEV. FALTAS (DIAS)"", ""__EMPTY"": ""1000-Salário, vencimento, soldo ou subsídio"", ""__EMPTY_1"": ""OK"", ""__EMPTY_2"": ""-"", ""__EMPTY_3"": 0, ""Competencia"": 145}",2026-03-25 15:01:09.753784,,,,,,,,,,,,,,,,,,,,,,,,,,,,,,,,,,,,,,,,,,,,
34,1,34,DEV. D.S.R. S/FALTAS (DIAS),146,1002-Descanso semanal remunerado - DSR,VERIFICAR ,-,"Natureza da Rubrica sugerida 1020, pois o 1002  foi inativado em 30.04.2024 ",,,,,"{""202501"": ""DEV. D.S.R. S/FALTAS (DIAS)"", ""__EMPTY"": ""1002-Descanso semanal remunerado - DSR"", ""__EMPTY_1"": ""VERIFICAR "", ""__EMPTY_2"": ""-"", ""__EMPTY_3"": ""Natureza da Rubrica sugerida 1020, pois o 1002  foi inativado em 30.04.2024 "", ""Competencia"": 146}",2026-03-25 15:01:09.753784,,,,,,,,,,,,,,,,,,,,,,,,,,,,,,,,,,,,,,,,,,,,
35,1,35,REEMB. VALE TRANSPORTE MÊS ANTERIOR,151,9989-Outros valores informativos,VERIFICAR,-,Natureza da Rubrica sujerida - 1810 - Trasnporte ,,,,,"{""202501"": ""REEMB. VALE TRANSPORTE MÊS ANTERIOR"", ""__EMPTY"": ""9989-Outros valores informativos"", ""__EMPTY_1"": ""VERIFICAR"", ""__EMPTY_2"": ""-"", ""__EMPTY_3"": ""Natureza da Rubrica sujerida - 1810 - Trasnporte "", ""Competencia"": 151}",2026-03-25 15:01:09.753784,,,,,,,,,,,,,,,,,,,,,,,,,,,,,,,,,,,,,,,,,,,,
36,1,36,REEMB. VALE ALIMENTACAO MES ANTERIOR,155,1806-,OK,-,0,,,,,"{""202501"": ""REEMB. VALE ALIMENTACAO MES ANTERIOR"", ""__EMPTY"": ""1806-"", ""__EMPTY_1"": ""OK"", ""__EMPTY_2"": ""-"", ""__EMPTY_3"": 0, ""Competencia"": 155}",2026-03-25 15:01:09.753784,,,,,,,,,,,,,,,,,,,,,,,,,,,,,,,,,,,,,,,,,,,,
37,1,37,D.S.R. S/ADICIONAL,159,1002-Descanso semanal remunerado - DSR,VERIFICAR ,-,"Natureza da Rubrica sugerida 1020, pois o 1002  foi inativado em 30.04.2024  - Verificar também o tipo de rendimentos no GI ",,,,,"{""202501"": ""D.S.R. S/ADICIONAL"", ""__EMPTY"": ""1002-Descanso semanal remunerado - DSR"", ""__EMPTY_1"": ""VERIFICAR "", ""__EMPTY_2"": ""-"", ""__EMPTY_3"": ""Natureza da Rubrica sugerida 1020, pois o 1002  foi inativado em 30.04.2024  - Verificar também o tipo de rendimentos no GI "", ""Competencia"": 159}",2026-03-25 15:01:09.753784,,,,,,,,,,,,,,,,,,,,,,,,,,,,,,,,,,,,,,,,,,,,
38,1,38,D.S.R. S/HORA EXTRA,160,1002-Descanso semanal remunerado - DSR,VERIFICAR ,-,"Natureza da Rubrica sugerida 1020, pois o 1002  foi inativado em 30.04.2024  - Verificar também o tipo de rendimentos no GI ",,,,,"{""202501"": ""D.S.R. S/HORA EXTRA"", ""__EMPTY"": ""1002-Descanso semanal remunerado - DSR"", ""__EMPTY_1"": ""VERIFICAR "", ""__EMPTY_2"": ""-"", ""__EMPTY_3"": ""Natureza da Rubrica sugerida 1020, pois o 1002  foi inativado em 30.04.2024  - Verificar também o tipo de rendimentos no GI "", ""Competencia"": 160}",2026-03-25 15:01:09.753784,,,,,,,,,,,,,,,,,,,,,,,,,,,,,,,,,,,,,,,,,,,,
39,1,39,D.S.R. S/FERIADO - HS,163,1002-Descanso semanal remunerado - DSR,VERIFICAR ,-,"Natureza da Rubrica sugerida 1020, pois o 1002  foi inativado em 30.04.2024 ",,,,,"{""202501"": ""D.S.R. S/FERIADO - HS"", ""__EMPTY"": ""1002-Descanso semanal remunerado - DSR"", ""__EMPTY_1"": ""VERIFICAR "", ""__EMPTY_2"": ""-"", ""__EMPTY_3"": ""Natureza da Rubrica sugerida 1020, pois o 1002  foi inativado em 30.04.2024 "", ""Competencia"": 163}",2026-03-25 15:01:09.753784,,,,,,,,,,,,,,,,,,,,,,,,,,,,,,,,,,,,,,,,,,,,
40,1,40,D.S.R. S/COMISSAO,170,1002-Descanso semanal remunerado - DSR,VERIFICAR ,-,"Natureza da Rubrica sugerida 1020, pois o 1002  foi inativado em 30.04.2024  - Verificar também o tipo de rendimentos no GI ",,,,,"{""202501"": ""D.S.R. S/COMISSAO"", ""__EMPTY"": ""1002-Descanso semanal remunerado - DSR"", ""__EMPTY_1"": ""VERIFICAR "", ""__EMPTY_2"": ""-"", ""__EMPTY_3"": ""Natureza da Rubrica sugerida 1020, pois o 1002  foi inativado em 30.04.2024  - Verificar também o tipo de rendimentos no GI "", ""Competencia"": 170}",2026-03-25 15:01:09.753784,,,,,,,,,,,,,,,,,,,,,,,,,,,,,,,,,,,,,,,,,,,,
41,1,41,AUX. DOENÇA,171,"1000-Salário, vencimento, soldo ou subsídio",OK,-,0,,,,,"{""202501"": ""AUX. DOENÇA"", ""__EMPTY"": ""1000-Salário, vencimento, soldo ou subsídio"", ""__EMPTY_1"": ""OK"", ""__EMPTY_2"": ""-"", ""__EMPTY_3"": 0, ""Competencia"": 171}",2026-03-25 15:01:09.753784,,,,,,,,,,,,,,,,,,,,,,,,,,,,,,,,,,,,,,,,,,,,
42,1,42,ACIDENTE DE TRABALHO (15 DIAS),172,"1000-Salário, vencimento, soldo ou subsídio",OK,-,0,,,,,"{""202501"": ""ACIDENTE DE TRABALHO (15 DIAS)"", ""__EMPTY"": ""1000-Salário, vencimento, soldo ou subsídio"", ""__EMPTY_1"": ""OK"", ""__EMPTY_2"": ""-"", ""__EMPTY_3"": 0, ""Competencia"": 172}",2026-03-25 15:01:09.753784,,,,,,,,,,,,,,,,,,,,,,,,,,,,,,,,,,,,,,,,,,,,
43,1,43,ACIDENTE DE TRABALHO (F.G.T.S.),173,9932-Auxílio acidente do acidentário,OK,-,0,,,,,"{""202501"": ""ACIDENTE DE TRABALHO (F.G.T.S.)"", ""__EMPTY"": ""9932-Auxílio acidente do acidentário"", ""__EMPTY_1"": ""OK"", ""__EMPTY_2"": ""-"", ""__EMPTY_3"": 0, ""Competencia"": 173}",2026-03-25 15:01:09.753784,,,,,,,,,,,,,,,,,,,,,,,,,,,,,,,,,,,,,,,,,,,,
45,1,45,SALARIO MES ANTERIOR,176,"1000-Salário, vencimento, soldo ou subsídio",OK,-,0,,,,,"{""202501"": ""SALARIO MES ANTERIOR"", ""__EMPTY"": ""1000-Salário, vencimento, soldo ou subsídio"", ""__EMPTY_1"": ""OK"", ""__EMPTY_2"": ""-"", ""__EMPTY_3"": 0, ""Competencia"": 176}",2026-03-25 15:01:09.753784,,,,,,,,,,,,,,,,,,,,,,,,,,,,,,,,,,,,,,,,,,,,
46,1,46,SALARIO SUBSTITUTO,177,"1000-Salário, vencimento, soldo ou subsídio",OK,-,0,,,,,"{""202501"": ""SALARIO SUBSTITUTO"", ""__EMPTY"": ""1000-Salário, vencimento, soldo ou subsídio"", ""__EMPTY_1"": ""OK"", ""__EMPTY_2"": ""-"", ""__EMPTY_3"": 0, ""Competencia"": 177}",2026-03-25 15:01:09.753784,,,,,,,,,,,,,,,,,,,,,,,,,,,,,,,,,,,,,,,,,,,,
47,1,47,F.G.T.S. PAGO,193,9908-FGTS - depósito,OK,-,0,,,,,"{""202501"": ""F.G.T.S. PAGO"", ""__EMPTY"": ""9908-FGTS - depósito"", ""__EMPTY_1"": ""OK"", ""__EMPTY_2"": ""-"", ""__EMPTY_3"": 0, ""Competencia"": 193}",2026-03-25 15:01:09.753784,,,,,,,,,,,,,,,,,,,,,,,,,,,,,,,,,,,,,,,,,,,,
48,1,48,REEMB. DESC. ASSIST. MEDICA,228,2920-Reembolsos diversos,VERIFICAR ,Rubrica com inconsistência de IRRF,Natureza da Rubrica sujerida  9911 - Assistência Médica ,,,,,"{""202501"": ""REEMB. DESC. ASSIST. MEDICA"", ""__EMPTY"": ""2920-Reembolsos diversos"", ""__EMPTY_1"": ""VERIFICAR "", ""__EMPTY_2"": ""Rubrica com inconsistência de IRRF"", ""__EMPTY_3"": ""Natureza da Rubrica sujerida  9911 - Assistência Médica "", ""Competencia"": 228}",2026-03-25 15:01:09.753784,,,,,,,,,,,,,,,,,,,,,,,,,,,,,,,,,,,,,,,,,,,,
49,1,49,REEMB. DESPESAS,231,9989-Outros valores informativos,OK,-,0,,,,,"{""202501"": ""REEMB. DESPESAS"", ""__EMPTY"": ""9989-Outros valores informativos"", ""__EMPTY_1"": ""OK"", ""__EMPTY_2"": ""-"", ""__EMPTY_3"": 0, ""Competencia"": 231}",2026-03-25 15:01:09.753784,,,,,,,,,,,,,,,,,,,,,,,,,,,,,,,,,,,,,,,,,,,,
50,1,50,REEMB. EXAME DEMISSIONAL,232,9989-Outros valores informativos,0,-,0,,,,,"{""202501"": ""REEMB. EXAME DEMISSIONAL"", ""__EMPTY"": ""9989-Outros valores informativos"", ""__EMPTY_1"": 0, ""__EMPTY_2"": ""-"", ""__EMPTY_3"": 0, ""Competencia"": 232}",2026-03-25 15:01:09.753784,,,,,,,,,,,,,,,,,,,,,,,,,,,,,,,,,,,,,,,,,,,,
51,1,51,REEMB. EXAMES MÉDICOS,234,1299-Outros Adicionais,VERIFICAR ,"Rubrica com inconsistência de INSS, IRRF e FGTS",Natureza da Rubrica 1299 foi encerrada em 30.04.2023 - Natureza sujerida 1629 - Ressarcimento de outras despesas,,,,,"{""202501"": ""REEMB. EXAMES MÉDICOS"", ""__EMPTY"": ""1299-Outros Adicionais"", ""__EMPTY_1"": ""VERIFICAR "", ""__EMPTY_2"": ""Rubrica com inconsistência de INSS, IRRF e FGTS"", ""__EMPTY_3"": ""Natureza da Rubrica 1299 foi encerrada em 30.04.2023 - Natureza sujerida 1629 - Ressarcimento de outras despesas"", ""Competencia"": 234}",2026-03-25 15:01:09.753784,,,,,,,,,,,,,,,,,,,,,,,,,,,,,,,,,,,,,,,,,,,,
52,1,52,REEMB. SALARIO FAMILIA,240,1409-Salário-família,OK,Rubrica com inconsistência de IRRF,0,,,,,"{""202501"": ""REEMB. SALARIO FAMILIA"", ""__EMPTY"": ""1409-Salário-família"", ""__EMPTY_1"": ""OK"", ""__EMPTY_2"": ""Rubrica com inconsistência de IRRF"", ""__EMPTY_3"": 0, ""Competencia"": 240}",2026-03-25 15:01:09.753784,,,,,,,,,,,,,,,,,,,,,,,,,,,,,,,,,,,,,,,,,,,,
53,1,53,SALÁRIO FAMILIA MES ANTERIOR,241,1409-Salário-família,OK,Rubrica com inconsistência de IRRF,0,,,,,"{""202501"": ""SALÁRIO FAMILIA MES ANTERIOR"", ""__EMPTY"": ""1409-Salário-família"", ""__EMPTY_1"": ""OK"", ""__EMPTY_2"": ""Rubrica com inconsistência de IRRF"", ""__EMPTY_3"": 0, ""Competencia"": 241}",2026-03-25 15:01:09.753784,,,,,,,,,,,,,,,,,,,,,,,,,,,,,,,,,,,,,,,,,,,,
54,1,54,AJUDA CRECHE CCT,252,1406-Auxílio-creche,OK,Rubrica com inconsistência de IRRF,0,,,,,"{""202501"": ""AJUDA CRECHE CCT"", ""__EMPTY"": ""1406-Auxílio-creche"", ""__EMPTY_1"": ""OK"", ""__EMPTY_2"": ""Rubrica com inconsistência de IRRF"", ""__EMPTY_3"": 0, ""Competencia"": 252}",2026-03-25 15:01:09.753784,,,,,,,,,,,,,,,,,,,,,,,,,,,,,,,,,,,,,,,,,,,,
55,1,55,DEV. ATRASO/FALTA HORAS,253,"1000-Salário, vencimento, soldo ou subsídio",OK,-,0,,,,,"{""202501"": ""DEV. ATRASO/FALTA HORAS"", ""__EMPTY"": ""1000-Salário, vencimento, soldo ou subsídio"", ""__EMPTY_1"": ""OK"", ""__EMPTY_2"": ""-"", ""__EMPTY_3"": 0, ""Competencia"": 253}",2026-03-25 15:01:09.753784,,,,,,,,,,,,,,,,,,,,,,,,,,,,,,,,,,,,,,,,,,,,
56,1,56,ABONO DE FERIAS ARTº 143 (Ferias),257,1018-,OK,"Rubrica com inconsistência de INSS, IRRF e FGTS",Alterado anteriormente por mim - Adriana ,,,,,"{""202501"": ""ABONO DE FERIAS ARTº 143 (Ferias)"", ""__EMPTY"": ""1018-"", ""__EMPTY_1"": ""OK"", ""__EMPTY_2"": ""Rubrica com inconsistência de INSS, IRRF e FGTS"", ""__EMPTY_3"": ""Alterado anteriormente por mim - Adriana "", ""Competencia"": 257}",2026-03-25 15:01:09.753784,,,,,,,,,,,,,,,,,,,,,,,,,,,,,,,,,,,,,,,,,,,,
57,1,57,1/3 S/ABONO FERIAS ARTº 143 (Ferias),258,1019-,OK,"Rubrica com inconsistência de INSS, IRRF e FGTS",0,,,,,"{""202501"": ""1/3 S/ABONO FERIAS ARTº 143 (Ferias)"", ""__EMPTY"": ""1019-"", ""__EMPTY_1"": ""OK"", ""__EMPTY_2"": ""Rubrica com inconsistência de INSS, IRRF e FGTS"", ""__EMPTY_3"": 0, ""Competencia"": 258}",2026-03-25 15:01:09.753784,,,,,,,,,,,,,,,,,,,,,,,,,,,,,,,,,,,,,,,,,,,,
58,1,58,DIF. CCT S/FERIAS,260,"1000-Salário, vencimento, soldo ou subsídio",corrigir,-,Natureza da Rubrica sugerida 1016 - Férias ,,,,,"{""202501"": ""DIF. CCT S/FERIAS"", ""__EMPTY"": ""1000-Salário, vencimento, soldo ou subsídio"", ""__EMPTY_1"": ""corrigir"", ""__EMPTY_2"": ""-"", ""__EMPTY_3"": ""Natureza da Rubrica sugerida 1016 - Férias "", ""Competencia"": 260}",2026-03-25 15:01:09.753784,,,,,,,,,,,,,,,,,,,,,,,,,,,,,,,,,,,,,,,,,,,,
59,1,59,REEMB. EMPRESTIMO CONSIGNADO,265,9254-Empréstimos consignados – desconto,VERIFICAR,-,0,,,,,"{""202501"": ""REEMB. EMPRESTIMO CONSIGNADO"", ""__EMPTY"": ""9254-Empréstimos consignados – desconto"", ""__EMPTY_1"": ""VERIFICAR"", ""__EMPTY_2"": ""-"", ""__EMPTY_3"": 0, ""Competencia"": 265}",2026-03-25 15:01:09.753784,,,,,,,,,,,,,,,,,,,,,,,,,,,,,,,,,,,,,,,,,,,,
60,1,60,H E 50% - ART. 71,270,1003-Horas extraordinárias,OK,-,0,,,,,"{""202501"": ""H E 50% - ART. 71"", ""__EMPTY"": ""1003-Horas extraordinárias"", ""__EMPTY_1"": ""OK"", ""__EMPTY_2"": ""-"", ""__EMPTY_3"": 0, ""Competencia"": 270}",2026-03-25 15:01:09.753784,,,,,,,,,,,,,,,,,,,,,,,,,,,,,,,,,,,,,,,,,,,,
61,1,61,ARREDONDAMENTO,273,2999-Arredondamentos,OK,-,0,,,,,"{""202501"": ""ARREDONDAMENTO"", ""__EMPTY"": ""2999-Arredondamentos"", ""__EMPTY_1"": ""OK"", ""__EMPTY_2"": ""-"", ""__EMPTY_3"": 0, ""Competencia"": 273}",2026-03-25 15:01:09.753784,,,,,,,,,,,,,,,,,,,,,,,,,,,,,,,,,,,,,,,,,,,,
62,1,62,PAGTO. VALE-TRANSPORTE,276,1810-Transporte,#N/D,#N/D,#N/D,,,,,"{""202501"": ""PAGTO. VALE-TRANSPORTE"", ""__EMPTY"": ""1810-Transporte"", ""__EMPTY_1"": ""#N/D"", ""__EMPTY_2"": ""#N/D"", ""__EMPTY_3"": ""#N/D"", ""Competencia"": 276}",2026-03-25 15:01:09.753784,,,,,,,,,,,,,,,,,,,,,,,,,,,,,,,,,,,,,,,,,,,,
63,1,63,PAGTO. VALE REFEICAO,277,1806-,OK,-,0,,,,,"{""202501"": ""PAGTO. VALE REFEICAO"", ""__EMPTY"": ""1806-"", ""__EMPTY_1"": ""OK"", ""__EMPTY_2"": ""-"", ""__EMPTY_3"": 0, ""Competencia"": 277}",2026-03-25 15:01:09.753784,,,,,,,,,,,,,,,,,,,,,,,,,,,,,,,,,,,,,,,,,,,,
64,1,64,PAGTO. CESTA BASICA,278,1808-,OK,-,0,,,,,"{""202501"": ""PAGTO. CESTA BASICA"", ""__EMPTY"": ""1808-"", ""__EMPTY_1"": ""OK"", ""__EMPTY_2"": ""-"", ""__EMPTY_3"": 0, ""Competencia"": 278}",2026-03-25 15:01:09.753784,,,,,,,,,,,,,,,,,,,,,,,,,,,,,,,,,,,,,,,,,,,,
65,1,65,ADIANTAMENTO NORMAL,282,5501-Adiantamento de salário,OK,-,0,,,,,"{""202501"": ""ADIANTAMENTO NORMAL"", ""__EMPTY"": ""5501-Adiantamento de salário"", ""__EMPTY_1"": ""OK"", ""__EMPTY_2"": ""-"", ""__EMPTY_3"": 0, ""Competencia"": 282}",2026-03-25 15:01:09.753784,,,,,,,,,,,,,,,,,,,,,,,,,,,,,,,,,,,,,,,,,,,,
66,1,66,PAGTO. VALE ALIMENTACAO,284,1806-,OK,-,0,,,,,"{""202501"": ""PAGTO. VALE ALIMENTACAO"", ""__EMPTY"": ""1806-"", ""__EMPTY_1"": ""OK"", ""__EMPTY_2"": ""-"", ""__EMPTY_3"": 0, ""Competencia"": 284}",2026-03-25 15:01:09.753784,,,,,,,,,,,,,,,,,,,,,,,,,,,,,,,,,,,,,,,,,,,,
67,1,67,ANTECIPACAO 13º SALARIO,288,5504-13º salário - Adiantamento,OK,-,0,,,,,"{""202501"": ""ANTECIPACAO 13º SALARIO"", ""__EMPTY"": ""5504-13º salário - Adiantamento"", ""__EMPTY_1"": ""OK"", ""__EMPTY_2"": ""-"", ""__EMPTY_3"": 0, ""Competencia"": 288}",2026-03-25 15:01:09.753784,,,,,,,,,,,,,,,,,,,,,,,,,,,,,,,,,,,,,,,,,,,,
68,1,68,MEDIAS ANTECIPACAO 13º SALARIO,289,5504-13º salário - Adiantamento,OK,-,0,,,,,"{""202501"": ""MEDIAS ANTECIPACAO 13º SALARIO"", ""__EMPTY"": ""5504-13º salário - Adiantamento"", ""__EMPTY_1"": ""OK"", ""__EMPTY_2"": ""-"", ""__EMPTY_3"": 0, ""Competencia"": 289}",2026-03-25 15:01:09.753784,,,,,,,,,,,,,,,,,,,,,,,,,,,,,,,,,,,,,,,,,,,,
69,1,69,F.G.T.S. S/13º SALARIO,293,9908-FGTS - depósito,OK,Rubrica com inconsistência de IRRF,0,,,,,"{""202501"": ""F.G.T.S. S/13º SALARIO"", ""__EMPTY"": ""9908-FGTS - depósito"", ""__EMPTY_1"": ""OK"", ""__EMPTY_2"": ""Rubrica com inconsistência de IRRF"", ""__EMPTY_3"": 0, ""Competencia"": 293}",2026-03-25 15:01:09.753784,,,,,,,,,,,,,,,,,,,,,,,,,,,,,,,,,,,,,,,,,,,,
70,1,70,DESP DE VIAGENS,294,2920-Reembolsos diversos,VERIFICAR ,Rubrica com inconsistência de IRRF,"Natureza da Rubrica sujerida - 1621 Ressarcimento de despesas de viagem, exceto despesas com veículos",,,,,"{""202501"": ""DESP DE VIAGENS"", ""__EMPTY"": ""2920-Reembolsos diversos"", ""__EMPTY_1"": ""VERIFICAR "", ""__EMPTY_2"": ""Rubrica com inconsistência de IRRF"", ""__EMPTY_3"": ""Natureza da Rubrica sujerida - 1621 Ressarcimento de despesas de viagem, exceto despesas com veículos"", ""Competencia"": 294}",2026-03-25 15:01:09.753784,,,,,,,,,,,,,,,,,,,,,,,,,,,,,,,,,,,,,,,,,,,,
71,1,71,ADIC. SALARIO,299,1211-Gratificações,OK,-,0,,,,,"{""202501"": ""ADIC. SALARIO"", ""__EMPTY"": ""1211-Gratificações"", ""__EMPTY_1"": ""OK"", ""__EMPTY_2"": ""-"", ""__EMPTY_3"": 0, ""Competencia"": 299}",2026-03-25 15:01:09.753784,,,,,,,,,,,,,,,,,,,,,,,,,,,,,,,,,,,,,,,,,,,,
72,1,72,REEMB. DESC. FALTAS E ATRASOS,303,"1000-Salário, vencimento, soldo ou subsídio",OK,-,0,,,,,"{""202501"": ""REEMB. DESC. FALTAS E ATRASOS"", ""__EMPTY"": ""1000-Salário, vencimento, soldo ou subsídio"", ""__EMPTY_1"": ""OK"", ""__EMPTY_2"": ""-"", ""__EMPTY_3"": 0, ""Competencia"": 303}",2026-03-25 15:01:09.753784,,,,,,,,,,,,,,,,,,,,,,,,,,,,,,,,,,,,,,,,,,,,
73,1,73,SOBRE AVISO,320,1003-Horas extraordinárias,VERIFICAR ,-,Natureza da Rubrica sugerida 1011 - Sobreaviso e prontidão,,,,,"{""202501"": ""SOBRE AVISO"", ""__EMPTY"": ""1003-Horas extraordinárias"", ""__EMPTY_1"": ""VERIFICAR "", ""__EMPTY_2"": ""-"", ""__EMPTY_3"": ""Natureza da Rubrica sugerida 1011 - Sobreaviso e prontidão"", ""Competencia"": 320}",2026-03-25 15:01:09.753784,,,,,,,,,,,,,,,,,,,,,,,,,,,,,,,,,,,,,,,,,,,,
74,1,74,ADIANTAMENTO DE SALARIO,328,0-Não Informado,VERIFICAR,#N/D,Natureza da Rubrica sujerida - 5501 Adiantamento de salário,,,,,"{""202501"": ""ADIANTAMENTO DE SALARIO"", ""__EMPTY"": ""0-Não Informado"", ""__EMPTY_1"": ""VERIFICAR"", ""__EMPTY_2"": ""#N/D"", ""__EMPTY_3"": ""Natureza da Rubrica sujerida - 5501 Adiantamento de salário"", ""Competencia"": 328}",2026-03-25 15:01:09.753784,,,,,,,,,,,,,,,,,,,,,,,,,,,,,,,,,,,,,,,,,,,,
75,1,75,DEVOLUCAO FALTAS / DSR,339,1002-Descanso semanal remunerado - DSR,VERIFICAR ,-,"Natureza da Rubrica sugerida 1020, pois o 1002  foi inativado em 30.04.2024 ",,,,,"{""202501"": ""DEVOLUCAO FALTAS / DSR"", ""__EMPTY"": ""1002-Descanso semanal remunerado - DSR"", ""__EMPTY_1"": ""VERIFICAR "", ""__EMPTY_2"": ""-"", ""__EMPTY_3"": ""Natureza da Rubrica sugerida 1020, pois o 1002  foi inativado em 30.04.2024 "", ""Competencia"": 339}",2026-03-25 15:01:09.753784,,,,,,,,,,,,,,,,,,,,,,,,,,,,,,,,,,,,,,,,,,,,
76,1,76,DIF. CCT/2019,341,"1000-Salário, vencimento, soldo ou subsídio",OK,-,0,,,,,"{""202501"": ""DIF. CCT/2019"", ""__EMPTY"": ""1000-Salário, vencimento, soldo ou subsídio"", ""__EMPTY_1"": ""OK"", ""__EMPTY_2"": ""-"", ""__EMPTY_3"": 0, ""Competencia"": 341}",2026-03-25 15:01:09.753784,,,,,,,,,,,,,,,,,,,,,,,,,,,,,,,,,,,,,,,,,,,,
77,1,77,DIF. CESTA BASICA CCT,342,2920-Reembolsos diversos,VERIFICAR ,Rubrica com inconsistência de IRRF,"Natureza da Rubrica sujerida - 1808 Ressarcimento de despesas de viagem, exceto despesas com veículos ",,,,,"{""202501"": ""DIF. CESTA BASICA CCT"", ""__EMPTY"": ""2920-Reembolsos diversos"", ""__EMPTY_1"": ""VERIFICAR "", ""__EMPTY_2"": ""Rubrica com inconsistência de IRRF"", ""__EMPTY_3"": ""Natureza da Rubrica sujerida - 1808 Ressarcimento de despesas de viagem, exceto despesas com veículos "", ""Competencia"": 342}",2026-03-25 15:01:09.753784,,,,,,,,,,,,,,,,,,,,,,,,,,,,,,,,,,,,,,,,,,,,
78,1,78,DIFERENCA DE SALARIO,346,"1000-Salário, vencimento, soldo ou subsídio",OK,-,0,,,,,"{""202501"": ""DIFERENCA DE SALARIO"", ""__EMPTY"": ""1000-Salário, vencimento, soldo ou subsídio"", ""__EMPTY_1"": ""OK"", ""__EMPTY_2"": ""-"", ""__EMPTY_3"": 0, ""Competencia"": 346}",2026-03-25 15:01:09.753784,,,,,,,,,,,,,,,,,,,,,,,,,,,,,,,,,,,,,,,,,,,,
79,1,79,FERIAS VENCIDAS INDENIZADAS (Rescisao),347,6007-Férias vencidas na rescisão,OK,Rubrica com inconsistência de IRRF,0,,,,,"{""202501"": ""FERIAS VENCIDAS INDENIZADAS (Rescisao)"", ""__EMPTY"": ""6007-Férias vencidas na rescisão"", ""__EMPTY_1"": ""OK"", ""__EMPTY_2"": ""Rubrica com inconsistência de IRRF"", ""__EMPTY_3"": 0, ""Competencia"": 347}",2026-03-25 15:01:09.753784,,,,,,,,,,,,,,,,,,,,,,,,,,,,,,,,,,,,,,,,,,,,
80,1,80,1/3 FERIAS VENCIDAS INDENIZADAS (Rescisao),348,6007-Férias vencidas na rescisão,OK,Rubrica com inconsistência de IRRF,0,,,,,"{""202501"": ""1/3 FERIAS VENCIDAS INDENIZADAS (Rescisao)"", ""__EMPTY"": ""6007-Férias vencidas na rescisão"", ""__EMPTY_1"": ""OK"", ""__EMPTY_2"": ""Rubrica com inconsistência de IRRF"", ""__EMPTY_3"": 0, ""Competencia"": 348}",2026-03-25 15:01:09.753784,,,,,,,,,,,,,,,,,,,,,,,,,,,,,,,,,,,,,,,,,,,,
81,1,81,AVISO PREVIO INDENIZADO (Lei 12506),349,6003-Indenização compensatória do aviso-prévio,OK,Rubrica com inconsistência de IRRF,0,,,,,"{""202501"": ""AVISO PREVIO INDENIZADO (Lei 12506)"", ""__EMPTY"": ""6003-Indenização compensatória do aviso-prévio"", ""__EMPTY_1"": ""OK"", ""__EMPTY_2"": ""Rubrica com inconsistência de IRRF"", ""__EMPTY_3"": 0, ""Competencia"": 349}",2026-03-25 15:01:09.753784,,,,,,,,,,,,,,,,,,,,,,,,,,,,,,,,,,,,,,,,,,,,
82,1,82,FERIAS NORMAIS (Ferias),350,1016-,OK,-,0,,,,,"{""202501"": ""FERIAS NORMAIS (Ferias)"", ""__EMPTY"": ""1016-"", ""__EMPTY_1"": ""OK"", ""__EMPTY_2"": ""-"", ""__EMPTY_3"": 0, ""Competencia"": 350}",2026-03-25 15:01:09.753784,,,,,,,,,,,,,,,,,,,,,,,,,,,,,,,,,,,,,,,,,,,,
83,1,83,1/3 FERIAS NORMAIS (Ferias),351,1017-,OK,-,Verificar tipo de Rendimentos no GI  e no bloco da rescisão ,,,,,"{""202501"": ""1/3 FERIAS NORMAIS (Ferias)"", ""__EMPTY"": ""1017-"", ""__EMPTY_1"": ""OK"", ""__EMPTY_2"": ""-"", ""__EMPTY_3"": ""Verificar tipo de Rendimentos no GI  e no bloco da rescisão "", ""Competencia"": 351}",2026-03-25 15:01:09.753784,,,,,,,,,,,,,,,,,,,,,,,,,,,,,,,,,,,,,,,,,,,,
84,1,84,AVISO PREVIO INDENIZADO,353,6003-Indenização compensatória do aviso-prévio,OK,Rubrica com inconsistência de IRRF,0,,,,,"{""202501"": ""AVISO PREVIO INDENIZADO"", ""__EMPTY"": ""6003-Indenização compensatória do aviso-prévio"", ""__EMPTY_1"": ""OK"", ""__EMPTY_2"": ""Rubrica com inconsistência de IRRF"", ""__EMPTY_3"": 0, ""Competencia"": 353}",2026-03-25 15:01:09.753784,,,,,,,,,,,,,,,,,,,,,,,,,,,,,,,,,,,,,,,,,,,,
85,1,85,MEDIAS S/AVISO PREVIO INDENIZADO,354,6003-Indenização compensatória do aviso-prévio,OK,Rubrica com inconsistência de IRRF,0,,,,,"{""202501"": ""MEDIAS S/AVISO PREVIO INDENIZADO"", ""__EMPTY"": ""6003-Indenização compensatória do aviso-prévio"", ""__EMPTY_1"": ""OK"", ""__EMPTY_2"": ""Rubrica com inconsistência de IRRF"", ""__EMPTY_3"": 0, ""Competencia"": 354}",2026-03-25 15:01:09.753784,,,,,,,,,,,,,,,,,,,,,,,,,,,,,,,,,,,,,,,,,,,,
86,1,86,FERIAS PROPORCIONAIS (Rescisao),357,6006-Férias proporcionais,OK,Rubrica com inconsistência de IRRF,0,,,,,"{""202501"": ""FERIAS PROPORCIONAIS (Rescisao)"", ""__EMPTY"": ""6006-Férias proporcionais"", ""__EMPTY_1"": ""OK"", ""__EMPTY_2"": ""Rubrica com inconsistência de IRRF"", ""__EMPTY_3"": 0, ""Competencia"": 357}",2026-03-25 15:01:09.753784,,,,,,,,,,,,,,,,,,,,,,,,,,,,,,,,,,,,,,,,,,,,
87,1,87,1/3 FERIAS PROPORCIONAIS (Rescisao),358,6006-Férias proporcionais,OK,Rubrica com inconsistência de IRRF,0,,,,,"{""202501"": ""1/3 FERIAS PROPORCIONAIS (Rescisao)"", ""__EMPTY"": ""6006-Férias proporcionais"", ""__EMPTY_1"": ""OK"", ""__EMPTY_2"": ""Rubrica com inconsistência de IRRF"", ""__EMPTY_3"": 0, ""Competencia"": 358}",2026-03-25 15:01:09.753784,,,,,,,,,,,,,,,,,,,,,,,,,,,,,,,,,,,,,,,,,,,,
88,1,88,ADIC. FERIAS INDENIZADAS (Rescisao),359,6007-Férias vencidas na rescisão,OK,Rubrica com inconsistência de IRRF,0,,,,,"{""202501"": ""ADIC. FERIAS INDENIZADAS (Rescisao)"", ""__EMPTY"": ""6007-Férias vencidas na rescisão"", ""__EMPTY_1"": ""OK"", ""__EMPTY_2"": ""Rubrica com inconsistência de IRRF"", ""__EMPTY_3"": 0, ""Competencia"": 359}",2026-03-25 15:01:09.753784,,,,,,,,,,,,,,,,,,,,,,,,,,,,,,,,,,,,,,,,,,,,
89,1,89,1/3 ADIC. FERIAS INDENIZADAS (Rescisao),360,6007-Férias vencidas na rescisão,OK,Rubrica com inconsistência de IRRF,0,,,,,"{""202501"": ""1/3 ADIC. FERIAS INDENIZADAS (Rescisao)"", ""__EMPTY"": ""6007-Férias vencidas na rescisão"", ""__EMPTY_1"": ""OK"", ""__EMPTY_2"": ""Rubrica com inconsistência de IRRF"", ""__EMPTY_3"": 0, ""Competencia"": 360}",2026-03-25 15:01:09.753784,,,,,,,,,,,,,,,,,,,,,,,,,,,,,,,,,,,,,,,,,,,,
90,1,90,ADIC. FERIAS S/AVISO PREVIO,361,6007-Férias vencidas na rescisão,OK,Rubrica com inconsistência de IRRF,0,,,,,"{""202501"": ""ADIC. FERIAS S/AVISO PREVIO"", ""__EMPTY"": ""6007-Férias vencidas na rescisão"", ""__EMPTY_1"": ""OK"", ""__EMPTY_2"": ""Rubrica com inconsistência de IRRF"", ""__EMPTY_3"": 0, ""Competencia"": 361}",2026-03-25 15:01:09.753784,,,,,,,,,,,,,,,,,,,,,,,,,,,,,,,,,,,,,,,,,,,,
91,1,91,EMPRESTIMO SALDO NEGATIVO,363,2930-Insuficiência de saldo,OK,Rubrica com inconsistência de IRRF,0,,,,,"{""202501"": ""EMPRESTIMO SALDO NEGATIVO"", ""__EMPTY"": ""2930-Insuficiência de saldo"", ""__EMPTY_1"": ""OK"", ""__EMPTY_2"": ""Rubrica com inconsistência de IRRF"", ""__EMPTY_3"": 0, ""Competencia"": 363}",2026-03-25 15:01:09.753784,,,,,,,,,,,,,,,,,,,,,,,,,,,,,,,,,,,,,,,,,,,,
92,1,92,DEVOL. I.N.S.S.- FOLHA,366,1623-Ressarcimento de provisão,OK,-,0,,,,,"{""202501"": ""DEVOL. I.N.S.S.- FOLHA"", ""__EMPTY"": ""1623-Ressarcimento de provisão"", ""__EMPTY_1"": ""OK"", ""__EMPTY_2"": ""-"", ""__EMPTY_3"": 0, ""Competencia"": 366}",2026-03-25 15:01:09.753784,,,,,,,,,,,,,,,,,,,,,,,,,,,,,,,,,,,,,,,,,,,,
93,1,93,13º SALARIO PROP. S/AVISO PREVIO (Lei 12506),367,6001-13º salário relativo ao aviso-prévio indenizado,OK,Rubrica com inconsistência de IRRF,0,,,,,"{""202501"": ""13º SALARIO PROP. S/AVISO PREVIO (Lei 12506)"", ""__EMPTY"": ""6001-13º salário relativo ao aviso-prévio indenizado"", ""__EMPTY_1"": ""OK"", ""__EMPTY_2"": ""Rubrica com inconsistência de IRRF"", ""__EMPTY_3"": 0, ""Competencia"": 367}",2026-03-25 15:01:09.753784,,,,,,,,,,,,,,,,,,,,,,,,,,,,,,,,,,,,,,,,,,,,
94,1,94,FERIAS S/AVISO PREVIO INDENIZADO (Lei 12506),368,6007-Férias vencidas na rescisão,OK,Rubrica com inconsistência de IRRF,0,,,,,"{""202501"": ""FERIAS S/AVISO PREVIO INDENIZADO (Lei 12506)"", ""__EMPTY"": ""6007-Férias vencidas na rescisão"", ""__EMPTY_1"": ""OK"", ""__EMPTY_2"": ""Rubrica com inconsistência de IRRF"", ""__EMPTY_3"": 0, ""Competencia"": 368}",2026-03-25 15:01:09.753784,,,,,,,,,,,,,,,,,,,,,,,,,,,,,,,,,,,,,,,,,,,,
95,1,95,1/3 FERIAS S/AVISO PREVIO INDENIZADO (Lei 12506),369,6007-Férias vencidas na rescisão,OK,Rubrica com inconsistência de IRRF,0,,,,,"{""202501"": ""1/3 FERIAS S/AVISO PREVIO INDENIZADO (Lei 12506)"", ""__EMPTY"": ""6007-Férias vencidas na rescisão"", ""__EMPTY_1"": ""OK"", ""__EMPTY_2"": ""Rubrica com inconsistência de IRRF"", ""__EMPTY_3"": 0, ""Competencia"": 369}",2026-03-25 15:01:09.753784,,,,,,,,,,,,,,,,,,,,,,,,,,,,,,,,,,,,,,,,,,,,
96,1,96,13º SALARIO INDENIZADO,370,6002-13° salário proporcional na rescisão,OK,-,0,,,,,"{""202501"": ""13º SALARIO INDENIZADO"", ""__EMPTY"": ""6002-13° salário proporcional na rescisão"", ""__EMPTY_1"": ""OK"", ""__EMPTY_2"": ""-"", ""__EMPTY_3"": 0, ""Competencia"": 370}",2026-03-25 15:01:09.753784,,,,,,,,,,,,,,,,,,,,,,,,,,,,,,,,,,,,,,,,,,,,
97,1,97,13º SALARIO PROP. S/AVISO PREVIO,371,6001-13º salário relativo ao aviso-prévio indenizado,OK,Rubrica com inconsistência de IRRF,0,,,,,"{""202501"": ""13º SALARIO PROP. S/AVISO PREVIO"", ""__EMPTY"": ""6001-13º salário relativo ao aviso-prévio indenizado"", ""__EMPTY_1"": ""OK"", ""__EMPTY_2"": ""Rubrica com inconsistência de IRRF"", ""__EMPTY_3"": 0, ""Competencia"": 371}",2026-03-25 15:01:09.753784,,,,,,,,,,,,,,,,,,,,,,,,,,,,,,,,,,,,,,,,,,,,
98,1,98,FERIAS S/AVISO PREVIO INDENIZADO,372,6006-Férias proporcionais,OK,Rubrica com inconsistência de IRRF,0,,,,,"{""202501"": ""FERIAS S/AVISO PREVIO INDENIZADO"", ""__EMPTY"": ""6006-Férias proporcionais"", ""__EMPTY_1"": ""OK"", ""__EMPTY_2"": ""Rubrica com inconsistência de IRRF"", ""__EMPTY_3"": 0, ""Competencia"": 372}",2026-03-25 15:01:09.753784,,,,,,,,,,,,,,,,,,,,,,,,,,,,,,,,,,,,,,,,,,,,
99,1,99,1/3 FERIAS S/AVISO PREVIO INDENIZADO,373,6006-Férias proporcionais,OK,Rubrica com inconsistência de IRRF,0,,,,,"{""202501"": ""1/3 FERIAS S/AVISO PREVIO INDENIZADO"", ""__EMPTY"": ""6006-Férias proporcionais"", ""__EMPTY_1"": ""OK"", ""__EMPTY_2"": ""Rubrica com inconsistência de IRRF"", ""__EMPTY_3"": 0, ""Competencia"": 373}",2026-03-25 15:01:09.753784,,,,,,,,,,,,,,,,,,,,,,,,,,,,,,,,,,,,,,,,,,,,
100,1,100,1/3 ADIC. FERIAS S/AVISO PREVIO,374,6006-Férias proporcionais,OK,Rubrica com inconsistência de IRRF,0,,,,,"{""202501"": ""1/3 ADIC. FERIAS S/AVISO PREVIO"", ""__EMPTY"": ""6006-Férias proporcionais"", ""__EMPTY_1"": ""OK"", ""__EMPTY_2"": ""Rubrica com inconsistência de IRRF"", ""__EMPTY_3"": 0, ""Competencia"": 374}",2026-03-25 15:01:09.753784,,,,,,,,,,,,,,,,,,,,,,,,,,,,,,,,,,,,,,,,,,,,
101,1,101,REEMB VALE REFEICAO/ ALIMENTACAO,379,1806-,OK,-,0,,,,,"{""202501"": ""REEMB VALE REFEICAO/ ALIMENTACAO"", ""__EMPTY"": ""1806-"", ""__EMPTY_1"": ""OK"", ""__EMPTY_2"": ""-"", ""__EMPTY_3"": 0, ""Competencia"": 379}",2026-03-25 15:01:09.753784,,,,,,,,,,,,,,,,,,,,,,,,,,,,,,,,,,,,,,,,,,,,
102,1,102,EMPRESTIMO FOLHA,384,2930-Insuficiência de saldo,OK,Rubrica com inconsistência de IRRF,0,,,,,"{""202501"": ""EMPRESTIMO FOLHA"", ""__EMPTY"": ""2930-Insuficiência de saldo"", ""__EMPTY_1"": ""OK"", ""__EMPTY_2"": ""Rubrica com inconsistência de IRRF"", ""__EMPTY_3"": 0, ""Competencia"": 384}",2026-03-25 15:01:09.753784,,,,,,,,,,,,,,,,,,,,,,,,,,,,,,,,,,,,,,,,,,,,
103,1,103,SALARIO MATERNIDADE,390,4050-Salário maternidade,OK,-,0,,,,,"{""202501"": ""SALARIO MATERNIDADE"", ""__EMPTY"": ""4050-Salário maternidade"", ""__EMPTY_1"": ""OK"", ""__EMPTY_2"": ""-"", ""__EMPTY_3"": 0, ""Competencia"": 390}",2026-03-25 15:01:09.753784,,,,,,,,,,,,,,,,,,,,,,,,,,,,,,,,,,,,,,,,,,,,
104,1,104,F.G.T.S. S/AVISO PREVIO (Rescisao),393,9908-FGTS - depósito,OK,Rubrica com inconsistência de IRRF,0,,,,,"{""202501"": ""F.G.T.S. S/AVISO PREVIO (Rescisao)"", ""__EMPTY"": ""9908-FGTS - depósito"", ""__EMPTY_1"": ""OK"", ""__EMPTY_2"": ""Rubrica com inconsistência de IRRF"", ""__EMPTY_3"": 0, ""Competencia"": 393}",2026-03-25 15:01:09.753784,,,,,,,,,,,,,,,,,,,,,,,,,,,,,,,,,,,,,,,,,,,,
105,1,105,PREMIO TEMPO DE SERVICO,402,1206-Adicional por tempo de serviço,OK,-,0,,,,,"{""202501"": ""PREMIO TEMPO DE SERVICO"", ""__EMPTY"": ""1206-Adicional por tempo de serviço"", ""__EMPTY_1"": ""OK"", ""__EMPTY_2"": ""-"", ""__EMPTY_3"": 0, ""Competencia"": 402}",2026-03-25 15:01:09.753784,,,,,,,,,,,,,,,,,,,,,,,,,,,,,,,,,,,,,,,,,,,,
106,1,106,DIF. FERIAS,404,1020-Férias – gozadas,VERIFICAR ,-,1020 - Natureza da Rubrica encerrada em 30/04/2023 - Natureza da Rubrica sujerida 1016 - Férias ,,,,,"{""202501"": ""DIF. FERIAS"", ""__EMPTY"": ""1020-Férias – gozadas"", ""__EMPTY_1"": ""VERIFICAR "", ""__EMPTY_2"": ""-"", ""__EMPTY_3"": ""1020 - Natureza da Rubrica encerrada em 30/04/2023 - Natureza da Rubrica sujerida 1016 - Férias "", ""Competencia"": 404}",2026-03-25 15:01:09.753784,,,,,,,,,,,,,,,,,,,,,,,,,,,,,,,,,,,,,,,,,,,,
107,1,107,MEDIAS FERIAS (Ferias),405,1020-Férias – gozadas,VERIFICAR ,-,1020 - Natureza da Rubrica encerrada em 30/04/2023 - Natureza da Rubrica sujerida 1016 - Férias ,,,,,"{""202501"": ""MEDIAS FERIAS (Ferias)"", ""__EMPTY"": ""1020-Férias – gozadas"", ""__EMPTY_1"": ""VERIFICAR "", ""__EMPTY_2"": ""-"", ""__EMPTY_3"": ""1020 - Natureza da Rubrica encerrada em 30/04/2023 - Natureza da Rubrica sujerida 1016 - Férias "", ""Competencia"": 405}",2026-03-25 15:01:09.753784,,,,,,,,,,,,,,,,,,,,,,,,,,,,,,,,,,,,,,,,,,,,
108,1,108,1/3 MEDIAS FERIAS (Ferias),406,1017-,OK,-,Verificar tipo de Rendimentos no GI  e no bloco da rescisão ,,,,,"{""202501"": ""1/3 MEDIAS FERIAS (Ferias)"", ""__EMPTY"": ""1017-"", ""__EMPTY_1"": ""OK"", ""__EMPTY_2"": ""-"", ""__EMPTY_3"": ""Verificar tipo de Rendimentos no GI  e no bloco da rescisão "", ""Competencia"": 406}",2026-03-25 15:01:09.753784,,,,,,,,,,,,,,,,,,,,,,,,,,,,,,,,,,,,,,,,,,,,
109,1,109,MEDIAS FERIAS S/ABONO (Ferias),407,1021-Férias - abono ou gratificação de férias superior a 20 dias,VERIFICAR ,Rubrica com inconsistência de IRRF,Natureza da Rubrica sujerida 1019 - Terço constitucional de férias - Abono ou gratificação de férias superior a 20 dias,,,,,"{""202501"": ""MEDIAS FERIAS S/ABONO (Ferias)"", ""__EMPTY"": ""1021-Férias - abono ou gratificação de férias superior a 20 dias"", ""__EMPTY_1"": ""VERIFICAR "", ""__EMPTY_2"": ""Rubrica com inconsistência de IRRF"", ""__EMPTY_3"": ""Natureza da Rubrica sujerida 1019 - Terço constitucional de férias - Abono ou gratificação de férias superior a 20 dias"", ""Competencia"": 407}",2026-03-25 15:01:09.753784,,,,,,,,,,,,,,,,,,,,,,,,,,,,,,,,,,,,,,,,,,,,
110,1,110,1/3 MEDIAS FERIAS S/ABONO (Ferias),408,1021-Férias - abono ou gratificação de férias superior a 20 dias,VERIFICAR ,Rubrica com inconsistência de IRRF,Natureza da Rubrica sujerida 1019 - Terço constitucional de férias - Abono ou gratificação de férias superior a 20 dias,,,,,"{""202501"": ""1/3 MEDIAS FERIAS S/ABONO (Ferias)"", ""__EMPTY"": ""1021-Férias - abono ou gratificação de férias superior a 20 dias"", ""__EMPTY_1"": ""VERIFICAR "", ""__EMPTY_2"": ""Rubrica com inconsistência de IRRF"", ""__EMPTY_3"": ""Natureza da Rubrica sujerida 1019 - Terço constitucional de férias - Abono ou gratificação de férias superior a 20 dias"", ""Competencia"": 408}",2026-03-25 15:01:09.753784,,,,,,,,,,,,,,,,,,,,,,,,,,,,,,,,,,,,,,,,,,,,
111,1,111,ABONO PECUNIARIO RODOVIARIOS,420,1018-,OK,"Rubrica com inconsistência de INSS, IRRF e FGTS",Alterado anteriormente por mim - Adriana ,,,,,"{""202501"": ""ABONO PECUNIARIO RODOVIARIOS"", ""__EMPTY"": ""1018-"", ""__EMPTY_1"": ""OK"", ""__EMPTY_2"": ""Rubrica com inconsistência de INSS, IRRF e FGTS"", ""__EMPTY_3"": ""Alterado anteriormente por mim - Adriana "", ""Competencia"": 420}",2026-03-25 15:01:09.753784,,,,,,,,,,,,,,,,,,,,,,,,,,,,,,,,,,,,,,,,,,,,
112,1,112,AJUDA DE CUSTO,421,1211-Gratificações,VERIFICAR ,"Rubrica com inconsistência de INSS, IRRF e FGTS",Natureza no GI 1603 - ajusta por mim Adriana ,,,,,"{""202501"": ""AJUDA DE CUSTO"", ""__EMPTY"": ""1211-Gratificações"", ""__EMPTY_1"": ""VERIFICAR "", ""__EMPTY_2"": ""Rubrica com inconsistência de INSS, IRRF e FGTS"", ""__EMPTY_3"": ""Natureza no GI 1603 - ajusta por mim Adriana "", ""Competencia"": 421}",2026-03-25 15:01:09.753784,,,,,,,,,,,,,,,,,,,,,,,,,,,,,,,,,,,,,,,,,,,,
113,1,113,COMBUSTIVEL,426,1620-Ressarcimento de despesas pelo uso de veículo próprio,OK,Rubrica com inconsistência de IRRF,0,,,,,"{""202501"": ""COMBUSTIVEL"", ""__EMPTY"": ""1620-Ressarcimento de despesas pelo uso de veículo próprio"", ""__EMPTY_1"": ""OK"", ""__EMPTY_2"": ""Rubrica com inconsistência de IRRF"", ""__EMPTY_3"": 0, ""Competencia"": 426}",2026-03-25 15:01:09.753784,,,,,,,,,,,,,,,,,,,,,,,,,,,,,,,,,,,,,,,,,,,,
114,1,114,REEMBOLSO DESC. INDEVIDO,428,1299-Outros Adicionais,VERIFICAR ,"Rubrica com inconsistência de INSS, IRRF e FGTS",Natureza da Rubrica 1299 foi encerrada em 30.04.2023 - Natureza sujerida 1629 - Ressarcimento de outras despesas,,,,,"{""202501"": ""REEMBOLSO DESC. INDEVIDO"", ""__EMPTY"": ""1299-Outros Adicionais"", ""__EMPTY_1"": ""VERIFICAR "", ""__EMPTY_2"": ""Rubrica com inconsistência de INSS, IRRF e FGTS"", ""__EMPTY_3"": ""Natureza da Rubrica 1299 foi encerrada em 30.04.2023 - Natureza sujerida 1629 - Ressarcimento de outras despesas"", ""Competencia"": 428}",2026-03-25 15:01:09.753784,,,,,,,,,,,,,,,,,,,,,,,,,,,,,,,,,,,,,,,,,,,,
115,1,115,DEVOLUCAO DESC. MULTAS TRANSITO,431,2920-Reembolsos diversos,OK,Rubrica com inconsistência de IRRF,0,,,,,"{""202501"": ""DEVOLUCAO DESC. MULTAS TRANSITO"", ""__EMPTY"": ""2920-Reembolsos diversos"", ""__EMPTY_1"": ""OK"", ""__EMPTY_2"": ""Rubrica com inconsistência de IRRF"", ""__EMPTY_3"": 0, ""Competencia"": 431}",2026-03-25 15:01:09.753784,,,,,,,,,,,,,,,,,,,,,,,,,,,,,,,,,,,,,,,,,,,,
116,1,116,HORAS EXTRAS 50% MES ANTERIOR,441,1003-Horas extraordinárias,OK,-,Verificar informações para bloco na rescisão ,,,,,"{""202501"": ""HORAS EXTRAS 50% MES ANTERIOR"", ""__EMPTY"": ""1003-Horas extraordinárias"", ""__EMPTY_1"": ""OK"", ""__EMPTY_2"": ""-"", ""__EMPTY_3"": ""Verificar informações para bloco na rescisão "", ""Competencia"": 441}",2026-03-25 15:01:09.753784,,,,,,,,,,,,,,,,,,,,,,,,,,,,,,,,,,,,,,,,,,,,
117,1,117,DIF. VA E VR - CCT,444,1806-,OK,-,0,,,,,"{""202501"": ""DIF. VA E VR - CCT"", ""__EMPTY"": ""1806-"", ""__EMPTY_1"": ""OK"", ""__EMPTY_2"": ""-"", ""__EMPTY_3"": 0, ""Competencia"": 444}",2026-03-25 15:01:09.753784,,,,,,,,,,,,,,,,,,,,,,,,,,,,,,,,,,,,,,,,,,,,
118,1,118,GRATIFICACAO,449,1211-Gratificações,OK,-,0,,,,,"{""202501"": ""GRATIFICACAO"", ""__EMPTY"": ""1211-Gratificações"", ""__EMPTY_1"": ""OK"", ""__EMPTY_2"": ""-"", ""__EMPTY_3"": 0, ""Competencia"": 449}",2026-03-25 15:01:09.753784,,,,,,,,,,,,,,,,,,,,,,,,,,,,,,,,,,,,,,,,,,,,
119,1,119,DESC H EXTRAS 50% - MES ANT,462,1003-Horas extraordinárias,OK,-,Verificar informações para bloco na rescisão ,,,,,"{""202501"": ""DESC H EXTRAS 50% - MES ANT"", ""__EMPTY"": ""1003-Horas extraordinárias"", ""__EMPTY_1"": ""OK"", ""__EMPTY_2"": ""-"", ""__EMPTY_3"": ""Verificar informações para bloco na rescisão "", ""Competencia"": 462}",2026-03-25 15:01:09.753784,,,,,,,,,,,,,,,,,,,,,,,,,,,,,,,,,,,,,,,,,,,,
120,1,120,ARTIGO 477,478,6106-Multa do art. 477 da CLT,OK,Rubrica com inconsistência de IRRF,0,,,,,"{""202501"": ""ARTIGO 477"", ""__EMPTY"": ""6106-Multa do art. 477 da CLT"", ""__EMPTY_1"": ""OK"", ""__EMPTY_2"": ""Rubrica com inconsistência de IRRF"", ""__EMPTY_3"": 0, ""Competencia"": 478}",2026-03-25 15:01:09.753784,,,,,,,,,,,,,,,,,,,,,,,,,,,,,,,,,,,,,,,,,,,,
121,1,121,INDENIZACAO ARTº 479,479,6104-Indenização do art. 479 da CLT,OK,Rubrica com inconsistência de IRRF,0,,,,,"{""202501"": ""INDENIZACAO ARTº 479"", ""__EMPTY"": ""6104-Indenização do art. 479 da CLT"", ""__EMPTY_1"": ""OK"", ""__EMPTY_2"": ""Rubrica com inconsistência de IRRF"", ""__EMPTY_3"": 0, ""Competencia"": 479}",2026-03-25 15:01:09.753784,,,,,,,,,,,,,,,,,,,,,,,,,,,,,,,,,,,,,,,,,,,,
122,1,122,ADIC. S/13º SALARIO,480,5001-13º salário,OK,-,0,,,,,"{""202501"": ""ADIC. S/13º SALARIO"", ""__EMPTY"": ""5001-13º salário"", ""__EMPTY_1"": ""OK"", ""__EMPTY_2"": ""-"", ""__EMPTY_3"": 0, ""Competencia"": 480}",2026-03-25 15:01:09.753784,,,,,,,,,,,,,,,,,,,,,,,,,,,,,,,,,,,,,,,,,,,,
123,1,123,ADIC. 13º SALARIO S/AVISO PREVIO,481,6001-13º salário relativo ao aviso-prévio indenizado,OK,Rubrica com inconsistência de IRRF,0,,,,,"{""202501"": ""ADIC. 13º SALARIO S/AVISO PREVIO"", ""__EMPTY"": ""6001-13º salário relativo ao aviso-prévio indenizado"", ""__EMPTY_1"": ""OK"", ""__EMPTY_2"": ""Rubrica com inconsistência de IRRF"", ""__EMPTY_3"": 0, ""Competencia"": 481}",2026-03-25 15:01:09.753784,,,,,,,,,,,,,,,,,,,,,,,,,,,,,,,,,,,,,,,,,,,,
124,1,124,ADIC. PERICULOSIDADE S/2ª PARCELA 13º SALARIO,482,5001-13º salário,OK,-,0,,,,,"{""202501"": ""ADIC. PERICULOSIDADE S/2ª PARCELA 13º SALARIO"", ""__EMPTY"": ""5001-13º salário"", ""__EMPTY_1"": ""OK"", ""__EMPTY_2"": ""-"", ""__EMPTY_3"": 0, ""Competencia"": 482}",2026-03-25 15:01:09.753784,,,,,,,,,,,,,,,,,,,,,,,,,,,,,,,,,,,,,,,,,,,,
125,1,125,F.G.T.S. MES ANTERIOR,483,9908-FGTS - depósito,OK,Rubrica com inconsistência de IRRF,0,,,,,"{""202501"": ""F.G.T.S. MES ANTERIOR"", ""__EMPTY"": ""9908-FGTS - depósito"", ""__EMPTY_1"": ""OK"", ""__EMPTY_2"": ""Rubrica com inconsistência de IRRF"", ""__EMPTY_3"": 0, ""Competencia"": 483}",2026-03-25 15:01:09.753784,,,,,,,,,,,,,,,,,,,,,,,,,,,,,,,,,,,,,,,,,,,,
126,1,126,DIF. ASSISTENCIA MEDICA,490,1405-Assistência médica,OK,Rubrica com inconsistência de IRRF,0,,,,,"{""202501"": ""DIF. ASSISTENCIA MEDICA"", ""__EMPTY"": ""1405-Assistência médica"", ""__EMPTY_1"": ""OK"", ""__EMPTY_2"": ""Rubrica com inconsistência de IRRF"", ""__EMPTY_3"": 0, ""Competencia"": 490}",2026-03-25 15:01:09.753784,,,,,,,,,,,,,,,,,,,,,,,,,,,,,,,,,,,,,,,,,,,,
127,1,127,DIF. VALE-TRANSPORTE,499,1810-Transporte,OK,Rubrica com inconsistência de IRRF,0,,,,,"{""202501"": ""DIF. VALE-TRANSPORTE"", ""__EMPTY"": ""1810-Transporte"", ""__EMPTY_1"": ""OK"", ""__EMPTY_2"": ""Rubrica com inconsistência de IRRF"", ""__EMPTY_3"": 0, ""Competencia"": 499}",2026-03-25 15:01:09.753784,,,,,,,,,,,,,,,,,,,,,,,,,,,,,,,,,,,,,,,,,,,,
128,1,128,DESC. FALTAS (DIAS),500,9209-Faltas ou atrados,VERIFICAR ,-,Natureza da Rubrica sujerida - 9207 - Faltas ,,,,,"{""202501"": ""DESC. FALTAS (DIAS)"", ""__EMPTY"": ""9209-Faltas ou atrados"", ""__EMPTY_1"": ""VERIFICAR "", ""__EMPTY_2"": ""-"", ""__EMPTY_3"": ""Natureza da Rubrica sujerida - 9207 - Faltas "", ""Competencia"": 500}",2026-03-25 15:01:09.753784,,,,,,,,,,,,,,,,,,,,,,,,,,,,,,,,,,,,,,,,,,,,
129,1,129,DESC. FALTAS (HORAS),501,9209-Faltas ou atrados,VERIFICAR ,-,Natureza da Rubrica sujerida - 9207 - Faltas ,,,,,"{""202501"": ""DESC. FALTAS (HORAS)"", ""__EMPTY"": ""9209-Faltas ou atrados"", ""__EMPTY_1"": ""VERIFICAR "", ""__EMPTY_2"": ""-"", ""__EMPTY_3"": ""Natureza da Rubrica sujerida - 9207 - Faltas "", ""Competencia"": 501}",2026-03-25 15:01:09.753784,,,,,,,,,,,,,,,,,,,,,,,,,,,,,,,,,,,,,,,,,,,,
130,1,130,DESC. ATRASO/FALTA HORAS,502,9209-Faltas ou atrados,OK,-,0,,,,,"{""202501"": ""DESC. ATRASO/FALTA HORAS"", ""__EMPTY"": ""9209-Faltas ou atrados"", ""__EMPTY_1"": ""OK"", ""__EMPTY_2"": ""-"", ""__EMPTY_3"": 0, ""Competencia"": 502}",2026-03-25 15:01:09.753784,,,,,,,,,,,,,,,,,,,,,,,,,,,,,,,,,,,,,,,,,,,,
131,1,131,DESC. D.S.R. S/FALTAS (DIAS),503,9210-DSR s/faltas e atrasos,VERIFICAR ,-,Natureza da Rubrica sujerida - 9211 DSR sobre faltas,,,,,"{""202501"": ""DESC. D.S.R. S/FALTAS (DIAS)"", ""__EMPTY"": ""9210-DSR s/faltas e atrasos"", ""__EMPTY_1"": ""VERIFICAR "", ""__EMPTY_2"": ""-"", ""__EMPTY_3"": ""Natureza da Rubrica sujerida - 9211 DSR sobre faltas"", ""Competencia"": 503}",2026-03-25 15:01:09.753784,,,,,,,,,,,,,,,,,,,,,,,,,,,,,,,,,,,,,,,,,,,,
132,1,132,DESC. D.S.R. S/FALTAS (HORAS),504,9210-DSR s/faltas e atrasos,VERIFICAR ,-,Natureza da Rubrica sujerida - 9211 DSR sobre faltas,,,,,"{""202501"": ""DESC. D.S.R. S/FALTAS (HORAS)"", ""__EMPTY"": ""9210-DSR s/faltas e atrasos"", ""__EMPTY_1"": ""VERIFICAR "", ""__EMPTY_2"": ""-"", ""__EMPTY_3"": ""Natureza da Rubrica sujerida - 9211 DSR sobre faltas"", ""Competencia"": 504}",2026-03-25 15:01:09.753784,,,,,,,,,,,,,,,,,,,,,,,,,,,,,,,,,,,,,,,,,,,,
133,1,133,DESC. ATRASOS/SAIDAS ANTECIPADAS,505,9209-Faltas ou atrados,OK,-,0,,,,,"{""202501"": ""DESC. ATRASOS/SAIDAS ANTECIPADAS"", ""__EMPTY"": ""9209-Faltas ou atrados"", ""__EMPTY_1"": ""OK"", ""__EMPTY_2"": ""-"", ""__EMPTY_3"": 0, ""Competencia"": 505}",2026-03-25 15:01:09.753784,,,,,,,,,,,,,,,,,,,,,,,,,,,,,,,,,,,,,,,,,,,,
134,1,134,DESC. ATRASOS/SAIDAS MES ANTERIOR,506,9209-Faltas ou atrados,OK,-,0,,,,,"{""202501"": ""DESC. ATRASOS/SAIDAS MES ANTERIOR"", ""__EMPTY"": ""9209-Faltas ou atrados"", ""__EMPTY_1"": ""OK"", ""__EMPTY_2"": ""-"", ""__EMPTY_3"": 0, ""Competencia"": 506}",2026-03-25 15:01:09.753784,,,,,,,,,,,,,,,,,,,,,,,,,,,,,,,,,,,,,,,,,,,,
135,1,135,DESC. FALTA DEVOLUCAO MATERIAL,514,9299-Outros descontos,#N/D,#N/D,#N/D,,,,,"{""202501"": ""DESC. FALTA DEVOLUCAO MATERIAL"", ""__EMPTY"": ""9299-Outros descontos"", ""__EMPTY_1"": ""#N/D"", ""__EMPTY_2"": ""#N/D"", ""__EMPTY_3"": ""#N/D"", ""Competencia"": 514}",2026-03-25 15:01:09.753784,,,,,,,,,,,,,,,,,,,,,,,,,,,,,,,,,,,,,,,,,,,,
136,1,136,DESC. ASSIST. ODONTOLOGICA DEPENDENTE,516,9299-Outros descontos,VERIFICAR,-,"Natureza da Rubrica sujerida - 9911 Valor não relativo a vencimento ou desconto, relativo à assistência prestada por serviço médico ou odontológico, próprio da empresa ou por ela conveniado, como benefício ao trabalhador",,,,,"{""202501"": ""DESC. ASSIST. ODONTOLOGICA DEPENDENTE"", ""__EMPTY"": ""9299-Outros descontos"", ""__EMPTY_1"": ""VERIFICAR"", ""__EMPTY_2"": ""-"", ""__EMPTY_3"": ""Natureza da Rubrica sujerida - 9911 Valor não relativo a vencimento ou desconto, relativo à assistência prestada por serviço médico ou odontológico, próprio da empresa ou por ela conveniado, como benefício ao trabalhador"", ""Competencia"": 516}",2026-03-25 15:01:09.753784,,,,,,,,,,,,,,,,,,,,,,,,,,,,,,,,,,,,,,,,,,,,
137,1,137,DESC. CONTRIB. ASSISTENCIAL LABORAL,519,9232-Contribuição Sindical – Assistencial,OK,-,0,,,,,"{""202501"": ""DESC. CONTRIB. ASSISTENCIAL LABORAL"", ""__EMPTY"": ""9232-Contribuição Sindical – Assistencial"", ""__EMPTY_1"": ""OK"", ""__EMPTY_2"": ""-"", ""__EMPTY_3"": 0, ""Competencia"": 519}",2026-03-25 15:01:09.753784,,,,,,,,,,,,,,,,,,,,,,,,,,,,,,,,,,,,,,,,,,,,
138,1,138,DESC. AVARIA,520,9299-Outros descontos,VERIFICAR,Rubrica com inconsistência de IRRF,Natureza da Rubrica sujerida - 9270 - Danos e prejuízos causados pelo trabalhador,,,,,"{""202501"": ""DESC. AVARIA"", ""__EMPTY"": ""9299-Outros descontos"", ""__EMPTY_1"": ""VERIFICAR"", ""__EMPTY_2"": ""Rubrica com inconsistência de IRRF"", ""__EMPTY_3"": ""Natureza da Rubrica sujerida - 9270 - Danos e prejuízos causados pelo trabalhador"", ""Competencia"": 520}",2026-03-25 15:01:09.753784,,,,,,,,,,,,,,,,,,,,,,,,,,,,,,,,,,,,,,,,,,,,
139,1,139,DESC. AVISO PREVIO,521,6901-Desconto do aviso-prévio,OK,Rubrica com inconsistência de IRRF,0,,,,,"{""202501"": ""DESC. AVISO PREVIO"", ""__EMPTY"": ""6901-Desconto do aviso-prévio"", ""__EMPTY_1"": ""OK"", ""__EMPTY_2"": ""Rubrica com inconsistência de IRRF"", ""__EMPTY_3"": 0, ""Competencia"": 521}",2026-03-25 15:01:09.753784,,,,,,,,,,,,,,,,,,,,,,,,,,,,,,,,,,,,,,,,,,,,
140,1,140,DESC. CO PARTICIPACAO A.M.,522,9299-Outros descontos,VERIFICAR ,Rubrica com inconsistência de IRRF,"Natureza da Rubrica sujerida - 9911 Valor não relativo a vencimento ou desconto, relativo à assistência prestada por serviço médico ou odontológico, próprio da empresa ou por ela conveniado, como benefício ao trabalhador",,,,,"{""202501"": ""DESC. CO PARTICIPACAO A.M."", ""__EMPTY"": ""9299-Outros descontos"", ""__EMPTY_1"": ""VERIFICAR "", ""__EMPTY_2"": ""Rubrica com inconsistência de IRRF"", ""__EMPTY_3"": ""Natureza da Rubrica sujerida - 9911 Valor não relativo a vencimento ou desconto, relativo à assistência prestada por serviço médico ou odontológico, próprio da empresa ou por ela conveniado, como benefício ao trabalhador"", ""Competencia"": 522}",2026-03-25 15:01:09.753784,,,,,,,,,,,,,,,,,,,,,,,,,,,,,,,,,,,,,,,,,,,,
141,1,141,DESC. PGTO. ANTECIPADO,525,9200-Desconto de Adiantamentos,OK,-,0,,,,,"{""202501"": ""DESC. PGTO. ANTECIPADO"", ""__EMPTY"": ""9200-Desconto de Adiantamentos"", ""__EMPTY_1"": ""OK"", ""__EMPTY_2"": ""-"", ""__EMPTY_3"": 0, ""Competencia"": 525}",2026-03-25 15:01:09.753784,,,,,,,,,,,,,,,,,,,,,,,,,,,,,,,,,,,,,,,,,,,,
142,1,142,DESC. ASSIST. MEDICA,537,9299-Outros descontos,VERIFICAR ,Rubrica com inconsistência de IRRF,"Natureza da Rubrica sujerida - 9911 Valor não relativo a vencimento ou desconto, relativo à assistência prestada por serviço médico ou odontológico, próprio da empresa ou por ela conveniado, como benefício ao trabalhador",,,,,"{""202501"": ""DESC. ASSIST. MEDICA"", ""__EMPTY"": ""9299-Outros descontos"", ""__EMPTY_1"": ""VERIFICAR "", ""__EMPTY_2"": ""Rubrica com inconsistência de IRRF"", ""__EMPTY_3"": ""Natureza da Rubrica sujerida - 9911 Valor não relativo a vencimento ou desconto, relativo à assistência prestada por serviço médico ou odontológico, próprio da empresa ou por ela conveniado, como benefício ao trabalhador"", ""Competencia"": 537}",2026-03-25 15:01:09.753784,,,,,,,,,,,,,,,,,,,,,,,,,,,,,,,,,,,,,,,,,,,,
143,1,143,DESC. SALDO NEGATIVO,540,2930-Insuficiência de saldo,OK,-,0,,,,,"{""202501"": ""DESC. SALDO NEGATIVO"", ""__EMPTY"": ""2930-Insuficiência de saldo"", ""__EMPTY_1"": ""OK"", ""__EMPTY_2"": ""-"", ""__EMPTY_3"": 0, ""Competencia"": 540}",2026-03-25 15:01:09.753784,,,,,,,,,,,,,,,,,,,,,,,,,,,,,,,,,,,,,,,,,,,,
144,1,144,DESC. ARREDONDAMENTO,541,2999-Arredondamentos,OK,-,0,,,,,"{""202501"": ""DESC. ARREDONDAMENTO"", ""__EMPTY"": ""2999-Arredondamentos"", ""__EMPTY_1"": ""OK"", ""__EMPTY_2"": ""-"", ""__EMPTY_3"": 0, ""Competencia"": 541}",2026-03-25 15:01:09.753784,,,,,,,,,,,,,,,,,,,,,,,,,,,,,,,,,,,,,,,,,,,,
145,1,145,DESC. ADIANT. NORMAL (FORAMES),546,9200-Desconto de Adiantamentos,OK,-,0,,,,,"{""202501"": ""DESC. ADIANT. NORMAL (FORAMES)"", ""__EMPTY"": ""9200-Desconto de Adiantamentos"", ""__EMPTY_1"": ""OK"", ""__EMPTY_2"": ""-"", ""__EMPTY_3"": 0, ""Competencia"": 546}",2026-03-25 15:01:09.753784,,,,,,,,,,,,,,,,,,,,,,,,,,,,,,,,,,,,,,,,,,,,
146,1,146,DESC. ESTACIONAMENTO,547,9299-Outros descontos,OK,Rubrica com inconsistência de IRRF,0,,,,,"{""202501"": ""DESC. ESTACIONAMENTO"", ""__EMPTY"": ""9299-Outros descontos"", ""__EMPTY_1"": ""OK"", ""__EMPTY_2"": ""Rubrica com inconsistência de IRRF"", ""__EMPTY_3"": 0, ""Competencia"": 547}",2026-03-25 15:01:09.753784,,,,,,,,,,,,,,,,,,,,,,,,,,,,,,,,,,,,,,,,,,,,
147,1,147,DESC. PAGTO. INDEVIDO,550,9299-Outros descontos,OK,Rubrica com inconsistência de IRRF,0,,,,,"{""202501"": ""DESC. PAGTO. INDEVIDO"", ""__EMPTY"": ""9299-Outros descontos"", ""__EMPTY_1"": ""OK"", ""__EMPTY_2"": ""Rubrica com inconsistência de IRRF"", ""__EMPTY_3"": 0, ""Competencia"": 550}",2026-03-25 15:01:09.753784,,,,,,,,,,,,,,,,,,,,,,,,,,,,,,,,,,,,,,,,,,,,
148,1,148,DESC. CONTRIB. ASSISTENCIAL LABORAL,552,9232-Contribuição Sindical – Assistencial,OK,Rubrica com inconsistência de IRRF,0,,,,,"{""202501"": ""DESC. CONTRIB. ASSISTENCIAL LABORAL"", ""__EMPTY"": ""9232-Contribuição Sindical – Assistencial"", ""__EMPTY_1"": ""OK"", ""__EMPTY_2"": ""Rubrica com inconsistência de IRRF"", ""__EMPTY_3"": 0, ""Competencia"": 552}",2026-03-25 15:01:09.753784,,,,,,,,,,,,,,,,,,,,,,,,,,,,,,,,,,,,,,,,,,,,
149,1,149,DESC. 13º SALARIO ANTECIPADO,555,9214-13° salário – desconto de adiantamento,OK,Rubrica com inconsistência de IRRF,0,,,,,"{""202501"": ""DESC. 13º SALARIO ANTECIPADO"", ""__EMPTY"": ""9214-13° salário – desconto de adiantamento"", ""__EMPTY_1"": ""OK"", ""__EMPTY_2"": ""Rubrica com inconsistência de IRRF"", ""__EMPTY_3"": 0, ""Competencia"": 555}",2026-03-25 15:01:09.753784,,,,,,,,,,,,,,,,,,,,,,,,,,,,,,,,,,,,,,,,,,,,
150,1,150,DESC. 2ª VIA CARTAO ALIMENTACAO,564,9299-Outros descontos,OK,-,0,,,,,"{""202501"": ""DESC. 2ª VIA CARTAO ALIMENTACAO"", ""__EMPTY"": ""9299-Outros descontos"", ""__EMPTY_1"": ""OK"", ""__EMPTY_2"": ""-"", ""__EMPTY_3"": 0, ""Competencia"": 564}",2026-03-25 15:01:09.753784,,,,,,,,,,,,,,,,,,,,,,,,,,,,,,,,,,,,,,,,,,,,
151,1,151,DESC. I.N.S.S.,566,9201-Contribuição Previdenciária,OK,Rubrica com inconsistência de IRRF,0,,,,,"{""202501"": ""DESC. I.N.S.S."", ""__EMPTY"": ""9201-Contribuição Previdenciária"", ""__EMPTY_1"": ""OK"", ""__EMPTY_2"": ""Rubrica com inconsistência de IRRF"", ""__EMPTY_3"": 0, ""Competencia"": 566}",2026-03-25 15:01:09.753784,,,,,,,,,,,,,,,,,,,,,,,,,,,,,,,,,,,,,,,,,,,,
152,1,152,DESC. I.R.F.,570,9203-Imposto de renda retido na fonte,OK,-,0,,,,,"{""202501"": ""DESC. I.R.F."", ""__EMPTY"": ""9203-Imposto de renda retido na fonte"", ""__EMPTY_1"": ""OK"", ""__EMPTY_2"": ""-"", ""__EMPTY_3"": 0, ""Competencia"": 570}",2026-03-25 15:01:09.753784,,,,,,,,,,,,,,,,,,,,,,,,,,,,,,,,,,,,,,,,,,,,
153,1,153,DESC. I.R.F. S/FERIAS,571,9203-Imposto de renda retido na fonte,OK,-,0,,,,,"{""202501"": ""DESC. I.R.F. S/FERIAS"", ""__EMPTY"": ""9203-Imposto de renda retido na fonte"", ""__EMPTY_1"": ""OK"", ""__EMPTY_2"": ""-"", ""__EMPTY_3"": 0, ""Competencia"": 571}",2026-03-25 15:01:09.753784,,,,,,,,,,,,,,,,,,,,,,,,,,,,,,,,,,,,,,,,,,,,
154,1,154,DESC. CONTRIB. ASSISTENCIAL - SINDMAN,575,9232-Contribuição Sindical – Assistencial,OK,Rubrica com inconsistência de IRRF,0,,,,,"{""202501"": ""DESC. CONTRIB. ASSISTENCIAL - SINDMAN"", ""__EMPTY"": ""9232-Contribuição Sindical – Assistencial"", ""__EMPTY_1"": ""OK"", ""__EMPTY_2"": ""Rubrica com inconsistência de IRRF"", ""__EMPTY_3"": 0, ""Competencia"": 575}",2026-03-25 15:01:09.753784,,,,,,,,,,,,,,,,,,,,,,,,,,,,,,,,,,,,,,,,,,,,
155,1,155,DESC. VA NAO UTILIZADO MES ANTERIOR,577,9243-,VERIFICAR ,-,"Natureza da Rubrica sujerida - 9241 Alimentação em ticket ou cartão, vinculada ao PAT - Desconto",,,,,"{""202501"": ""DESC. VA NAO UTILIZADO MES ANTERIOR"", ""__EMPTY"": ""9243-"", ""__EMPTY_1"": ""VERIFICAR "", ""__EMPTY_2"": ""-"", ""__EMPTY_3"": ""Natureza da Rubrica sujerida - 9241 Alimentação em ticket ou cartão, vinculada ao PAT - Desconto"", ""Competencia"": 577}",2026-03-25 15:01:09.753784,,,,,,,,,,,,,,,,,,,,,,,,,,,,,,,,,,,,,,,,,,,,
156,1,156,DESC. VALE LANCHE NAO UTILIZADO,578,9243-,OK,-,0,,,,,"{""202501"": ""DESC. VALE LANCHE NAO UTILIZADO"", ""__EMPTY"": ""9243-"", ""__EMPTY_1"": ""OK"", ""__EMPTY_2"": ""-"", ""__EMPTY_3"": 0, ""Competencia"": 578}",2026-03-25 15:01:09.753784,,,,,,,,,,,,,,,,,,,,,,,,,,,,,,,,,,,,,,,,,,,,
157,1,157,DESC. FALTAS (DIAS) MES ANTERIOR,579,9209-Faltas ou atrados,VERIFICAR ,-,Natureza da Rubrica sujerida - 9207 - Faltas ,,,,,"{""202501"": ""DESC. FALTAS (DIAS) MES ANTERIOR"", ""__EMPTY"": ""9209-Faltas ou atrados"", ""__EMPTY_1"": ""VERIFICAR "", ""__EMPTY_2"": ""-"", ""__EMPTY_3"": ""Natureza da Rubrica sujerida - 9207 - Faltas "", ""Competencia"": 579}",2026-03-25 15:01:09.753784,,,,,,,,,,,,,,,,,,,,,,,,,,,,,,,,,,,,,,,,,,,,
158,1,158,INDENIZACAO ARTº 480,580,6904-Multa prevista no art. 480 da CLT,OK,Rubrica com inconsistência de IRRF,0,,,,,"{""202501"": ""INDENIZACAO ARTº 480"", ""__EMPTY"": ""6904-Multa prevista no art. 480 da CLT"", ""__EMPTY_1"": ""OK"", ""__EMPTY_2"": ""Rubrica com inconsistência de IRRF"", ""__EMPTY_3"": 0, ""Competencia"": 580}",2026-03-25 15:01:09.753784,,,,,,,,,,,,,,,,,,,,,,,,,,,,,,,,,,,,,,,,,,,,
159,1,159,DESC. CONTRIB. COL. LAB. SINTACLUNS,582,9232-Contribuição Sindical – Assistencial,OK,Rubrica com inconsistência de IRRF,0,,,,,"{""202501"": ""DESC. CONTRIB. COL. LAB. SINTACLUNS"", ""__EMPTY"": ""9232-Contribuição Sindical – Assistencial"", ""__EMPTY_1"": ""OK"", ""__EMPTY_2"": ""Rubrica com inconsistência de IRRF"", ""__EMPTY_3"": 0, ""Competencia"": 582}",2026-03-25 15:01:09.753784,,,,,,,,,,,,,,,,,,,,,,,,,,,,,,,,,,,,,,,,,,,,
160,1,160,DESC. MENS. SINDICAL,584,9231-Contribuição Sindical – Associativa,OK,-,0,,,,,"{""202501"": ""DESC. MENS. SINDICAL"", ""__EMPTY"": ""9231-Contribuição Sindical – Associativa"", ""__EMPTY_1"": ""OK"", ""__EMPTY_2"": ""-"", ""__EMPTY_3"": 0, ""Competencia"": 584}",2026-03-25 15:01:09.753784,,,,,,,,,,,,,,,,,,,,,,,,,,,,,,,,,,,,,,,,,,,,
161,1,161,DESC. CONTRIB. CONFEDERATIVA,587,9233-Contribuição sindical – Confederativa,OK,Rubrica com inconsistência de IRRF,0,,,,,"{""202501"": ""DESC. CONTRIB. CONFEDERATIVA"", ""__EMPTY"": ""9233-Contribuição sindical – Confederativa"", ""__EMPTY_1"": ""OK"", ""__EMPTY_2"": ""Rubrica com inconsistência de IRRF"", ""__EMPTY_3"": 0, ""Competencia"": 587}",2026-03-25 15:01:09.753784,,,,,,,,,,,,,,,,,,,,,,,,,,,,,,,,,,,,,,,,,,,,
162,1,162,DESC. CONTRIB. COLABORATIVA LABORAL,591,9232-Contribuição Sindical – Assistencial,OK,-,0,,,,,"{""202501"": ""DESC. CONTRIB. COLABORATIVA LABORAL"", ""__EMPTY"": ""9232-Contribuição Sindical – Assistencial"", ""__EMPTY_1"": ""OK"", ""__EMPTY_2"": ""-"", ""__EMPTY_3"": 0, ""Competencia"": 591}",2026-03-25 15:01:09.753784,,,,,,,,,,,,,,,,,,,,,,,,,,,,,,,,,,,,,,,,,,,,
163,1,163,DESC. CONTRIB. ASSISTENCIAL,592,9232-Contribuição Sindical – Assistencial,OK,-,0,,,,,"{""202501"": ""DESC. CONTRIB. ASSISTENCIAL"", ""__EMPTY"": ""9232-Contribuição Sindical – Assistencial"", ""__EMPTY_1"": ""OK"", ""__EMPTY_2"": ""-"", ""__EMPTY_3"": 0, ""Competencia"": 592}",2026-03-25 15:01:09.753784,,,,,,,,,,,,,,,,,,,,,,,,,,,,,,,,,,,,,,,,,,,,
164,1,164,DESC. CONTRIB. NEGOCIAL,595,9233-Contribuição sindical – Confederativa,OK,Rubrica com inconsistência de IRRF,0,,,,,"{""202501"": ""DESC. CONTRIB. NEGOCIAL"", ""__EMPTY"": ""9233-Contribuição sindical – Confederativa"", ""__EMPTY_1"": ""OK"", ""__EMPTY_2"": ""Rubrica com inconsistência de IRRF"", ""__EMPTY_3"": 0, ""Competencia"": 595}",2026-03-25 15:01:09.753784,,,,,,,,,,,,,,,,,,,,,,,,,,,,,,,,,,,,,,,,,,,,
165,1,165,DESC. I.N.S.S. S/13º SALARIO,596,9201-Contribuição Previdenciária,OK,Rubrica com inconsistência de IRRF,0,,,,,"{""202501"": ""DESC. I.N.S.S. S/13º SALARIO"", ""__EMPTY"": ""9201-Contribuição Previdenciária"", ""__EMPTY_1"": ""OK"", ""__EMPTY_2"": ""Rubrica com inconsistência de IRRF"", ""__EMPTY_3"": 0, ""Competencia"": 596}",2026-03-25 15:01:09.753784,,,,,,,,,,,,,,,,,,,,,,,,,,,,,,,,,,,,,,,,,,,,
166,1,166,DESC. D.S.R. S/FALTAS (DIAS) MES ANTERIOR,597,1002-Descanso semanal remunerado - DSR,VERIFICAR ,-,"Natureza da Rubrica sugerida 1020, pois o 1002  foi inativado em 30.04.2024  - Verificar também bloco na rescisão  no GI ",,,,,"{""202501"": ""DESC. D.S.R. S/FALTAS (DIAS) MES ANTERIOR"", ""__EMPTY"": ""1002-Descanso semanal remunerado - DSR"", ""__EMPTY_1"": ""VERIFICAR "", ""__EMPTY_2"": ""-"", ""__EMPTY_3"": ""Natureza da Rubrica sugerida 1020, pois o 1002  foi inativado em 30.04.2024  - Verificar também bloco na rescisão  no GI "", ""Competencia"": 597}",2026-03-25 15:01:09.753784,,,,,,,,,,,,,,,,,,,,,,,,,,,,,,,,,,,,,,,,,,,,
167,1,167,DESC H.E PAGO MAIOR,599,1003-Horas extraordinárias,OK,-,0,,,,,"{""202501"": ""DESC H.E PAGO MAIOR"", ""__EMPTY"": ""1003-Horas extraordinárias"", ""__EMPTY_1"": ""OK"", ""__EMPTY_2"": ""-"", ""__EMPTY_3"": 0, ""Competencia"": 599}",2026-03-25 15:01:09.753784,,,,,,,,,,,,,,,,,,,,,,,,,,,,,,,,,,,,,,,,,,,,
168,1,168,DESC. ACIDENTE DE TRABALHO (F.G.T.S.),600,9932-Auxílio acidente do acidentário,OK,Rubrica com inconsistência de IRRF,0,,,,,"{""202501"": ""DESC. ACIDENTE DE TRABALHO (F.G.T.S.)"", ""__EMPTY"": ""9932-Auxílio acidente do acidentário"", ""__EMPTY_1"": ""OK"", ""__EMPTY_2"": ""Rubrica com inconsistência de IRRF"", ""__EMPTY_3"": 0, ""Competencia"": 600}",2026-03-25 15:01:09.753784,,,,,,,,,,,,,,,,,,,,,,,,,,,,,,,,,,,,,,,,,,,,
169,1,169,DESC. ASSIST. ODONTO. DEPENDENTE,605,9299-Outros descontos,VERIFICAR,Rubrica com inconsistência de IRRF,"Natureza da Rubrica sujerida - 9911 Valor não relativo a vencimento ou desconto, relativo à assistência prestada por serviço médico ou odontológico, próprio da empresa ou por ela conveniado, como benefício ao trabalhador",,,,,"{""202501"": ""DESC. ASSIST. ODONTO. DEPENDENTE"", ""__EMPTY"": ""9299-Outros descontos"", ""__EMPTY_1"": ""VERIFICAR"", ""__EMPTY_2"": ""Rubrica com inconsistência de IRRF"", ""__EMPTY_3"": ""Natureza da Rubrica sujerida - 9911 Valor não relativo a vencimento ou desconto, relativo à assistência prestada por serviço médico ou odontológico, próprio da empresa ou por ela conveniado, como benefício ao trabalhador"", ""Competencia"": 605}",2026-03-25 15:01:09.753784,,,,,,,,,,,,,,,,,,,,,,,,,,,,,,,,,,,,,,,,,,,,
170,1,170,DESC. ASSIST. MEDICA,607,9219-Desconto de assistência médica ou odontológica,OK,Rubrica com inconsistência de IRRF,0,,,,,"{""202501"": ""DESC. ASSIST. MEDICA"", ""__EMPTY"": ""9219-Desconto de assistência médica ou odontológica"", ""__EMPTY_1"": ""OK"", ""__EMPTY_2"": ""Rubrica com inconsistência de IRRF"", ""__EMPTY_3"": 0, ""Competencia"": 607}",2026-03-25 15:01:09.753784,,,,,,,,,,,,,,,,,,,,,,,,,,,,,,,,,,,,,,,,,,,,
171,1,171,DESC. VT NAO UTILIZADO MES ANTERIOR,610,9216-Desconto de vale-transporte,OK,Rubrica com inconsistência de IRRF,0,,,,,"{""202501"": ""DESC. VT NAO UTILIZADO MES ANTERIOR"", ""__EMPTY"": ""9216-Desconto de vale-transporte"", ""__EMPTY_1"": ""OK"", ""__EMPTY_2"": ""Rubrica com inconsistência de IRRF"", ""__EMPTY_3"": 0, ""Competencia"": 610}",2026-03-25 15:01:09.753784,,,,,,,,,,,,,,,,,,,,,,,,,,,,,,,,,,,,,,,,,,,,
172,1,172,DESC. VALE ALIMENTACAO - CCT,611,9243-,VERIFICAR ,-,"Natureza da Rubrica sujerida - 9241 Alimentação em ticket ou cartão, vinculada ao PAT - Desconto",,,,,"{""202501"": ""DESC. VALE ALIMENTACAO - CCT"", ""__EMPTY"": ""9243-"", ""__EMPTY_1"": ""VERIFICAR "", ""__EMPTY_2"": ""-"", ""__EMPTY_3"": ""Natureza da Rubrica sujerida - 9241 Alimentação em ticket ou cartão, vinculada ao PAT - Desconto"", ""Competencia"": 611}",2026-03-25 15:01:09.753784,,,,,,,,,,,,,,,,,,,,,,,,,,,,,,,,,,,,,,,,,,,,
173,1,173,DESC. PENSAO ALIMENTICIA SALARIO,612,9213-Pensão alimentícia,OK,-,0,,,,,"{""202501"": ""DESC. PENSAO ALIMENTICIA SALARIO"", ""__EMPTY"": ""9213-Pensão alimentícia"", ""__EMPTY_1"": ""OK"", ""__EMPTY_2"": ""-"", ""__EMPTY_3"": 0, ""Competencia"": 612}",2026-03-25 15:01:09.753784,,,,,,,,,,,,,,,,,,,,,,,,,,,,,,,,,,,,,,,,,,,,
174,1,174,DESC. EMPRESTIMO BV,614,9254-Empréstimos consignados – desconto,OK,-,0,,,,,"{""202501"": ""DESC. EMPRESTIMO BV"", ""__EMPTY"": ""9254-Empréstimos consignados – desconto"", ""__EMPTY_1"": ""OK"", ""__EMPTY_2"": ""-"", ""__EMPTY_3"": 0, ""Competencia"": 614}",2026-03-25 15:01:09.753784,,,,,,,,,,,,,,,,,,,,,,,,,,,,,,,,,,,,,,,,,,,,
175,1,175,DESC. ASS. MÉDICA DEP.,619,9299-Outros descontos,VERIFICAR,Rubrica com inconsistência de IRRF,"Natureza da Rubrica sujerida - 9911 Valor não relativo a vencimento ou desconto, relativo à assistência prestada por serviço médico ou odontológico, próprio da empresa ou por ela conveniado, como benefício ao trabalhador",,,,,"{""202501"": ""DESC. ASS. MÉDICA DEP."", ""__EMPTY"": ""9299-Outros descontos"", ""__EMPTY_1"": ""VERIFICAR"", ""__EMPTY_2"": ""Rubrica com inconsistência de IRRF"", ""__EMPTY_3"": ""Natureza da Rubrica sujerida - 9911 Valor não relativo a vencimento ou desconto, relativo à assistência prestada por serviço médico ou odontológico, próprio da empresa ou por ela conveniado, como benefício ao trabalhador"", ""Competencia"": 619}",2026-03-25 15:01:09.753784,,,,,,,,,,,,,,,,,,,,,,,,,,,,,,,,,,,,,,,,,,,,
176,1,176,DESC. BB DETAL,621,9299-Outros descontos,VERIFICAR,Rubrica com inconsistência de IRRF,"Natureza da Rubrica sujerida - 9911 Valor não relativo a vencimento ou desconto, relativo à assistência prestada por serviço médico ou odontológico, próprio da empresa ou por ela conveniado, como benefício ao trabalhador",,,,,"{""202501"": ""DESC. BB DETAL"", ""__EMPTY"": ""9299-Outros descontos"", ""__EMPTY_1"": ""VERIFICAR"", ""__EMPTY_2"": ""Rubrica com inconsistência de IRRF"", ""__EMPTY_3"": ""Natureza da Rubrica sujerida - 9911 Valor não relativo a vencimento ou desconto, relativo à assistência prestada por serviço médico ou odontológico, próprio da empresa ou por ela conveniado, como benefício ao trabalhador"", ""Competencia"": 621}",2026-03-25 15:01:09.753784,,,,,,,,,,,,,,,,,,,,,,,,,,,,,,,,,,,,,,,,,,,,
177,1,177,DESC. VT NAO UTILIZADO MÊS ANTERIOR,622,9216-Desconto de vale-transporte,#N/D,#N/D,#N/D,,,,,"{""202501"": ""DESC. VT NAO UTILIZADO MÊS ANTERIOR"", ""__EMPTY"": ""9216-Desconto de vale-transporte"", ""__EMPTY_1"": ""#N/D"", ""__EMPTY_2"": ""#N/D"", ""__EMPTY_3"": ""#N/D"", ""Competencia"": 622}",2026-03-25 15:01:09.753784,,,,,,,,,,,,,,,,,,,,,,,,,,,,,,,,,,,,,,,,,,,,
178,1,178,DESC. ATRASO/FALTA HORAS MES ANTERIOR,626,9209-Faltas ou atrados,OK,-,0,,,,,"{""202501"": ""DESC. ATRASO/FALTA HORAS MES ANTERIOR"", ""__EMPTY"": ""9209-Faltas ou atrados"", ""__EMPTY_1"": ""OK"", ""__EMPTY_2"": ""-"", ""__EMPTY_3"": 0, ""Competencia"": 626}",2026-03-25 15:01:09.753784,,,,,,,,,,,,,,,,,,,,,,,,,,,,,,,,,,,,,,,,,,,,
179,1,179,DESC. ADIANT. NORMAL(DENTRO DO MES),627,9200-Desconto de Adiantamentos,OK,-,0,,,,,"{""202501"": ""DESC. ADIANT. NORMAL(DENTRO DO MES)"", ""__EMPTY"": ""9200-Desconto de Adiantamentos"", ""__EMPTY_1"": ""OK"", ""__EMPTY_2"": ""-"", ""__EMPTY_3"": 0, ""Competencia"": 627}",2026-03-25 15:01:09.753784,,,,,,,,,,,,,,,,,,,,,,,,,,,,,,,,,,,,,,,,,,,,
180,1,180,DESC. ASSIST. ODONT. SINTACLUNS,631,9299-Outros descontos,VERIFICAR,Rubrica com inconsistência de IRRF,"Natureza da Rubrica sujerida - 9911 Valor não relativo a vencimento ou desconto, relativo à assistência prestada por serviço médico ou odontológico, próprio da empresa ou por ela conveniado, como benefício ao trabalhador",,,,,"{""202501"": ""DESC. ASSIST. ODONT. SINTACLUNS"", ""__EMPTY"": ""9299-Outros descontos"", ""__EMPTY_1"": ""VERIFICAR"", ""__EMPTY_2"": ""Rubrica com inconsistência de IRRF"", ""__EMPTY_3"": ""Natureza da Rubrica sujerida - 9911 Valor não relativo a vencimento ou desconto, relativo à assistência prestada por serviço médico ou odontológico, próprio da empresa ou por ela conveniado, como benefício ao trabalhador"", ""Competencia"": 631}",2026-03-25 15:01:09.753784,,,,,,,,,,,,,,,,,,,,,,,,,,,,,,,,,,,,,,,,,,,,
181,1,181,DESC. CONT.. COLAB. LAB. CABINEIROS,632,9232-Contribuição Sindical – Assistencial,OK,-,0,,,,,"{""202501"": ""DESC. CONT.. COLAB. LAB. CABINEIROS"", ""__EMPTY"": ""9232-Contribuição Sindical – Assistencial"", ""__EMPTY_1"": ""OK"", ""__EMPTY_2"": ""-"", ""__EMPTY_3"": 0, ""Competencia"": 632}",2026-03-25 15:01:09.753784,,,,,,,,,,,,,,,,,,,,,,,,,,,,,,,,,,,,,,,,,,,,
182,1,182,DESC. ASSIST. ODONT. DEP. SINTACLUNS,638,9299-Outros descontos,VERIFICAR,Rubrica com inconsistência de IRRF,"Natureza da Rubrica sujerida - 9911 Valor não relativo a vencimento ou desconto, relativo à assistência prestada por serviço médico ou odontológico, próprio da empresa ou por ela conveniado, como benefício ao trabalhador",,,,,"{""202501"": ""DESC. ASSIST. ODONT. DEP. SINTACLUNS"", ""__EMPTY"": ""9299-Outros descontos"", ""__EMPTY_1"": ""VERIFICAR"", ""__EMPTY_2"": ""Rubrica com inconsistência de IRRF"", ""__EMPTY_3"": ""Natureza da Rubrica sujerida - 9911 Valor não relativo a vencimento ou desconto, relativo à assistência prestada por serviço médico ou odontológico, próprio da empresa ou por ela conveniado, como benefício ao trabalhador"", ""Competencia"": 638}",2026-03-25 15:01:09.753784,,,,,,,,,,,,,,,,,,,,,,,,,,,,,,,,,,,,,,,,,,,,
183,1,183,DESC. I.N.S.S. (FÉRIAS),641,9201-Contribuição Previdenciária,OK,Rubrica com inconsistência de IRRF,0,,,,,"{""202501"": ""DESC. I.N.S.S. (FÉRIAS)"", ""__EMPTY"": ""9201-Contribuição Previdenciária"", ""__EMPTY_1"": ""OK"", ""__EMPTY_2"": ""Rubrica com inconsistência de IRRF"", ""__EMPTY_3"": 0, ""Competencia"": 641}",2026-03-25 15:01:09.753784,,,,,,,,,,,,,,,,,,,,,,,,,,,,,,,,,,,,,,,,,,,,
184,1,184,DESCONTO DE 2 VIA VT,645,0-Não Informado,VERIFICAR,#N/D,Natureza da Rubrica sujerida - 9299 - Outros Descontos ,,,,,"{""202501"": ""DESCONTO DE 2 VIA VT"", ""__EMPTY"": ""0-Não Informado"", ""__EMPTY_1"": ""VERIFICAR"", ""__EMPTY_2"": ""#N/D"", ""__EMPTY_3"": ""Natureza da Rubrica sujerida - 9299 - Outros Descontos "", ""Competencia"": 645}",2026-03-25 15:01:09.753784,,,,,,,,,,,,,,,,,,,,,,,,,,,,,,,,,,,,,,,,,,,,
185,1,185,DESC. EMPRESTIMO ZIPDIN,647,9254-Empréstimos consignados – desconto,OK,-,0,,,,,"{""202501"": ""DESC. EMPRESTIMO ZIPDIN"", ""__EMPTY"": ""9254-Empréstimos consignados – desconto"", ""__EMPTY_1"": ""OK"", ""__EMPTY_2"": ""-"", ""__EMPTY_3"": 0, ""Competencia"": 647}",2026-03-25 15:01:09.753784,,,,,,,,,,,,,,,,,,,,,,,,,,,,,,,,,,,,,,,,,,,,
186,1,186,DESC. PENSAO ALIMENTICIA SALARIO,655,9213-Pensão alimentícia,OK,-,0,,,,,"{""202501"": ""DESC. PENSAO ALIMENTICIA SALARIO"", ""__EMPTY"": ""9213-Pensão alimentícia"", ""__EMPTY_1"": ""OK"", ""__EMPTY_2"": ""-"", ""__EMPTY_3"": 0, ""Competencia"": 655}",2026-03-25 15:01:09.753784,,,,,,,,,,,,,,,,,,,,,,,,,,,,,,,,,,,,,,,,,,,,
187,1,187,DESC. PENSAO ALIMENTICIA S/13º SALARIO,656,9213-Pensão alimentícia,OK,-,"Verificar a incidencias , está sem incidencia IRRF ",,,,,"{""202501"": ""DESC. PENSAO ALIMENTICIA S/13º SALARIO"", ""__EMPTY"": ""9213-Pensão alimentícia"", ""__EMPTY_1"": ""OK"", ""__EMPTY_2"": ""-"", ""__EMPTY_3"": ""Verificar a incidencias , está sem incidencia IRRF "", ""Competencia"": 656}",2026-03-25 15:01:09.753784,,,,,,,,,,,,,,,,,,,,,,,,,,,,,,,,,,,,,,,,,,,,
188,1,188,DESC. PENSAO ALIMENTICIA EM FERIAS,657,9213-Pensão alimentícia,OK,-,"Verificar a incidencias , está sem incidencia IRRF ",,,,,"{""202501"": ""DESC. PENSAO ALIMENTICIA EM FERIAS"", ""__EMPTY"": ""9213-Pensão alimentícia"", ""__EMPTY_1"": ""OK"", ""__EMPTY_2"": ""-"", ""__EMPTY_3"": ""Verificar a incidencias , está sem incidencia IRRF "", ""Competencia"": 657}",2026-03-25 15:01:09.753784,,,,,,,,,,,,,,,,,,,,,,,,,,,,,,,,,,,,,,,,,,,,
189,1,189,DESC. PENSAO ALIM S/ Férias,658,9213-Pensão alimentícia,OK,Rubrica com inconsistência de IRRF,0,,,,,"{""202501"": ""DESC. PENSAO ALIM S/ Férias"", ""__EMPTY"": ""9213-Pensão alimentícia"", ""__EMPTY_1"": ""OK"", ""__EMPTY_2"": ""Rubrica com inconsistência de IRRF"", ""__EMPTY_3"": 0, ""Competencia"": 658}",2026-03-25 15:01:09.753784,,,,,,,,,,,,,,,,,,,,,,,,,,,,,,,,,,,,,,,,,,,,
190,1,190,DESC. PENSAO ALIMENTICIA ACORDO,659,9213-Pensão alimentícia,OK,Rubrica com inconsistência de IRRF,0,,,,,"{""202501"": ""DESC. PENSAO ALIMENTICIA ACORDO"", ""__EMPTY"": ""9213-Pensão alimentícia"", ""__EMPTY_1"": ""OK"", ""__EMPTY_2"": ""Rubrica com inconsistência de IRRF"", ""__EMPTY_3"": 0, ""Competencia"": 659}",2026-03-25 15:01:09.753784,,,,,,,,,,,,,,,,,,,,,,,,,,,,,,,,,,,,,,,,,,,,
191,1,191,DESC. VALE ALIMENTACAO MES ANTERIOR,664,9243-,VERIFICAR ,-,"Natureza da Rubrica sujerida - 9241 Alimentação em ticket ou cartão, vinculada ao PAT - Desconto",,,,,"{""202501"": ""DESC. VALE ALIMENTACAO MES ANTERIOR"", ""__EMPTY"": ""9243-"", ""__EMPTY_1"": ""VERIFICAR "", ""__EMPTY_2"": ""-"", ""__EMPTY_3"": ""Natureza da Rubrica sujerida - 9241 Alimentação em ticket ou cartão, vinculada ao PAT - Desconto"", ""Competencia"": 664}",2026-03-25 15:01:09.753784,,,,,,,,,,,,,,,,,,,,,,,,,,,,,,,,,,,,,,,,,,,,
192,1,192,ADIC. NOTURNO C/39%,669,1205-Adicional noturno,OK,-,0,,,,,"{""202501"": ""ADIC. NOTURNO C/39%"", ""__EMPTY"": ""1205-Adicional noturno"", ""__EMPTY_1"": ""OK"", ""__EMPTY_2"": ""-"", ""__EMPTY_3"": 0, ""Competencia"": 669}",2026-03-25 15:01:09.753784,,,,,,,,,,,,,,,,,,,,,,,,,,,,,,,,,,,,,,,,,,,,
193,1,193,ADIC. NOTURNO C/39%,670,1205-Adicional noturno,OK,-,0,,,,,"{""202501"": ""ADIC. NOTURNO C/39%"", ""__EMPTY"": ""1205-Adicional noturno"", ""__EMPTY_1"": ""OK"", ""__EMPTY_2"": ""-"", ""__EMPTY_3"": 0, ""Competencia"": 670}",2026-03-25 15:01:09.753784,,,,,,,,,,,,,,,,,,,,,,,,,,,,,,,,,,,,,,,,,,,,
194,1,194,DESC. VALE-TRANSPORTE NAO UTILIZADO,671,9216-Desconto de vale-transporte,OK,-,0,,,,,"{""202501"": ""DESC. VALE-TRANSPORTE NAO UTILIZADO"", ""__EMPTY"": ""9216-Desconto de vale-transporte"", ""__EMPTY_1"": ""OK"", ""__EMPTY_2"": ""-"", ""__EMPTY_3"": 0, ""Competencia"": 671}",2026-03-25 15:01:09.753784,,,,,,,,,,,,,,,,,,,,,,,,,,,,,,,,,,,,,,,,,,,,
195,1,195,DESC. VALE-TRANSPORTE 6%,672,9216-Desconto de vale-transporte,OK,-,0,,,,,"{""202501"": ""DESC. VALE-TRANSPORTE 6%"", ""__EMPTY"": ""9216-Desconto de vale-transporte"", ""__EMPTY_1"": ""OK"", ""__EMPTY_2"": ""-"", ""__EMPTY_3"": 0, ""Competencia"": 672}",2026-03-25 15:01:09.753784,,,,,,,,,,,,,,,,,,,,,,,,,,,,,,,,,,,,,,,,,,,,
196,1,196,DESC. CARTAO BHBUS / OTIMO,673,9299-Outros descontos,OK,-,0,,,,,"{""202501"": ""DESC. CARTAO BHBUS / OTIMO"", ""__EMPTY"": ""9299-Outros descontos"", ""__EMPTY_1"": ""OK"", ""__EMPTY_2"": ""-"", ""__EMPTY_3"": 0, ""Competencia"": 673}",2026-03-25 15:01:09.753784,,,,,,,,,,,,,,,,,,,,,,,,,,,,,,,,,,,,,,,,,,,,
197,1,197,ADIC. NOTURNO C/20%,684,1205-Adicional noturno,OK,-,0,,,,,"{""202501"": ""ADIC. NOTURNO C/20%"", ""__EMPTY"": ""1205-Adicional noturno"", ""__EMPTY_1"": ""OK"", ""__EMPTY_2"": ""-"", ""__EMPTY_3"": 0, ""Competencia"": 684}",2026-03-25 15:01:09.753784,,,,,,,,,,,,,,,,,,,,,,,,,,,,,,,,,,,,,,,,,,,,
198,1,198,DESC. ADIANTAMENTO DE SALARIO,685,0-Não Informado,VERIFICAR,#N/D,Natureza da Rubrica sujerida - 5501 Adiantamento de salário,,,,,"{""202501"": ""DESC. ADIANTAMENTO DE SALARIO"", ""__EMPTY"": ""0-Não Informado"", ""__EMPTY_1"": ""VERIFICAR"", ""__EMPTY_2"": ""#N/D"", ""__EMPTY_3"": ""Natureza da Rubrica sujerida - 5501 Adiantamento de salário"", ""Competencia"": 685}",2026-03-25 15:01:09.753784,,,,,,,,,,,,,,,,,,,,,,,,,,,,,,,,,,,,,,,,,,,,
199,1,199,DESC. VT DIF CCT,689,9216-Desconto de vale-transporte,OK,-,0,,,,,"{""202501"": ""DESC. VT DIF CCT"", ""__EMPTY"": ""9216-Desconto de vale-transporte"", ""__EMPTY_1"": ""OK"", ""__EMPTY_2"": ""-"", ""__EMPTY_3"": 0, ""Competencia"": 689}",2026-03-25 15:01:09.753784,,,,,,,,,,,,,,,,,,,,,,,,,,,,,,,,,,,,,,,,,,,,
200,1,200,DESC. VA E VR DIF CCT,690,9243-,OK,-,0,,,,,"{""202501"": ""DESC. VA E VR DIF CCT"", ""__EMPTY"": ""9243-"", ""__EMPTY_1"": ""OK"", ""__EMPTY_2"": ""-"", ""__EMPTY_3"": 0, ""Competencia"": 690}",2026-03-25 15:01:09.753784,,,,,,,,,,,,,,,,,,,,,,,,,,,,,,,,,,,,,,,,,,,,
201,1,201,DESC. ANTECIPACAO VT,691,9216-Desconto de vale-transporte,OK,-,0,,,,,"{""202501"": ""DESC. ANTECIPACAO VT"", ""__EMPTY"": ""9216-Desconto de vale-transporte"", ""__EMPTY_1"": ""OK"", ""__EMPTY_2"": ""-"", ""__EMPTY_3"": 0, ""Competencia"": 691}",2026-03-25 15:01:09.753784,,,,,,,,,,,,,,,,,,,,,,,,,,,,,,,,,,,,,,,,,,,,
202,1,202,DESC. 2 VIA CARTAO,692,0-Não Informado,VERIFICAR,#N/D,Natureza da Rubrica sujerida - 9299 - Outros Descontos ,,,,,"{""202501"": ""DESC. 2 VIA CARTAO"", ""__EMPTY"": ""0-Não Informado"", ""__EMPTY_1"": ""VERIFICAR"", ""__EMPTY_2"": ""#N/D"", ""__EMPTY_3"": ""Natureza da Rubrica sujerida - 9299 - Outros Descontos "", ""Competencia"": 692}",2026-03-25 15:01:09.753784,,,,,,,,,,,,,,,,,,,,,,,,,,,,,,,,,,,,,,,,,,,,
203,1,203,DESC. EMPRESTIMO FOLHA PGTO ANTERIOR,693,0-Não Informado,VERIFICAR,#N/D,0,,,,,"{""202501"": ""DESC. EMPRESTIMO FOLHA PGTO ANTERIOR"", ""__EMPTY"": ""0-Não Informado"", ""__EMPTY_1"": ""VERIFICAR"", ""__EMPTY_2"": ""#N/D"", ""__EMPTY_3"": 0, ""Competencia"": 693}",2026-03-25 15:01:09.753784,,,,,,,,,,,,,,,,,,,,,,,,,,,,,,,,,,,,,,,,,,,,
204,1,204,DESC. HORA EXTRA PAGO A MAIOR / DSR,694,0-Não Informado,#N/D,#N/D,#N/D,,,,,"{""202501"": ""DESC. HORA EXTRA PAGO A MAIOR / DSR"", ""__EMPTY"": ""0-Não Informado"", ""__EMPTY_1"": ""#N/D"", ""__EMPTY_2"": ""#N/D"", ""__EMPTY_3"": ""#N/D"", ""Competencia"": 694}",2026-03-25 15:01:09.753784,,,,,,,,,,,,,,,,,,,,,,,,,,,,,,,,,,,,,,,,,,,,
205,1,205,ADIC. NOTURNO C/39% MES ANTERIOR,697,1205-Adicional noturno,OK,-,0,,,,,"{""202501"": ""ADIC. NOTURNO C/39% MES ANTERIOR"", ""__EMPTY"": ""1205-Adicional noturno"", ""__EMPTY_1"": ""OK"", ""__EMPTY_2"": ""-"", ""__EMPTY_3"": 0, ""Competencia"": 697}",2026-03-25 15:01:09.753784,,,,,,,,,,,,,,,,,,,,,,,,,,,,,,,,,,,,,,,,,,,,
206,1,206,DESC. F.G.T.S. DEPOSITO RESCISAO - G.R.F.C.,700,9989-Outros valores informativos,OK,-,0,,,,,"{""202501"": ""DESC. F.G.T.S. DEPOSITO RESCISAO - G.R.F.C."", ""__EMPTY"": ""9989-Outros valores informativos"", ""__EMPTY_1"": ""OK"", ""__EMPTY_2"": ""-"", ""__EMPTY_3"": 0, ""Competencia"": 700}",2026-03-25 15:01:09.753784,,,,,,,,,,,,,,,,,,,,,,,,,,,,,,,,,,,,,,,,,,,,
207,1,207,DESC. 2ª VIA CARTAO REFEICAO,702,9299-Outros descontos,OK,Rubrica com inconsistência de IRRF,0,,,,,"{""202501"": ""DESC. 2ª VIA CARTAO REFEICAO"", ""__EMPTY"": ""9299-Outros descontos"", ""__EMPTY_1"": ""OK"", ""__EMPTY_2"": ""Rubrica com inconsistência de IRRF"", ""__EMPTY_3"": 0, ""Competencia"": 702}",2026-03-25 15:01:09.753784,,,,,,,,,,,,,,,,,,,,,,,,,,,,,,,,,,,,,,,,,,,,
208,1,208,DESC. 2ª VIA CARTAO RIO CARD,703,9299-Outros descontos,OK,Rubrica com inconsistência de IRRF,0,,,,,"{""202501"": ""DESC. 2ª VIA CARTAO RIO CARD"", ""__EMPTY"": ""9299-Outros descontos"", ""__EMPTY_1"": ""OK"", ""__EMPTY_2"": ""Rubrica com inconsistência de IRRF"", ""__EMPTY_3"": 0, ""Competencia"": 703}",2026-03-25 15:01:09.753784,,,,,,,,,,,,,,,,,,,,,,,,,,,,,,,,,,,,,,,,,,,,
209,1,209,DESC. AJUSTE DESP DE VIAGENS,709,9299-Outros descontos,OK,Rubrica com inconsistência de IRRF,0,,,,,"{""202501"": ""DESC. AJUSTE DESP DE VIAGENS"", ""__EMPTY"": ""9299-Outros descontos"", ""__EMPTY_1"": ""OK"", ""__EMPTY_2"": ""Rubrica com inconsistência de IRRF"", ""__EMPTY_3"": 0, ""Competencia"": 709}",2026-03-25 15:01:09.753784,,,,,,,,,,,,,,,,,,,,,,,,,,,,,,,,,,,,,,,,,,,,
210,1,210,DESC. ALIMENTACAO MES ANTERIOR,710,9243-,VERIFICAR ,-,"Natureza da Rubrica sujerida - 9241 Alimentação em ticket ou cartão, vinculada ao PAT - Desconto",,,,,"{""202501"": ""DESC. ALIMENTACAO MES ANTERIOR"", ""__EMPTY"": ""9243-"", ""__EMPTY_1"": ""VERIFICAR "", ""__EMPTY_2"": ""-"", ""__EMPTY_3"": ""Natureza da Rubrica sujerida - 9241 Alimentação em ticket ou cartão, vinculada ao PAT - Desconto"", ""Competencia"": 710}",2026-03-25 15:01:09.753784,,,,,,,,,,,,,,,,,,,,,,,,,,,,,,,,,,,,,,,,,,,,
211,1,211,DESC. MULTA DE TRANSITO,724,9299-Outros descontos,VERIFICAR,Rubrica com inconsistência de IRRF,Natureza da Rubrica sujerida - 9270 - Danos e prejuízos causados pelo trabalhador,,,,,"{""202501"": ""DESC. MULTA DE TRANSITO"", ""__EMPTY"": ""9299-Outros descontos"", ""__EMPTY_1"": ""VERIFICAR"", ""__EMPTY_2"": ""Rubrica com inconsistência de IRRF"", ""__EMPTY_3"": ""Natureza da Rubrica sujerida - 9270 - Danos e prejuízos causados pelo trabalhador"", ""Competencia"": 724}",2026-03-25 15:01:09.753784,,,,,,,,,,,,,,,,,,,,,,,,,,,,,,,,,,,,,,,,,,,,
212,1,212,DESC. PREJUIZO CAUSADO,726,9299-Outros descontos,#N/D,#N/D,#N/D,,,,,"{""202501"": ""DESC. PREJUIZO CAUSADO"", ""__EMPTY"": ""9299-Outros descontos"", ""__EMPTY_1"": ""#N/D"", ""__EMPTY_2"": ""#N/D"", ""__EMPTY_3"": ""#N/D"", ""Competencia"": 726}",2026-03-25 15:01:09.753784,,,,,,,,,,,,,,,,,,,,,,,,,,,,,,,,,,,,,,,,,,,,
213,1,213,DESC. SEGURO DE VIDA,729,9250-Seguro de vida – desconto,OK,Rubrica com inconsistência de IRRF,0,,,,,"{""202501"": ""DESC. SEGURO DE VIDA"", ""__EMPTY"": ""9250-Seguro de vida – desconto"", ""__EMPTY_1"": ""OK"", ""__EMPTY_2"": ""Rubrica com inconsistência de IRRF"", ""__EMPTY_3"": 0, ""Competencia"": 729}",2026-03-25 15:01:09.753784,,,,,,,,,,,,,,,,,,,,,,,,,,,,,,,,,,,,,,,,,,,,
214,1,214,"H EXTRAS 50% NOT22,50",740,1003-Horas extraordinárias,OK,-,0,,,,,"{""202501"": ""H EXTRAS 50% NOT22,50"", ""__EMPTY"": ""1003-Horas extraordinárias"", ""__EMPTY_1"": ""OK"", ""__EMPTY_2"": ""-"", ""__EMPTY_3"": 0, ""Competencia"": 740}",2026-03-25 15:01:09.753784,,,,,,,,,,,,,,,,,,,,,,,,,,,,,,,,,,,,,,,,,,,,
215,1,215,"ADIC. NOTURNO 22,50%",741,1205-Adicional noturno,OK,-,0,,,,,"{""202501"": ""ADIC. NOTURNO 22,50%"", ""__EMPTY"": ""1205-Adicional noturno"", ""__EMPTY_1"": ""OK"", ""__EMPTY_2"": ""-"", ""__EMPTY_3"": 0, ""Competencia"": 741}",2026-03-25 15:01:09.753784,,,,,,,,,,,,,,,,,,,,,,,,,,,,,,,,,,,,,,,,,,,,
216,1,216,"H EXTRAS 100% NOT 22,50",743,1003-Horas extraordinárias,OK,-,0,,,,,"{""202501"": ""H EXTRAS 100% NOT 22,50"", ""__EMPTY"": ""1003-Horas extraordinárias"", ""__EMPTY_1"": ""OK"", ""__EMPTY_2"": ""-"", ""__EMPTY_3"": 0, ""Competencia"": 743}",2026-03-25 15:01:09.753784,,,,,,,,,,,,,,,,,,,,,,,,,,,,,,,,,,,,,,,,,,,,
217,1,217,DIFERENCA CCT,746,1099-Outras verbas salariais,VERIFICAR ,-,"Natureza da Rubrica sujeridade 1000 - Salário, vencimento, soldo",,,,,"{""202501"": ""DIFERENCA CCT"", ""__EMPTY"": ""1099-Outras verbas salariais"", ""__EMPTY_1"": ""VERIFICAR "", ""__EMPTY_2"": ""-"", ""__EMPTY_3"": ""Natureza da Rubrica sujeridade 1000 - Salário, vencimento, soldo"", ""Competencia"": 746}",2026-03-25 15:01:09.753784,,,,,,,,,,,,,,,,,,,,,,,,,,,,,,,,,,,,,,,,,,,,
218,1,218,DESC. JUDICIAL - 2,748,9299-Outros descontos,VERIFICAR,Rubrica com inconsistência de IRRF,0,,,,,"{""202501"": ""DESC. JUDICIAL - 2"", ""__EMPTY"": ""9299-Outros descontos"", ""__EMPTY_1"": ""VERIFICAR"", ""__EMPTY_2"": ""Rubrica com inconsistência de IRRF"", ""__EMPTY_3"": 0, ""Competencia"": 748}",2026-03-25 15:01:09.753784,,,,,,,,,,,,,,,,,,,,,,,,,,,,,,,,,,,,,,,,,,,,
219,1,219,ADIC. NOTURNO C/39% MES ANTERIOR,750,1205-Adicional noturno,OK,-,0,,,,,"{""202501"": ""ADIC. NOTURNO C/39% MES ANTERIOR"", ""__EMPTY"": ""1205-Adicional noturno"", ""__EMPTY_1"": ""OK"", ""__EMPTY_2"": ""-"", ""__EMPTY_3"": 0, ""Competencia"": 750}",2026-03-25 15:01:09.753784,,,,,,,,,,,,,,,,,,,,,,,,,,,,,,,,,,,,,,,,,,,,
220,1,220,DESC. CESTA BASICA NAO UTILIZADA,751,9243-,OK,-,0,,,,,"{""202501"": ""DESC. CESTA BASICA NAO UTILIZADA"", ""__EMPTY"": ""9243-"", ""__EMPTY_1"": ""OK"", ""__EMPTY_2"": ""-"", ""__EMPTY_3"": 0, ""Competencia"": 751}",2026-03-25 15:01:09.753784,,,,,,,,,,,,,,,,,,,,,,,,,,,,,,,,,,,,,,,,,,,,
221,1,221,DIF. 1/3 DAS FERIAS,752,1020-Férias – gozadas,VERIFICAR ,Rubrica com inconsistência de IRRF,Natureza da Rubrica sujerida 1017  - Terço constitucional de férias ,,,,,"{""202501"": ""DIF. 1/3 DAS FERIAS"", ""__EMPTY"": ""1020-Férias – gozadas"", ""__EMPTY_1"": ""VERIFICAR "", ""__EMPTY_2"": ""Rubrica com inconsistência de IRRF"", ""__EMPTY_3"": ""Natureza da Rubrica sujerida 1017  - Terço constitucional de férias "", ""Competencia"": 752}",2026-03-25 15:01:09.753784,,,,,,,,,,,,,,,,,,,,,,,,,,,,,,,,,,,,,,,,,,,,
222,1,222,DESC. CONTRIB. DE NATUREZA PREVIDENCIARIA,757,9232-Contribuição Sindical – Assistencial,VERIFICAR ,-,0,,,,,"{""202501"": ""DESC. CONTRIB. DE NATUREZA PREVIDENCIARIA"", ""__EMPTY"": ""9232-Contribuição Sindical – Assistencial"", ""__EMPTY_1"": ""VERIFICAR "", ""__EMPTY_2"": ""-"", ""__EMPTY_3"": 0, ""Competencia"": 757}",2026-03-25 15:01:09.753784,,,,,,,,,,,,,,,,,,,,,,,,,,,,,,,,,,,,,,,,,,,,
223,1,223,DESC. MENSALIDADE SINDICAL - BA,762,9233-Contribuição sindical – Confederativa,OK,-,0,,,,,"{""202501"": ""DESC. MENSALIDADE SINDICAL - BA"", ""__EMPTY"": ""9233-Contribuição sindical – Confederativa"", ""__EMPTY_1"": ""OK"", ""__EMPTY_2"": ""-"", ""__EMPTY_3"": 0, ""Competencia"": 762}",2026-03-25 15:01:09.753784,,,,,,,,,,,,,,,,,,,,,,,,,,,,,,,,,,,,,,,,,,,,
224,1,224,DESC. MENSALIDADE SINDICAL,763,9233-Contribuição sindical – Confederativa,OK,-,0,,,,,"{""202501"": ""DESC. MENSALIDADE SINDICAL"", ""__EMPTY"": ""9233-Contribuição sindical – Confederativa"", ""__EMPTY_1"": ""OK"", ""__EMPTY_2"": ""-"", ""__EMPTY_3"": 0, ""Competencia"": 763}",2026-03-25 15:01:09.753784,,,,,,,,,,,,,,,,,,,,,,,,,,,,,,,,,,,,,,,,,,,,
225,1,225,DESC. VALE REFEICAO NAO UTILIZADO MES ANTERIOR,769,9241-,OK,-,0,,,,,"{""202501"": ""DESC. VALE REFEICAO NAO UTILIZADO MES ANTERIOR"", ""__EMPTY"": ""9241-"", ""__EMPTY_1"": ""OK"", ""__EMPTY_2"": ""-"", ""__EMPTY_3"": 0, ""Competencia"": 769}",2026-03-25 15:01:09.753784,,,,,,,,,,,,,,,,,,,,,,,,,,,,,,,,,,,,,,,,,,,,
226,1,226,DESC. VALE REFEICAO NAO UTILIZADO,771,9243-,OK,-,0,,,,,"{""202501"": ""DESC. VALE REFEICAO NAO UTILIZADO"", ""__EMPTY"": ""9243-"", ""__EMPTY_1"": ""OK"", ""__EMPTY_2"": ""-"", ""__EMPTY_3"": 0, ""Competencia"": 771}",2026-03-25 15:01:09.753784,,,,,,,,,,,,,,,,,,,,,,,,,,,,,,,,,,,,,,,,,,,,
227,1,227,DESC. CESTA BASICA,772,1808-,OK,Rubrica com inconsistência de IRRF,0,,,,,"{""202501"": ""DESC. CESTA BASICA"", ""__EMPTY"": ""1808-"", ""__EMPTY_1"": ""OK"", ""__EMPTY_2"": ""Rubrica com inconsistência de IRRF"", ""__EMPTY_3"": 0, ""Competencia"": 772}",2026-03-25 15:01:09.753784,,,,,,,,,,,,,,,,,,,,,,,,,,,,,,,,,,,,,,,,,,,,
228,1,228,DESC. VALE REFEICAO,773,9243-,OK,-,0,,,,,"{""202501"": ""DESC. VALE REFEICAO"", ""__EMPTY"": ""9243-"", ""__EMPTY_1"": ""OK"", ""__EMPTY_2"": ""-"", ""__EMPTY_3"": 0, ""Competencia"": 773}",2026-03-25 15:01:09.753784,,,,,,,,,,,,,,,,,,,,,,,,,,,,,,,,,,,,,,,,,,,,
229,1,229,DESC. ASSIST. MEDICA,774,9299-Outros descontos,VERIFICAR,-,"Natureza da Rubrica sujerida - 9911 Valor não relativo a vencimento ou desconto, relativo à assistência prestada por serviço médico ou odontológico, próprio da empresa ou por ela conveniado, como benefício ao trabalhador",,,,,"{""202501"": ""DESC. ASSIST. MEDICA"", ""__EMPTY"": ""9299-Outros descontos"", ""__EMPTY_1"": ""VERIFICAR"", ""__EMPTY_2"": ""-"", ""__EMPTY_3"": ""Natureza da Rubrica sujerida - 9911 Valor não relativo a vencimento ou desconto, relativo à assistência prestada por serviço médico ou odontológico, próprio da empresa ou por ela conveniado, como benefício ao trabalhador"", ""Competencia"": 774}",2026-03-25 15:01:09.753784,,,,,,,,,,,,,,,,,,,,,,,,,,,,,,,,,,,,,,,,,,,,
230,1,230,DESC. ASSIST. ODONTOLOGICA,775,9299-Outros descontos,VERIFICAR,-,"Natureza da Rubrica sujerida - 9911 Valor não relativo a vencimento ou desconto, relativo à assistência prestada por serviço médico ou odontológico, próprio da empresa ou por ela conveniado, como benefício ao trabalhador",,,,,"{""202501"": ""DESC. ASSIST. ODONTOLOGICA"", ""__EMPTY"": ""9299-Outros descontos"", ""__EMPTY_1"": ""VERIFICAR"", ""__EMPTY_2"": ""-"", ""__EMPTY_3"": ""Natureza da Rubrica sujerida - 9911 Valor não relativo a vencimento ou desconto, relativo à assistência prestada por serviço médico ou odontológico, próprio da empresa ou por ela conveniado, como benefício ao trabalhador"", ""Competencia"": 775}",2026-03-25 15:01:09.753784,,,,,,,,,,,,,,,,,,,,,,,,,,,,,,,,,,,,,,,,,,,,
231,1,231,DESC. VALE ALIMENTACAO,776,9243-,VERIFICAR ,-,"Natureza da Rubrica sujerida - 9241 Alimentação em ticket ou cartão, vinculada ao PAT - Desconto",,,,,"{""202501"": ""DESC. VALE ALIMENTACAO"", ""__EMPTY"": ""9243-"", ""__EMPTY_1"": ""VERIFICAR "", ""__EMPTY_2"": ""-"", ""__EMPTY_3"": ""Natureza da Rubrica sujerida - 9241 Alimentação em ticket ou cartão, vinculada ao PAT - Desconto"", ""Competencia"": 776}",2026-03-25 15:01:09.753784,,,,,,,,,,,,,,,,,,,,,,,,,,,,,,,,,,,,,,,,,,,,
232,1,232,DESC. VALE ALIMENTACAO NAO UTILIZADO,778,9243-,VERIFICAR ,-,"Natureza da Rubrica sujerida - 9241 Alimentação em ticket ou cartão, vinculada ao PAT - Desconto",,,,,"{""202501"": ""DESC. VALE ALIMENTACAO NAO UTILIZADO"", ""__EMPTY"": ""9243-"", ""__EMPTY_1"": ""VERIFICAR "", ""__EMPTY_2"": ""-"", ""__EMPTY_3"": ""Natureza da Rubrica sujerida - 9241 Alimentação em ticket ou cartão, vinculada ao PAT - Desconto"", ""Competencia"": 778}",2026-03-25 15:01:09.753784,,,,,,,,,,,,,,,,,,,,,,,,,,,,,,,,,,,,,,,,,,,,
233,1,233,DESC. ASSIST. MEDICA MES ANTERIOR,779,9219-Desconto de assistência médica ou odontológica,OK,Rubrica com inconsistência de IRRF,0,,,,,"{""202501"": ""DESC. ASSIST. MEDICA MES ANTERIOR"", ""__EMPTY"": ""9219-Desconto de assistência médica ou odontológica"", ""__EMPTY_1"": ""OK"", ""__EMPTY_2"": ""Rubrica com inconsistência de IRRF"", ""__EMPTY_3"": 0, ""Competencia"": 779}",2026-03-25 15:01:09.753784,,,,,,,,,,,,,,,,,,,,,,,,,,,,,,,,,,,,,,,,,,,,
234,1,234,ADIANTAMENTO - (PGTO FÉRIAS),786,5501-Adiantamento de salário,OK,-,0,,,,,"{""202501"": ""ADIANTAMENTO - (PGTO FÉRIAS)"", ""__EMPTY"": ""5501-Adiantamento de salário"", ""__EMPTY_1"": ""OK"", ""__EMPTY_2"": ""-"", ""__EMPTY_3"": 0, ""Competencia"": 786}",2026-03-25 15:01:09.753784,,,,,,,,,,,,,,,,,,,,,,,,,,,,,,,,,,,,,,,,,,,,
235,1,235,PREMIO ASSIDUIDADE (SEM INCIDENCIA),792,2501-Prêmios,OK,Rubrica com inconsistência de IRRF,0,,,,,"{""202501"": ""PREMIO ASSIDUIDADE (SEM INCIDENCIA)"", ""__EMPTY"": ""2501-Prêmios"", ""__EMPTY_1"": ""OK"", ""__EMPTY_2"": ""Rubrica com inconsistência de IRRF"", ""__EMPTY_3"": 0, ""Competencia"": 792}",2026-03-25 15:01:09.753784,,,,,,,,,,,,,,,,,,,,,,,,,,,,,,,,,,,,,,,,,,,,
236,1,236,DESC. EMPRESTIMO NEON,806,9254-Empréstimos consignados – desconto,OK,-,0,,,,,"{""202501"": ""DESC. EMPRESTIMO NEON"", ""__EMPTY"": ""9254-Empréstimos consignados – desconto"", ""__EMPTY_1"": ""OK"", ""__EMPTY_2"": ""-"", ""__EMPTY_3"": 0, ""Competencia"": 806}",2026-03-25 15:01:09.753784,,,,,,,,,,,,,,,,,,,,,,,,,,,,,,,,,,,,,,,,,,,,
237,1,237,ACUMULO DE FUNCAO,811,1211-Gratificações,VERIFICAR ,-,Natureza de Rubrica sujerida 1210 - Gratificação por acordo ou convenção coletiva,,,,,"{""202501"": ""ACUMULO DE FUNCAO"", ""__EMPTY"": ""1211-Gratificações"", ""__EMPTY_1"": ""VERIFICAR "", ""__EMPTY_2"": ""-"", ""__EMPTY_3"": ""Natureza de Rubrica sujerida 1210 - Gratificação por acordo ou convenção coletiva"", ""Competencia"": 811}",2026-03-25 15:01:09.753784,,,,,,,,,,,,,,,,,,,,,,,,,,,,,,,,,,,,,,,,,,,,
238,1,238,ADIC. INSALUBRIDADE SOBRE SALARIO,814,1202-Adicional de insalubridade,OK,-,Verificar tipo de Rendimentos no GI,,,,,"{""202501"": ""ADIC. INSALUBRIDADE SOBRE SALARIO"", ""__EMPTY"": ""1202-Adicional de insalubridade"", ""__EMPTY_1"": ""OK"", ""__EMPTY_2"": ""-"", ""__EMPTY_3"": ""Verificar tipo de Rendimentos no GI"", ""Competencia"": 814}",2026-03-25 15:01:09.753784,,,,,,,,,,,,,,,,,,,,,,,,,,,,,,,,,,,,,,,,,,,,
239,1,239,PREMIO ASSIDUIDADE,815,1211-Gratificações,OK,-,0,,,,,"{""202501"": ""PREMIO ASSIDUIDADE"", ""__EMPTY"": ""1211-Gratificações"", ""__EMPTY_1"": ""OK"", ""__EMPTY_2"": ""-"", ""__EMPTY_3"": 0, ""Competencia"": 815}",2026-03-25 15:01:09.753784,,,,,,,,,,,,,,,,,,,,,,,,,,,,,,,,,,,,,,,,,,,,
240,1,240,SALARIO DIA (INTERMITENTE),820,"1000-Salário, vencimento, soldo ou subsídio",OK,-,0,,,,,"{""202501"": ""SALARIO DIA (INTERMITENTE)"", ""__EMPTY"": ""1000-Salário, vencimento, soldo ou subsídio"", ""__EMPTY_1"": ""OK"", ""__EMPTY_2"": ""-"", ""__EMPTY_3"": 0, ""Competencia"": 820}",2026-03-25 15:01:09.753784,,,,,,,,,,,,,,,,,,,,,,,,,,,,,,,,,,,,,,,,,,,,
241,1,241,FERIAS (INTERMITENTE),823,6006-Férias proporcionais,OK,Rubrica com inconsistência de IRRF e FGTS,0,,,,,"{""202501"": ""FERIAS (INTERMITENTE)"", ""__EMPTY"": ""6006-Férias proporcionais"", ""__EMPTY_1"": ""OK"", ""__EMPTY_2"": ""Rubrica com inconsistência de IRRF e FGTS"", ""__EMPTY_3"": 0, ""Competencia"": 823}",2026-03-25 15:01:09.753784,,,,,,,,,,,,,,,,,,,,,,,,,,,,,,,,,,,,,,,,,,,,
242,1,242,1/3 FERIAS (INTERMITENTE),824,6006-Férias proporcionais,OK,Rubrica com inconsistência de IRRF e FGTS,0,,,,,"{""202501"": ""1/3 FERIAS (INTERMITENTE)"", ""__EMPTY"": ""6006-Férias proporcionais"", ""__EMPTY_1"": ""OK"", ""__EMPTY_2"": ""Rubrica com inconsistência de IRRF e FGTS"", ""__EMPTY_3"": 0, ""Competencia"": 824}",2026-03-25 15:01:09.753784,,,,,,,,,,,,,,,,,,,,,,,,,,,,,,,,,,,,,,,,,,,,
243,1,243,13º SALÁRIO (INTERMITENTE),825,5001-13º salário,#N/D,#N/D,#N/D,,,,,"{""202501"": ""13º SALÁRIO (INTERMITENTE)"", ""__EMPTY"": ""5001-13º salário"", ""__EMPTY_1"": ""#N/D"", ""__EMPTY_2"": ""#N/D"", ""__EMPTY_3"": ""#N/D"", ""Competencia"": 825}",2026-03-25 15:01:09.753784,,,,,,,,,,,,,,,,,,,,,,,,,,,,,,,,,,,,,,,,,,,,
244,1,244,PROCESSO TRAB,829,9218-Retenções judiciais,OK,-,0,,,,,"{""202501"": ""PROCESSO TRAB"", ""__EMPTY"": ""9218-Retenções judiciais"", ""__EMPTY_1"": ""OK"", ""__EMPTY_2"": ""-"", ""__EMPTY_3"": 0, ""Competencia"": 829}",2026-03-25 15:01:09.753784,,,,,,,,,,,,,,,,,,,,,,,,,,,,,,,,,,,,,,,,,,,,
245,1,245,SALARIO MATERNIDADE (MES ANTERIOR),831,4050-Salário maternidade,OK,-,0,,,,,"{""202501"": ""SALARIO MATERNIDADE (MES ANTERIOR)"", ""__EMPTY"": ""4050-Salário maternidade"", ""__EMPTY_1"": ""OK"", ""__EMPTY_2"": ""-"", ""__EMPTY_3"": 0, ""Competencia"": 831}",2026-03-25 15:01:09.753784,,,,,,,,,,,,,,,,,,,,,,,,,,,,,,,,,,,,,,,,,,,,
246,1,246,DIF. VALE ALIMENTACAO,832,1806-,#N/D,#N/D,#N/D,,,,,"{""202501"": ""DIF. VALE ALIMENTACAO"", ""__EMPTY"": ""1806-"", ""__EMPTY_1"": ""#N/D"", ""__EMPTY_2"": ""#N/D"", ""__EMPTY_3"": ""#N/D"", ""Competencia"": 832}",2026-03-25 15:01:09.753784,,,,,,,,,,,,,,,,,,,,,,,,,,,,,,,,,,,,,,,,,,,,
247,1,247,HORAS EXTRAS 50%,834,1003-Horas extraordinárias,OK,-,0,,,,,"{""202501"": ""HORAS EXTRAS 50%"", ""__EMPTY"": ""1003-Horas extraordinárias"", ""__EMPTY_1"": ""OK"", ""__EMPTY_2"": ""-"", ""__EMPTY_3"": 0, ""Competencia"": 834}",2026-03-25 15:01:09.753784,,,,,,,,,,,,,,,,,,,,,,,,,,,,,,,,,,,,,,,,,,,,
248,1,248,HORAS EXTRAS 100%,835,1003-Horas extraordinárias,OK,-,0,,,,,"{""202501"": ""HORAS EXTRAS 100%"", ""__EMPTY"": ""1003-Horas extraordinárias"", ""__EMPTY_1"": ""OK"", ""__EMPTY_2"": ""-"", ""__EMPTY_3"": 0, ""Competencia"": 835}",2026-03-25 15:01:09.753784,,,,,,,,,,,,,,,,,,,,,,,,,,,,,,,,,,,,,,,,,,,,
249,1,249,ADIC. NOTURNO C/20%,836,1205-Adicional noturno,OK,-,0,,,,,"{""202501"": ""ADIC. NOTURNO C/20%"", ""__EMPTY"": ""1205-Adicional noturno"", ""__EMPTY_1"": ""OK"", ""__EMPTY_2"": ""-"", ""__EMPTY_3"": 0, ""Competencia"": 836}",2026-03-25 15:01:09.753784,,,,,,,,,,,,,,,,,,,,,,,,,,,,,,,,,,,,,,,,,,,,
250,1,250,ADIC. PERICULOSIDADE,840,1203-Adicional de periculosidade,OK,-,Verificar Tipo de Rendimentos no GI ,,,,,"{""202501"": ""ADIC. PERICULOSIDADE"", ""__EMPTY"": ""1203-Adicional de periculosidade"", ""__EMPTY_1"": ""OK"", ""__EMPTY_2"": ""-"", ""__EMPTY_3"": ""Verificar Tipo de Rendimentos no GI "", ""Competencia"": 840}",2026-03-25 15:01:09.753784,,,,,,,,,,,,,,,,,,,,,,,,,,,,,,,,,,,,,,,,,,,,
251,1,251,DESC. ATRASOS,841,9209-Faltas ou atrados,OK,-,0,,,,,"{""202501"": ""DESC. ATRASOS"", ""__EMPTY"": ""9209-Faltas ou atrados"", ""__EMPTY_1"": ""OK"", ""__EMPTY_2"": ""-"", ""__EMPTY_3"": 0, ""Competencia"": 841}",2026-03-25 15:01:09.753784,,,,,,,,,,,,,,,,,,,,,,,,,,,,,,,,,,,,,,,,,,,,
252,1,252,DESC. CONTRIB. NEGOCIAL,842,9233-Contribuição sindical – Confederativa,OK,Rubrica com inconsistência de IRRF,0,,,,,"{""202501"": ""DESC. CONTRIB. NEGOCIAL"", ""__EMPTY"": ""9233-Contribuição sindical – Confederativa"", ""__EMPTY_1"": ""OK"", ""__EMPTY_2"": ""Rubrica com inconsistência de IRRF"", ""__EMPTY_3"": 0, ""Competencia"": 842}",2026-03-25 15:01:09.753784,,,,,,,,,,,,,,,,,,,,,,,,,,,,,,,,,,,,,,,,,,,,
253,1,253,H.EXTRA  NOTURNO C/100%,847,1205-Adicional noturno,OK,-,0,,,,,"{""202501"": ""H.EXTRA  NOTURNO C/100%"", ""__EMPTY"": ""1205-Adicional noturno"", ""__EMPTY_1"": ""OK"", ""__EMPTY_2"": ""-"", ""__EMPTY_3"": 0, ""Competencia"": 847}",2026-03-25 15:01:09.753784,,,,,,,,,,,,,,,,,,,,,,,,,,,,,,,,,,,,,,,,,,,,
254,1,254,DESC. D.S.R. S/FALTAS (HORAS) MÊS ANTERIOR,861,9210-DSR s/faltas e atrasos,VERIFICAR ,-,Natureza da Rubrica sujerida - 9211 DSR sobre faltas,,,,,"{""202501"": ""DESC. D.S.R. S/FALTAS (HORAS) MÊS ANTERIOR"", ""__EMPTY"": ""9210-DSR s/faltas e atrasos"", ""__EMPTY_1"": ""VERIFICAR "", ""__EMPTY_2"": ""-"", ""__EMPTY_3"": ""Natureza da Rubrica sujerida - 9211 DSR sobre faltas"", ""Competencia"": 861}",2026-03-25 15:01:09.753784,,,,,,,,,,,,,,,,,,,,,,,,,,,,,,,,,,,,,,,,,,,,
255,1,255,ADIC. INSALUBRIDADE SOBRE SALARIO,864,1202-Adicional de insalubridade,OK,-,Verificar tipo de Rendimentos no GI,,,,,"{""202501"": ""ADIC. INSALUBRIDADE SOBRE SALARIO"", ""__EMPTY"": ""1202-Adicional de insalubridade"", ""__EMPTY_1"": ""OK"", ""__EMPTY_2"": ""-"", ""__EMPTY_3"": ""Verificar tipo de Rendimentos no GI"", ""Competencia"": 864}",2026-03-25 15:01:09.753784,,,,,,,,,,,,,,,,,,,,,,,,,,,,,,,,,,,,,,,,,,,,
256,1,256,PREMIO ASSIDUIDADE,865,1211-Gratificações,OK,"Rubrica com inconsistência de INSS, IRRF e FGTS",0,,,,,"{""202501"": ""PREMIO ASSIDUIDADE"", ""__EMPTY"": ""1211-Gratificações"", ""__EMPTY_1"": ""OK"", ""__EMPTY_2"": ""Rubrica com inconsistência de INSS, IRRF e FGTS"", ""__EMPTY_3"": 0, ""Competencia"": 865}",2026-03-25 15:01:09.753784,,,,,,,,,,,,,,,,,,,,,,,,,,,,,,,,,,,,,,,,,,,,
257,1,257,ADICIONAL DE ESTIMULO,870,1211-Gratificações,OK,-,0,,,,,"{""202501"": ""ADICIONAL DE ESTIMULO"", ""__EMPTY"": ""1211-Gratificações"", ""__EMPTY_1"": ""OK"", ""__EMPTY_2"": ""-"", ""__EMPTY_3"": 0, ""Competencia"": 870}",2026-03-25 15:01:09.753784,,,,,,,,,,,,,,,,,,,,,,,,,,,,,,,,,,,,,,,,,,,,
258,1,258,REEMB. 6% VALE TRANSPORTE,873,1629-Ressarcimento de outras despesas,OK,-,0,,,,,"{""202501"": ""REEMB. 6% VALE TRANSPORTE"", ""__EMPTY"": ""1629-Ressarcimento de outras despesas"", ""__EMPTY_1"": ""OK"", ""__EMPTY_2"": ""-"", ""__EMPTY_3"": 0, ""Competencia"": 873}",2026-03-25 15:01:09.753784,,,,,,,,,,,,,,,,,,,,,,,,,,,,,,,,,,,,,,,,,,,,
259,1,259,DEV. FALTAS (HORAS),874,"1000-Salário, vencimento, soldo ou subsídio",OK,-,0,,,,,"{""202501"": ""DEV. FALTAS (HORAS)"", ""__EMPTY"": ""1000-Salário, vencimento, soldo ou subsídio"", ""__EMPTY_1"": ""OK"", ""__EMPTY_2"": ""-"", ""__EMPTY_3"": 0, ""Competencia"": 874}",2026-03-25 15:01:09.753784,,,,,,,,,,,,,,,,,,,,,,,,,,,,,,,,,,,,,,,,,,,,
260,1,260,DEV. D.S.R FALTAS (HORAS),875,"1000-Salário, vencimento, soldo ou subsídio",OK,-,0,,,,,"{""202501"": ""DEV. D.S.R FALTAS (HORAS)"", ""__EMPTY"": ""1000-Salário, vencimento, soldo ou subsídio"", ""__EMPTY_1"": ""OK"", ""__EMPTY_2"": ""-"", ""__EMPTY_3"": 0, ""Competencia"": 875}",2026-03-25 15:01:09.753784,,,,,,,,,,,,,,,,,,,,,,,,,,,,,,,,,,,,,,,,,,,,
261,1,261,DESC. VALE-TRANSPORTE 6% MÊS ANTERIOR,893,9216-Desconto de vale-transporte,OK,-,0,,,,,"{""202501"": ""DESC. VALE-TRANSPORTE 6% MÊS ANTERIOR"", ""__EMPTY"": ""9216-Desconto de vale-transporte"", ""__EMPTY_1"": ""OK"", ""__EMPTY_2"": ""-"", ""__EMPTY_3"": 0, ""Competencia"": 893}",2026-03-25 15:01:09.753784,,,,,,,,,,,,,,,,,,,,,,,,,,,,,,,,,,,,,,,,,,,,
262,1,262,DESC. ASSIST. ODONTO. DEPENDENTE MES ANT,895,9299-Outros descontos,VERIFICAR,-,"Natureza da Rubrica sujerida - 9911 Valor não relativo a vencimento ou desconto, relativo à assistência prestada por serviço médico ou odontológico, próprio da empresa ou por ela conveniado, como benefício ao trabalhador",,,,,"{""202501"": ""DESC. ASSIST. ODONTO. DEPENDENTE MES ANT"", ""__EMPTY"": ""9299-Outros descontos"", ""__EMPTY_1"": ""VERIFICAR"", ""__EMPTY_2"": ""-"", ""__EMPTY_3"": ""Natureza da Rubrica sujerida - 9911 Valor não relativo a vencimento ou desconto, relativo à assistência prestada por serviço médico ou odontológico, próprio da empresa ou por ela conveniado, como benefício ao trabalhador"", ""Competencia"": 895}",2026-03-25 15:01:09.753784,,,,,,,,,,,,,,,,,,,,,,,,,,,,,,,,,,,,,,,,,,,,
263,1,263,DESC. ANTECIPACAO VA E VR,897,0-Não Informado,VERIFICAR,#N/D,"Natureza da Rubrica sujerida - 1806-Alimentação em ticket ou cartão, vinculada ao PAT ",,,,,"{""202501"": ""DESC. ANTECIPACAO VA E VR"", ""__EMPTY"": ""0-Não Informado"", ""__EMPTY_1"": ""VERIFICAR"", ""__EMPTY_2"": ""#N/D"", ""__EMPTY_3"": ""Natureza da Rubrica sujerida - 1806-Alimentação em ticket ou cartão, vinculada ao PAT "", ""Competencia"": 897}",2026-03-25 15:01:09.753784,,,,,,,,,,,,,,,,,,,,,,,,,,,,,,,,,,,,,,,,,,,,
264,1,264,VALE LANCHE NAO UTILIZADO MES ANT,900,9243-,OK,-,0,,,,,"{""202501"": ""VALE LANCHE NAO UTILIZADO MES ANT"", ""__EMPTY"": ""9243-"", ""__EMPTY_1"": ""OK"", ""__EMPTY_2"": ""-"", ""__EMPTY_3"": 0, ""Competencia"": 900}",2026-03-25 15:01:09.753784,,,,,,,,,,,,,,,,,,,,,,,,,,,,,,,,,,,,,,,,,,,,
265,1,265,DIFERENCA DE SALARIO,938,"1000-Salário, vencimento, soldo ou subsídio",OK,-,0,,,,,"{""202501"": ""DIFERENCA DE SALARIO"", ""__EMPTY"": ""1000-Salário, vencimento, soldo ou subsídio"", ""__EMPTY_1"": ""OK"", ""__EMPTY_2"": ""-"", ""__EMPTY_3"": 0, ""Competencia"": 938}",2026-03-25 15:01:09.753784,,,,,,,,,,,,,,,,,,,,,,,,,,,,,,,,,,,,,,,,,,,,
266,1,266,MULTA POR ATRASO DE SALARIO,948,6129-Outras Indenizações,OK,Rubrica com inconsistência de IRRF,0,,,,,"{""202501"": ""MULTA POR ATRASO DE SALARIO"", ""__EMPTY"": ""6129-Outras Indenizações"", ""__EMPTY_1"": ""OK"", ""__EMPTY_2"": ""Rubrica com inconsistência de IRRF"", ""__EMPTY_3"": 0, ""Competencia"": 948}",2026-03-25 15:01:09.753784,,,,,,,,,,,,,,,,,,,,,,,,,,,,,,,,,,,,,,,,,,,,
267,1,267,DIF. ASSISTENCIA MEDICA,950,1405-Assistência médica,OK,-,0,,,,,"{""202501"": ""DIF. ASSISTENCIA MEDICA"", ""__EMPTY"": ""1405-Assistência médica"", ""__EMPTY_1"": ""OK"", ""__EMPTY_2"": ""-"", ""__EMPTY_3"": 0, ""Competencia"": 950}",2026-03-25 15:01:09.753784,,,,,,,,,,,,,,,,,,,,,,,,,,,,,,,,,,,,,,,,,,,,
268,1,268,DESC. PENSAO ALIMENTICIA SALARIO,961,9213-Pensão alimentícia,OK,-,0,,,,,"{""202501"": ""DESC. PENSAO ALIMENTICIA SALARIO"", ""__EMPTY"": ""9213-Pensão alimentícia"", ""__EMPTY_1"": ""OK"", ""__EMPTY_2"": ""-"", ""__EMPTY_3"": 0, ""Competencia"": 961}",2026-03-25 15:01:09.753784,,,,,,,,,,,,,,,,,,,,,,,,,,,,,,,,,,,,,,,,,,,,
269,1,269,DESC.CESTA BASICA SOCIO,971,1808-,OK,Rubrica com inconsistência de IRRF,0,,,,,"{""202501"": ""DESC.CESTA BASICA SOCIO"", ""__EMPTY"": ""1808-"", ""__EMPTY_1"": ""OK"", ""__EMPTY_2"": ""Rubrica com inconsistência de IRRF"", ""__EMPTY_3"": 0, ""Competencia"": 971}",2026-03-25 15:01:09.753784,,,,,,,,,,,,,,,,,,,,,,,,,,,,,,,,,,,,,,,,,,,,
270,1,270,ADIC. PERICULOSIDADE S/ HORA EXTRA,977,1203-Adicional de periculosidade,OK,-,Verificar Tipo de Rendimentos no GI ,,,,,"{""202501"": ""ADIC. PERICULOSIDADE S/ HORA EXTRA"", ""__EMPTY"": ""1203-Adicional de periculosidade"", ""__EMPTY_1"": ""OK"", ""__EMPTY_2"": ""-"", ""__EMPTY_3"": ""Verificar Tipo de Rendimentos no GI "", ""Competencia"": 977}",2026-03-25 15:01:09.753784,,,,,,,,,,,,,,,,,,,,,,,,,,,,,,,,,,,,,,,,,,,,
271,1,271,REEMB. ATRASO (HORAS) - MES ANTERIOR,992,"1000-Salário, vencimento, soldo ou subsídio",OK,-,0,,,,,"{""202501"": ""REEMB. ATRASO (HORAS) - MES ANTERIOR"", ""__EMPTY"": ""1000-Salário, vencimento, soldo ou subsídio"", ""__EMPTY_1"": ""OK"", ""__EMPTY_2"": ""-"", ""__EMPTY_3"": 0, ""Competencia"": 992}",2026-03-25 15:01:09.753784,,,,,,,,,,,,,,,,,,,,,,,,,,,,,,,,,,,,,,,,,,,,
272,1,272,PARCELAMENTO,994,0-Não Informado,VERIFICAR,#N/D,Natureza da Rubrica sujerida - 9989 Outros valores informativos,,,,,"{""202501"": ""PARCELAMENTO"", ""__EMPTY"": ""0-Não Informado"", ""__EMPTY_1"": ""VERIFICAR"", ""__EMPTY_2"": ""#N/D"", ""__EMPTY_3"": ""Natureza da Rubrica sujerida - 9989 Outros valores informativos"", ""Competencia"": 994}",2026-03-25 15:01:09.753784,,,,,,,,,,,,,,,,,,,,,,,,,,,,,,,,,,,,,,,,,,,,
273,1,273,LICENCA REMUNERADA,995,1050-Remuneração de dias de afastamento,OK,-,0,,,,,"{""202501"": ""LICENCA REMUNERADA"", ""__EMPTY"": ""1050-Remuneração de dias de afastamento"", ""__EMPTY_1"": ""OK"", ""__EMPTY_2"": ""-"", ""__EMPTY_3"": 0, ""Competencia"": 995}",2026-03-25 15:01:09.753784,,,,,,,,,,,,,,,,,,,,,,,,,,,,,,,,,,,,,,,,,,,,
274,1,274,DESC. MULTA 40% - REITEGRAÇÃO,1007,0-Não Informado,#N/D,#N/D,#N/D,,,,,"{""202501"": ""DESC. MULTA 40% - REITEGRAÇÃO"", ""__EMPTY"": ""0-Não Informado"", ""__EMPTY_1"": ""#N/D"", ""__EMPTY_2"": ""#N/D"", ""__EMPTY_3"": ""#N/D"", ""Competencia"": 1007}",2026-03-25 15:01:09.753784,,,,,,,,,,,,,,,,,,,,,,,,,,,,,,,,,,,,,,,,,,,,
275,1,275,ADIC. INSALUBRIDADE SOBRE SALARIO,1010,1202-Adicional de insalubridade,OK,-,Verificar tipo de Rendimentos no GI,,,,,"{""202501"": ""ADIC. INSALUBRIDADE SOBRE SALARIO"", ""__EMPTY"": ""1202-Adicional de insalubridade"", ""__EMPTY_1"": ""OK"", ""__EMPTY_2"": ""-"", ""__EMPTY_3"": ""Verificar tipo de Rendimentos no GI"", ""Competencia"": 1010}",2026-03-25 15:01:09.753784,,,,,,,,,,,,,,,,,,,,,,,,,,,,,,,,,,,,,,,,,,,,
276,1,276,Total Geral,,,,,,,,,,"{""Competencia"": ""Total Geral""}",2026-03-25 15:01:09.753784,,,,,,,,,,,,,,,,,,,,,,,,,,,,,,,,,,,,,,,,,,,,
