id,upload_id,row_number,col_a,col_b,col_c,col_d,col_e,col_f,col_g,col_h,col_i,col_j,raw_data,created_at
1,,1,1,HORAS NORMAIS,"1000 - Salário, vencimento, soldo ou subsídio",11,11,11,-,"11 - Artigo 28, inciso I, da Lei n° 8.212/91",11 - Artigos 3º e 7º da Lei nº 7.713/88,11 - Artigo 15 da Lei n° 8.036/90,,2026-03-29 12:58:13.681214
2,,2,2,SALARIO MES,"1000 - Salário, vencimento, soldo ou subsídio",11,11,11,-,"11 - Artigo 28, inciso I, da Lei n° 8.212/91",11 - Artigos 3º e 7º da Lei nº 7.713/88,11 - Artigo 15 da Lei n° 8.036/90,,2026-03-29 12:58:13.681214
3,,3,5,PARTICIPACAO LUCROS/RESULTADOS,1300 - PLR - Participação nos lucros e resultados,0,14,0,-,"0 - Artigo 28, § 9º da Lei n° 8.212/91",14 - Artigo 3º da Lei nº 10.101/2000,"0 - Artigo 15, § 6º da Lei n° 8.036/90",,2026-03-29 12:58:13.681214
4,,4,10,GRATIFICAÇÃO,1211 - Gratificações,11,11,11,-,"11 - Artigo 28, inciso I, da Lei n° 8.212/91",11 - Artigos 3º e 7º da Lei nº 7.713/88,11 - Artigo 15 da Lei n° 8.036/90,,2026-03-29 12:58:13.681214
5,,5,12,DIF. SALARIO,"1000 - Salário, vencimento, soldo ou subsídio",11,11,11,-,"11 - Artigo 28, inciso I, da Lei n° 8.212/91",11 - Artigos 3º e 7º da Lei nº 7.713/88,11 - Artigo 15 da Lei n° 8.036/90,,2026-03-29 12:58:13.681214
6,,6,13,REEMB. VALE TRANSPORTE,1810 - Transporte (Servidores e Empregados Públicos),0,0,0,Rubrica com inconsistência de IRRF,"0 - Artigo 28, § 9º da Lei n° 8.212/91",9 - Artigos 5º da IN 1500/2014,0 - Precedente Administrativo nº 3,,2026-03-29 12:58:13.681214
7,,7,13,REEMB. VALE TRANSPORTE,1810 - Transporte (Servidores e Empregados Públicos),0,0,0,Rubrica com inconsistência de IRRF,"0 - Artigo 28, § 9º da Lei n° 8.212/91",9 - Artigos 5º da IN 1500/2014,"11 - Precedente Administrativo nº 3, Ato Declaratório 04/2002",,2026-03-29 12:58:13.681214
8,,8,17,SALARIO MES,6000 - Saldo de salários na rescisão contratual,11,11,11,-,"11 - Artigo 28, inciso I, da Lei n° 8.212/91",11 - Artigos 3º e 7º da Lei nº 7.713/88,11 - Artigo 15 da Lei n° 8.036/90,,2026-03-29 12:58:13.681214
9,,9,18,ADICIONAL DE SALARIO,"1000 - Salário, vencimento, soldo ou subsídio",11,11,11,-,"11 - Artigo 28, inciso I, da Lei n° 8.212/91",11 - Artigos 3º e 7º da Lei nº 7.713/88,11 - Artigo 15 da Lei n° 8.036/90,,2026-03-29 12:58:13.681214
10,,10,19,REEMB. EXAME ADMISSIONAL,6129 - Outras verbas não remuneratórias (indenizatórias ou multas),0,9,0,Rubrica com inconsistência de IRRF,"0 - Artigo 28, inciso I, da Lei n° 8.212/91","79 - Artigos 6 da Lei nº 7.713/88 e Artigo 2° da Lei n° 8.036/90, e artigo 65 do Decreto n° 9.580/2018",0 - Artigo 15 da Lei n° 8.036/90,,2026-03-29 12:58:13.681214
11,,11,21,SALARIO SUBSTITUTO MES ANTERIOR,"1000 - Salário, vencimento, soldo ou subsídio",11,11,11,-,"11 - Artigo 28, inciso I, da Lei n° 8.212/91",11 - Artigos 3º e 7º da Lei nº 7.713/88,11 - Artigo 15 da Lei n° 8.036/90,,2026-03-29 12:58:13.681214
12,,12,35,DIF. D.S.R.,1002 - Descanso semanal remunerado - DSR,11,11,11,-,"11 - Artigo 28, inciso I, da Lei n° 8.212/91",11 - Artigos 3º e 7º da Lei nº 7.713/88,11 - Artigo 15 da Lei n° 8.036/90,,2026-03-29 12:58:13.681214
13,,13,37,DIF. DISSIDIO,"1000 - Salário, vencimento, soldo ou subsídio",11,11,11,-,"11 - Artigo 28, inciso I, da Lei n° 8.212/91",11 - Artigos 3º e 7º da Lei nº 7.713/88,11 - Artigo 15 da Lei n° 8.036/90,,2026-03-29 12:58:13.681214
14,,14,47,SALARIO FAMILIA,1409 - Salário-família,51,9,0,Rubrica com inconsistência de IRRF,"51 - Artigo 28, inciso I, da Lei n° 8.212/91","79 - Artigos 5º, inciso VII da IN 1500/2014",0 - Artigo 15 da Lei n° 8.036/90,,2026-03-29 12:58:13.681214
15,,15,52,ADIC. NOTURNO C/20%,1205 - Adicional noturno,11,11,11,-,"11 - Artigo 28, inciso I, da Lei n° 8.212/91",11 - Artigos 3º e 7º da Lei nº 7.713/88,11 - Artigo 15 da Lei n° 8.036/90,,2026-03-29 12:58:13.681214
16,,16,53,REEMB. I.R.F.,1623 - Ressarcimento de provisão,0,9,0,-,"0 - Artigo 28, inciso I, da Lei n° 8.212/91","9 - artigo 35, inciso I, alínea p do Decreto n° 9.580/2018",0 - Artigo 15 da Lei n° 8.036/90,,2026-03-29 12:58:13.681214
17,,17,54,ADIC. NOTURNO C/25%,1205 - Adicional noturno,11,11,11,-,"11 - Artigo 28, inciso I, da Lei n° 8.212/91",11 - Artigos 3º e 7º da Lei nº 7.713/88,11 - Artigo 15 da Lei n° 8.036/90,,2026-03-29 12:58:13.681214
18,,18,55,PRO-LABORE,3508 - Retiradas (pró labore) de proprietários ou sócios,11,11,11,Rubrica com inconsistência de FGTS,"11 - Artigo 28, inciso III, da Lei n° 8.212/91",11 - Artigos 3º e 7º da Lei nº 7.713/88,"0 - Artigo 15, § 6º da Lei n° 8.036/90",,2026-03-29 12:58:13.681214
19,,19,56,ADIC. NOTURNO C/30%,1205 - Adicional noturno,11,11,11,-,"11 - Artigo 28, inciso I, da Lei n° 8.212/91",11 - Artigos 3º e 7º da Lei nº 7.713/88,11 - Artigo 15 da Lei n° 8.036/90,,2026-03-29 12:58:13.681214
20,,20,57,ADIC. NOTURNO C/35%,1205 - Adicional noturno,11,11,11,-,"11 - Artigo 28, inciso I, da Lei n° 8.212/91",11 - Artigos 3º e 7º da Lei nº 7.713/88,11 - Artigo 15 da Lei n° 8.036/90,,2026-03-29 12:58:13.681214
21,,21,60,ADIC. INSALUBRIDADE 07/2019,1202 - Adicional de insalubridade,11,11,11,-,"11 - Artigo 28, inciso I, da Lei n° 8.212/91",11 - Artigos 3º e 7º da Lei nº 7.713/88,11 - Artigo 15 da Lei n° 8.036/90,,2026-03-29 12:58:13.681214
22,,22,61,ADIC. INSALUBRIDADE MES ANT.,1202 - Adicional de insalubridade,11,11,11,-,"11 - Artigo 28, inciso I, da Lei n° 8.212/91",11 - Artigos 3º e 7º da Lei nº 7.713/88,11 - Artigo 15 da Lei n° 8.036/90,,2026-03-29 12:58:13.681214
23,,23,62,ADIC. INSALUBRIDADE,1202 - Adicional de insalubridade,11,11,11,-,"11 - Artigo 28, inciso I, da Lei n° 8.212/91",11 - Artigos 3º e 7º da Lei nº 7.713/88,11 - Artigo 15 da Lei n° 8.036/90,,2026-03-29 12:58:13.681214
24,,24,64,ADIC. NOTURNO C/50%,1205 - Adicional noturno,11,11,11,-,"11 - Artigo 28, inciso I, da Lei n° 8.212/91",11 - Artigos 3º e 7º da Lei nº 7.713/88,11 - Artigo 15 da Lei n° 8.036/90,,2026-03-29 12:58:13.681214
25,,25,65,ADIC. NOTURNO MES ANTERIOR,1205 - Adicional noturno,11,11,11,-,"11 - Artigo 28, inciso I, da Lei n° 8.212/91",11 - Artigos 3º e 7º da Lei nº 7.713/88,11 - Artigo 15 da Lei n° 8.036/90,,2026-03-29 12:58:13.681214
26,,26,66,ADIC. NOTURNO MES ANT 20%,1205 - Adicional noturno,11,11,11,-,"11 - Artigo 28, inciso I, da Lei n° 8.212/91",11 - Artigos 3º e 7º da Lei nº 7.713/88,11 - Artigo 15 da Lei n° 8.036/90,,2026-03-29 12:58:13.681214
27,,27,67,DIF. ADIC. INSALUBRIDADE,1202 - Adicional de insalubridade,11,11,11,-,"11 - Artigo 28, inciso I, da Lei n° 8.212/91",11 - Artigos 3º e 7º da Lei nº 7.713/88,11 - Artigo 15 da Lei n° 8.036/90,,2026-03-29 12:58:13.681214
28,,28,69,ADIC. PERICULOSIDADE MES ANTER,1203 - Adicional de periculosidade,11,11,11,-,"11 - Artigo 28, inciso I, da Lei n° 8.212/91",11 - Artigos 3º e 7º da Lei nº 7.713/88,11 - Artigo 15 da Lei n° 8.036/90,,2026-03-29 12:58:13.681214
29,,29,70,ADIC. PERICULOSIDADE,1203 - Adicional de periculosidade,11,11,11,-,"11 - Artigo 28, inciso I, da Lei n° 8.212/91",11 - Artigos 3º e 7º da Lei nº 7.713/88,11 - Artigo 15 da Lei n° 8.036/90,,2026-03-29 12:58:13.681214
30,,30,81,HORAS REDUZIDAS ADIC. NOT MES ANT,1205 - Adicional noturno,11,11,11,-,"11 - Artigo 28, inciso I, da Lei n° 8.212/91",11 - Artigos 3º e 7º da Lei nº 7.713/88,11 - Artigo 15 da Lei n° 8.036/90,,2026-03-29 12:58:13.681214
142,,142,384,EMPRESTIMO FOLHA,2930 - Insuficiência de saldo,0,0,0,Rubrica com inconsistência de IRRF,0 - Sem previsão legal.,9 - Sem previsão legal.,0 - Sem previsão legal.,,2026-03-29 12:58:13.681214
31,,31,82,HORAS REDUZIDAS ADIC. NOTURNO,1205 - Adicional noturno,11,11,11,-,"11 - Artigo 28, inciso I, da Lei n° 8.212/91",11 - Artigos 3º e 7º da Lei nº 7.713/88,11 - Artigo 15 da Lei n° 8.036/90,,2026-03-29 12:58:13.681214
32,,32,93,F.G.T.S. MULTA,6101 - indenização compensatória - multa rescisória 20 ou 40% (CF/88),0,9,0,-,"0 - Artigo 28, § 9º da Lei n° 8.212/91",9 - Artigo 28 da Lei nº 8.036/90,"0 - Artigo 15, § 6º da Lei n° 8.036/90",,2026-03-29 12:58:13.681214
33,,33,102,HORAS EXTRAS 60%,1003 - Horas extraordinárias,11,11,11,-,"11 - Artigo 28, inciso I, da Lei n° 8.212/91",11 - Artigos 3º e 7º da Lei nº 7.713/88,11 - Artigo 15 da Lei n° 8.036/90,,2026-03-29 12:58:13.681214
34,,34,105,HORAS EXTRAS 50%,1003 - Horas extraordinárias,11,11,11,-,"11 - Artigo 28, inciso I, da Lei n° 8.212/91",11 - Artigos 3º e 7º da Lei nº 7.713/88,11 - Artigo 15 da Lei n° 8.036/90,,2026-03-29 12:58:13.681214
35,,35,108,HORAS EXTRAS 50% - MES ANTERIOR,1003 - Horas extraordinárias,11,11,11,-,"11 - Artigo 28, inciso I, da Lei n° 8.212/91",11 - Artigos 3º e 7º da Lei nº 7.713/88,11 - Artigo 15 da Lei n° 8.036/90,,2026-03-29 12:58:13.681214
36,,36,123,HORAS EXTRAS 100%,1003 - Horas extraordinárias,11,11,11,-,"11 - Artigo 28, inciso I, da Lei n° 8.212/91",11 - Artigos 3º e 7º da Lei nº 7.713/88,11 - Artigo 15 da Lei n° 8.036/90,,2026-03-29 12:58:13.681214
37,,37,127,HORAS EXTRAS 100% - MES ANTERIOR,1003 - Horas extraordinárias,11,11,11,-,"11 - Artigo 28, inciso I, da Lei n° 8.212/91",11 - Artigos 3º e 7º da Lei nº 7.713/88,11 - Artigo 15 da Lei n° 8.036/90,,2026-03-29 12:58:13.681214
38,,38,135,D.S.R. S/HORA EXTRA,1002 - Descanso semanal remunerado - DSR,11,11,11,-,"11 - Artigo 28, inciso I, da Lei n° 8.212/91",11 - Artigos 3º e 7º da Lei nº 7.713/88,11 - Artigo 15 da Lei n° 8.036/90,,2026-03-29 12:58:13.681214
39,,39,136,D.S.R. S/ADICIONAL,1002 - Descanso semanal remunerado - DSR,11,11,11,-,"11 - Artigo 28, inciso I, da Lei n° 8.212/91",11 - Artigos 3º e 7º da Lei nº 7.713/88,11 - Artigo 15 da Lei n° 8.036/90,,2026-03-29 12:58:13.681214
40,,40,145,DEV. FALTAS (DIAS),"1000 - Salário, vencimento, soldo ou subsídio",11,11,11,-,"11 - Artigo 28, inciso I, da Lei n° 8.212/91",11 - Artigos 3º e 7º da Lei nº 7.713/88,11 - Artigo 15 da Lei n° 8.036/90,,2026-03-29 12:58:13.681214
41,,41,146,DEV. D.S.R. S/FALTAS (DIAS),1002 - Descanso semanal remunerado - DSR,11,11,11,-,"11 - Artigo 28, inciso I, da Lei n° 8.212/91",11 - Artigos 3º e 7º da Lei nº 7.713/88,11 - Artigo 15 da Lei n° 8.036/90,,2026-03-29 12:58:13.681214
42,,42,149,REEMB D.S.R MES ANTERIOR,1002 - Descanso semanal remunerado - DSR,11,11,11,-,"11 - Artigo 28, inciso I, da Lei n° 8.212/91",11 - Artigos 3º e 7º da Lei nº 7.713/88,11 - Artigo 15 da Lei n° 8.036/90,,2026-03-29 12:58:13.681214
43,,43,151,REEMB. VALE TRANSPORTE MÊS ANTERIOR,1810 - Transporte (Servidores e Empregados Públicos),0,9,0,-,"0 - Artigo 28, § 9º da Lei n° 8.212/91",9 - Artigos 5º da IN 1500/2014,0 - Precedente Administrativo nº 3,,2026-03-29 12:58:13.681214
44,,44,151,REEMB. VALE TRANSPORTE MÊS ANTERIOR,1810 - Transporte (Servidores e Empregados Públicos),0,9,0,-,"0 - Artigo 28, § 9º da Lei n° 8.212/91",9 - Artigos 5º da IN 1500/2014,"11 - Precedente Administrativo nº 3, Ato Declaratório 04/2002",,2026-03-29 12:58:13.681214
45,,45,153,DIF. ADIC. PERICULOSIDADE,1203 - Adicional de periculosidade,11,11,11,-,"11 - Artigo 28, inciso I, da Lei n° 8.212/91",11 - Artigos 3º e 7º da Lei nº 7.713/88,11 - Artigo 15 da Lei n° 8.036/90,,2026-03-29 12:58:13.681214
46,,46,155,REEMB. VALE ALIMENTACAO MES ANTERIOR,"1806 - Alimentação em ticket ou cartão, vinculada ao PAT",0,9,0,-,"0 - Artigo 28, inciso I, da Lei n° 8.212/91","9 - artigo 35, inciso I, alínea p do Decreto n° 9.580/2018",0 - Artigo 15 da Lei n° 8.036/90,,2026-03-29 12:58:13.681214
47,,47,156,DIF. FERIAS,1016 - Férias - Gozadas,0,0,0,Rubrica com inconsistência de IRRF,"11 - Artigo 28, inciso I, da Lei n° 8.212/91",13 - Artigos 3º e 7º da Lei nº 7.713/88,11 - Artigo 15 da Lei n° 8.036/90,,2026-03-29 12:58:13.681214
48,,48,156,DIF. FERIAS,1016 - Férias - Gozadas,0,0,0,Rubrica com inconsistência de IRRF,"0 - Artigo 28, inciso I, da Lei n° 8.212/91",9 - valor do pagamento informar no 1015,0 - Artigo 15 da Lei n° 8.036/90,,2026-03-29 12:58:13.681214
49,,49,159,D.S.R. S/ADICIONAL,1002 - Descanso semanal remunerado - DSR,11,11,11,-,"11 - Artigo 28, inciso I, da Lei n° 8.212/91",11 - Artigos 3º e 7º da Lei nº 7.713/88,11 - Artigo 15 da Lei n° 8.036/90,,2026-03-29 12:58:13.681214
50,,50,160,D.S.R. S/HORA EXTRA,1002 - Descanso semanal remunerado - DSR,11,11,11,-,"11 - Artigo 28, inciso I, da Lei n° 8.212/91",11 - Artigos 3º e 7º da Lei nº 7.713/88,11 - Artigo 15 da Lei n° 8.036/90,,2026-03-29 12:58:13.681214
51,,51,161,D.S.R. MES ANTERIOR,1002 - Descanso semanal remunerado - DSR,11,11,11,-,"11 - Artigo 28, inciso I, da Lei n° 8.212/91",11 - Artigos 3º e 7º da Lei nº 7.713/88,11 - Artigo 15 da Lei n° 8.036/90,,2026-03-29 12:58:13.681214
52,,52,163,D.S.R. S/FERIADO - HS,1012 - Descanso semanal remunerado - DSR e feriado,11,11,11,-,"11 - Artigo 28, inciso I, da Lei n° 8.212/91",11 - Artigos 3º e 7º da Lei nº 7.713/88,11 - Artigo 15 da Lei n° 8.036/90,,2026-03-29 12:58:13.681214
53,,53,170,D.S.R. S/COMISSAO,1012 - Descanso semanal remunerado - DSR e feriado,11,11,11,-,"11 - Artigo 28, inciso I, da Lei n° 8.212/91",11 - Artigos 3º e 7º da Lei nº 7.713/88,11 - Artigo 15 da Lei n° 8.036/90,,2026-03-29 12:58:13.681214
54,,54,171,AUX. DOENÇA,"1000 - Salário, vencimento, soldo ou subsídio",11,11,11,-,"11 - Artigo 28, inciso I, da Lei n° 8.212/91",11 - Artigos 3º e 7º da Lei nº 7.713/88,11 - Artigo 15 da Lei n° 8.036/90,,2026-03-29 12:58:13.681214
55,,55,172,ACIDENTE DE TRABALHO (15 DIAS),"1000 - Salário, vencimento, soldo ou subsídio",11,11,11,-,"11 - Artigo 28, inciso I, da Lei n° 8.212/91",11 - Artigos 3º e 7º da Lei nº 7.713/88,11 - Artigo 15 da Lei n° 8.036/90,,2026-03-29 12:58:13.681214
56,,56,173,ACIDENTE DE TRABALHO (F.G.T.S.),9932 - Auxílio - doença acidentário,0,9,11,-,"0 - Artigo 28, § 9º da Lei n° 8.212/91",9 - Artigo 48 da Lei nº 8.541/92,11 - Artigo 15 da Lei n° 8.036/90,,2026-03-29 12:58:13.681214
57,,57,173,ACIDENTE DE TRABALHO (F.G.T.S.),9932 - Auxílio - doença acidentário,0,9,11,-,"0 - Artigo 28, § 9º da Lei n° 8.212/91",79 - Artigo 48 da Lei nº 8.541/92,12 - Artigo 15 da Lei n° 8.036/90,,2026-03-29 12:58:13.681214
58,,58,173,ACIDENTE DE TRABALHO (F.G.T.S.),9932 - Auxílio - doença acidentário,0,9,11,-,"0 - Artigo 28, § 9º da Lei n° 8.212/91",http://www.planalto.gov.br/ccivil_03/leis/l7713.htm,0 - Artigo 15 da Lei n° 8.036/90,,2026-03-29 12:58:13.681214
59,,59,174,AUX. DOENÇA (F.G.T.S.),9989 - Outros valores informativos,0,9,0,-,"0 - Artigo 28, inciso I, da Lei n° 8.212/91",http://www.planalto.gov.br/ccivil_03/leis/l7713.htm,0 - Artigo 15 da Lei n° 8.036/90,,2026-03-29 12:58:13.681214
60,,60,176,SALARIO MES ANTERIOR,"1000 - Salário, vencimento, soldo ou subsídio",11,11,11,-,"11 - Artigo 28, inciso I, da Lei n° 8.212/91",http://www.planalto.gov.br/ccivil_03/leis/l7713.htm,11 - Artigo 15 da Lei n° 8.036/90,,2026-03-29 12:58:13.681214
61,,61,177,SALARIO SUBSTITUTO,"1000 - Salário, vencimento, soldo ou subsídio",11,11,11,-,"11 - Artigo 28, inciso I, da Lei n° 8.212/91",11 - Artigos 3º e 7º da Lei nº 7.713/88,11 - Artigo 15 da Lei n° 8.036/90,,2026-03-29 12:58:13.681214
62,,62,185,INDENIZACAO LEI Nº 7.238/84,6102 - Indenização do art. 9º lei nº 7.238/84,11,11,11,"Rubrica com inconsistência de INSS, IRRF e FGTS","0 - Artigo 28, § 9º da Lei n° 8.212/91","74 - Artigo 6º, inciso V da Lei nº 7.713/88 e artigo 28 da Lei nº 8.036/90","0 - Artigo 15, § 6º da Lei n° 8.036/90",,2026-03-29 12:58:13.681214
63,,63,187,P.L.R.,1300 - PLR - Participação nos lucros e resultados,0,14,0,-,"0 - Artigo 28, § 9º da Lei n° 8.212/91",14 - Artigo 3º da Lei nº 10.101/2000,"0 - Artigo 15, § 6º da Lei n° 8.036/90",,2026-03-29 12:58:13.681214
64,,64,190,REEMB. FALTAS DESC. MES ANTERIOR,"1000 - Salário, vencimento, soldo ou subsídio",11,11,11,-,"11 - Artigo 28, inciso I, da Lei n° 8.212/91",11 - Artigos 3º e 7º da Lei nº 7.713/88,11 - Artigo 15 da Lei n° 8.036/90,,2026-03-29 12:58:13.681214
65,,65,193,F.G.T.S. PAGO,9908 - FGTS - depósito,0,9,0,-,"0 - Artigo 28, § 9º da Lei n° 8.212/91",9 - Artigo 7º da Lei nº 8.134/90,"0 - Artigo 15, § 6º da Lei n° 8.036/90",,2026-03-29 12:58:13.681214
66,,66,228,REEMB. DESC. ASSIST. MEDICA,6129 - Outras verbas não remuneratórias (indenizatórias ou multas),0,0,0,Rubrica com inconsistência de IRRF,"0 - Artigo 28, inciso I, da Lei n° 8.212/91","79 - Artigos 6 da Lei nº 7.713/88 e Artigo 2° da Lei n° 8.036/90, e artigo 65 do Decreto n° 9.580/2018",0 - Artigo 15 da Lei n° 8.036/90,,2026-03-29 12:58:13.681214
67,,67,231,REEMB. DESPESAS,9989 - Outros valores informativos,0,9,0,-,"0 - Artigo 28, inciso I, da Lei n° 8.212/91",9 - Artigo 12-A da Lei nº 7.713/88,0 - Artigo 15 da Lei n° 8.036/90,,2026-03-29 12:58:13.681214
68,,68,232,REEMB. EXAME DEMISSIONAL,9989 - Outros valores informativos,0,9,0,-,"0 - Artigo 28, inciso I, da Lei n° 8.212/91",9 - Artigo 12-A da Lei nº 7.713/88,0 - Artigo 15 da Lei n° 8.036/90,,2026-03-29 12:58:13.681214
69,,69,233,REEMB. REFEICAO,1801 - Auxílio-alimentação,0,0,0,Rubrica com inconsistência de IRRF,"11 - Artigo 28, inciso I, da Lei n° 8.212/91",11 - Artigos 3º e 7º da Lei nº 7.713/88,11 - Artigo 15 da Lei n° 8.036/90,,2026-03-29 12:58:13.681214
70,,70,233,REEMB. REFEICAO,1801 - Auxílio-alimentação,0,0,0,Rubrica com inconsistência de IRRF,"0 - Artigo 28, inciso I, da Lei n° 8.212/91","9 - artigo 35, inciso I, alínea p do Decreto n° 9.580/2018",0 - Artigo 15 da Lei n° 8.036/90,,2026-03-29 12:58:13.681214
71,,71,234,REEMB. EXAMES MÉDICOS,6129 - Outras verbas não remuneratórias (indenizatórias ou multas),0,9,0,Rubrica com inconsistência de IRRF,"0 - Artigo 28, inciso I, da Lei n° 8.212/91","79 - Artigos 6 da Lei nº 7.713/88 e Artigo 2° da Lei n° 8.036/90, e artigo 65 do Decreto n° 9.580/2018",0 - Artigo 15 da Lei n° 8.036/90,,2026-03-29 12:58:13.681214
72,,72,236,REEMB. VALE REFEICAO DIF.DISSIDIO,"1806 - Alimentação em ticket ou cartão, vinculada ao PAT",0,9,0,-,"0 - Artigo 28, inciso I, da Lei n° 8.212/91","9 - artigo 35, inciso I, alínea p do Decreto n° 9.580/2018",0 - Artigo 15 da Lei n° 8.036/90,,2026-03-29 12:58:13.681214
73,,73,240,REEMB. SALARIO FAMILIA,1409 - Salário-família,51,0,0,Rubrica com inconsistência de IRRF,"51 - Artigo 28, inciso I, da Lei n° 8.212/91","79 - Artigos 5º, inciso VII da IN 1500/2014",0 - Artigo 15 da Lei n° 8.036/90,,2026-03-29 12:58:13.681214
74,,74,241,SALÁRIO FAMILIA MES ANTERIOR,1409 - Salário-família,51,0,0,Rubrica com inconsistência de IRRF,"51 - Artigo 28, inciso I, da Lei n° 8.212/91","79 - Artigos 5º, inciso VII da IN 1500/2014",0 - Artigo 15 da Lei n° 8.036/90,,2026-03-29 12:58:13.681214
75,,75,243,REEMB. CONTRIB. SINDICAL,6129 - Outras verbas não remuneratórias (indenizatórias ou multas),0,0,0,Rubrica com inconsistência de IRRF,"0 - Artigo 28, inciso I, da Lei n° 8.212/91","79 - Artigos 6 da Lei nº 7.713/88 e Artigo 2° da Lei n° 8.036/90, e artigo 65 do Decreto n° 9.580/2018",0 - Artigo 15 da Lei n° 8.036/90,,2026-03-29 12:58:13.681214
76,,76,249,REEMB. DESC. ASS. ODONTOLOGICA,6129 - Outras verbas não remuneratórias (indenizatórias ou multas),0,0,0,Rubrica com inconsistência de IRRF,"0 - Artigo 28, inciso I, da Lei n° 8.212/91","79 - Artigos 6 da Lei nº 7.713/88 e Artigo 2° da Lei n° 8.036/90, e artigo 65 do Decreto n° 9.580/2018",0 - Artigo 15 da Lei n° 8.036/90,,2026-03-29 12:58:13.681214
77,,77,252,AJUDA CRECHE CCT,1406 - Auxílio-creche,0,0,0,Rubrica com inconsistência de IRRF,"0 - Artigo 28, inciso I, da Lei n° 8.212/91","79 - Ato Declaratório PGFN nº 13/2011, Parecer PGFN/CRJ nº 2.118/2011, e Solução de Consulta COSIT nº 290/2014",0 - Artigo 15 da Lei n° 8.036/90,,2026-03-29 12:58:13.681214
78,,78,253,DEV. ATRASO/FALTA HORAS,"1000 - Salário, vencimento, soldo ou subsídio",11,11,11,-,"11 - Artigo 28, inciso I, da Lei n° 8.212/91",11 - Artigos 3º e 7º da Lei nº 7.713/88,11 - Artigo 15 da Lei n° 8.036/90,,2026-03-29 12:58:13.681214
79,,79,254,REEMB. MENSALIDADE. SINDICAL,9231 - Contribuição Sindical - Associativa,0,0,0,Rubrica com inconsistência de IRRF,"0 - Artigo 28, § 9º da Lei n° 8.212/91",9 - Artigo 4º da Lei nº 9.250/95,0 - Artigo 15 da Lei n° 8.036/90,,2026-03-29 12:58:13.681214
80,,80,256,REEMB. DESC. REFEICAO (PAT),"1806 - Alimentação em ticket ou cartão, vinculada ao PAT",0,9,0,-,"0 - Artigo 28, inciso I, da Lei n° 8.212/91","9 - artigo 35, inciso I, alínea p do Decreto n° 9.580/2018",0 - Artigo 15 da Lei n° 8.036/90,,2026-03-29 12:58:13.681214
81,,81,257,ABONO DE FERIAS ARTº 143 (Ferias),1023 - Férias - abono pecuniário,0,75,0,-,"0 - Artigo 28, § 9º da Lei n° 8.212/91","75 - Artigo 1º da IN RFB n° 936/2009; itens 5, 6 e 7 da Parecer PGFN/PGA nº 2.683/2008","0 - Artigo 15, § 6º da Lei n° 8.036/90",,2026-03-29 12:58:13.681214
82,,82,257,ABONO DE FERIAS ARTº 143 (Ferias),1023 - Férias - abono pecuniário,0,75,0,-,"0 - Artigo 28, § 9º da Lei n° 8.212/91",13 - Solução de consulta cosit 209/2021,"0 - Artigo 15, § 6º da Lei n° 8.036/90",,2026-03-29 12:58:13.681214
83,,83,258,1/3 S/ABONO FERIAS ARTº 143 (Ferias),1019 -,0,75,0,"Rubrica com inconsistência de INSS, IRRF e FGTS",Rubrica não encontrada,Rubrica não encontrada,Rubrica não encontrada,,2026-03-29 12:58:13.681214
84,,84,260,DIF. CCT S/FERIAS,"1000 - Salário, vencimento, soldo ou subsídio",11,11,11,-,"11 - Artigo 28, inciso I, da Lei n° 8.212/91",11 - Artigos 3º e 7º da Lei nº 7.713/88,11 - Artigo 15 da Lei n° 8.036/90,,2026-03-29 12:58:13.681214
85,,85,265,REEMB. EMPRESTIMO CONSIGNADO,6129 - Outras verbas não remuneratórias (indenizatórias ou multas),0,9,0,Rubrica com inconsistência de IRRF,"0 - Artigo 28, inciso I, da Lei n° 8.212/91","79 - Artigos 6 da Lei nº 7.713/88 e Artigo 2° da Lei n° 8.036/90, e artigo 65 do Decreto n° 9.580/2018",0 - Artigo 15 da Lei n° 8.036/90,,2026-03-29 12:58:13.681214
86,,86,268,DIF GRATIFICACAO MES ANT,1211 - Gratificações,11,11,11,-,"11 - Artigo 28, inciso I, da Lei n° 8.212/91",11 - Artigos 3º e 7º da Lei nº 7.713/88,11 - Artigo 15 da Lei n° 8.036/90,,2026-03-29 12:58:13.681214
87,,87,270,H E 50% - ART. 71,1003 - Horas extraordinárias,11,11,11,-,"11 - Artigo 28, inciso I, da Lei n° 8.212/91",11 - Artigos 3º e 7º da Lei nº 7.713/88,11 - Artigo 15 da Lei n° 8.036/90,,2026-03-29 12:58:13.681214
88,,88,273,ARREDONDAMENTO,2999 - Arredondamentos,0,9,0,-,"0 - Artigo 28, § 9º da Lei n° 8.212/91",9 - Artigos 3º e 7º da Lei nº 7.713/88,"0 - Artigo 15, § 6º da Lei n° 8.036/90",,2026-03-29 12:58:13.681214
89,,89,275,VALE REFEIÇÃO,"1806 - Alimentação em ticket ou cartão, vinculada ao PAT",0,9,0,-,"0 - Artigo 28, inciso I, da Lei n° 8.212/91","9 - artigo 35, inciso I, alínea p do Decreto n° 9.580/2018",0 - Artigo 15 da Lei n° 8.036/90,,2026-03-29 12:58:13.681214
90,,90,277,PAGTO. VALE REFEICAO,"1806 - Alimentação em ticket ou cartão, vinculada ao PAT",0,9,0,-,"0 - Artigo 28, inciso I, da Lei n° 8.212/91","9 - artigo 35, inciso I, alínea p do Decreto n° 9.580/2018",0 - Artigo 15 da Lei n° 8.036/90,,2026-03-29 12:58:13.681214
91,,91,278,PAGTO. CESTA BASICA,"1808 - Alimentação concedida sob a forma de cesta básica ou refeição, por empresa vinculada ao PAT",0,9,0,-,"0 - Artigo 28, inciso I, da Lei n° 8.212/91","9 - artigo 35, inciso I, alínea p do Decreto n° 9.580/2018",0 - Artigo 15 da Lei n° 8.036/90,,2026-03-29 12:58:13.681214
92,,92,279,DEVOL DESC. ASSIST. MEDICA,1405 - Assistência médica,0,0,0,Rubrica com inconsistência de IRRF,"0 - Artigo 28, § 9º da Lei n° 8.212/91","9 - artigo 35, inciso I, alínea p do Decreto n° 9.580/2018",0 - Artigo 15 da Lei n° 8.036/90,,2026-03-29 12:58:13.681214
93,,93,282,ADIANTAMENTO NORMAL,5501 - Adiantamento de salários,0,11,0,-,"0 - Artigo 28, § 9º da Lei n° 8.212/91",11 - Artigos 3º e 7º da Lei nº 7.713/88,"0 - Artigo 15, § 6º da Lei n° 8.036/90",,2026-03-29 12:58:13.681214
94,,94,282,ADIANTAMENTO NORMAL,5501 - Adiantamento de salários,0,11,0,-,"0 - Artigo 28, § 9º da Lei n° 8.212/91",9 - Artigos 3º e 7º da Lei nº 7.713/88,"0 - Artigo 15, § 6º da Lei n° 8.036/90",,2026-03-29 12:58:13.681214
95,,95,284,PAGTO. VALE ALIMENTACAO,"1806 - Alimentação em ticket ou cartão, vinculada ao PAT",0,9,0,-,"0 - Artigo 28, inciso I, da Lei n° 8.212/91","9 - artigo 35, inciso I, alínea p do Decreto n° 9.580/2018",0 - Artigo 15 da Lei n° 8.036/90,,2026-03-29 12:58:13.681214
96,,96,288,ANTECIPACAO 13º SALARIO,5504 - 13º salário - Adiantamento,0,9,12,-,"0 - Artigo 28, § 9º da Lei n° 8.212/91",9 - Artigo 26 da Lei nº 7.713/88,12 - Artigo 15 da Lei n° 8.036/90,,2026-03-29 12:58:13.681214
97,,97,289,MEDIAS ANTECIPACAO 13º SALARIO,5504 - 13º salário - Adiantamento,0,9,12,-,"0 - Artigo 28, § 9º da Lei n° 8.212/91",9 - Artigo 26 da Lei nº 7.713/88,12 - Artigo 15 da Lei n° 8.036/90,,2026-03-29 12:58:13.681214
98,,98,291,ADIC. INSALUBRIDADE S/1ª 13º SALARIO,5504 - 13º salário - Adiantamento,0,0,12,Rubrica com inconsistência de IRRF,"0 - Artigo 28, § 9º da Lei n° 8.212/91",9 - Artigo 26 da Lei nº 7.713/88,12 - Artigo 15 da Lei n° 8.036/90,,2026-03-29 12:58:13.681214
99,,99,292,ADIC. NOT MES ANT C/30%,1205 - Adicional noturno,11,11,11,-,"11 - Artigo 28, inciso I, da Lei n° 8.212/91",11 - Artigos 3º e 7º da Lei nº 7.713/88,11 - Artigo 15 da Lei n° 8.036/90,,2026-03-29 12:58:13.681214
100,,100,293,F.G.T.S. S/13º SALARIO,9908 - FGTS - depósito,0,0,0,Rubrica com inconsistência de IRRF,"0 - Artigo 28, § 9º da Lei n° 8.212/91",9 - Artigo 7º da Lei nº 8.134/90,"0 - Artigo 15, § 6º da Lei n° 8.036/90",,2026-03-29 12:58:13.681214
101,,101,294,DESP DE VIAGENS,"1621 - Ressarcimento de despesas de viagem, exceto despesas com veículos",0,0,0,Rubrica com inconsistência de IRRF,"0 - Artigo 28, § 9º da Lei n° 8.212/91","9 - Artigo 6º, inciso II da Lei nº 7.713/88","0 - Artigo 15, § 6º da Lei n° 8.036/90",,2026-03-29 12:58:13.681214
102,,102,295,REEMB. ASSIST. MEDICA,1405 - Assistência médica,0,0,0,Rubrica com inconsistência de IRRF,"0 - Artigo 28, § 9º da Lei n° 8.212/91","9 - artigo 35, inciso I, alínea p do Decreto n° 9.580/2018",0 - Artigo 15 da Lei n° 8.036/90,,2026-03-29 12:58:13.681214
103,,103,299,ADIC. SALARIO,1211 - Gratificações,11,11,11,-,"11 - Artigo 28, inciso I, da Lei n° 8.212/91",11 - Artigos 3º e 7º da Lei nº 7.713/88,11 - Artigo 15 da Lei n° 8.036/90,,2026-03-29 12:58:13.681214
104,,104,303,REEMB. DESC. FALTAS E ATRASOS,"1000 - Salário, vencimento, soldo ou subsídio",11,11,11,-,"11 - Artigo 28, inciso I, da Lei n° 8.212/91",11 - Artigos 3º e 7º da Lei nº 7.713/88,11 - Artigo 15 da Lei n° 8.036/90,,2026-03-29 12:58:13.681214
105,,105,305,REEMB.V.REFEICAO./ ALIM. REF. EXTRAS,"1806 - Alimentação em ticket ou cartão, vinculada ao PAT",0,9,0,-,"0 - Artigo 28, inciso I, da Lei n° 8.212/91","9 - artigo 35, inciso I, alínea p do Decreto n° 9.580/2018",0 - Artigo 15 da Lei n° 8.036/90,,2026-03-29 12:58:13.681214
106,,106,312,COMPLEMENTO PGTO.,"1000 - Salário, vencimento, soldo ou subsídio",11,11,11,-,"11 - Artigo 28, inciso I, da Lei n° 8.212/91",11 - Artigos 3º e 7º da Lei nº 7.713/88,11 - Artigo 15 da Lei n° 8.036/90,,2026-03-29 12:58:13.681214
107,,107,314,DIF. CESTA BASICA,"1808 - Alimentação concedida sob a forma de cesta básica ou refeição, por empresa vinculada ao PAT",0,9,0,-,"0 - Artigo 28, inciso I, da Lei n° 8.212/91","9 - artigo 35, inciso I, alínea p do Decreto n° 9.580/2018",0 - Artigo 15 da Lei n° 8.036/90,,2026-03-29 12:58:13.681214
108,,108,320,SOBRE AVISO,1011 - Sobreaviso e prontidão,11,11,11,-,"11 - Artigo 28, inciso I, da Lei n° 8.212/91",11 - Artigos 3º e 7º da Lei nº 7.713/88,11 - Artigo 15 da Lei n° 8.036/90,,2026-03-29 12:58:13.681214
109,,109,335,AVISO PREVIO INDENIZADO,9989 - Outros valores informativos,0,9,0,-,"0 - Artigo 28, inciso I, da Lei n° 8.212/91",9 - Artigo 12-A da Lei nº 7.713/88,0 - Artigo 15 da Lei n° 8.036/90,,2026-03-29 12:58:13.681214
110,,110,339,DEVOLUCAO FALTAS / DSR,"1000 - Salário, vencimento, soldo ou subsídio",11,11,11,-,"11 - Artigo 28, inciso I, da Lei n° 8.212/91",11 - Artigos 3º e 7º da Lei nº 7.713/88,11 - Artigo 15 da Lei n° 8.036/90,,2026-03-29 12:58:13.681214
111,,111,341,DIF. CCT/2019,"1000 - Salário, vencimento, soldo ou subsídio",11,11,11,-,"11 - Artigo 28, inciso I, da Lei n° 8.212/91",11 - Artigos 3º e 7º da Lei nº 7.713/88,11 - Artigo 15 da Lei n° 8.036/90,,2026-03-29 12:58:13.681214
112,,112,342,DIF. CESTA BASICA CCT,"9243 - Cesta básica ou refeição, vinculada ao PAT - Desconto",0,0,0,Rubrica com inconsistência de IRRF,"0 - Artigo 28, §9º da Lei n° 8.212/91",9 - Artigos 3º e 7º da Lei nº 7.713/88,0 - Artigo 15 da Lei n° 8.036/90,,2026-03-29 12:58:13.681214
113,,113,343,DIF. VALE REFEICAO CCT,"1806 - Alimentação em ticket ou cartão, vinculada ao PAT",0,9,0,-,"0 - Artigo 28, inciso I, da Lei n° 8.212/91","9 - artigo 35, inciso I, alínea p do Decreto n° 9.580/2018",0 - Artigo 15 da Lei n° 8.036/90,,2026-03-29 12:58:13.681214
114,,114,346,DIFERENCA DE SALARIO,"1000 - Salário, vencimento, soldo ou subsídio",11,11,11,-,"11 - Artigo 28, inciso I, da Lei n° 8.212/91",11 - Artigos 3º e 7º da Lei nº 7.713/88,11 - Artigo 15 da Lei n° 8.036/90,,2026-03-29 12:58:13.681214
115,,115,347,FERIAS VENCIDAS INDENIZADAS (Rescisao),6007 - Férias vencidas na rescisão,0,9,0,Rubrica com inconsistência de IRRF,"0 - Artigo 28, § 9º da Lei n° 8.212/91","74 - Artigo 6º, inciso V da Lei nº 7.713/88; artigo 682 do Decreto nº 9.580/2018; ADI SRF 14/2005","0 - Artigo 15, § 6º da Lei n° 8.036/90",,2026-03-29 12:58:13.681214
141,,141,381,ADIC. INSALUBRIDADE S/13º SALARIO,5001 - 13º salário,12,12,12,-,"12 - Artigo 28, inciso I, da Lei n° 8.212/91",12 - Artigos 3º e 7º da Lei nº 7.713/88,12 - Artigo 15 da Lei n° 8.036/90,,2026-03-29 12:58:13.681214
116,,116,348,1/3 FERIAS VENCIDAS INDENIZADAS (Rescisao),6007 - Férias vencidas na rescisão,0,9,0,Rubrica com inconsistência de IRRF,"0 - Artigo 28, § 9º da Lei n° 8.212/91","74 - Artigo 6º, inciso V da Lei nº 7.713/88; artigo 682 do Decreto nº 9.580/2018; ADI SRF 14/2005","0 - Artigo 15, § 6º da Lei n° 8.036/90",,2026-03-29 12:58:13.681214
117,,117,349,AVISO PREVIO INDENIZADO (Lei 12506),6003 - Indenização compensatória do aviso-prévio,0,9,21,Rubrica com inconsistência de IRRF,"0 - Artigo 28, § 9º da Lei n° 8.212/91","74 - Artigo 6º, inciso V da Lei nº 7.713/88",21 - Artigo 15 da Lei n° 8.036/90 e Súmula 305 do TST,,2026-03-29 12:58:13.681214
118,,118,350,FERIAS NORMAIS (Ferias),1016 - Férias - Gozadas,11,13,11,-,"11 - Artigo 28, inciso I, da Lei n° 8.212/91",13 - Artigos 3º e 7º da Lei nº 7.713/88,11 - Artigo 15 da Lei n° 8.036/90,,2026-03-29 12:58:13.681214
119,,119,350,FERIAS NORMAIS (Ferias),1016 - Férias - Gozadas,11,13,11,-,"0 - Artigo 28, inciso I, da Lei n° 8.212/91",9 - valor do pagamento informar no 1015,0 - Artigo 15 da Lei n° 8.036/90,,2026-03-29 12:58:13.681214
120,,120,351,1/3 FERIAS NORMAIS (Ferias),1017 - Férias - Gozadas,11,13,11,-,"11 - Artigo 28, inciso I, da Lei n° 8.212/91",13 - Artigos 3º e 7º da Lei nº 7.713/88,11 - http://www.planalto.gov.br/ccivil_03/leis/l7713.htm,,2026-03-29 12:58:13.681214
121,,121,351,1/3 FERIAS NORMAIS (Ferias),1017 - Férias - Gozadas,11,13,11,-,"11 - Artigo 28, inciso I, da Lei n° 8.212/91",9 - valor do pagamento informar no 1015,11 - http://www.planalto.gov.br/ccivil_03/leis/l7713.htm,,2026-03-29 12:58:13.681214
122,,122,353,AVISO PREVIO INDENIZADO,6003 - Indenização compensatória do aviso-prévio,0,0,21,Rubrica com inconsistência de IRRF,"0 - Artigo 28, § 9º da Lei n° 8.212/91","74 - Artigo 6º, inciso V da Lei nº 7.713/88",21 - Artigo 15 da Lei n° 8.036/90 e Súmula 305 do TST,,2026-03-29 12:58:13.681214
123,,123,354,MEDIAS S/AVISO PREVIO INDENIZADO,6003 - Indenização compensatória do aviso-prévio,0,0,21,Rubrica com inconsistência de IRRF,"0 - Artigo 28, § 9º da Lei n° 8.212/91","74 - Artigo 6º, inciso V da Lei nº 7.713/88",21 - Artigo 15 da Lei n° 8.036/90 e Súmula 305 do TST,,2026-03-29 12:58:13.681214
124,,124,357,FERIAS PROPORCIONAIS (Rescisao),6006 - Férias proporcionais,0,9,0,Rubrica com inconsistência de IRRF,"0 - Artigo 28, § 9º da Lei n° 8.212/91","74 - Artigo 6º, inciso V da Lei nº 7.713/88; artigo 682 do Decreto nº 9.580/2018; ADI SRF 14/2005","0 - Artigo 15, § 6º da Lei n° 8.036/90",,2026-03-29 12:58:13.681214
125,,125,358,1/3 FERIAS PROPORCIONAIS (Rescisao),6006 - Férias proporcionais,0,9,0,Rubrica com inconsistência de IRRF,"0 - Artigo 28, § 9º da Lei n° 8.212/91","74 - Artigo 6º, inciso V da Lei nº 7.713/88; artigo 682 do Decreto nº 9.580/2018; ADI SRF 14/2005","0 - Artigo 15, § 6º da Lei n° 8.036/90",,2026-03-29 12:58:13.681214
126,,126,359,ADIC. FERIAS INDENIZADAS (Rescisao),6007 - Férias vencidas na rescisão,0,9,0,Rubrica com inconsistência de IRRF,"0 - Artigo 28, § 9º da Lei n° 8.212/91","74 - Artigo 6º, inciso V da Lei nº 7.713/88; artigo 682 do Decreto nº 9.580/2018; ADI SRF 14/2005","0 - Artigo 15, § 6º da Lei n° 8.036/90",,2026-03-29 12:58:13.681214
127,,127,360,1/3 ADIC. FERIAS INDENIZADAS (Rescisao),6007 - Férias vencidas na rescisão,0,9,0,Rubrica com inconsistência de IRRF,"0 - Artigo 28, § 9º da Lei n° 8.212/91","74 - Artigo 6º, inciso V da Lei nº 7.713/88; artigo 682 do Decreto nº 9.580/2018; ADI SRF 14/2005","0 - Artigo 15, § 6º da Lei n° 8.036/90",,2026-03-29 12:58:13.681214
128,,128,361,ADIC. FERIAS S/AVISO PREVIO,6007 - Férias vencidas na rescisão,0,13,0,Rubrica com inconsistência de IRRF,"0 - Artigo 28, § 9º da Lei n° 8.212/91","74 - Artigo 6º, inciso V da Lei nº 7.713/88; artigo 682 do Decreto nº 9.580/2018; ADI SRF 14/2005","0 - Artigo 15, § 6º da Lei n° 8.036/90",,2026-03-29 12:58:13.681214
129,,129,363,EMPRESTIMO SALDO NEGATIVO,2930 - Insuficiência de saldo,0,0,0,Rubrica com inconsistência de IRRF,0 - Sem previsão legal.,9 - Sem previsão legal.,0 - Sem previsão legal.,,2026-03-29 12:58:13.681214
130,,130,366,DEVOL. I.N.S.S.- FOLHA,1623 - Ressarcimento de provisão,0,9,0,-,"0 - Artigo 28, inciso I, da Lei n° 8.212/91","9 - artigo 35, inciso I, alínea p do Decreto n° 9.580/2018",0 - Artigo 15 da Lei n° 8.036/90,,2026-03-29 12:58:13.681214
131,,131,367,13º SALARIO PROP. S/AVISO PREVIO (Lei 12506),6001 - 13º salário relativo ao aviso-prévio indenizado,12,12,21,Rubrica com inconsistência de IRRF,"12 - Artigo 28, inciso I, da Lei n° 8.212/91","74 - 1.500/2014 (art. 7º, inciso III)",21 - Artigo 15 da Lei n° 8.036/90,,2026-03-29 12:58:13.681214
132,,132,368,FERIAS S/AVISO PREVIO INDENIZADO (Lei 12506),6007 - Férias vencidas na rescisão,0,9,0,Rubrica com inconsistência de IRRF,"0 - Artigo 28, § 9º da Lei n° 8.212/91","74 - Artigo 6º, inciso V da Lei nº 7.713/88; artigo 682 do Decreto nº 9.580/2018; ADI SRF 14/2005","0 - Artigo 15, § 6º da Lei n° 8.036/90",,2026-03-29 12:58:13.681214
133,,133,369,1/3 FERIAS S/AVISO PREVIO INDENIZADO (Lei 12506),6007 - Férias vencidas na rescisão,0,9,0,Rubrica com inconsistência de IRRF,"0 - Artigo 28, § 9º da Lei n° 8.212/91","74 - Artigo 6º, inciso V da Lei nº 7.713/88; artigo 682 do Decreto nº 9.580/2018; ADI SRF 14/2005","0 - Artigo 15, § 6º da Lei n° 8.036/90",,2026-03-29 12:58:13.681214
134,,134,370,13º SALARIO INDENIZADO,6002 - 13° salário proporcional na rescisão,12,12,12,-,"12 - Artigo 28, inciso I, da Lei n° 8.212/91",12 - Artigos 3º e 7º da Lei nº 7.713/88,12 - Artigo 15 da Lei n° 8.036/90,,2026-03-29 12:58:13.681214
135,,135,371,13º SALARIO PROP. S/AVISO PREVIO,6001 - 13º salário relativo ao aviso-prévio indenizado,12,12,21,Rubrica com inconsistência de IRRF,"12 - Artigo 28, inciso I, da Lei n° 8.212/91","74 - 1.500/2014 (art. 7º, inciso III)",21 - Artigo 15 da Lei n° 8.036/90,,2026-03-29 12:58:13.681214
136,,136,372,FERIAS S/AVISO PREVIO INDENIZADO,6006 - Férias proporcionais,0,9,0,Rubrica com inconsistência de IRRF,"0 - Artigo 28, § 9º da Lei n° 8.212/91","74 - Artigo 6º, inciso V da Lei nº 7.713/88; artigo 682 do Decreto nº 9.580/2018; ADI SRF 14/2005","0 - Artigo 15, § 6º da Lei n° 8.036/90",,2026-03-29 12:58:13.681214
137,,137,373,1/3 FERIAS S/AVISO PREVIO INDENIZADO,6006 - Férias proporcionais,0,9,0,Rubrica com inconsistência de IRRF,"0 - Artigo 28, § 9º da Lei n° 8.212/91","74 - Artigo 6º, inciso V da Lei nº 7.713/88; artigo 682 do Decreto nº 9.580/2018; ADI SRF 14/2005","0 - Artigo 15, § 6º da Lei n° 8.036/90",,2026-03-29 12:58:13.681214
138,,138,374,1/3 ADIC. FERIAS S/AVISO PREVIO,6006 - Férias proporcionais,0,9,0,Rubrica com inconsistência de IRRF,"0 - Artigo 28, § 9º da Lei n° 8.212/91","74 - Artigo 6º, inciso V da Lei nº 7.713/88; artigo 682 do Decreto nº 9.580/2018; ADI SRF 14/2005","0 - Artigo 15, § 6º da Lei n° 8.036/90",,2026-03-29 12:58:13.681214
139,,139,375,ADIC. 13º SALARIO S/AVISO PREVIO,6001 - 13º salário relativo ao aviso-prévio indenizado,12,12,21,Rubrica com inconsistência de IRRF,"12 - Artigo 28, inciso I, da Lei n° 8.212/91","74 - 1.500/2014 (art. 7º, inciso III)",21 - Artigo 15 da Lei n° 8.036/90,,2026-03-29 12:58:13.681214
140,,140,379,REEMB VALE REFEICAO/ ALIMENTACAO,"1806 - Alimentação em ticket ou cartão, vinculada ao PAT",0,9,0,-,"0 - Artigo 28, inciso I, da Lei n° 8.212/91","9 - artigo 35, inciso I, alínea p do Decreto n° 9.580/2018",0 - Artigo 15 da Lei n° 8.036/90,,2026-03-29 12:58:13.681214
143,,143,390,SALARIO MATERNIDADE,4050 - Salário maternidade,21,11,11,-,"21 - Artigo 28, inciso I, da Lei n° 8.212/91",11 - Artigos 3º e 7º da Lei nº 7.713/88,11 - Artigo 15 da Lei n° 8.036/90,,2026-03-29 12:58:13.681214
144,,144,390,SALARIO MATERNIDADE,4050 - Salário maternidade,21,11,11,-,15 - IN 2185/2024,11 - Artigos 3º e 7º da Lei nº 7.713/88,11 - Artigo 15 da Lei n° 8.036/90,,2026-03-29 12:58:13.681214
145,,145,393,F.G.T.S. S/AVISO PREVIO (Rescisao),9908 - FGTS - depósito,0,0,0,Rubrica com inconsistência de IRRF,"0 - Artigo 28, § 9º da Lei n° 8.212/91",9 - Artigo 7º da Lei nº 8.134/90,"0 - Artigo 15, § 6º da Lei n° 8.036/90",,2026-03-29 12:58:13.681214
146,,146,396,DEVOL. I.N.S.S. - 13º SALARIO,1623 - Ressarcimento de provisão,0,11,0,Rubrica com inconsistência de IRRF,"0 - Artigo 28, inciso I, da Lei n° 8.212/91","9 - artigo 35, inciso I, alínea p do Decreto n° 9.580/2018",0 - Artigo 15 da Lei n° 8.036/90,,2026-03-29 12:58:13.681214
147,,147,402,PREMIO TEMPO DE SERVICO,1206 - Adicional por tempo de serviço,11,11,11,-,"11 - Artigo 28, inciso I, da Lei n° 8.212/91",11 - Artigos 3º e 7º da Lei nº 7.713/88,11 - Artigo 15 da Lei n° 8.036/90,,2026-03-29 12:58:13.681214
148,,148,403,COMPLEMENTO FERIAS (DISSIDIO),1016 - Férias - Gozadas,11,13,11,-,"11 - Artigo 28, inciso I, da Lei n° 8.212/91",13 - Artigos 3º e 7º da Lei nº 7.713/88,11 - Artigo 15 da Lei n° 8.036/90,,2026-03-29 12:58:13.681214
149,,149,403,COMPLEMENTO FERIAS (DISSIDIO),1016 - Férias - Gozadas,11,13,11,-,"0 - Artigo 28, inciso I, da Lei n° 8.212/91",9 - valor do pagamento informar no 1015,0 - Artigo 15 da Lei n° 8.036/90,,2026-03-29 12:58:13.681214
150,,150,404,DIF. FERIAS,1016 - Férias - Gozadas,11,13,11,-,"11 - Artigo 28, inciso I, da Lei n° 8.212/91",13 - Artigos 3º e 7º da Lei nº 7.713/88,11 - Artigo 15 da Lei n° 8.036/90,,2026-03-29 12:58:13.681214
151,,151,404,DIF. FERIAS,1016 - Férias - Gozadas,11,13,11,-,"0 - Artigo 28, inciso I, da Lei n° 8.212/91",9 - valor do pagamento informar no 1015,0 - Artigo 15 da Lei n° 8.036/90,,2026-03-29 12:58:13.681214
152,,152,405,MEDIAS FERIAS (Ferias),1016 - Férias - Gozadas,11,13,11,-,"11 - Artigo 28, inciso I, da Lei n° 8.212/91",13 - Artigos 3º e 7º da Lei nº 7.713/88,11 - Artigo 15 da Lei n° 8.036/90,,2026-03-29 12:58:13.681214
153,,153,405,MEDIAS FERIAS (Ferias),1016 - Férias - Gozadas,11,13,11,-,"0 - Artigo 28, inciso I, da Lei n° 8.212/91",9 - valor do pagamento informar no 1015,0 - Artigo 15 da Lei n° 8.036/90,,2026-03-29 12:58:13.681214
154,,154,406,1/3 MEDIAS FERIAS (Ferias),1017 - Férias - Gozadas,11,13,11,-,"11 - Artigo 28, inciso I, da Lei n° 8.212/91",13 - Artigos 3º e 7º da Lei nº 7.713/88,11 - http://www.planalto.gov.br/ccivil_03/leis/l7713.htm,,2026-03-29 12:58:13.681214
155,,155,406,1/3 MEDIAS FERIAS (Ferias),1017 - Férias - Gozadas,11,13,11,-,"11 - Artigo 28, inciso I, da Lei n° 8.212/91",9 - valor do pagamento informar no 1015,11 - http://www.planalto.gov.br/ccivil_03/leis/l7713.htm,,2026-03-29 12:58:13.681214
156,,156,407,MEDIAS FERIAS S/ABONO (Ferias),1023 - Férias - abono pecuniário,0,75,0,-,"0 - Artigo 28, § 9º da Lei n° 8.212/91","75 - Artigo 1º da IN RFB n° 936/2009; itens 5, 6 e 7 da Parecer PGFN/PGA nº 2.683/2008","0 - Artigo 15, § 6º da Lei n° 8.036/90",,2026-03-29 12:58:13.681214
157,,157,407,MEDIAS FERIAS S/ABONO (Ferias),1023 - Férias - abono pecuniário,0,75,0,-,"0 - Artigo 28, § 9º da Lei n° 8.212/91",13 - Solução de consulta cosit 209/2021,"0 - Artigo 15, § 6º da Lei n° 8.036/90",,2026-03-29 12:58:13.681214
158,,158,408,1/3 MEDIAS FERIAS S/ABONO (Ferias),1023 - Férias - abono pecuniário,0,75,0,-,"0 - Artigo 28, § 9º da Lei n° 8.212/91","75 - Artigo 1º da IN RFB n° 936/2009; itens 5, 6 e 7 da Parecer PGFN/PGA nº 2.683/2008","0 - Artigo 15, § 6º da Lei n° 8.036/90",,2026-03-29 12:58:13.681214
159,,159,408,1/3 MEDIAS FERIAS S/ABONO (Ferias),1023 - Férias - abono pecuniário,0,75,0,-,"0 - Artigo 28, § 9º da Lei n° 8.212/91",13 - Solução de consulta cosit 209/2021,"0 - Artigo 15, § 6º da Lei n° 8.036/90",,2026-03-29 12:58:13.681214
160,,160,420,ABONO PECUNIARIO RODOVIARIOS,1403 - Abono legal,0,75,0,Rubrica com inconsistência de IRRF,"0 - Artigo 28, inciso I, da Lei n° 8.212/91",11 - Artigos 3º e 7º da Lei nº 7.713/88,0 - Artigo 15 da Lei n° 8.036/90,,2026-03-29 12:58:13.681214
161,,161,421,AJUDA DE CUSTO,1603 - Ajuda de custo,0,73,0,-,"0 - Artigo 28, § 9º da Lei n° 8.212/91","73 - Artigo 6°, inciso XX, da Lei nº 7.713/88","0 - Artigo 15, § 6º da Lei n° 8.036/90",,2026-03-29 12:58:13.681214
162,,162,426,COMBUSTIVEL,1620 - Ressarcimento de despesas pelo uso de veículo próprio,0,0,0,Rubrica com inconsistência de IRRF,"0 - Artigo 28, § 9º da Lei n° 8.212/91",11 - Artigos 3º e 7º da Lei nº 7.713/88; Acórdão nº 10-39726/2012,"0 - Artigo 15, § 6º da Lei n° 8.036/90",,2026-03-29 12:58:13.681214
163,,163,428,REEMBOLSO DESC. INDEVIDO,1629 - Ressarcimento de outras despesas – em caráter indenizatório patrimonial,0,9,0,-,"0 - Artigo 28, § 9º da Lei n° 8.212/91",9 - Artigo 6º da Lei nº 7.713/88,"0 - Artigo 15, § 6º da Lei n° 8.036/90",,2026-03-29 12:58:13.681214
164,,164,430,DEVOLUCAO DESC. VT,1629 - Ressarcimento de outras despesas – em caráter indenizatório patrimonial,0,0,0,Rubrica com inconsistência de IRRF,"0 - Artigo 28, § 9º da Lei n° 8.212/91",9 - Artigo 6º da Lei nº 7.713/88,"0 - Artigo 15, § 6º da Lei n° 8.036/90",,2026-03-29 12:58:13.681214
165,,165,431,DEVOLUCAO DESC. MULTAS TRANSITO,2920 - Reembolsos diversos,0,0,0,Rubrica com inconsistência de IRRF,"11 - Artigo 28, inciso I, da Lei n° 8.212/91",11 - Artigos 3º e 7º da Lei nº 7.713/88,11 - Artigo 15 da Lei n° 8.036/90,,2026-03-29 12:58:13.681214
166,,166,431,DEVOLUCAO DESC. MULTAS TRANSITO,2920 - Reembolsos diversos,0,0,0,Rubrica com inconsistência de IRRF,"0 - Artigo 28, inciso I, da Lei n° 8.212/91",11 - Artigos 3º e 7º da Lei nº 7.713/88,"0 - Artigo 15, § 6º da Lei n° 8.036/90",,2026-03-29 12:58:13.681214
167,,167,439,HORAS EXTRAS 100% MES ANTERIOR,1003 - Horas extraordinárias,11,11,11,-,"11 - Artigo 28, inciso I, da Lei n° 8.212/91",11 - Artigos 3º e 7º da Lei nº 7.713/88,11 - Artigo 15 da Lei n° 8.036/90,,2026-03-29 12:58:13.681214
168,,168,441,HORAS EXTRAS 50% MES ANTERIOR,1003 - Horas extraordinárias,11,11,11,-,"11 - Artigo 28, inciso I, da Lei n° 8.212/91",11 - Artigos 3º e 7º da Lei nº 7.713/88,11 - Artigo 15 da Lei n° 8.036/90,,2026-03-29 12:58:13.681214
169,,169,444,DIF. VA E VR - CCT,"1806 - Alimentação em ticket ou cartão, vinculada ao PAT",0,9,0,-,"0 - Artigo 28, inciso I, da Lei n° 8.212/91","9 - artigo 35, inciso I, alínea p do Decreto n° 9.580/2018",0 - Artigo 15 da Lei n° 8.036/90,,2026-03-29 12:58:13.681214
170,,170,449,GRATIFICACAO,1211 - Gratificações,11,11,11,-,"11 - Artigo 28, inciso I, da Lei n° 8.212/91",11 - Artigos 3º e 7º da Lei nº 7.713/88,11 - Artigo 15 da Lei n° 8.036/90,,2026-03-29 12:58:13.681214
171,,171,457,ADIC. NOTURNO C/20%,1205 - Adicional noturno,11,11,11,-,"11 - Artigo 28, inciso I, da Lei n° 8.212/91",11 - Artigos 3º e 7º da Lei nº 7.713/88,11 - Artigo 15 da Lei n° 8.036/90,,2026-03-29 12:58:13.681214
172,,172,459,13 SALARIO,5001 - 13º salário,12,12,12,-,"12 - Artigo 28, inciso I, da Lei n° 8.212/91",12 - Artigos 3º e 7º da Lei nº 7.713/88,12 - Artigo 15 da Lei n° 8.036/90,,2026-03-29 12:58:13.681214
173,,173,462,DESC H EXTRAS 50% - MES ANT,1003 - Horas extraordinárias,11,11,11,-,"11 - Artigo 28, inciso I, da Lei n° 8.212/91",11 - Artigos 3º e 7º da Lei nº 7.713/88,11 - Artigo 15 da Lei n° 8.036/90,,2026-03-29 12:58:13.681214
174,,174,464,DIF. 13º SALARIO,5001 - 13º salário,12,12,12,-,"12 - Artigo 28, inciso I, da Lei n° 8.212/91",12 - Artigos 3º e 7º da Lei nº 7.713/88,12 - Artigo 15 da Lei n° 8.036/90,,2026-03-29 12:58:13.681214
175,,175,465,DIF. 13º SALARIO,5001 - 13º salário,12,12,12,-,"12 - Artigo 28, inciso I, da Lei n° 8.212/91",12 - Artigos 3º e 7º da Lei nº 7.713/88,12 - Artigo 15 da Lei n° 8.036/90,,2026-03-29 12:58:13.681214
176,,176,469,13º SALARIO S/SALARIO MATERNIDADE,4051 - Salário maternidade - 13º salário,22,12,12,-,"22 - Artigo 28, inciso I, da Lei n° 8.212/91",12 - Artigo 26 da Lei nº 7.713/88,12 - Artigo 15 da Lei n° 8.036/90,,2026-03-29 12:58:13.681214
177,,177,470,13º SALARIO,5001 - 13º salário,12,12,12,-,"12 - Artigo 28, inciso I, da Lei n° 8.212/91",12 - Artigos 3º e 7º da Lei nº 7.713/88,12 - Artigo 15 da Lei n° 8.036/90,,2026-03-29 12:58:13.681214
178,,178,478,ARTIGO 477,6106 - Multa do art. 477 da CLT.,0,0,0,Rubrica com inconsistência de IRRF,"0 - Artigo 28, § 9º da Lei n° 8.212/91","74 - Artigo 6º, inciso V da Lei nº 7.713/88","0 - Artigo 15, § 6º da Lei n° 8.036/90",,2026-03-29 12:58:13.681214
179,,179,479,INDENIZACAO ARTº 479,6104 - Indenização do art. 479 da CLT,0,0,0,Rubrica com inconsistência de IRRF,"0 - Artigo 28, § 9º da Lei n° 8.212/91","74 - Artigo 6º, inciso V da Lei nº 7.713/88 e artigo 28 da Lei nº 8.036/90","0 - Artigo 15, § 6º da Lei n° 8.036/90",,2026-03-29 12:58:13.681214
180,,180,480,ADIC. S/13º SALARIO,5001 - 13º salário,12,12,12,-,"12 - Artigo 28, inciso I, da Lei n° 8.212/91",12 - Artigos 3º e 7º da Lei nº 7.713/88,12 - Artigo 15 da Lei n° 8.036/90,,2026-03-29 12:58:13.681214
181,,181,481,ADIC. 13º SALARIO S/AVISO PREVIO,6001 - 13º salário relativo ao aviso-prévio indenizado,12,12,21,Rubrica com inconsistência de IRRF,"12 - Artigo 28, inciso I, da Lei n° 8.212/91","74 - 1.500/2014 (art. 7º, inciso III)",21 - Artigo 15 da Lei n° 8.036/90,,2026-03-29 12:58:13.681214
182,,182,482,ADIC. PERICULOSIDADE S/2ª PARCELA 13º SALARIO,5001 - 13º salário,12,12,12,-,"12 - Artigo 28, inciso I, da Lei n° 8.212/91",12 - Artigos 3º e 7º da Lei nº 7.713/88,12 - Artigo 15 da Lei n° 8.036/90,,2026-03-29 12:58:13.681214
183,,183,483,F.G.T.S. MES ANTERIOR,9908 - FGTS - depósito,0,0,0,Rubrica com inconsistência de IRRF,"0 - Artigo 28, § 9º da Lei n° 8.212/91",9 - Artigo 7º da Lei nº 8.134/90,"0 - Artigo 15, § 6º da Lei n° 8.036/90",,2026-03-29 12:58:13.681214
184,,184,488,DIF. VALE REFEICAO,"1806 - Alimentação em ticket ou cartão, vinculada ao PAT",0,9,0,-,"0 - Artigo 28, inciso I, da Lei n° 8.212/91","9 - artigo 35, inciso I, alínea p do Decreto n° 9.580/2018",0 - Artigo 15 da Lei n° 8.036/90,,2026-03-29 12:58:13.681214
185,,185,490,DIF. ASSISTENCIA MEDICA,1405 - Assistência médica,0,0,0,Rubrica com inconsistência de IRRF,"0 - Artigo 28, § 9º da Lei n° 8.212/91","9 - artigo 35, inciso I, alínea p do Decreto n° 9.580/2018",0 - Artigo 15 da Lei n° 8.036/90,,2026-03-29 12:58:13.681214
186,,186,499,DIF. VALE-TRANSPORTE,1810 - Transporte (Servidores e Empregados Públicos),0,0,0,Rubrica com inconsistência de IRRF,"0 - Artigo 28, § 9º da Lei n° 8.212/91",9 - Artigos 5º da IN 1500/2014,0 - Precedente Administrativo nº 3,,2026-03-29 12:58:13.681214
187,,187,499,DIF. VALE-TRANSPORTE,1810 - Transporte (Servidores e Empregados Públicos),0,0,0,Rubrica com inconsistência de IRRF,"0 - Artigo 28, § 9º da Lei n° 8.212/91",9 - Artigos 5º da IN 1500/2014,"11 - Precedente Administrativo nº 3, Ato Declaratório 04/2002",,2026-03-29 12:58:13.681214
188,,188,500,DESC. FALTAS (DIAS),"9207 - Desconto decorrente de ausência de trabalho durante todo o dia em razão de, por exemplo, falta injustificada, suspensão disciplinar, greve",11,11,11,-,"11 - Artigo 28, inciso I, da Lei n° 8.212/91",11 - Artigos 3º e 7º da Lei nº 7.713/88,11 - Artigo 15 da Lei n° 8.036/90,,2026-03-29 12:58:13.681214
189,,189,501,DESC. FALTAS (HORAS),9209 - Faltas ou atrasos,11,11,11,-,"11 - Artigo 28, inciso I, da Lei n° 8.212/91",11 - Artigos 3º e 7º da Lei nº 7.713/88,11 - Artigo 15 da Lei n° 8.036/90,,2026-03-29 12:58:13.681214
190,,190,502,DESC. ATRASO/FALTA HORAS,9209 - Faltas ou atrasos,11,11,11,-,"11 - Artigo 28, inciso I, da Lei n° 8.212/91",11 - Artigos 3º e 7º da Lei nº 7.713/88,11 - Artigo 15 da Lei n° 8.036/90,,2026-03-29 12:58:13.681214
191,,191,503,DESC. D.S.R. S/FALTAS (DIAS),9211 - DSR sobre faltas,11,11,11,-,"11 - Artigo 28, inciso I, da Lei n° 8.212/91",11 - Artigos 3º e 7º da Lei nº 7.713/88,11 - Artigo 15 da Lei n° 8.036/90,,2026-03-29 12:58:13.681214
192,,192,504,DESC. D.S.R. S/FALTAS (HORAS),9210 - DSR s/faltas e atrasos,11,11,11,-,"11 - Artigo 28, inciso I, da Lei n° 8.212/91",11 - Artigos 3º e 7º da Lei nº 7.713/88,11 - Artigo 15 da Lei n° 8.036/90,,2026-03-29 12:58:13.681214
193,,193,505,DESC. ATRASOS/SAIDAS ANTECIPADAS,9209 - Faltas ou atrasos,11,11,11,-,"11 - Artigo 28, inciso I, da Lei n° 8.212/91",11 - Artigos 3º e 7º da Lei nº 7.713/88,11 - Artigo 15 da Lei n° 8.036/90,,2026-03-29 12:58:13.681214
194,,194,506,DESC. ATRASOS/SAIDAS MES ANTERIOR,9209 - Faltas ou atrasos,11,11,11,-,"11 - Artigo 28, inciso I, da Lei n° 8.212/91",11 - Artigos 3º e 7º da Lei nº 7.713/88,11 - Artigo 15 da Lei n° 8.036/90,,2026-03-29 12:58:13.681214
195,,195,507,DESC. D.S.R. MES ANTERIOR,9210 - DSR s/faltas e atrasos,11,11,11,-,"11 - Artigo 28, inciso I, da Lei n° 8.212/91",11 - Artigos 3º e 7º da Lei nº 7.713/88,11 - Artigo 15 da Lei n° 8.036/90,,2026-03-29 12:58:13.681214
196,,196,509,DESC. DEV. HE/A.N./DSR - MES ANT,9299 - Outros descontos,11,11,11,"Rubrica com inconsistência de INSS, IRRF e FGTS","0 - Artigo 28, § 9º da Lei n° 8.212/91",9 - Artigos 3º e 7º da Lei nº 7.713/88,"0 - Artigo 15, § 6º da Lei n° 8.036/90",,2026-03-29 12:58:13.681214
197,,197,510,DESC. DEVOL.PAGTO A MAIOR,9290 - Desconto de pagamento indevido em meses anteriores,11,11,11,-,"11 - Artigo 28, inciso I, da Lei n° 8.212/91",11 - Artigos 3º e 7º da Lei nº 7.713/88,11 - Artigo 15 da Lei n° 8.036/90,,2026-03-29 12:58:13.681214
198,,198,510,DESC. DEVOL.PAGTO A MAIOR,9290 - Desconto de pagamento indevido em meses anteriores,11,11,11,-,"12 - Artigo 28, § 9º da Lei n° 8.212/91",13 - Artigos 3º e 7º da Lei nº 7.713/88,0 - Artigo 15 da Lei n° 8.036/90,,2026-03-29 12:58:13.681214
199,,199,510,DESC. DEVOL.PAGTO A MAIOR,9290 - Desconto de pagamento indevido em meses anteriores,11,11,11,-,http://www.planalto.gov.br/ccivil_03/LEIS/L8212cons.htm,12 - Artigos 3º e 7º da Lei nº 7.713/88,http://www.planalto.gov.br/ccivil_03/LEIS/L8036consol.htm,,2026-03-29 12:58:13.681214
200,,200,511,DESC. DIF.DISSIDIO,9290 - Desconto de pagamento indevido em meses anteriores,11,11,11,-,http://www.planalto.gov.br/ccivil_03/LEIS/L8212cons.htm,11 - Artigos 3º e 7º da Lei nº 7.713/88,http://www.planalto.gov.br/ccivil_03/LEIS/L8036consol.htm,,2026-03-29 12:58:13.681214
201,,201,511,DESC. DIF.DISSIDIO,9290 - Desconto de pagamento indevido em meses anteriores,11,11,11,-,http://www.planalto.gov.br/ccivil_03/LEIS/L8212cons.htm,13 - Artigos 3º e 7º da Lei nº 7.713/88,http://www.planalto.gov.br/ccivil_03/LEIS/L8036consol.htm,,2026-03-29 12:58:13.681214
202,,202,511,DESC. DIF.DISSIDIO,9290 - Desconto de pagamento indevido em meses anteriores,11,11,11,-,http://www.planalto.gov.br/ccivil_03/LEIS/L8212cons.htm,12 - Artigos 3º e 7º da Lei nº 7.713/88,http://www.planalto.gov.br/ccivil_03/LEIS/L8036consol.htm,,2026-03-29 12:58:13.681214
203,,203,512,DESC. FALTAS HORAS MES ANTERIOR,9209 - Faltas ou atrasos,11,11,11,-,http://www.planalto.gov.br/ccivil_03/LEIS/L8212cons.htm,11 - Artigos 3º e 7º da Lei nº 7.713/88,http://www.planalto.gov.br/ccivil_03/LEIS/L8036consol.htm,,2026-03-29 12:58:13.681214
204,,204,516,DESC. ASSIST. ODONTOLOGICA DEPENDENTE,9219 - Desconto de assistência médica ou odontológica - Plano coletivo empresarial,0,9,0,Rubrica com inconsistência de IRRF,http://www.planalto.gov.br/ccivil_03/LEIS/L8212cons.htm,67 - Artigos 3º e 7º da Lei nº 7.713/88,http://www.planalto.gov.br/ccivil_03/LEIS/L8036consol.htm,,2026-03-29 12:58:13.681214
205,,205,519,DESC. CONTRIB. ASSISTENCIAL LABORAL,9232 - Contribuição Sindical - Assistencial,0,9,0,-,"0 - Artigo 28, § 9º da Lei n° 8.212/91",9 - Artigo 4º da Lei nº 9.250/95,0 - Artigo 15 da Lei n° 8.036/90,,2026-03-29 12:58:13.681214
206,,206,520,DESC. AVARIA,9270 - Danos e prejuízos causados pelo trabalhador,0,0,0,Rubrica com inconsistência de IRRF,"0 - Artigo 28, § 9º da Lei n° 8.212/91",9 - Artigo 4º da Lei nº 9.250/95,0 - Artigo 15 da Lei n° 8.036/90,,2026-03-29 12:58:13.681214
207,,207,521,DESC. AVISO PREVIO,6901 - Desconto do aviso-prévio,0,0,0,Rubrica com inconsistência de IRRF,"0 - Artigo 28, § 9º da Lei n° 8.212/91",9 - Artigos 3º e 7º da Lei nº 7.713/88,"0 - Artigo 15, § 6º da Lei n° 8.036/90",,2026-03-29 12:58:13.681214
208,,208,522,DESC. CO PARTICIPACAO A.M.,9219 - Desconto de assistência médica ou odontológica - Plano coletivo empresarial,0,0,0,Rubrica com inconsistência de IRRF,"0 - Artigo 28, § 9º da Lei n° 8.212/91",67 - Artigos 3º e 7º da Lei nº 7.713/88,"0 - Artigo 15, § 6º da Lei n° 8.036/90",,2026-03-29 12:58:13.681214
209,,209,524,DESC. DIF. SALARIO,9299 - Outros descontos,0,0,0,Rubrica com inconsistência de IRRF,"0 - Artigo 28, § 9º da Lei n° 8.212/91",9 - Artigos 3º e 7º da Lei nº 7.713/88,"0 - Artigo 15, § 6º da Lei n° 8.036/90",,2026-03-29 12:58:13.681214
210,,210,525,DESC. PGTO. ANTECIPADO,9200 - Desconto de Adiantamentos,0,9,0,-,"0 - Artigo 28, § 9º da Lei n° 8.212/91",9 - Artigos 3º e 7º da Lei nº 7.713/88,"0 - Artigo 15, § 6º da Lei n° 8.036/90",,2026-03-29 12:58:13.681214
211,,211,525,DESC. PGTO. ANTECIPADO,9200 - Desconto de Adiantamentos,0,9,0,-,"0 - Artigo 28, § 9º da Lei n° 8.212/91",11 - Artigos 3º e 7º da Lei nº 7.713/88,"0 - Artigo 15, § 6º da Lei n° 8.036/90",,2026-03-29 12:58:13.681214
212,,212,526,DESC. PLR,9232 - Contribuição Sindical - Assistencial,0,0,0,Rubrica com inconsistência de IRRF,"0 - Artigo 28, § 9º da Lei n° 8.212/91",9 - Artigo 4º da Lei nº 9.250/95,0 - Artigo 15 da Lei n° 8.036/90,,2026-03-29 12:58:13.681214
213,,213,530,DESC. VALE-TRANSP DISSIDIO 6%,9216 - Desconto de vale transporte,0,0,0,Rubrica com inconsistência de IRRF,"0 - Artigo 28, § 9º da Lei n° 8.212/91",9 - Artigos 3º e 7º da Lei nº 7.713/88,"0 - Artigo 15, § 6º da Lei n° 8.036/90",,2026-03-29 12:58:13.681214
214,,214,537,DESC. ASSIST. MEDICA,9219 - Desconto de assistência médica ou odontológica - Plano coletivo empresarial,0,0,0,Rubrica com inconsistência de IRRF,"0 - Artigo 28, § 9º da Lei n° 8.212/91",67 - Artigos 3º e 7º da Lei nº 7.713/88,"0 - Artigo 15, § 6º da Lei n° 8.036/90",,2026-03-29 12:58:13.681214
215,,215,540,DESC. SALDO NEGATIVO,2930 - Insuficiência de saldo,0,9,0,-,0 - Sem previsão legal.,9 - Sem previsão legal.,0 - Sem previsão legal.,,2026-03-29 12:58:13.681214
216,,216,541,DESC. ARREDONDAMENTO,2999 - Arredondamentos,0,9,0,-,"0 - Artigo 28, § 9º da Lei n° 8.212/91",9 - Artigos 3º e 7º da Lei nº 7.713/88,"0 - Artigo 15, § 6º da Lei n° 8.036/90",,2026-03-29 12:58:13.681214
217,,217,544,DESC. DIVERSOS,9299 - Outros descontos,0,0,0,Rubrica com inconsistência de IRRF,"0 - Artigo 28, § 9º da Lei n° 8.212/91",9 - Artigos 3º e 7º da Lei nº 7.713/88,"0 - Artigo 15, § 6º da Lei n° 8.036/90",,2026-03-29 12:58:13.681214
218,,218,546,DESC. ADIANT. NORMAL (FORAMES),9200 - Desconto de Adiantamentos,0,11,0,-,"0 - Artigo 28, § 9º da Lei n° 8.212/91",9 - Artigos 3º e 7º da Lei nº 7.713/88,"0 - Artigo 15, § 6º da Lei n° 8.036/90",,2026-03-29 12:58:13.681214
219,,219,546,DESC. ADIANT. NORMAL (FORAMES),9200 - Desconto de Adiantamentos,0,11,0,-,"0 - Artigo 28, § 9º da Lei n° 8.212/91",11 - Artigos 3º e 7º da Lei nº 7.713/88,"0 - Artigo 15, § 6º da Lei n° 8.036/90",,2026-03-29 12:58:13.681214
220,,220,547,DESC. ESTACIONAMENTO,9299 - Outros descontos,0,0,0,Rubrica com inconsistência de IRRF,"0 - Artigo 28, § 9º da Lei n° 8.212/91",9 - Artigos 3º e 7º da Lei nº 7.713/88,"0 - Artigo 15, § 6º da Lei n° 8.036/90",,2026-03-29 12:58:13.681214
221,,221,548,DESC. VR NAO UTILIZADO,"9243 - Cesta básica ou refeição, vinculada ao PAT - Desconto",0,9,0,-,"0 - Artigo 28, §9º da Lei n° 8.212/91",9 - Artigos 3º e 7º da Lei nº 7.713/88,0 - Artigo 15 da Lei n° 8.036/90,,2026-03-29 12:58:13.681214
222,,222,550,DESC. PAGTO. INDEVIDO,9299 - Outros descontos,0,0,0,Rubrica com inconsistência de IRRF,"0 - Artigo 28, § 9º da Lei n° 8.212/91",9 - Artigos 3º e 7º da Lei nº 7.713/88,"0 - Artigo 15, § 6º da Lei n° 8.036/90",,2026-03-29 12:58:13.681214
223,,223,552,DESC. CONTRIB. ASSISTENCIAL LABORAL,9232 - Contribuição Sindical - Assistencial,0,0,0,Rubrica com inconsistência de IRRF,"0 - Artigo 28, § 9º da Lei n° 8.212/91",9 - Artigo 4º da Lei nº 9.250/95,0 - Artigo 15 da Lei n° 8.036/90,,2026-03-29 12:58:13.681214
224,,224,554,DESC. 13º SALARIO,9214 - 13° salário - desconto de adiantamento,12,12,12,Rubrica com inconsistência de INSS e IRRF,"0 - Artigo 28, § 9º, da Lei n° 8.212/91",9 - Artigos 26 da Lei nº 7.713/88,12 - Artigo 15 da Lei n° 8.036/90,,2026-03-29 12:58:13.681214
225,,225,555,DESC. 13º SALARIO ANTECIPADO,9214 - 13° salário - desconto de adiantamento,0,0,12,Rubrica com inconsistência de IRRF,"0 - Artigo 28, § 9º, da Lei n° 8.212/91",9 - Artigos 26 da Lei nº 7.713/88,12 - Artigo 15 da Lei n° 8.036/90,,2026-03-29 12:58:13.681214
226,,226,556,DESC. MEDIAS ANTECIPACAO 13º SALARIO,9214 - 13° salário - desconto de adiantamento,0,0,12,Rubrica com inconsistência de IRRF,"0 - Artigo 28, § 9º, da Lei n° 8.212/91",9 - Artigos 26 da Lei nº 7.713/88,12 - Artigo 15 da Lei n° 8.036/90,,2026-03-29 12:58:13.681214
227,,227,558,DESC. ANTEC. ADIC. INSALUBRIDADE S/13º 1ª PARCELA,9214 - 13° salário - desconto de adiantamento,0,0,12,Rubrica com inconsistência de IRRF,"0 - Artigo 28, § 9º, da Lei n° 8.212/91",9 - Artigos 26 da Lei nº 7.713/88,12 - Artigo 15 da Lei n° 8.036/90,,2026-03-29 12:58:13.681214
228,,228,560,DESC. FERIAS PAGAS,9221 - Desconto de férias,0,9,0,-,"0 - Artigo 28, § 9º da Lei n° 8.212/91",9 - Artigos 3º e 7º da Lei nº 7.713/88,"0 - Artigo 15, § 6º da Lei n° 8.036/90",,2026-03-29 12:58:13.681214
229,,229,560,DESC. FERIAS PAGAS,9221 - Desconto de férias,0,9,0,-,"11 - Artigo 28, inciso I, da Lei n° 8.212/91",13 - Artigo 12-A da Lei nº 7.713/88,11 - Artigo 15 da Lei n° 8.036/90,,2026-03-29 12:58:13.681214
230,,230,564,DESC. 2ª VIA CARTAO ALIMENTACAO,9299 - Outros descontos,0,9,0,-,"0 - Artigo 28, § 9º da Lei n° 8.212/91",9 - Artigos 3º e 7º da Lei nº 7.713/88,"0 - Artigo 15, § 6º da Lei n° 8.036/90",,2026-03-29 12:58:13.681214
231,,231,566,DESC. I.N.S.S.,9201 - Contribuição Previdenciária,31,11,0,Rubrica com inconsistência de IRRF,"31 - Artigo 28, § 9º da Lei n° 8.212/91","41 - Artigo 4º, inciso IV, da Lei nº 9.250/95",0 - Artigo 15 da Lei n° 8.036/90,,2026-03-29 12:58:13.681214
232,,232,566,DESC. I.N.S.S.,9201 - Contribuição Previdenciária,31,11,0,Rubrica com inconsistência de IRRF,"32 - Artigo 28, § 9º da Lei n° 8.212/91","42 - Artigo 4º, inciso IV, da Lei nº 9.250/95",0 - Artigo 15 da Lei n° 8.036/90,,2026-03-29 12:58:13.681214
233,,233,566,DESC. I.N.S.S.,9201 - Contribuição Previdenciária,31,11,0,Rubrica com inconsistência de IRRF,http://www.planalto.gov.br/ccivil_03/LEIS/L8212cons.htm,"9 - Artigo 4º, inciso IV, da Lei nº 9.250/95",0 - Artigo 15 da Lei n° 8.036/90,,2026-03-29 12:58:13.681214
234,,234,570,DESC. I.R.F.,9203 - Imposto de renda retido na fonte,0,31,0,-,http://www.planalto.gov.br/ccivil_03/LEIS/L8212cons.htm,31 - Artigos 26 da Lei nº 7.713/88 e artigo 16 da Lei nº 8.134/90,"0 - Artigo 15, § 6º da Lei n° 8.036/90",,2026-03-29 12:58:13.681214
235,,235,570,DESC. I.R.F.,9203 - Imposto de renda retido na fonte,0,31,0,-,http://www.planalto.gov.br/ccivil_03/LEIS/L8212cons.htm,33 - Artigos 3° inciso II e § 4º da Lei nº 7.713/88 e Ato Declaratório PGFN nº 06/2008,"0 - Artigo 15, § 6º da Lei n° 8.036/90",,2026-03-29 12:58:13.681214
236,,236,570,DESC. I.R.F.,9203 - Imposto de renda retido na fonte,0,31,0,-,http://www.planalto.gov.br/ccivil_03/LEIS/L8212cons.htm,32 - Artigos 26 da Lei nº 7.713/88 e artigo 16 da Lei nº 8.134/90,"0 - Artigo 15, § 6º da Lei n° 8.036/90",,2026-03-29 12:58:13.681214
237,,237,570,DESC. I.R.F.,9203 - Imposto de renda retido na fonte,0,31,0,-,http://www.planalto.gov.br/ccivil_03/LEIS/L8212cons.htm,"34 - Artigo 2º, §§ 5º a 7º, da Lei nº 10.101/2000","0 - Artigo 15, § 6º da Lei n° 8.036/90",,2026-03-29 12:58:13.681214
238,,238,571,DESC. I.R.F. S/FERIAS,9203 - Imposto de renda retido na fonte,0,33,0,-,http://www.planalto.gov.br/ccivil_03/LEIS/L8212cons.htm,31 - Artigos 26 da Lei nº 7.713/88 e artigo 16 da Lei nº 8.134/90,"0 - Artigo 15, § 6º da Lei n° 8.036/90",,2026-03-29 12:58:13.681214
239,,239,571,DESC. I.R.F. S/FERIAS,9203 - Imposto de renda retido na fonte,0,33,0,-,http://www.planalto.gov.br/ccivil_03/LEIS/L8212cons.htm,33 - Artigos 3° inciso II e § 4º da Lei nº 7.713/88 e Ato Declaratório PGFN nº 06/2008,"0 - Artigo 15, § 6º da Lei n° 8.036/90",,2026-03-29 12:58:13.681214
240,,240,571,DESC. I.R.F. S/FERIAS,9203 - Imposto de renda retido na fonte,0,33,0,-,http://www.planalto.gov.br/ccivil_03/LEIS/L8212cons.htm,32 - Artigos 26 da Lei nº 7.713/88 e artigo 16 da Lei nº 8.134/90,"0 - Artigo 15, § 6º da Lei n° 8.036/90",,2026-03-29 12:58:13.681214
241,,241,571,DESC. I.R.F. S/FERIAS,9203 - Imposto de renda retido na fonte,0,33,0,-,http://www.planalto.gov.br/ccivil_03/LEIS/L8212cons.htm,"34 - Artigo 2º, §§ 5º a 7º, da Lei nº 10.101/2000","0 - Artigo 15, § 6º da Lei n° 8.036/90",,2026-03-29 12:58:13.681214
242,,242,572,DESC. I.R.F. S/13º SALARIO,9203 - Imposto de renda retido na fonte,0,32,0,-,http://www.planalto.gov.br/ccivil_03/LEIS/L8212cons.htm,31 - Artigos 26 da Lei nº 7.713/88 e artigo 16 da Lei nº 8.134/90,"0 - Artigo 15, § 6º da Lei n° 8.036/90",,2026-03-29 12:58:13.681214
243,,243,572,DESC. I.R.F. S/13º SALARIO,9203 - Imposto de renda retido na fonte,0,32,0,-,http://www.planalto.gov.br/ccivil_03/LEIS/L8212cons.htm,33 - Artigos 3° inciso II e § 4º da Lei nº 7.713/88 e Ato Declaratório PGFN nº 06/2008,"0 - Artigo 15, § 6º da Lei n° 8.036/90",,2026-03-29 12:58:13.681214
244,,244,572,DESC. I.R.F. S/13º SALARIO,9203 - Imposto de renda retido na fonte,0,32,0,-,http://www.planalto.gov.br/ccivil_03/LEIS/L8212cons.htm,32 - Artigos 26 da Lei nº 7.713/88 e artigo 16 da Lei nº 8.134/90,"0 - Artigo 15, § 6º da Lei n° 8.036/90",,2026-03-29 12:58:13.681214
245,,245,572,DESC. I.R.F. S/13º SALARIO,9203 - Imposto de renda retido na fonte,0,32,0,-,http://www.planalto.gov.br/ccivil_03/LEIS/L8212cons.htm,"34 - Artigo 2º, §§ 5º a 7º, da Lei nº 10.101/2000","0 - Artigo 15, § 6º da Lei n° 8.036/90",,2026-03-29 12:58:13.681214
246,,246,575,DESC. CONTRIB. ASSISTENCIAL - SINDMAN,9232 - Contribuição Sindical - Assistencial,0,0,0,Rubrica com inconsistência de IRRF,http://www.planalto.gov.br/ccivil_03/LEIS/L8212cons.htm,9 - Artigo 4º da Lei nº 9.250/95,0 - Artigo 15 da Lei n° 8.036/90,,2026-03-29 12:58:13.681214
247,,247,577,DESC. VA NAO UTILIZADO MES ANTERIOR,9299 - Outros descontos,0,9,0,-,http://www.planalto.gov.br/ccivil_03/LEIS/L8212cons.htm,9 - Artigos 3º e 7º da Lei nº 7.713/88,"0 - Artigo 15, § 6º da Lei n° 8.036/90",,2026-03-29 12:58:13.681214
248,,248,578,DESC. VALE LANCHE NAO UTILIZADO,"9243 - Cesta básica ou refeição, vinculada ao PAT - Desconto",0,9,0,-,"0 - Artigo 28, §9º da Lei n° 8.212/91",9 - Artigos 3º e 7º da Lei nº 7.713/88,0 - Artigo 15 da Lei n° 8.036/90,,2026-03-29 12:58:13.681214
249,,249,579,DESC. FALTAS (DIAS) MES ANTERIOR,"9207 - Desconto decorrente de ausência de trabalho durante todo o dia em razão de, por exemplo, falta injustificada, suspensão disciplinar, greve",11,11,11,-,"11 - Artigo 28, inciso I, da Lei n° 8.212/91",11 - Artigos 3º e 7º da Lei nº 7.713/88,11 - Artigo 15 da Lei n° 8.036/90,,2026-03-29 12:58:13.681214
250,,250,580,INDENIZACAO ARTº 480,6904 - Multa prevista no art. 480 da CLT,0,0,0,Rubrica com inconsistência de IRRF,"0 - Artigo 28, § 9º da Lei n° 8.212/91","9 - Artigo 6º, inciso V da Lei nº 7.713/88","0 - Artigo 15, § 6º da Lei n° 8.036/90",,2026-03-29 12:58:13.681214
251,,251,582,DESC. CONTRIB. COL. LAB. SINTACLUNS,9232 - Contribuição Sindical - Assistencial,0,0,0,Rubrica com inconsistência de IRRF,"0 - Artigo 28, § 9º da Lei n° 8.212/91",9 - Artigo 4º da Lei nº 9.250/95,0 - Artigo 15 da Lei n° 8.036/90,,2026-03-29 12:58:13.681214
252,,252,584,DESC. MENS. SINDICAL,9231 - Contribuição Sindical - Associativa,0,9,0,-,"0 - Artigo 28, § 9º da Lei n° 8.212/91",9 - Artigo 4º da Lei nº 9.250/95,0 - Artigo 15 da Lei n° 8.036/90,,2026-03-29 12:58:13.681214
253,,253,585,DESC. MENS. SINDICAL MES ANTERIOR,9231 - Contribuição Sindical - Associativa,0,0,0,Rubrica com inconsistência de IRRF,"0 - Artigo 28, § 9º da Lei n° 8.212/91",9 - Artigo 4º da Lei nº 9.250/95,0 - Artigo 15 da Lei n° 8.036/90,,2026-03-29 12:58:13.681214
254,,254,586,DESC. CONTRIB. SINDICAL,9230 - Contribuição Sindical - Compulsória,0,0,0,Rubrica com inconsistência de IRRF,"0 - Artigo 28, § 9º da Lei n° 8.212/91","9 - Artigo 4º, inciso II, da Lei nº 9.250/95",0 - Artigo 15 da Lei n° 8.036/90,,2026-03-29 12:58:13.681214
255,,255,587,DESC. CONTRIB. CONFEDERATIVA,9233 - Contribuição sindical - Confederativa,0,0,0,Rubrica com inconsistência de IRRF,"0 - Artigo 28, § 9º da Lei n° 8.212/91",9 - Artigo 4º da Lei nº 9.250/95,0 - Artigo 15 da Lei n° 8.036/90,,2026-03-29 12:58:13.681214
256,,256,590,DESC. CONTRIB. ASSISTENCIAL MES ANTERIOR,9232 - Contribuição Sindical - Assistencial,0,0,0,Rubrica com inconsistência de IRRF,"0 - Artigo 28, § 9º da Lei n° 8.212/91",9 - Artigo 4º da Lei nº 9.250/95,0 - Artigo 15 da Lei n° 8.036/90,,2026-03-29 12:58:13.681214
257,,257,591,DESC. CONTRIB. COLABORATIVA LABORAL,9232 - Contribuição Sindical - Assistencial,0,9,0,-,"0 - Artigo 28, § 9º da Lei n° 8.212/91",9 - Artigo 4º da Lei nº 9.250/95,0 - Artigo 15 da Lei n° 8.036/90,,2026-03-29 12:58:13.681214
258,,258,592,DESC. CONTRIB. ASSISTENCIAL,9232 - Contribuição Sindical - Assistencial,0,9,0,-,"0 - Artigo 28, § 9º da Lei n° 8.212/91",9 - Artigo 4º da Lei nº 9.250/95,0 - Artigo 15 da Lei n° 8.036/90,,2026-03-29 12:58:13.681214
259,,259,594,DESC. CONTRIB. SOC. LABORAL ANCINE,9232 - Contribuição Sindical - Assistencial,0,0,0,Rubrica com inconsistência de IRRF,"0 - Artigo 28, § 9º da Lei n° 8.212/91",9 - Artigo 4º da Lei nº 9.250/95,0 - Artigo 15 da Lei n° 8.036/90,,2026-03-29 12:58:13.681214
260,,260,595,DESC. CONTRIB. NEGOCIAL,9233 - Contribuição sindical - Confederativa,0,79,0,Rubrica com inconsistência de IRRF,"0 - Artigo 28, § 9º da Lei n° 8.212/91",9 - Artigo 4º da Lei nº 9.250/95,0 - Artigo 15 da Lei n° 8.036/90,,2026-03-29 12:58:13.681214
261,,261,596,DESC. I.N.S.S. S/13º SALARIO,9201 - Contribuição Previdenciária,32,12,0,Rubrica com inconsistência de IRRF,"31 - Artigo 28, § 9º da Lei n° 8.212/91","41 - Artigo 4º, inciso IV, da Lei nº 9.250/95",0 - Artigo 15 da Lei n° 8.036/90,,2026-03-29 12:58:13.681214
262,,262,596,DESC. I.N.S.S. S/13º SALARIO,9201 - Contribuição Previdenciária,32,12,0,Rubrica com inconsistência de IRRF,"32 - Artigo 28, § 9º da Lei n° 8.212/91","42 - Artigo 4º, inciso IV, da Lei nº 9.250/95",0 - Artigo 15 da Lei n° 8.036/90,,2026-03-29 12:58:13.681214
263,,263,596,DESC. I.N.S.S. S/13º SALARIO,9201 - Contribuição Previdenciária,32,12,0,Rubrica com inconsistência de IRRF,http://www.planalto.gov.br/ccivil_03/LEIS/L8212cons.htm,"9 - Artigo 4º, inciso IV, da Lei nº 9.250/95",0 - Artigo 15 da Lei n° 8.036/90,,2026-03-29 12:58:13.681214
264,,264,597,DESC. D.S.R. S/FALTAS (DIAS) MES ANTERIOR,9210 - DSR s/faltas e atrasos,11,11,11,-,http://www.planalto.gov.br/ccivil_03/LEIS/L8212cons.htm,11 - Artigos 3º e 7º da Lei nº 7.713/88,11 - Artigo 15 da Lei n° 8.036/90,,2026-03-29 12:58:13.681214
265,,265,599,DESC H.E PAGO MAIOR,1003 - Horas extraordinárias,11,11,11,-,http://www.planalto.gov.br/ccivil_03/LEIS/L8212cons.htm,11 - Artigos 3º e 7º da Lei nº 7.713/88,11 - Artigo 15 da Lei n° 8.036/90,,2026-03-29 12:58:13.681214
266,,266,600,DESC. ACIDENTE DE TRABALHO (F.G.T.S.),9932 - Auxílio - doença acidentário,0,0,0,Rubrica com inconsistência de IRRF,"0 - Artigo 28, § 9º da Lei n° 8.212/91",9 - Artigo 48 da Lei nº 8.541/92,11 - Artigo 15 da Lei n° 8.036/90,,2026-03-29 12:58:13.681214
267,,267,600,DESC. ACIDENTE DE TRABALHO (F.G.T.S.),9932 - Auxílio - doença acidentário,0,0,0,Rubrica com inconsistência de IRRF,"0 - Artigo 28, § 9º da Lei n° 8.212/91",79 - Artigo 48 da Lei nº 8.541/92,12 - Artigo 15 da Lei n° 8.036/90,,2026-03-29 12:58:13.681214
268,,268,600,DESC. ACIDENTE DE TRABALHO (F.G.T.S.),9932 - Auxílio - doença acidentário,0,0,0,Rubrica com inconsistência de IRRF,"0 - Artigo 28, § 9º da Lei n° 8.212/91",http://www.planalto.gov.br/ccivil_03/leis/l7713.htm,0 - Artigo 15 da Lei n° 8.036/90,,2026-03-29 12:58:13.681214
269,,269,601,DESC. AUXILIO DOENCA,9933 - Auxílio-doença,0,9,0,-,"0 - Artigo 28, § 9º da Lei n° 8.212/91",http://www.planalto.gov.br/ccivil_03/leis/l7713.htm,0 - Artigo 15 da Lei n° 8.036/90,,2026-03-29 12:58:13.681214
270,,270,605,DESC. ASSIST. ODONTO. DEPENDENTE,9219 - Desconto de assistência médica ou odontológica - Plano coletivo empresarial,0,0,0,Rubrica com inconsistência de IRRF,"0 - Artigo 28, § 9º da Lei n° 8.212/91",http://www.planalto.gov.br/ccivil_03/leis/l7713.htm,"0 - Artigo 15, § 6º da Lei n° 8.036/90",,2026-03-29 12:58:13.681214
271,,271,606,DESC. ASSIST. ODONTO. DEPENDENTE,9219 - Desconto de assistência médica ou odontológica - Plano coletivo empresarial,0,9,0,Rubrica com inconsistência de IRRF,"0 - Artigo 28, § 9º da Lei n° 8.212/91",67 - Artigos 3º e 7º da Lei nº 7.713/88,"0 - Artigo 15, § 6º da Lei n° 8.036/90",,2026-03-29 12:58:13.681214
272,,272,607,DESC. ASSIST. MEDICA,9219 - Desconto de assistência médica ou odontológica - Plano coletivo empresarial,0,0,0,Rubrica com inconsistência de IRRF,"0 - Artigo 28, § 9º da Lei n° 8.212/91",67 - Artigos 3º e 7º da Lei nº 7.713/88,"0 - Artigo 15, § 6º da Lei n° 8.036/90",,2026-03-29 12:58:13.681214
273,,273,610,DESC. VT NAO UTILIZADO MES ANTERIOR,9216 - Desconto de vale transporte,0,0,0,Rubrica com inconsistência de IRRF,"0 - Artigo 28, § 9º da Lei n° 8.212/91",9 - Artigos 3º e 7º da Lei nº 7.713/88,"0 - Artigo 15, § 6º da Lei n° 8.036/90",,2026-03-29 12:58:13.681214
274,,274,611,DESC. VALE ALIMENTACAO - CCT,"9241 - Alimentação em ticket ou cartão, vinculada ao PAT - Desconto",0,9,0,-,"0 - Artigo 28, §9º da Lei n° 8.212/91",9 - Artigos 3º e 7º da Lei nº 7.713/88,0 - Artigo 15 da Lei n° 8.036/90,,2026-03-29 12:58:13.681214
275,,275,612,DESC. PENSAO ALIMENTICIA SALARIO,9213 - Pensão alimentícia,0,51,0,-,"0 - Artigo 28, § 9º da Lei n° 8.212/91","51 - Artigo 4º, inciso IV, da Lei nº 9.250/95","0 - Artigo 15, § 6º da Lei n° 8.036/90",,2026-03-29 12:58:13.681214
276,,276,612,DESC. PENSAO ALIMENTICIA SALARIO,9213 - Pensão alimentícia,0,51,0,-,"0 - Artigo 28, § 9º da Lei n° 8.212/91","52 - Artigo 4º, inciso IV, da Lei nº 9.250/95","0 - Artigo 15, § 6º da Lei n° 8.036/90",,2026-03-29 12:58:13.681214
277,,277,612,DESC. PENSAO ALIMENTICIA SALARIO,9213 - Pensão alimentícia,0,51,0,-,"0 - Artigo 28, § 9º da Lei n° 8.212/91","53 - Artigo 4º, inciso IV, da Lei nº 9.250/95","0 - Artigo 15, § 6º da Lei n° 8.036/90",,2026-03-29 12:58:13.681214
278,,278,612,DESC. PENSAO ALIMENTICIA SALARIO,9213 - Pensão alimentícia,0,51,0,-,"0 - Artigo 28, § 9º da Lei n° 8.212/91","54 - Artigo 3º, § 10 da Lei nº 10.101/2000","0 - Artigo 15, § 6º da Lei n° 8.036/90",,2026-03-29 12:58:13.681214
279,,279,614,DESC. EMPRESTIMO BV,9254 - Empréstimos consignados - desconto,0,9,0,-,"0 - Artigo 28, § 9º da Lei n° 8.212/91",9 - Artigo 7º da Lei nº 8.134/90,"0 - Artigo 15, § 6º da Lei n° 8.036/90",,2026-03-29 12:58:13.681214
280,,280,615,DESC. ASS. MÉDICA MES ANTERIOR,9219 - Desconto de assistência médica ou odontológica - Plano coletivo empresarial,0,0,0,Rubrica com inconsistência de IRRF,"0 - Artigo 28, § 9º da Lei n° 8.212/91",67 - Artigos 3º e 7º da Lei nº 7.713/88,"0 - Artigo 15, § 6º da Lei n° 8.036/90",,2026-03-29 12:58:13.681214
281,,281,616,DESC. CONTRIB. ASSISTENCIAL,9232 - Contribuição Sindical - Assistencial,0,0,0,Rubrica com inconsistência de IRRF,"0 - Artigo 28, § 9º da Lei n° 8.212/91",9 - Artigo 4º da Lei nº 9.250/95,0 - Artigo 15 da Lei n° 8.036/90,,2026-03-29 12:58:13.681214
282,,282,619,DESC. ASS. MÉDICA DEP.,9219 - Desconto de assistência médica ou odontológica - Plano coletivo empresarial,0,0,0,Rubrica com inconsistência de IRRF,"0 - Artigo 28, § 9º da Lei n° 8.212/91",67 - Artigos 3º e 7º da Lei nº 7.713/88,"0 - Artigo 15, § 6º da Lei n° 8.036/90",,2026-03-29 12:58:13.681214
283,,283,621,DESC. BB DETAL,9219 - Desconto de assistência médica ou odontológica - Plano coletivo empresarial,0,0,0,Rubrica com inconsistência de IRRF,"0 - Artigo 28, § 9º da Lei n° 8.212/91",67 - Artigos 3º e 7º da Lei nº 7.713/88,"0 - Artigo 15, § 6º da Lei n° 8.036/90",,2026-03-29 12:58:13.681214
284,,284,624,DESC. VALE REFEIÇÃO - CCT,"9243 - Cesta básica ou refeição, vinculada ao PAT - Desconto",0,9,0,-,"0 - Artigo 28, §9º da Lei n° 8.212/91",9 - Artigos 3º e 7º da Lei nº 7.713/88,0 - Artigo 15 da Lei n° 8.036/90,,2026-03-29 12:58:13.681214
285,,285,626,DESC. ATRASO/FALTA HORAS MES ANTERIOR,9209 - Faltas ou atrasos,11,11,11,-,"11 - Artigo 28, inciso I, da Lei n° 8.212/91",11 - Artigos 3º e 7º da Lei nº 7.713/88,11 - Artigo 15 da Lei n° 8.036/90,,2026-03-29 12:58:13.681214
286,,286,627,DESC. ADIANT. NORMAL(DENTRO DO MES),9200 - Desconto de Adiantamentos,0,11,0,-,"0 - Artigo 28, § 9º da Lei n° 8.212/91",9 - Artigos 3º e 7º da Lei nº 7.713/88,"0 - Artigo 15, § 6º da Lei n° 8.036/90",,2026-03-29 12:58:13.681214
287,,287,627,DESC. ADIANT. NORMAL(DENTRO DO MES),9200 - Desconto de Adiantamentos,0,11,0,-,"0 - Artigo 28, § 9º da Lei n° 8.212/91",11 - Artigos 3º e 7º da Lei nº 7.713/88,"0 - Artigo 15, § 6º da Lei n° 8.036/90",,2026-03-29 12:58:13.681214
288,,288,631,DESC. ASSIST. ODONT. SINTACLUNS,9219 - Desconto de assistência médica ou odontológica - Plano coletivo empresarial,0,0,0,Rubrica com inconsistência de IRRF,"0 - Artigo 28, § 9º da Lei n° 8.212/91",67 - Artigos 3º e 7º da Lei nº 7.713/88,"0 - Artigo 15, § 6º da Lei n° 8.036/90",,2026-03-29 12:58:13.681214
289,,289,632,DESC. CONT.. COLAB. LAB. CABINEIROS,9232 - Contribuição Sindical - Assistencial,0,9,0,-,"0 - Artigo 28, § 9º da Lei n° 8.212/91",9 - Artigo 4º da Lei nº 9.250/95,0 - Artigo 15 da Lei n° 8.036/90,,2026-03-29 12:58:13.681214
290,,290,635,DIF EMPRESTIMO,9254 - Empréstimos consignados - desconto,0,9,0,-,"0 - Artigo 28, § 9º da Lei n° 8.212/91",9 - Artigo 7º da Lei nº 8.134/90,"0 - Artigo 15, § 6º da Lei n° 8.036/90",,2026-03-29 12:58:13.681214
291,,291,638,DESC. ASSIST. ODONT. DEP. SINTACLUNS,9219 - Desconto de assistência médica ou odontológica - Plano coletivo empresarial,0,0,0,Rubrica com inconsistência de IRRF,"0 - Artigo 28, § 9º da Lei n° 8.212/91",67 - Artigos 3º e 7º da Lei nº 7.713/88,"0 - Artigo 15, § 6º da Lei n° 8.036/90",,2026-03-29 12:58:13.681214
292,,292,640,DESC. PENSAO ALIMENTICIA S/13º SALARIO,9213 - Pensão alimentícia,0,52,0,-,"0 - Artigo 28, § 9º da Lei n° 8.212/91","51 - Artigo 4º, inciso IV, da Lei nº 9.250/95","0 - Artigo 15, § 6º da Lei n° 8.036/90",,2026-03-29 12:58:13.681214
293,,293,640,DESC. PENSAO ALIMENTICIA S/13º SALARIO,9213 - Pensão alimentícia,0,52,0,-,"0 - Artigo 28, § 9º da Lei n° 8.212/91","52 - Artigo 4º, inciso IV, da Lei nº 9.250/95","0 - Artigo 15, § 6º da Lei n° 8.036/90",,2026-03-29 12:58:13.681214
294,,294,640,DESC. PENSAO ALIMENTICIA S/13º SALARIO,9213 - Pensão alimentícia,0,52,0,-,"0 - Artigo 28, § 9º da Lei n° 8.212/91","53 - Artigo 4º, inciso IV, da Lei nº 9.250/95","0 - Artigo 15, § 6º da Lei n° 8.036/90",,2026-03-29 12:58:13.681214
295,,295,640,DESC. PENSAO ALIMENTICIA S/13º SALARIO,9213 - Pensão alimentícia,0,52,0,-,"0 - Artigo 28, § 9º da Lei n° 8.212/91","54 - Artigo 3º, § 10 da Lei nº 10.101/2000","0 - Artigo 15, § 6º da Lei n° 8.036/90",,2026-03-29 12:58:13.681214
296,,296,641,DESC. I.N.S.S. (FÉRIAS),9201 - Contribuição Previdenciária,31,13,0,Rubrica com inconsistência de IRRF,"31 - Artigo 28, § 9º da Lei n° 8.212/91","41 - Artigo 4º, inciso IV, da Lei nº 9.250/95",0 - Artigo 15 da Lei n° 8.036/90,,2026-03-29 12:58:13.681214
297,,297,641,DESC. I.N.S.S. (FÉRIAS),9201 - Contribuição Previdenciária,31,13,0,Rubrica com inconsistência de IRRF,"32 - Artigo 28, § 9º da Lei n° 8.212/91","42 - Artigo 4º, inciso IV, da Lei nº 9.250/95",0 - Artigo 15 da Lei n° 8.036/90,,2026-03-29 12:58:13.681214
298,,298,641,DESC. I.N.S.S. (FÉRIAS),9201 - Contribuição Previdenciária,31,13,0,Rubrica com inconsistência de IRRF,http://www.planalto.gov.br/ccivil_03/LEIS/L8212cons.htm,"9 - Artigo 4º, inciso IV, da Lei nº 9.250/95",0 - Artigo 15 da Lei n° 8.036/90,,2026-03-29 12:58:13.681214
299,,299,642,DESC INSALUBRIDADE INDEVIDO,1202 - Adicional de insalubridade,11,11,11,-,http://www.planalto.gov.br/ccivil_03/LEIS/L8212cons.htm,11 - Artigos 3º e 7º da Lei nº 7.713/88,11 - Artigo 15 da Lei n° 8.036/90,,2026-03-29 12:58:13.681214
300,,300,647,DESC. EMPRESTIMO ZIPDIN,9254 - Empréstimos consignados - desconto,0,9,0,-,http://www.planalto.gov.br/ccivil_03/LEIS/L8212cons.htm,9 - Artigo 7º da Lei nº 8.134/90,"0 - Artigo 15, § 6º da Lei n° 8.036/90",,2026-03-29 12:58:13.681214
301,,301,655,DESC. PENSAO ALIMENTICIA SALARIO,9213 - Pensão alimentícia,0,51,0,-,"0 - Artigo 28, § 9º da Lei n° 8.212/91","51 - Artigo 4º, inciso IV, da Lei nº 9.250/95","0 - Artigo 15, § 6º da Lei n° 8.036/90",,2026-03-29 12:58:13.681214
302,,302,655,DESC. PENSAO ALIMENTICIA SALARIO,9213 - Pensão alimentícia,0,51,0,-,"0 - Artigo 28, § 9º da Lei n° 8.212/91","52 - Artigo 4º, inciso IV, da Lei nº 9.250/95","0 - Artigo 15, § 6º da Lei n° 8.036/90",,2026-03-29 12:58:13.681214
303,,303,655,DESC. PENSAO ALIMENTICIA SALARIO,9213 - Pensão alimentícia,0,51,0,-,"0 - Artigo 28, § 9º da Lei n° 8.212/91","53 - Artigo 4º, inciso IV, da Lei nº 9.250/95","0 - Artigo 15, § 6º da Lei n° 8.036/90",,2026-03-29 12:58:13.681214
304,,304,655,DESC. PENSAO ALIMENTICIA SALARIO,9213 - Pensão alimentícia,0,51,0,-,"0 - Artigo 28, § 9º da Lei n° 8.212/91","54 - Artigo 3º, § 10 da Lei nº 10.101/2000","0 - Artigo 15, § 6º da Lei n° 8.036/90",,2026-03-29 12:58:13.681214
305,,305,656,DESC. PENSAO ALIMENTICIA S/13º SALARIO,9213 - Pensão alimentícia,0,52,0,-,"0 - Artigo 28, § 9º da Lei n° 8.212/91","51 - Artigo 4º, inciso IV, da Lei nº 9.250/95","0 - Artigo 15, § 6º da Lei n° 8.036/90",,2026-03-29 12:58:13.681214
306,,306,656,DESC. PENSAO ALIMENTICIA S/13º SALARIO,9213 - Pensão alimentícia,0,52,0,-,"0 - Artigo 28, § 9º da Lei n° 8.212/91","52 - Artigo 4º, inciso IV, da Lei nº 9.250/95","0 - Artigo 15, § 6º da Lei n° 8.036/90",,2026-03-29 12:58:13.681214
307,,307,656,DESC. PENSAO ALIMENTICIA S/13º SALARIO,9213 - Pensão alimentícia,0,52,0,-,"0 - Artigo 28, § 9º da Lei n° 8.212/91","53 - Artigo 4º, inciso IV, da Lei nº 9.250/95","0 - Artigo 15, § 6º da Lei n° 8.036/90",,2026-03-29 12:58:13.681214
308,,308,656,DESC. PENSAO ALIMENTICIA S/13º SALARIO,9213 - Pensão alimentícia,0,52,0,-,"0 - Artigo 28, § 9º da Lei n° 8.212/91","54 - Artigo 3º, § 10 da Lei nº 10.101/2000","0 - Artigo 15, § 6º da Lei n° 8.036/90",,2026-03-29 12:58:13.681214
309,,309,657,DESC. PENSAO ALIMENTICIA EM FERIAS,9213 - Pensão alimentícia,0,53,0,-,"0 - Artigo 28, § 9º da Lei n° 8.212/91","51 - Artigo 4º, inciso IV, da Lei nº 9.250/95","0 - Artigo 15, § 6º da Lei n° 8.036/90",,2026-03-29 12:58:13.681214
310,,310,657,DESC. PENSAO ALIMENTICIA EM FERIAS,9213 - Pensão alimentícia,0,53,0,-,"0 - Artigo 28, § 9º da Lei n° 8.212/91","52 - Artigo 4º, inciso IV, da Lei nº 9.250/95","0 - Artigo 15, § 6º da Lei n° 8.036/90",,2026-03-29 12:58:13.681214
311,,311,657,DESC. PENSAO ALIMENTICIA EM FERIAS,9213 - Pensão alimentícia,0,53,0,-,"0 - Artigo 28, § 9º da Lei n° 8.212/91","53 - Artigo 4º, inciso IV, da Lei nº 9.250/95","0 - Artigo 15, § 6º da Lei n° 8.036/90",,2026-03-29 12:58:13.681214
312,,312,657,DESC. PENSAO ALIMENTICIA EM FERIAS,9213 - Pensão alimentícia,0,53,0,-,"0 - Artigo 28, § 9º da Lei n° 8.212/91","54 - Artigo 3º, § 10 da Lei nº 10.101/2000","0 - Artigo 15, § 6º da Lei n° 8.036/90",,2026-03-29 12:58:13.681214
313,,313,658,DESC. PENSAO ALIM S/ Férias,9213 - Pensão alimentícia,0,11,0,Rubrica com inconsistência de IRRF,"0 - Artigo 28, § 9º da Lei n° 8.212/91","51 - Artigo 4º, inciso IV, da Lei nº 9.250/95","0 - Artigo 15, § 6º da Lei n° 8.036/90",,2026-03-29 12:58:13.681214
314,,314,658,DESC. PENSAO ALIM S/ Férias,9213 - Pensão alimentícia,0,11,0,Rubrica com inconsistência de IRRF,"0 - Artigo 28, § 9º da Lei n° 8.212/91","52 - Artigo 4º, inciso IV, da Lei nº 9.250/95","0 - Artigo 15, § 6º da Lei n° 8.036/90",,2026-03-29 12:58:13.681214
315,,315,658,DESC. PENSAO ALIM S/ Férias,9213 - Pensão alimentícia,0,11,0,Rubrica com inconsistência de IRRF,"0 - Artigo 28, § 9º da Lei n° 8.212/91","53 - Artigo 4º, inciso IV, da Lei nº 9.250/95","0 - Artigo 15, § 6º da Lei n° 8.036/90",,2026-03-29 12:58:13.681214
316,,316,658,DESC. PENSAO ALIM S/ Férias,9213 - Pensão alimentícia,0,11,0,Rubrica com inconsistência de IRRF,"0 - Artigo 28, § 9º da Lei n° 8.212/91","54 - Artigo 3º, § 10 da Lei nº 10.101/2000","0 - Artigo 15, § 6º da Lei n° 8.036/90",,2026-03-29 12:58:13.681214
317,,317,659,DESC. PENSAO ALIMENTICIA ACORDO,9213 - Pensão alimentícia,0,11,0,Rubrica com inconsistência de IRRF,"0 - Artigo 28, § 9º da Lei n° 8.212/91","51 - Artigo 4º, inciso IV, da Lei nº 9.250/95","0 - Artigo 15, § 6º da Lei n° 8.036/90",,2026-03-29 12:58:13.681214
318,,318,659,DESC. PENSAO ALIMENTICIA ACORDO,9213 - Pensão alimentícia,0,11,0,Rubrica com inconsistência de IRRF,"0 - Artigo 28, § 9º da Lei n° 8.212/91","52 - Artigo 4º, inciso IV, da Lei nº 9.250/95","0 - Artigo 15, § 6º da Lei n° 8.036/90",,2026-03-29 12:58:13.681214
319,,319,659,DESC. PENSAO ALIMENTICIA ACORDO,9213 - Pensão alimentícia,0,11,0,Rubrica com inconsistência de IRRF,"0 - Artigo 28, § 9º da Lei n° 8.212/91","53 - Artigo 4º, inciso IV, da Lei nº 9.250/95","0 - Artigo 15, § 6º da Lei n° 8.036/90",,2026-03-29 12:58:13.681214
320,,320,659,DESC. PENSAO ALIMENTICIA ACORDO,9213 - Pensão alimentícia,0,11,0,Rubrica com inconsistência de IRRF,"0 - Artigo 28, § 9º da Lei n° 8.212/91","54 - Artigo 3º, § 10 da Lei nº 10.101/2000","0 - Artigo 15, § 6º da Lei n° 8.036/90",,2026-03-29 12:58:13.681214
321,,321,661,REEMB. VT-SALVADORCARD,1810 - Transporte (Servidores e Empregados Públicos),0,0,0,Rubrica com inconsistência de IRRF,"0 - Artigo 28, § 9º da Lei n° 8.212/91",9 - Artigos 5º da IN 1500/2014,0 - Precedente Administrativo nº 3,,2026-03-29 12:58:13.681214
322,,322,661,REEMB. VT-SALVADORCARD,1810 - Transporte (Servidores e Empregados Públicos),0,0,0,Rubrica com inconsistência de IRRF,"0 - Artigo 28, § 9º da Lei n° 8.212/91",9 - Artigos 5º da IN 1500/2014,"11 - Precedente Administrativo nº 3, Ato Declaratório 04/2002",,2026-03-29 12:58:13.681214
323,,323,663,REEMB. VT-SALVADORCARD NAO CARREGADO,1810 - Transporte (Servidores e Empregados Públicos),0,0,0,Rubrica com inconsistência de IRRF,"0 - Artigo 28, § 9º da Lei n° 8.212/91",9 - Artigos 5º da IN 1500/2014,0 - Precedente Administrativo nº 3,,2026-03-29 12:58:13.681214
324,,324,663,REEMB. VT-SALVADORCARD NAO CARREGADO,1810 - Transporte (Servidores e Empregados Públicos),0,0,0,Rubrica com inconsistência de IRRF,"0 - Artigo 28, § 9º da Lei n° 8.212/91",9 - Artigos 5º da IN 1500/2014,"11 - Precedente Administrativo nº 3, Ato Declaratório 04/2002",,2026-03-29 12:58:13.681214
325,,325,664,DESC. VALE ALIMENTACAO MES ANTERIOR,"9241 - Alimentação em ticket ou cartão, vinculada ao PAT - Desconto",0,9,0,-,"0 - Artigo 28, §9º da Lei n° 8.212/91",9 - Artigos 3º e 7º da Lei nº 7.713/88,0 - Artigo 15 da Lei n° 8.036/90,,2026-03-29 12:58:13.681214
326,,326,667,DESC. MENS. SINDICAL,9231 - Contribuição Sindical - Associativa,0,0,0,Rubrica com inconsistência de IRRF,"0 - Artigo 28, § 9º da Lei n° 8.212/91",9 - Artigo 4º da Lei nº 9.250/95,0 - Artigo 15 da Lei n° 8.036/90,,2026-03-29 12:58:13.681214
327,,327,669,ADIC. NOTURNO C/39%,1205 - Adicional noturno,11,11,11,-,"11 - Artigo 28, inciso I, da Lei n° 8.212/91",11 - Artigos 3º e 7º da Lei nº 7.713/88,11 - Artigo 15 da Lei n° 8.036/90,,2026-03-29 12:58:13.681214
328,,328,670,ADIC. NOTURNO C/39%,1205 - Adicional noturno,11,11,11,-,"11 - Artigo 28, inciso I, da Lei n° 8.212/91",11 - Artigos 3º e 7º da Lei nº 7.713/88,11 - Artigo 15 da Lei n° 8.036/90,,2026-03-29 12:58:13.681214
329,,329,671,DESC. VALE-TRANSPORTE NAO UTILIZADO,9216 - Desconto de vale transporte,0,9,0,-,"0 - Artigo 28, § 9º da Lei n° 8.212/91",9 - Artigos 3º e 7º da Lei nº 7.713/88,"0 - Artigo 15, § 6º da Lei n° 8.036/90",,2026-03-29 12:58:13.681214
330,,330,672,DESC. VALE-TRANSPORTE 6%,9216 - Desconto de vale transporte,0,9,0,-,"0 - Artigo 28, § 9º da Lei n° 8.212/91",9 - Artigos 3º e 7º da Lei nº 7.713/88,"0 - Artigo 15, § 6º da Lei n° 8.036/90",,2026-03-29 12:58:13.681214
331,,331,673,DESC. CARTAO BHBUS / OTIMO,9299 - Outros descontos,0,9,0,-,"0 - Artigo 28, § 9º da Lei n° 8.212/91",9 - Artigos 3º e 7º da Lei nº 7.713/88,"0 - Artigo 15, § 6º da Lei n° 8.036/90",,2026-03-29 12:58:13.681214
332,,332,677,DESC. VALE TRANSP. NAO UTILIZADO MES ANT,9216 - Desconto de vale transporte,0,0,0,Rubrica com inconsistência de IRRF,"0 - Artigo 28, § 9º da Lei n° 8.212/91",9 - Artigos 3º e 7º da Lei nº 7.713/88,"0 - Artigo 15, § 6º da Lei n° 8.036/90",,2026-03-29 12:58:13.681214
333,,333,684,ADIC. NOTURNO C/20%,1205 - Adicional noturno,11,11,11,-,"11 - Artigo 28, inciso I, da Lei n° 8.212/91",11 - Artigos 3º e 7º da Lei nº 7.713/88,11 - Artigo 15 da Lei n° 8.036/90,,2026-03-29 12:58:13.681214
334,,334,686,DESC. AVISO PREVIO NAO TRABALHADO,6901 - Desconto do aviso-prévio,0,0,0,Rubrica com inconsistência de IRRF,"0 - Artigo 28, § 9º da Lei n° 8.212/91",9 - Artigos 3º e 7º da Lei nº 7.713/88,"0 - Artigo 15, § 6º da Lei n° 8.036/90",,2026-03-29 12:58:13.681214
335,,335,689,DESC. VT DIF CCT,9216 - Desconto de vale transporte,0,9,0,-,"0 - Artigo 28, § 9º da Lei n° 8.212/91",9 - Artigos 3º e 7º da Lei nº 7.713/88,"0 - Artigo 15, § 6º da Lei n° 8.036/90",,2026-03-29 12:58:13.681214
336,,336,690,DESC. VA E VR DIF CCT,"9243 - Cesta básica ou refeição, vinculada ao PAT - Desconto",0,9,0,-,"0 - Artigo 28, §9º da Lei n° 8.212/91",9 - Artigos 3º e 7º da Lei nº 7.713/88,0 - Artigo 15 da Lei n° 8.036/90,,2026-03-29 12:58:13.681214
337,,337,691,DESC. ANTECIPACAO VT,9216 - Desconto de vale transporte,0,9,0,-,"0 - Artigo 28, § 9º da Lei n° 8.212/91",9 - Artigos 3º e 7º da Lei nº 7.713/88,"0 - Artigo 15, § 6º da Lei n° 8.036/90",,2026-03-29 12:58:13.681214
338,,338,697,ADIC. NOTURNO C/39% MES ANTERIOR,1205 - Adicional noturno,11,11,11,-,"11 - Artigo 28, inciso I, da Lei n° 8.212/91",11 - Artigos 3º e 7º da Lei nº 7.713/88,11 - Artigo 15 da Lei n° 8.036/90,,2026-03-29 12:58:13.681214
339,,339,698,DESC. ADIANT. COMISSOES,9200 - Desconto de Adiantamentos,0,0,0,Rubrica com inconsistência de IRRF,"0 - Artigo 28, § 9º da Lei n° 8.212/91",9 - Artigos 3º e 7º da Lei nº 7.713/88,"0 - Artigo 15, § 6º da Lei n° 8.036/90",,2026-03-29 12:58:13.681214
340,,340,698,DESC. ADIANT. COMISSOES,9200 - Desconto de Adiantamentos,0,0,0,Rubrica com inconsistência de IRRF,"0 - Artigo 28, § 9º da Lei n° 8.212/91",11 - Artigos 3º e 7º da Lei nº 7.713/88,"0 - Artigo 15, § 6º da Lei n° 8.036/90",,2026-03-29 12:58:13.681214
341,,341,700,DESC. F.G.T.S. DEPOSITO RESCISAO - G.R.F.C.,9989 - Outros valores informativos,0,9,0,-,"0 - Artigo 28, inciso I, da Lei n° 8.212/91",9 - Artigo 12-A da Lei nº 7.713/88,0 - Artigo 15 da Lei n° 8.036/90,,2026-03-29 12:58:13.681214
342,,342,701,DESC. 2ª VIA CARTAO ALELO,9299 - Outros descontos,0,0,0,Rubrica com inconsistência de IRRF,"0 - Artigo 28, § 9º da Lei n° 8.212/91",9 - Artigos 3º e 7º da Lei nº 7.713/88,"0 - Artigo 15, § 6º da Lei n° 8.036/90",,2026-03-29 12:58:13.681214
343,,343,702,DESC. 2ª VIA CARTAO REFEICAO,9299 - Outros descontos,0,0,0,Rubrica com inconsistência de IRRF,"0 - Artigo 28, § 9º da Lei n° 8.212/91",9 - Artigos 3º e 7º da Lei nº 7.713/88,"0 - Artigo 15, § 6º da Lei n° 8.036/90",,2026-03-29 12:58:13.681214
344,,344,703,DESC. 2ª VIA CARTAO RIO CARD,9299 - Outros descontos,0,0,0,Rubrica com inconsistência de IRRF,"0 - Artigo 28, § 9º da Lei n° 8.212/91",9 - Artigos 3º e 7º da Lei nº 7.713/88,"0 - Artigo 15, § 6º da Lei n° 8.036/90",,2026-03-29 12:58:13.681214
345,,345,709,DESC. AJUSTE DESP DE VIAGENS,9299 - Outros descontos,0,0,0,Rubrica com inconsistência de IRRF,"0 - Artigo 28, § 9º da Lei n° 8.212/91",9 - Artigos 3º e 7º da Lei nº 7.713/88,"0 - Artigo 15, § 6º da Lei n° 8.036/90",,2026-03-29 12:58:13.681214
346,,346,710,DESC. ALIMENTACAO MES ANTERIOR,"9241 - Alimentação em ticket ou cartão, vinculada ao PAT - Desconto",0,9,0,-,"0 - Artigo 28, §9º da Lei n° 8.212/91",9 - Artigos 3º e 7º da Lei nº 7.713/88,0 - Artigo 15 da Lei n° 8.036/90,,2026-03-29 12:58:13.681214
347,,347,715,DESC. PAGOS ANTECIPADO,9200 - Desconto de Adiantamentos,0,0,0,Rubrica com inconsistência de IRRF,"0 - Artigo 28, § 9º da Lei n° 8.212/91",9 - Artigos 3º e 7º da Lei nº 7.713/88,"0 - Artigo 15, § 6º da Lei n° 8.036/90",,2026-03-29 12:58:13.681214
348,,348,715,DESC. PAGOS ANTECIPADO,9200 - Desconto de Adiantamentos,0,0,0,Rubrica com inconsistência de IRRF,"0 - Artigo 28, § 9º da Lei n° 8.212/91",11 - Artigos 3º e 7º da Lei nº 7.713/88,"0 - Artigo 15, § 6º da Lei n° 8.036/90",,2026-03-29 12:58:13.681214
349,,349,716,DESC. CELULAR NAO DEVOLVIDO,9270 - Danos e prejuízos causados pelo trabalhador,0,0,0,Rubrica com inconsistência de IRRF,"0 - Artigo 28, § 9º da Lei n° 8.212/91",9 - Artigo 4º da Lei nº 9.250/95,0 - Artigo 15 da Lei n° 8.036/90,,2026-03-29 12:58:13.681214
350,,350,724,DESC. MULTA DE TRANSITO,9270 - Danos e prejuízos causados pelo trabalhador,0,0,0,Rubrica com inconsistência de IRRF,"0 - Artigo 28, § 9º da Lei n° 8.212/91",9 - Artigo 4º da Lei nº 9.250/95,0 - Artigo 15 da Lei n° 8.036/90,,2026-03-29 12:58:13.681214
351,,351,727,DESC. REFEIÇÃO MÊS ANTERIOR,"9243 - Cesta básica ou refeição, vinculada ao PAT - Desconto",0,9,0,-,"0 - Artigo 28, §9º da Lei n° 8.212/91",9 - Artigos 3º e 7º da Lei nº 7.713/88,0 - Artigo 15 da Lei n° 8.036/90,,2026-03-29 12:58:13.681214
352,,352,729,DESC. SEGURO DE VIDA,9250 - Seguro de vida - desconto,0,0,0,Rubrica com inconsistência de IRRF,"0 - Artigo 28, § 9º da Lei n° 8.212/91",9 - Artigo 4º da Lei nº 9.250/95,"0 - Artigo 15, § 6º da Lei n° 8.036/90",,2026-03-29 12:58:13.681214
353,,353,730,DESC. SMARTPHONE NAO DEVOLVIDO,9270 - Danos e prejuízos causados pelo trabalhador,0,0,0,Rubrica com inconsistência de IRRF,"0 - Artigo 28, § 9º da Lei n° 8.212/91",9 - Artigo 4º da Lei nº 9.250/95,0 - Artigo 15 da Lei n° 8.036/90,,2026-03-29 12:58:13.681214
354,,354,733,DESC. UNIFORME,9299 - Outros descontos,0,0,0,Rubrica com inconsistência de IRRF,"0 - Artigo 28, § 9º da Lei n° 8.212/91",9 - Artigos 3º e 7º da Lei nº 7.713/88,"0 - Artigo 15, § 6º da Lei n° 8.036/90",,2026-03-29 12:58:13.681214
355,,355,740,"H EXTRAS 50% NOT22,50",1003 - Horas extraordinárias,11,11,11,-,"11 - Artigo 28, inciso I, da Lei n° 8.212/91",11 - Artigos 3º e 7º da Lei nº 7.713/88,11 - Artigo 15 da Lei n° 8.036/90,,2026-03-29 12:58:13.681214
356,,356,741,"ADIC. NOTURNO 22,50%",1205 - Adicional noturno,11,11,11,-,"11 - Artigo 28, inciso I, da Lei n° 8.212/91",11 - Artigos 3º e 7º da Lei nº 7.713/88,11 - Artigo 15 da Lei n° 8.036/90,,2026-03-29 12:58:13.681214
357,,357,743,"H EXTRAS 100% NOT 22,50",1003 - Horas extraordinárias,11,11,11,-,"11 - Artigo 28, inciso I, da Lei n° 8.212/91",11 - Artigos 3º e 7º da Lei nº 7.713/88,11 - Artigo 15 da Lei n° 8.036/90,,2026-03-29 12:58:13.681214
358,,358,744,"H EXTRAS 50% NOT22,50 MES ANTERIOR",1003 - Horas extraordinárias,11,11,11,-,"11 - Artigo 28, inciso I, da Lei n° 8.212/91",11 - Artigos 3º e 7º da Lei nº 7.713/88,11 - Artigo 15 da Lei n° 8.036/90,,2026-03-29 12:58:13.681214
359,,359,746,DIFERENCA CCT,"1000 - Salário, vencimento, soldo ou subsídio",11,11,11,-,"11 - Artigo 28, inciso I, da Lei n° 8.212/91",11 - Artigos 3º e 7º da Lei nº 7.713/88,11 - Artigo 15 da Lei n° 8.036/90,,2026-03-29 12:58:13.681214
360,,360,748,DESC. JUDICIAL - 2,9299 - Outros descontos,0,0,0,Rubrica com inconsistência de IRRF,"0 - Artigo 28, § 9º da Lei n° 8.212/91",9 - Artigos 3º e 7º da Lei nº 7.713/88,"0 - Artigo 15, § 6º da Lei n° 8.036/90",,2026-03-29 12:58:13.681214
361,,361,749,"ADIC. NOTURNO 22,50% - MÊS ANTERIOR",1205 - Adicional noturno,11,11,11,-,"11 - Artigo 28, inciso I, da Lei n° 8.212/91",11 - Artigos 3º e 7º da Lei nº 7.713/88,11 - Artigo 15 da Lei n° 8.036/90,,2026-03-29 12:58:13.681214
362,,362,750,ADIC. NOTURNO C/39% MES ANTERIOR,1205 - Adicional noturno,11,11,11,-,"11 - Artigo 28, inciso I, da Lei n° 8.212/91",11 - Artigos 3º e 7º da Lei nº 7.713/88,11 - Artigo 15 da Lei n° 8.036/90,,2026-03-29 12:58:13.681214
363,,363,751,DESC. CESTA BASICA NAO UTILIZADA,"9243 - Cesta básica ou refeição, vinculada ao PAT - Desconto",0,9,0,-,"0 - Artigo 28, §9º da Lei n° 8.212/91",9 - Artigos 3º e 7º da Lei nº 7.713/88,0 - Artigo 15 da Lei n° 8.036/90,,2026-03-29 12:58:13.681214
364,,364,752,DIF. 1/3 DAS FERIAS,1016 - Férias - Gozadas,11,11,11,Rubrica com inconsistência de IRRF,"11 - Artigo 28, inciso I, da Lei n° 8.212/91",13 - Artigos 3º e 7º da Lei nº 7.713/88,11 - Artigo 15 da Lei n° 8.036/90,,2026-03-29 12:58:13.681214
365,,365,752,DIF. 1/3 DAS FERIAS,1016 - Férias - Gozadas,11,11,11,Rubrica com inconsistência de IRRF,"0 - Artigo 28, inciso I, da Lei n° 8.212/91",9 - valor do pagamento informar no 1015,0 - Artigo 15 da Lei n° 8.036/90,,2026-03-29 12:58:13.681214
366,,366,753,REEMB VALE REFEICAO/ ALIMENTACAO - HORA EXTRA,"1806 - Alimentação em ticket ou cartão, vinculada ao PAT",0,9,0,-,"0 - Artigo 28, inciso I, da Lei n° 8.212/91","9 - artigo 35, inciso I, alínea p do Decreto n° 9.580/2018",0 - Artigo 15 da Lei n° 8.036/90,,2026-03-29 12:58:13.681214
367,,367,755,REEMB. VALE TRANSPORTE - HORA EXTRA,1810 - Transporte (Servidores e Empregados Públicos),0,9,0,-,"0 - Artigo 28, § 9º da Lei n° 8.212/91",9 - Artigos 5º da IN 1500/2014,0 - Precedente Administrativo nº 3,,2026-03-29 12:58:13.681214
368,,368,755,REEMB. VALE TRANSPORTE - HORA EXTRA,1810 - Transporte (Servidores e Empregados Públicos),0,9,0,-,"0 - Artigo 28, § 9º da Lei n° 8.212/91",9 - Artigos 5º da IN 1500/2014,"11 - Precedente Administrativo nº 3, Ato Declaratório 04/2002",,2026-03-29 12:58:13.681214
369,,369,757,DESC. CONTRIB. DE NATUREZA PREVIDENCIARIA,9232 - Contribuição Sindical - Assistencial,0,9,0,-,"0 - Artigo 28, § 9º da Lei n° 8.212/91",9 - Artigo 4º da Lei nº 9.250/95,0 - Artigo 15 da Lei n° 8.036/90,,2026-03-29 12:58:13.681214
370,,370,759,DESC. AUX. DOENÇA INDEVIDO,"1000 - Salário, vencimento, soldo ou subsídio",11,11,11,-,"11 - Artigo 28, inciso I, da Lei n° 8.212/91",11 - Artigos 3º e 7º da Lei nº 7.713/88,11 - Artigo 15 da Lei n° 8.036/90,,2026-03-29 12:58:13.681214
371,,371,762,DESC. MENSALIDADE SINDICAL - BA,9233 - Contribuição sindical - Confederativa,0,9,0,-,"0 - Artigo 28, § 9º da Lei n° 8.212/91",9 - Artigo 4º da Lei nº 9.250/95,0 - Artigo 15 da Lei n° 8.036/90,,2026-03-29 12:58:13.681214
372,,372,763,DESC. MENSALIDADE SINDICAL,9233 - Contribuição sindical - Confederativa,0,9,0,-,"0 - Artigo 28, § 9º da Lei n° 8.212/91",9 - Artigo 4º da Lei nº 9.250/95,0 - Artigo 15 da Lei n° 8.036/90,,2026-03-29 12:58:13.681214
373,,373,764,REEMBOLSO DESC. INDEVIDO,"1000 - Salário, vencimento, soldo ou subsídio",11,11,11,-,"11 - Artigo 28, inciso I, da Lei n° 8.212/91",11 - Artigos 3º e 7º da Lei nº 7.713/88,11 - Artigo 15 da Lei n° 8.036/90,,2026-03-29 12:58:13.681214
374,,374,767,DESC. PAGTO. SALARIO INDEV.,9299 - Outros descontos,11,11,11,"Rubrica com inconsistência de INSS, IRRF e FGTS","0 - Artigo 28, § 9º da Lei n° 8.212/91",9 - Artigos 3º e 7º da Lei nº 7.713/88,"0 - Artigo 15, § 6º da Lei n° 8.036/90",,2026-03-29 12:58:13.681214
375,,375,769,DESC. VALE REFEICAO NAO UTILIZADO MES ANTERIOR,"9241 - Alimentação em ticket ou cartão, vinculada ao PAT - Desconto",0,9,0,-,"0 - Artigo 28, §9º da Lei n° 8.212/91",9 - Artigos 3º e 7º da Lei nº 7.713/88,0 - Artigo 15 da Lei n° 8.036/90,,2026-03-29 12:58:13.681214
376,,376,770,DESC. ADIANT. VALE REFEIÇÃO,"9243 - Cesta básica ou refeição, vinculada ao PAT - Desconto",0,9,0,-,"0 - Artigo 28, §9º da Lei n° 8.212/91",9 - Artigos 3º e 7º da Lei nº 7.713/88,0 - Artigo 15 da Lei n° 8.036/90,,2026-03-29 12:58:13.681214
377,,377,771,DESC. VALE REFEICAO NAO UTILIZADO,"9243 - Cesta básica ou refeição, vinculada ao PAT - Desconto",0,9,0,-,"0 - Artigo 28, §9º da Lei n° 8.212/91",9 - Artigos 3º e 7º da Lei nº 7.713/88,0 - Artigo 15 da Lei n° 8.036/90,,2026-03-29 12:58:13.681214
378,,378,772,DESC. CESTA BASICA,"1808 - Alimentação concedida sob a forma de cesta básica ou refeição, por empresa vinculada ao PAT",0,79,0,Rubrica com inconsistência de IRRF,"0 - Artigo 28, inciso I, da Lei n° 8.212/91","9 - artigo 35, inciso I, alínea p do Decreto n° 9.580/2018",0 - Artigo 15 da Lei n° 8.036/90,,2026-03-29 12:58:13.681214
379,,379,773,DESC. VALE REFEICAO,"9243 - Cesta básica ou refeição, vinculada ao PAT - Desconto",0,9,0,-,"0 - Artigo 28, §9º da Lei n° 8.212/91",9 - Artigos 3º e 7º da Lei nº 7.713/88,0 - Artigo 15 da Lei n° 8.036/90,,2026-03-29 12:58:13.681214
380,,380,774,DESC. ASSIST. MEDICA,9219 - Desconto de assistência médica ou odontológica - Plano coletivo empresarial,0,9,0,Rubrica com inconsistência de IRRF,"0 - Artigo 28, § 9º da Lei n° 8.212/91",67 - Artigos 3º e 7º da Lei nº 7.713/88,"0 - Artigo 15, § 6º da Lei n° 8.036/90",,2026-03-29 12:58:13.681214
381,,381,775,DESC. ASSIST. ODONTOLOGICA,9219 - Desconto de assistência médica ou odontológica - Plano coletivo empresarial,0,9,0,Rubrica com inconsistência de IRRF,"0 - Artigo 28, § 9º da Lei n° 8.212/91",67 - Artigos 3º e 7º da Lei nº 7.713/88,"0 - Artigo 15, § 6º da Lei n° 8.036/90",,2026-03-29 12:58:13.681214
382,,382,776,DESC. VALE ALIMENTACAO,"9241 - Alimentação em ticket ou cartão, vinculada ao PAT - Desconto",0,9,0,-,"0 - Artigo 28, §9º da Lei n° 8.212/91",9 - Artigos 3º e 7º da Lei nº 7.713/88,0 - Artigo 15 da Lei n° 8.036/90,,2026-03-29 12:58:13.681214
383,,383,778,DESC. VALE ALIMENTACAO NAO UTILIZADO,9299 - Outros descontos,0,9,0,-,"0 - Artigo 28, § 9º da Lei n° 8.212/91",9 - Artigos 3º e 7º da Lei nº 7.713/88,"0 - Artigo 15, § 6º da Lei n° 8.036/90",,2026-03-29 12:58:13.681214
384,,384,779,DESC. ASSIST. MEDICA MES ANTERIOR,9219 - Desconto de assistência médica ou odontológica - Plano coletivo empresarial,0,0,0,Rubrica com inconsistência de IRRF,"0 - Artigo 28, § 9º da Lei n° 8.212/91",67 - Artigos 3º e 7º da Lei nº 7.713/88,"0 - Artigo 15, § 6º da Lei n° 8.036/90",,2026-03-29 12:58:13.681214
385,,385,786,ADIANTAMENTO - (PGTO FÉRIAS),5501 - Adiantamento de salários,0,9,0,-,"0 - Artigo 28, § 9º da Lei n° 8.212/91",11 - Artigos 3º e 7º da Lei nº 7.713/88,"0 - Artigo 15, § 6º da Lei n° 8.036/90",,2026-03-29 12:58:13.681214
386,,386,786,ADIANTAMENTO - (PGTO FÉRIAS),5501 - Adiantamento de salários,0,9,0,-,"0 - Artigo 28, § 9º da Lei n° 8.212/91",9 - Artigos 3º e 7º da Lei nº 7.713/88,"0 - Artigo 15, § 6º da Lei n° 8.036/90",,2026-03-29 12:58:13.681214
387,,387,790,DESC. SALARIO MATERNIDADE,9299 - Outros descontos,11,11,11,"Rubrica com inconsistência de INSS, IRRF e FGTS","0 - Artigo 28, § 9º da Lei n° 8.212/91",9 - Artigos 3º e 7º da Lei nº 7.713/88,"0 - Artigo 15, § 6º da Lei n° 8.036/90",,2026-03-29 12:58:13.681214
388,,388,791,MULTA CCT,6129 - Outras verbas não remuneratórias (indenizatórias ou multas),0,79,0,-,"0 - Artigo 28, inciso I, da Lei n° 8.212/91","79 - Artigos 6 da Lei nº 7.713/88 e Artigo 2° da Lei n° 8.036/90, e artigo 65 do Decreto n° 9.580/2018",0 - Artigo 15 da Lei n° 8.036/90,,2026-03-29 12:58:13.681214
389,,389,792,PREMIO ASSIDUIDADE (SEM INCIDENCIA),2501 - Prêmios,0,9,0,Rubrica com inconsistência de IRRF,"0 - ATO SOLUÇÃO DE CONSULTA Nº 5.003, de 09/04/2025",11 - Artigo 36 do Decreto nº 9.580/2018,0 - Artigo 15 da Lei n° 8.036/90,,2026-03-29 12:58:13.681214
390,,390,793,PREMIO ASSIDUIDADE (SEM INCIDENCIA) MÊS ANTERIOR,2501 - Prêmios,0,9,11,Rubrica com inconsistência de IRRF e FGTS,"0 - ATO SOLUÇÃO DE CONSULTA Nº 5.003, de 09/04/2025",11 - Artigo 36 do Decreto nº 9.580/2018,0 - Artigo 15 da Lei n° 8.036/90,,2026-03-29 12:58:13.681214
391,,391,796,PREMIO ASSIDUIDADE,1211 - Gratificações,0,9,0,"Rubrica com inconsistência de INSS, IRRF e FGTS","11 - Artigo 28, inciso I, da Lei n° 8.212/91",11 - Artigos 3º e 7º da Lei nº 7.713/88,11 - Artigo 15 da Lei n° 8.036/90,,2026-03-29 12:58:13.681214
392,,392,806,DESC. EMPRESTIMO NEON,9254 - Empréstimos consignados - desconto,0,9,0,-,"0 - Artigo 28, § 9º da Lei n° 8.212/91",9 - Artigo 7º da Lei nº 8.134/90,"0 - Artigo 15, § 6º da Lei n° 8.036/90",,2026-03-29 12:58:13.681214
393,,393,808,GRATIFICACAO ASSIDUIDADE,1211 - Gratificações,11,11,11,-,"11 - Artigo 28, inciso I, da Lei n° 8.212/91",11 - Artigos 3º e 7º da Lei nº 7.713/88,11 - Artigo 15 da Lei n° 8.036/90,,2026-03-29 12:58:13.681214
394,,394,809,DESC ADIC. PERICULOSIDADE,1203 - Adicional de periculosidade,11,11,11,-,"11 - Artigo 28, inciso I, da Lei n° 8.212/91",11 - Artigos 3º e 7º da Lei nº 7.713/88,11 - Artigo 15 da Lei n° 8.036/90,,2026-03-29 12:58:13.681214
395,,395,811,ACUMULO DE FUNCAO,1201 - Adicional de função / cargo confiança,11,11,11,-,"11 - Artigo 28, inciso I, da Lei n° 8.212/91",11 - Artigos 3º e 7º da Lei nº 7.713/88,11 - Artigo 15 da Lei n° 8.036/90,,2026-03-29 12:58:13.681214
396,,396,814,ADIC. INSALUBRIDADE SOBRE SALARIO,1202 - Adicional de insalubridade,11,11,11,-,"11 - Artigo 28, inciso I, da Lei n° 8.212/91",11 - Artigos 3º e 7º da Lei nº 7.713/88,11 - Artigo 15 da Lei n° 8.036/90,,2026-03-29 12:58:13.681214
397,,397,815,PREMIO ASSIDUIDADE,1211 - Gratificações,11,11,11,-,"11 - Artigo 28, inciso I, da Lei n° 8.212/91",11 - Artigos 3º e 7º da Lei nº 7.713/88,11 - Artigo 15 da Lei n° 8.036/90,,2026-03-29 12:58:13.681214
398,,398,820,SALARIO DIA (INTERMITENTE),"1000 - Salário, vencimento, soldo ou subsídio",11,11,11,-,"11 - Artigo 28, inciso I, da Lei n° 8.212/91",11 - Artigos 3º e 7º da Lei nº 7.713/88,11 - Artigo 15 da Lei n° 8.036/90,,2026-03-29 12:58:13.681214
399,,399,822,D.S.R. S/FERIADO - HS (INTERMITENTE),1012 - Descanso semanal remunerado - DSR e feriado,11,11,11,-,"11 - Artigo 28, inciso I, da Lei n° 8.212/91",11 - Artigos 3º e 7º da Lei nº 7.713/88,11 - Artigo 15 da Lei n° 8.036/90,,2026-03-29 12:58:13.681214
400,,400,823,FERIAS (INTERMITENTE),6006 - Férias proporcionais,0,9,11,Rubrica com inconsistência de IRRF e FGTS,"0 - Artigo 28, § 9º da Lei n° 8.212/91","74 - Artigo 6º, inciso V da Lei nº 7.713/88; artigo 682 do Decreto nº 9.580/2018; ADI SRF 14/2005","0 - Artigo 15, § 6º da Lei n° 8.036/90",,2026-03-29 12:58:13.681214
401,,401,824,1/3 FERIAS (INTERMITENTE),6006 - Férias proporcionais,0,9,11,Rubrica com inconsistência de IRRF e FGTS,"0 - Artigo 28, § 9º da Lei n° 8.212/91","74 - Artigo 6º, inciso V da Lei nº 7.713/88; artigo 682 do Decreto nº 9.580/2018; ADI SRF 14/2005","0 - Artigo 15, § 6º da Lei n° 8.036/90",,2026-03-29 12:58:13.681214
402,,402,828,PREMIO ASSIDUIDADE MÊS ANTERIOR,1211 - Gratificações,11,11,11,-,"11 - Artigo 28, inciso I, da Lei n° 8.212/91",11 - Artigos 3º e 7º da Lei nº 7.713/88,11 - Artigo 15 da Lei n° 8.036/90,,2026-03-29 12:58:13.681214
403,,403,829,PROCESSO TRAB,9218 - Retenções judiciais,0,9,0,-,"0 - Artigo 28, § 9º da Lei n° 8.212/91",9 - Artigo 12-A da Lei nº 7.713/88,"0 - Artigo 15, § 6º da Lei n° 8.036/90",,2026-03-29 12:58:13.681214
404,,404,831,SALARIO MATERNIDADE (MES ANTERIOR),4050 - Salário maternidade,21,11,11,-,"21 - Artigo 28, inciso I, da Lei n° 8.212/91",11 - Artigos 3º e 7º da Lei nº 7.713/88,11 - Artigo 15 da Lei n° 8.036/90,,2026-03-29 12:58:13.681214
405,,405,831,SALARIO MATERNIDADE (MES ANTERIOR),4050 - Salário maternidade,21,11,11,-,15 - IN 2185/2024,11 - Artigos 3º e 7º da Lei nº 7.713/88,11 - Artigo 15 da Lei n° 8.036/90,,2026-03-29 12:58:13.681214
406,,406,834,HORAS EXTRAS 50%,1003 - Horas extraordinárias,11,11,11,-,"11 - Artigo 28, inciso I, da Lei n° 8.212/91",11 - Artigos 3º e 7º da Lei nº 7.713/88,11 - Artigo 15 da Lei n° 8.036/90,,2026-03-29 12:58:13.681214
407,,407,835,HORAS EXTRAS 100%,1003 - Horas extraordinárias,11,11,11,-,"11 - Artigo 28, inciso I, da Lei n° 8.212/91",11 - Artigos 3º e 7º da Lei nº 7.713/88,11 - Artigo 15 da Lei n° 8.036/90,,2026-03-29 12:58:13.681214
408,,408,836,ADIC. NOTURNO C/20%,1205 - Adicional noturno,11,11,11,-,"11 - Artigo 28, inciso I, da Lei n° 8.212/91",11 - Artigos 3º e 7º da Lei nº 7.713/88,11 - Artigo 15 da Lei n° 8.036/90,,2026-03-29 12:58:13.681214
409,,409,837,DESC. FALTAS (DIAS),"9207 - Desconto decorrente de ausência de trabalho durante todo o dia em razão de, por exemplo, falta injustificada, suspensão disciplinar, greve",11,11,11,-,"11 - Artigo 28, inciso I, da Lei n° 8.212/91",11 - Artigos 3º e 7º da Lei nº 7.713/88,11 - Artigo 15 da Lei n° 8.036/90,,2026-03-29 12:58:13.681214
410,,410,838,DESC. PENSAO ALIMENTICIA EM FERIAS,9213 - Pensão alimentícia,0,53,0,-,"0 - Artigo 28, § 9º da Lei n° 8.212/91","51 - Artigo 4º, inciso IV, da Lei nº 9.250/95","0 - Artigo 15, § 6º da Lei n° 8.036/90",,2026-03-29 12:58:13.681214
411,,411,838,DESC. PENSAO ALIMENTICIA EM FERIAS,9213 - Pensão alimentícia,0,53,0,-,"0 - Artigo 28, § 9º da Lei n° 8.212/91","52 - Artigo 4º, inciso IV, da Lei nº 9.250/95","0 - Artigo 15, § 6º da Lei n° 8.036/90",,2026-03-29 12:58:13.681214
412,,412,838,DESC. PENSAO ALIMENTICIA EM FERIAS,9213 - Pensão alimentícia,0,53,0,-,"0 - Artigo 28, § 9º da Lei n° 8.212/91","53 - Artigo 4º, inciso IV, da Lei nº 9.250/95","0 - Artigo 15, § 6º da Lei n° 8.036/90",,2026-03-29 12:58:13.681214
413,,413,838,DESC. PENSAO ALIMENTICIA EM FERIAS,9213 - Pensão alimentícia,0,53,0,-,"0 - Artigo 28, § 9º da Lei n° 8.212/91","54 - Artigo 3º, § 10 da Lei nº 10.101/2000","0 - Artigo 15, § 6º da Lei n° 8.036/90",,2026-03-29 12:58:13.681214
414,,414,840,ADIC. PERICULOSIDADE,1203 - Adicional de periculosidade,11,11,11,-,"11 - Artigo 28, inciso I, da Lei n° 8.212/91",11 - Artigos 3º e 7º da Lei nº 7.713/88,11 - Artigo 15 da Lei n° 8.036/90,,2026-03-29 12:58:13.681214
415,,415,841,DESC. ATRASOS,9209 - Faltas ou atrasos,11,11,11,-,"11 - Artigo 28, inciso I, da Lei n° 8.212/91",11 - Artigos 3º e 7º da Lei nº 7.713/88,11 - Artigo 15 da Lei n° 8.036/90,,2026-03-29 12:58:13.681214
416,,416,842,DESC. CONTRIB. NEGOCIAL,9233 - Contribuição sindical - Confederativa,0,79,0,Rubrica com inconsistência de IRRF,"0 - Artigo 28, § 9º da Lei n° 8.212/91",9 - Artigo 4º da Lei nº 9.250/95,0 - Artigo 15 da Lei n° 8.036/90,,2026-03-29 12:58:13.681214
417,,417,843,DESC AD NOT INDEVIDO,9299 - Outros descontos,11,11,11,"Rubrica com inconsistência de INSS, IRRF e FGTS","0 - Artigo 28, § 9º da Lei n° 8.212/91",9 - Artigos 3º e 7º da Lei nº 7.713/88,"0 - Artigo 15, § 6º da Lei n° 8.036/90",,2026-03-29 12:58:13.681214
418,,418,847,H.EXTRA NOTURNO C/100%,1205 - Adicional noturno,11,11,11,-,"11 - Artigo 28, inciso I, da Lei n° 8.212/91",11 - Artigos 3º e 7º da Lei nº 7.713/88,11 - Artigo 15 da Lei n° 8.036/90,,2026-03-29 12:58:13.681214
419,,419,848,ACUMULO DE FUNCAO MES ANT.,1211 - Gratificações,11,11,11,-,"11 - Artigo 28, inciso I, da Lei n° 8.212/91",11 - Artigos 3º e 7º da Lei nº 7.713/88,11 - Artigo 15 da Lei n° 8.036/90,,2026-03-29 12:58:13.681214
420,,420,850,ADIC. NOTURNO C/100% MES ANTERIOR,1205 - Adicional noturno,11,11,11,-,"11 - Artigo 28, inciso I, da Lei n° 8.212/91",11 - Artigos 3º e 7º da Lei nº 7.713/88,11 - Artigo 15 da Lei n° 8.036/90,,2026-03-29 12:58:13.681214
421,,421,857,DESC. ATRASO/FALTA HORAS MÊS ANTERIOR,9209 - Faltas ou atrasos,11,11,11,-,"11 - Artigo 28, inciso I, da Lei n° 8.212/91",11 - Artigos 3º e 7º da Lei nº 7.713/88,11 - Artigo 15 da Lei n° 8.036/90,,2026-03-29 12:58:13.681214
422,,422,861,DESC. D.S.R. S/FALTAS (HORAS) MÊS ANTERIOR,9210 - DSR s/faltas e atrasos,11,11,11,-,"11 - Artigo 28, inciso I, da Lei n° 8.212/91",11 - Artigos 3º e 7º da Lei nº 7.713/88,11 - Artigo 15 da Lei n° 8.036/90,,2026-03-29 12:58:13.681214
423,,423,862,ADIC. NOTURNO C/20% MES ANTERIOR,1205 - Adicional noturno,11,11,11,-,"11 - Artigo 28, inciso I, da Lei n° 8.212/91",11 - Artigos 3º e 7º da Lei nº 7.713/88,11 - Artigo 15 da Lei n° 8.036/90,,2026-03-29 12:58:13.681214
424,,424,863,ADIC. NOTURNO C/50% MES ANTERIOR,1205 - Adicional noturno,11,11,11,-,"11 - Artigo 28, inciso I, da Lei n° 8.212/91",11 - Artigos 3º e 7º da Lei nº 7.713/88,11 - Artigo 15 da Lei n° 8.036/90,,2026-03-29 12:58:13.681214
425,,425,864,ADIC. INSALUBRIDADE SOBRE SALARIO,1202 - Adicional de insalubridade,11,11,11,-,"11 - Artigo 28, inciso I, da Lei n° 8.212/91",11 - Artigos 3º e 7º da Lei nº 7.713/88,11 - Artigo 15 da Lei n° 8.036/90,,2026-03-29 12:58:13.681214
426,,426,865,PREMIO ASSIDUIDADE,1211 - Gratificações,0,9,0,"Rubrica com inconsistência de INSS, IRRF e FGTS","11 - Artigo 28, inciso I, da Lei n° 8.212/91",11 - Artigos 3º e 7º da Lei nº 7.713/88,11 - Artigo 15 da Lei n° 8.036/90,,2026-03-29 12:58:13.681214
427,,427,869,REEMBOLSO DESC. INDEVIDO,1629 - Ressarcimento de outras despesas – em caráter indenizatório patrimonial,0,9,0,-,"0 - Artigo 28, § 9º da Lei n° 8.212/91",9 - Artigo 6º da Lei nº 7.713/88,"0 - Artigo 15, § 6º da Lei n° 8.036/90",,2026-03-29 12:58:13.681214
428,,428,870,ADICIONAL DE ESTIMULO,1211 - Gratificações,11,11,11,-,"11 - Artigo 28, inciso I, da Lei n° 8.212/91",11 - Artigos 3º e 7º da Lei nº 7.713/88,11 - Artigo 15 da Lei n° 8.036/90,,2026-03-29 12:58:13.681214
429,,429,873,REEMB. 6% VALE TRANSPORTE,1629 - Ressarcimento de outras despesas – em caráter indenizatório patrimonial,0,9,0,-,"0 - Artigo 28, § 9º da Lei n° 8.212/91",9 - Artigo 6º da Lei nº 7.713/88,"0 - Artigo 15, § 6º da Lei n° 8.036/90",,2026-03-29 12:58:13.681214
430,,430,874,DEV. FALTAS (HORAS),"1000 - Salário, vencimento, soldo ou subsídio",11,11,11,-,"11 - Artigo 28, inciso I, da Lei n° 8.212/91",11 - Artigos 3º e 7º da Lei nº 7.713/88,11 - Artigo 15 da Lei n° 8.036/90,,2026-03-29 12:58:13.681214
431,,431,875,DEV. D.S.R FALTAS (HORAS),"1000 - Salário, vencimento, soldo ou subsídio",11,11,11,-,"11 - Artigo 28, inciso I, da Lei n° 8.212/91",11 - Artigos 3º e 7º da Lei nº 7.713/88,11 - Artigo 15 da Lei n° 8.036/90,,2026-03-29 12:58:13.681214
432,,432,882,REEMB. DESC. VALE REFEICAO,"1806 - Alimentação em ticket ou cartão, vinculada ao PAT",0,9,0,-,"0 - Artigo 28, inciso I, da Lei n° 8.212/91","9 - artigo 35, inciso I, alínea p do Decreto n° 9.580/2018",0 - Artigo 15 da Lei n° 8.036/90,,2026-03-29 12:58:13.681214
433,,433,885,PREMIO ASSIDUIDADE MÊS ANTERIOR,1211 - Gratificações,0,11,0,Rubrica com inconsistência de INSS e FGTS,"11 - Artigo 28, inciso I, da Lei n° 8.212/91",11 - Artigos 3º e 7º da Lei nº 7.713/88,11 - Artigo 15 da Lei n° 8.036/90,,2026-03-29 12:58:13.681214
434,,434,891,REEMB VALE LANCHE,"1806 - Alimentação em ticket ou cartão, vinculada ao PAT",0,9,0,-,"0 - Artigo 28, inciso I, da Lei n° 8.212/91","9 - artigo 35, inciso I, alínea p do Decreto n° 9.580/2018",0 - Artigo 15 da Lei n° 8.036/90,,2026-03-29 12:58:13.681214
435,,435,892,REEMB. EXAME RETORNO AO TRABALHO,6129 - Outras verbas não remuneratórias (indenizatórias ou multas),0,9,0,Rubrica com inconsistência de IRRF,"0 - Artigo 28, inciso I, da Lei n° 8.212/91","79 - Artigos 6 da Lei nº 7.713/88 e Artigo 2° da Lei n° 8.036/90, e artigo 65 do Decreto n° 9.580/2018",0 - Artigo 15 da Lei n° 8.036/90,,2026-03-29 12:58:13.681214
436,,436,893,DESC. VALE-TRANSPORTE 6% MÊS ANTERIOR,9216 - Desconto de vale transporte,0,9,0,-,"0 - Artigo 28, § 9º da Lei n° 8.212/91",9 - Artigos 3º e 7º da Lei nº 7.713/88,"0 - Artigo 15, § 6º da Lei n° 8.036/90",,2026-03-29 12:58:13.681214
437,,437,895,DESC. ASSIST. ODONTO. DEPENDENTE MES ANT,9219 - Desconto de assistência médica ou odontológica - Plano coletivo empresarial,0,9,0,Rubrica com inconsistência de IRRF,"0 - Artigo 28, § 9º da Lei n° 8.212/91",67 - Artigos 3º e 7º da Lei nº 7.713/88,"0 - Artigo 15, § 6º da Lei n° 8.036/90",,2026-03-29 12:58:13.681214
438,,438,899,DESC. PAGTO. INDEVIDO,9299 - Outros descontos,11,11,11,"Rubrica com inconsistência de INSS, IRRF e FGTS","0 - Artigo 28, § 9º da Lei n° 8.212/91",9 - Artigos 3º e 7º da Lei nº 7.713/88,"0 - Artigo 15, § 6º da Lei n° 8.036/90",,2026-03-29 12:58:13.681214
439,,439,900,VALE LANCHE NAO UTILIZADO MES ANT,"9243 - Cesta básica ou refeição, vinculada ao PAT - Desconto",0,9,0,-,"0 - Artigo 28, §9º da Lei n° 8.212/91",9 - Artigos 3º e 7º da Lei nº 7.713/88,0 - Artigo 15 da Lei n° 8.036/90,,2026-03-29 12:58:13.681214
440,,440,938,DIFERENCA DE SALARIO,"1000 - Salário, vencimento, soldo ou subsídio",11,11,11,-,"11 - Artigo 28, inciso I, da Lei n° 8.212/91",11 - Artigos 3º e 7º da Lei nº 7.713/88,11 - Artigo 15 da Lei n° 8.036/90,,2026-03-29 12:58:13.681214
441,,441,940,GRATIFICAÇÃO MÊS ANTERIOR,1211 - Gratificações,11,11,11,-,"11 - Artigo 28, inciso I, da Lei n° 8.212/91",11 - Artigos 3º e 7º da Lei nº 7.713/88,11 - Artigo 15 da Lei n° 8.036/90,,2026-03-29 12:58:13.681214
442,,442,948,MULTA POR ATRASO DE SALARIO,6129 - Outras verbas não remuneratórias (indenizatórias ou multas),0,9,0,Rubrica com inconsistência de IRRF,"0 - Artigo 28, inciso I, da Lei n° 8.212/91","79 - Artigos 6 da Lei nº 7.713/88 e Artigo 2° da Lei n° 8.036/90, e artigo 65 do Decreto n° 9.580/2018",0 - Artigo 15 da Lei n° 8.036/90,,2026-03-29 12:58:13.681214
443,,443,950,DIF. ASSISTENCIA MEDICA,1405 - Assistência médica,0,9,0,-,"0 - Artigo 28, § 9º da Lei n° 8.212/91","9 - artigo 35, inciso I, alínea p do Decreto n° 9.580/2018",0 - Artigo 15 da Lei n° 8.036/90,,2026-03-29 12:58:13.681214
444,,444,961,DESC. PENSAO ALIMENTICIA SALARIO,9213 - Pensão alimentícia,0,51,0,-,"0 - Artigo 28, § 9º da Lei n° 8.212/91","51 - Artigo 4º, inciso IV, da Lei nº 9.250/95","0 - Artigo 15, § 6º da Lei n° 8.036/90",,2026-03-29 12:58:13.681214
445,,445,961,DESC. PENSAO ALIMENTICIA SALARIO,9213 - Pensão alimentícia,0,51,0,-,"0 - Artigo 28, § 9º da Lei n° 8.212/91","52 - Artigo 4º, inciso IV, da Lei nº 9.250/95","0 - Artigo 15, § 6º da Lei n° 8.036/90",,2026-03-29 12:58:13.681214
446,,446,961,DESC. PENSAO ALIMENTICIA SALARIO,9213 - Pensão alimentícia,0,51,0,-,"0 - Artigo 28, § 9º da Lei n° 8.212/91","53 - Artigo 4º, inciso IV, da Lei nº 9.250/95","0 - Artigo 15, § 6º da Lei n° 8.036/90",,2026-03-29 12:58:13.681214
447,,447,961,DESC. PENSAO ALIMENTICIA SALARIO,9213 - Pensão alimentícia,0,51,0,-,"0 - Artigo 28, § 9º da Lei n° 8.212/91","54 - Artigo 3º, § 10 da Lei nº 10.101/2000","0 - Artigo 15, § 6º da Lei n° 8.036/90",,2026-03-29 12:58:13.681214
448,,448,964,DESC. PENSAO ALIMENTICIA S/13º SALARIO,9213 - Pensão alimentícia,0,52,0,-,"0 - Artigo 28, § 9º da Lei n° 8.212/91","51 - Artigo 4º, inciso IV, da Lei nº 9.250/95","0 - Artigo 15, § 6º da Lei n° 8.036/90",,2026-03-29 12:58:13.681214
449,,449,964,DESC. PENSAO ALIMENTICIA S/13º SALARIO,9213 - Pensão alimentícia,0,52,0,-,"0 - Artigo 28, § 9º da Lei n° 8.212/91","52 - Artigo 4º, inciso IV, da Lei nº 9.250/95","0 - Artigo 15, § 6º da Lei n° 8.036/90",,2026-03-29 12:58:13.681214
450,,450,964,DESC. PENSAO ALIMENTICIA S/13º SALARIO,9213 - Pensão alimentícia,0,52,0,-,"0 - Artigo 28, § 9º da Lei n° 8.212/91","53 - Artigo 4º, inciso IV, da Lei nº 9.250/95","0 - Artigo 15, § 6º da Lei n° 8.036/90",,2026-03-29 12:58:13.681214
451,,451,964,DESC. PENSAO ALIMENTICIA S/13º SALARIO,9213 - Pensão alimentícia,0,52,0,-,"0 - Artigo 28, § 9º da Lei n° 8.212/91","54 - Artigo 3º, § 10 da Lei nº 10.101/2000","0 - Artigo 15, § 6º da Lei n° 8.036/90",,2026-03-29 12:58:13.681214
452,,452,971,DESC.CESTA BASICA SOCIO,"1808 - Alimentação concedida sob a forma de cesta básica ou refeição, por empresa vinculada ao PAT",0,79,0,Rubrica com inconsistência de IRRF,"0 - Artigo 28, inciso I, da Lei n° 8.212/91","9 - artigo 35, inciso I, alínea p do Decreto n° 9.580/2018",0 - Artigo 15 da Lei n° 8.036/90,,2026-03-29 12:58:13.681214
453,,453,977,ADIC. PERICULOSIDADE S/ HORA EXTRA,1203 - Adicional de periculosidade,11,11,11,-,"11 - Artigo 28, inciso I, da Lei n° 8.212/91",11 - Artigos 3º e 7º da Lei nº 7.713/88,11 - Artigo 15 da Lei n° 8.036/90,,2026-03-29 12:58:13.681214
454,,454,989,DESC. PGTO ASSIDUIDADE MES ANT.,1211 - Gratificações,11,11,11,-,"11 - Artigo 28, inciso I, da Lei n° 8.212/91",11 - Artigos 3º e 7º da Lei nº 7.713/88,11 - Artigo 15 da Lei n° 8.036/90,,2026-03-29 12:58:13.681214
455,,455,992,REEMB. ATRASO (HORAS) - MES ANTERIOR,"1000 - Salário, vencimento, soldo ou subsídio",11,11,11,-,"11 - Artigo 28, inciso I, da Lei n° 8.212/91",11 - Artigos 3º e 7º da Lei nº 7.713/88,11 - Artigo 15 da Lei n° 8.036/90,,2026-03-29 12:58:13.681214
456,,456,993,ADICIONAL DE ESTIMULO MES ANTERIOR,1211 - Gratificações,0,9,0,"Rubrica com inconsistência de INSS, IRRF e FGTS","11 - Artigo 28, inciso I, da Lei n° 8.212/91",11 - Artigos 3º e 7º da Lei nº 7.713/88,11 - Artigo 15 da Lei n° 8.036/90,,2026-03-29 12:58:13.681214
457,,457,995,LICENCA REMUNERADA,1050 - Remuneração de dias de afastamento,11,11,11,-,"11 - Artigo 28, inciso I, da Lei n° 8.212/91",11 - Artigos 3º e 7º da Lei nº 7.713/88,11 - Artigo 15 da Lei n° 8.036/90,,2026-03-29 12:58:13.681214
458,,458,995,LICENCA REMUNERADA,1050 - Remuneração de dias de afastamento,11,11,11,-,0 - Parecer SEI n° 16120/ME 2020,11 - Artigos 3º e 7º da Lei nº 7.713/88,11 - Artigo 15 da Lei n° 8.036/90,,2026-03-29 12:58:13.681214
459,,459,1000,ADIC. NOTURNO C/20% - (HORA EXTRA 100%),1205 - Adicional noturno,11,9,11,Rubrica com inconsistência de IRRF,"11 - Artigo 28, inciso I, da Lei n° 8.212/91",11 - Artigos 3º e 7º da Lei nº 7.713/88,11 - Artigo 15 da Lei n° 8.036/90,,2026-03-29 12:58:13.681214
460,,460,1010,ADIC. INSALUBRIDADE SOBRE SALARIO,1202 - Adicional de insalubridade,11,11,11,-,"11 - Artigo 28, inciso I, da Lei n° 8.212/91",11 - Artigos 3º e 7º da Lei nº 7.713/88,11 - Artigo 15 da Lei n° 8.036/90,,2026-03-29 12:58:13.681214
461,,461,1016,DESC. EMPRESTIMO ECONSIGNADO FGTS,9253 - Desconto de trabalhadores a título de empréstimos na modalidade eConsignado para repasse à instituição financeira consignatária recolhido em guia do FGTS conforme legislação específica,0,9,31,-,"0 - Artigo 28, inciso I, da Lei n° 8.212/91",9 - Artigo 7º da Lei nº 8.134/90,31 - Artigo 15 da Lei n° 8.036/90,,2026-03-29 12:58:13.681214
462,,462,1017,REEMB. EXAME TROCA DE FUNCAO,6129 - Outras verbas não remuneratórias (indenizatórias ou multas),0,9,0,Rubrica com inconsistência de IRRF,"0 - Artigo 28, inciso I, da Lei n° 8.212/91","79 - Artigos 6 da Lei nº 7.713/88 e Artigo 2° da Lei n° 8.036/90, e artigo 65 do Decreto n° 9.580/2018",0 - Artigo 15 da Lei n° 8.036/90,,2026-03-29 12:58:13.681214
463,,463,1018,DESC. VALE REFEICAO MES ANTERIOR,"9241 - Alimentação em ticket ou cartão, vinculada ao PAT - Desconto",0,9,0,-,"0 - Artigo 28, §9º da Lei n° 8.212/91",9 - Artigos 3º e 7º da Lei nº 7.713/88,0 - Artigo 15 da Lei n° 8.036/90,,2026-03-29 12:58:13.681214
464,,464,1023,DIF ADIC. S/13º SALARIO,5001 - 13º salário,12,12,12,-,"12 - Artigo 28, inciso I, da Lei n° 8.212/91",12 - Artigos 3º e 7º da Lei nº 7.713/88,12 - Artigo 15 da Lei n° 8.036/90,,2026-03-29 12:58:13.681214
465,,465,1024,DIF ADIC. FERIAS INDENIZADAS (Rescisao),6007 - Férias vencidas na rescisão,0,9,0,Rubrica com inconsistência de IRRF,"0 - Artigo 28, § 9º da Lei n° 8.212/91","74 - Artigo 6º, inciso V da Lei nº 7.713/88; artigo 682 do Decreto nº 9.580/2018; ADI SRF 14/2005","0 - Artigo 15, § 6º da Lei n° 8.036/90",,2026-03-29 12:58:13.681214
466,,466,1025,LICENCA GESTANTE POR ABORTO NAO CRIMINOSO,4050 - Salário maternidade,21,11,11,-,"21 - Artigo 28, inciso I, da Lei n° 8.212/91",11 - Artigos 3º e 7º da Lei nº 7.713/88,11 - Artigo 15 da Lei n° 8.036/90,,2026-03-29 12:58:13.681214
467,,467,1025,LICENCA GESTANTE POR ABORTO NAO CRIMINOSO,4050 - Salário maternidade,21,11,11,-,15 - IN 2185/2024,11 - Artigos 3º e 7º da Lei nº 7.713/88,11 - Artigo 15 da Lei n° 8.036/90,,2026-03-29 12:58:13.681214
468,,468,1026,PAGTO. VT E VA - REF FERIADOS,1801 - Auxílio-alimentação,0,9,0,-,"11 - Artigo 28, inciso I, da Lei n° 8.212/91",11 - Artigos 3º e 7º da Lei nº 7.713/88,11 - Artigo 15 da Lei n° 8.036/90,,2026-03-29 12:58:13.681214
469,,469,1026,PAGTO. VT E VA - REF FERIADOS,1801 - Auxílio-alimentação,0,9,0,-,"0 - Artigo 28, inciso I, da Lei n° 8.212/91","9 - artigo 35, inciso I, alínea p do Decreto n° 9.580/2018",0 - Artigo 15 da Lei n° 8.036/90,,2026-03-29 12:58:13.681214
470,,470,1031,DIF. MULTA POR ATRASO DE SALARIO,6129 - Outras verbas não remuneratórias (indenizatórias ou multas),0,9,0,Rubrica com inconsistência de IRRF,"0 - Artigo 28, inciso I, da Lei n° 8.212/91","79 - Artigos 6 da Lei nº 7.713/88 e Artigo 2° da Lei n° 8.036/90, e artigo 65 do Decreto n° 9.580/2018",0 - Artigo 15 da Lei n° 8.036/90,,2026-03-29 12:58:13.681214
471,,471,1032,D.S.R (INTERMITENTE),1012 - Descanso semanal remunerado - DSR e feriado,11,11,11,-,"11 - Artigo 28, inciso I, da Lei n° 8.212/91",11 - Artigos 3º e 7º da Lei nº 7.713/88,11 - Artigo 15 da Lei n° 8.036/90,,2026-03-29 12:58:13.681214
472,,472,1033,DESC. EMPRESTIMO ECONSIGNADO FGTS,9253 - Desconto de trabalhadores a título de empréstimos na modalidade eConsignado para repasse à instituição financeira consignatária recolhido em guia do FGTS conforme legislação específica,0,9,31,-,"0 - Artigo 28, inciso I, da Lei n° 8.212/91",9 - Artigo 7º da Lei nº 8.134/90,31 - Artigo 15 da Lei n° 8.036/90,,2026-03-29 12:58:13.681214
473,,473,1034,DESC. EMPRESTIMO ECONSIGNADO FGTS,9253 - Desconto de trabalhadores a título de empréstimos na modalidade eConsignado para repasse à instituição financeira consignatária recolhido em guia do FGTS conforme legislação específica,0,9,31,-,"0 - Artigo 28, inciso I, da Lei n° 8.212/91",9 - Artigo 7º da Lei nº 8.134/90,31 - Artigo 15 da Lei n° 8.036/90,,2026-03-29 12:58:13.681214
474,,474,1035,DESC. EMPRESTIMO ECONSIGNADO FGTS,9253 - Desconto de trabalhadores a título de empréstimos na modalidade eConsignado para repasse à instituição financeira consignatária recolhido em guia do FGTS conforme legislação específica,0,9,31,-,"0 - Artigo 28, inciso I, da Lei n° 8.212/91",9 - Artigo 7º da Lei nº 8.134/90,31 - Artigo 15 da Lei n° 8.036/90,,2026-03-29 12:58:13.681214
475,,475,1036,DESC. EMPRESTIMO ECONSIGNADO FGTS,9253 - Desconto de trabalhadores a título de empréstimos na modalidade eConsignado para repasse à instituição financeira consignatária recolhido em guia do FGTS conforme legislação específica,0,9,31,-,"0 - Artigo 28, inciso I, da Lei n° 8.212/91",9 - Artigo 7º da Lei nº 8.134/90,31 - Artigo 15 da Lei n° 8.036/90,,2026-03-29 12:58:13.681214
476,,476,1037,DESC. EMPRESTIMO ECONSIGNADO FGTS,9253 - Desconto de trabalhadores a título de empréstimos na modalidade eConsignado para repasse à instituição financeira consignatária recolhido em guia do FGTS conforme legislação específica,0,9,31,-,"0 - Artigo 28, inciso I, da Lei n° 8.212/91",9 - Artigo 7º da Lei nº 8.134/90,31 - Artigo 15 da Lei n° 8.036/90,,2026-03-29 12:58:13.681214
477,,477,1038,DESC. EMPRESTIMO ECONSIGNADO FGTS,9253 - Desconto de trabalhadores a título de empréstimos na modalidade eConsignado para repasse à instituição financeira consignatária recolhido em guia do FGTS conforme legislação específica,0,9,31,-,"0 - Artigo 28, inciso I, da Lei n° 8.212/91",9 - Artigo 7º da Lei nº 8.134/90,31 - Artigo 15 da Lei n° 8.036/90,,2026-03-29 12:58:13.681214
478,,478,1039,DESC. EMPRESTIMO ECONSIGNADO FGTS,9253 - Desconto de trabalhadores a título de empréstimos na modalidade eConsignado para repasse à instituição financeira consignatária recolhido em guia do FGTS conforme legislação específica,0,9,31,-,"0 - Artigo 28, inciso I, da Lei n° 8.212/91",9 - Artigo 7º da Lei nº 8.134/90,31 - Artigo 15 da Lei n° 8.036/90,,2026-03-29 12:58:13.681214
479,,479,1040,DESC. EMPRESTIMO ECONSIGNADO FGTS,9253 - Desconto de trabalhadores a título de empréstimos na modalidade eConsignado para repasse à instituição financeira consignatária recolhido em guia do FGTS conforme legislação específica,0,9,31,-,"0 - Artigo 28, inciso I, da Lei n° 8.212/91",9 - Artigo 7º da Lei nº 8.134/90,31 - Artigo 15 da Lei n° 8.036/90,,2026-03-29 12:58:13.681214
480,,480,1041,PAGTO. ASSIST. MEDICA,1629 - Ressarcimento de outras despesas – em caráter indenizatório patrimonial,0,9,0,-,"0 - Artigo 28, § 9º da Lei n° 8.212/91",9 - Artigo 6º da Lei nº 7.713/88,"0 - Artigo 15, § 6º da Lei n° 8.036/90",,2026-03-29 12:58:13.681214
481,,481,1042,REEMBOLSO CO PARTICIPACAO A.M.,9299 - Outros descontos,0,9,0,-,"0 - Artigo 28, § 9º da Lei n° 8.212/91",9 - Artigos 3º e 7º da Lei nº 7.713/88,"0 - Artigo 15, § 6º da Lei n° 8.036/90",,2026-03-29 12:58:13.681214
482,,482,1043,FERIAS EM DOBRO,1024 - Férias - o dobro na vigência do contrato,0,13,0,-,"0 - Artigo 28, § 9º da Lei n° 8.212/91","13 - Artigo 1º da IN RFB n° 936/2009; itens 5, 6 e 7 da Parecer PGFN/PGA nº 2.683/2008","0 - Artigo 15, § 6º da Lei n° 8.036/90",,2026-03-29 12:58:13.681214
483,,483,1043,FERIAS EM DOBRO,1024 - Férias - o dobro na vigência do contrato,0,13,0,-,"0 - Artigo 28, § 9º da Lei n° 8.212/91","75 - Artigo 1º da IN RFB n° 936/2009; itens 5, 6 e 7 da Parecer PGFN/PGA nº 2.683/2008 .","0 - Artigo 15, § 6º da Lei n° 8.036/90",,2026-03-29 12:58:13.681214
484,,484,1044,AUXILIO ESPECIAL,1899 - Outros Auxílios,0,9,0,-,"0 - Artigo 28, § 9º, da Lei n° 8.212/91",9 - Artigo 3° da Lei n° 6.321/76,"0 - Artigo 15, § 6º, da Lei n° 8.036/90",,2026-03-29 12:58:13.681214
485,,485,1045,D.S.R. S/SALARIO AULA,1012 - Descanso semanal remunerado - DSR e feriado,11,11,11,-,"11 - Artigo 28, inciso I, da Lei n° 8.212/91",11 - Artigos 3º e 7º da Lei nº 7.713/88,11 - Artigo 15 da Lei n° 8.036/90,,2026-03-29 12:58:13.681214
486,,486,1046,ADICIONAL EXTRACLASSE,1211 - Gratificações,11,11,11,-,"11 - Artigo 28, inciso I, da Lei n° 8.212/91",11 - Artigos 3º e 7º da Lei nº 7.713/88,11 - Artigo 15 da Lei n° 8.036/90,,2026-03-29 12:58:13.681214
487,,487,1048,"ADIC. NOTURNO 22,50% - FEVEREIRO",1205 - Adicional noturno,11,11,11,-,"11 - Artigo 28, inciso I, da Lei n° 8.212/91",11 - Artigos 3º e 7º da Lei nº 7.713/88,11 - Artigo 15 da Lei n° 8.036/90,,2026-03-29 12:58:13.681214
488,,488,1052,"ADIC. NOTURNO 22,50% - JUNHO",1205 - Adicional noturno,11,11,11,-,"11 - Artigo 28, inciso I, da Lei n° 8.212/91",11 - Artigos 3º e 7º da Lei nº 7.713/88,11 - Artigo 15 da Lei n° 8.036/90,,2026-03-29 12:58:13.681214
489,,489,1053,"ADIC. NOTURNO 22,50% - JULHO",1205 - Adicional noturno,11,11,11,-,"11 - Artigo 28, inciso I, da Lei n° 8.212/91",11 - Artigos 3º e 7º da Lei nº 7.713/88,11 - Artigo 15 da Lei n° 8.036/90,,2026-03-29 12:58:13.681214
490,,490,1055,"ADIC. NOTURNO 22,50% - SETEMBRO",1205 - Adicional noturno,11,11,11,-,"11 - Artigo 28, inciso I, da Lei n° 8.212/91",11 - Artigos 3º e 7º da Lei nº 7.713/88,11 - Artigo 15 da Lei n° 8.036/90,,2026-03-29 12:58:13.681214
491,,491,1056,"ADIC. NOTURNO 22,50% - OUTUBRO",1205 - Adicional noturno,11,11,11,-,"11 - Artigo 28, inciso I, da Lei n° 8.212/91",11 - Artigos 3º e 7º da Lei nº 7.713/88,11 - Artigo 15 da Lei n° 8.036/90,,2026-03-29 12:58:13.681214
492,,492,1057,"ADIC. NOTURNO 22,50% - NOVEMBRO",1205 - Adicional noturno,11,11,11,-,"11 - Artigo 28, inciso I, da Lei n° 8.212/91",11 - Artigos 3º e 7º da Lei nº 7.713/88,11 - Artigo 15 da Lei n° 8.036/90,,2026-03-29 12:58:13.681214
493,,493,1060,HORAS EXTRAS 50% - FEVEREIRO,1003 - Horas extraordinárias,11,11,11,-,"11 - Artigo 28, inciso I, da Lei n° 8.212/91",11 - Artigos 3º e 7º da Lei nº 7.713/88,11 - Artigo 15 da Lei n° 8.036/90,,2026-03-29 12:58:13.681214
494,,494,1062,HORAS EXTRAS 50% - ABRIL,1003 - Horas extraordinárias,11,11,11,-,"11 - Artigo 28, inciso I, da Lei n° 8.212/91",11 - Artigos 3º e 7º da Lei nº 7.713/88,11 - Artigo 15 da Lei n° 8.036/90,,2026-03-29 12:58:13.681214
495,,495,1063,HORAS EXTRAS 50% - MAIO,1003 - Horas extraordinárias,11,11,11,-,"11 - Artigo 28, inciso I, da Lei n° 8.212/91",11 - Artigos 3º e 7º da Lei nº 7.713/88,11 - Artigo 15 da Lei n° 8.036/90,,2026-03-29 12:58:13.681214
496,,496,1064,HORAS EXTRAS 50% - JUNHO,1003 - Horas extraordinárias,11,11,11,-,"11 - Artigo 28, inciso I, da Lei n° 8.212/91",11 - Artigos 3º e 7º da Lei nº 7.713/88,11 - Artigo 15 da Lei n° 8.036/90,,2026-03-29 12:58:13.681214
497,,497,1065,HORAS EXTRAS 50% - JULHO,1003 - Horas extraordinárias,11,11,11,-,"11 - Artigo 28, inciso I, da Lei n° 8.212/91",11 - Artigos 3º e 7º da Lei nº 7.713/88,11 - Artigo 15 da Lei n° 8.036/90,,2026-03-29 12:58:13.681214
498,,498,1066,HORAS EXTRAS 50% - AGOSTO,1003 - Horas extraordinárias,11,11,11,-,"11 - Artigo 28, inciso I, da Lei n° 8.212/91",11 - Artigos 3º e 7º da Lei nº 7.713/88,11 - Artigo 15 da Lei n° 8.036/90,,2026-03-29 12:58:13.681214
499,,499,1067,HORAS EXTRAS 50% - SETEMBRO,1003 - Horas extraordinárias,11,11,11,-,"11 - Artigo 28, inciso I, da Lei n° 8.212/91",11 - Artigos 3º e 7º da Lei nº 7.713/88,11 - Artigo 15 da Lei n° 8.036/90,,2026-03-29 12:58:13.681214
500,,500,1068,HORAS EXTRAS 50% - OUTUBRO,1003 - Horas extraordinárias,11,11,11,-,"11 - Artigo 28, inciso I, da Lei n° 8.212/91",11 - Artigos 3º e 7º da Lei nº 7.713/88,11 - Artigo 15 da Lei n° 8.036/90,,2026-03-29 12:58:13.681214
501,,501,1069,HORAS EXTRAS 50% - NOVEMBRO,1003 - Horas extraordinárias,11,11,11,-,"11 - Artigo 28, inciso I, da Lei n° 8.212/91",11 - Artigos 3º e 7º da Lei nº 7.713/88,11 - Artigo 15 da Lei n° 8.036/90,,2026-03-29 12:58:13.681214
502,,502,1073,"H EXTRAS 50% NOT22,50 - FEVEREIRO",1003 - Horas extraordinárias,11,11,11,-,"11 - Artigo 28, inciso I, da Lei n° 8.212/91",11 - Artigos 3º e 7º da Lei nº 7.713/88,11 - Artigo 15 da Lei n° 8.036/90,,2026-03-29 12:58:13.681214
503,,503,1076,"H EXTRAS 50% NOT22,50 - MAIO",1003 - Horas extraordinárias,11,11,11,-,"11 - Artigo 28, inciso I, da Lei n° 8.212/91",11 - Artigos 3º e 7º da Lei nº 7.713/88,11 - Artigo 15 da Lei n° 8.036/90,,2026-03-29 12:58:13.681214
504,,504,1077,"H EXTRAS 50% NOT22,50 - JUNHO",1003 - Horas extraordinárias,11,11,11,-,"11 - Artigo 28, inciso I, da Lei n° 8.212/91",11 - Artigos 3º e 7º da Lei nº 7.713/88,11 - Artigo 15 da Lei n° 8.036/90,,2026-03-29 12:58:13.681214
505,,505,1078,"H EXTRAS 50% NOT22,50 - JULHO",1003 - Horas extraordinárias,11,11,11,-,"11 - Artigo 28, inciso I, da Lei n° 8.212/91",11 - Artigos 3º e 7º da Lei nº 7.713/88,11 - Artigo 15 da Lei n° 8.036/90,,2026-03-29 12:58:13.681214
506,,506,1079,"H EXTRAS 50% NOT22,50 - AGOSTO",1003 - Horas extraordinárias,11,11,11,-,"11 - Artigo 28, inciso I, da Lei n° 8.212/91",11 - Artigos 3º e 7º da Lei nº 7.713/88,11 - Artigo 15 da Lei n° 8.036/90,,2026-03-29 12:58:13.681214
507,,507,1080,"H EXTRAS 50% NOT22,50 - SETEMBRO",1003 - Horas extraordinárias,11,11,11,-,"11 - Artigo 28, inciso I, da Lei n° 8.212/91",11 - Artigos 3º e 7º da Lei nº 7.713/88,11 - Artigo 15 da Lei n° 8.036/90,,2026-03-29 12:58:13.681214
508,,508,1081,"H EXTRAS 50% NOT22,50 - OUTUBRO",1003 - Horas extraordinárias,11,11,11,-,"11 - Artigo 28, inciso I, da Lei n° 8.212/91",11 - Artigos 3º e 7º da Lei nº 7.713/88,11 - Artigo 15 da Lei n° 8.036/90,,2026-03-29 12:58:13.681214
509,,509,1082,"H EXTRAS 50% NOT22,50 - NOVEMBRO",1003 - Horas extraordinárias,11,11,11,-,"11 - Artigo 28, inciso I, da Lei n° 8.212/91",11 - Artigos 3º e 7º da Lei nº 7.713/88,11 - Artigo 15 da Lei n° 8.036/90,,2026-03-29 12:58:13.681214
510,,510,1085,HORAS EXTRAS 100% - FEVEREIRO,1003 - Horas extraordinárias,11,11,11,-,"11 - Artigo 28, inciso I, da Lei n° 8.212/91",11 - Artigos 3º e 7º da Lei nº 7.713/88,11 - Artigo 15 da Lei n° 8.036/90,,2026-03-29 12:58:13.681214
511,,511,1087,HORAS EXTRAS 100% ABRIL,1003 - Horas extraordinárias,11,11,11,-,"11 - Artigo 28, inciso I, da Lei n° 8.212/91",11 - Artigos 3º e 7º da Lei nº 7.713/88,11 - Artigo 15 da Lei n° 8.036/90,,2026-03-29 12:58:13.681214
512,,512,1088,HORAS EXTRAS 100% MAIO,1003 - Horas extraordinárias,11,11,11,-,"11 - Artigo 28, inciso I, da Lei n° 8.212/91",11 - Artigos 3º e 7º da Lei nº 7.713/88,11 - Artigo 15 da Lei n° 8.036/90,,2026-03-29 12:58:13.681214
513,,513,1089,HORAS EXTRAS 100% JUNHO,1003 - Horas extraordinárias,11,11,11,-,"11 - Artigo 28, inciso I, da Lei n° 8.212/91",11 - Artigos 3º e 7º da Lei nº 7.713/88,11 - Artigo 15 da Lei n° 8.036/90,,2026-03-29 12:58:13.681214
514,,514,1090,HORAS EXTRAS 100% JULHO,1003 - Horas extraordinárias,11,11,11,-,"11 - Artigo 28, inciso I, da Lei n° 8.212/91",11 - Artigos 3º e 7º da Lei nº 7.713/88,11 - Artigo 15 da Lei n° 8.036/90,,2026-03-29 12:58:13.681214
515,,515,1091,HORAS EXTRAS 100% - AGOSTO,1003 - Horas extraordinárias,11,11,11,-,"11 - Artigo 28, inciso I, da Lei n° 8.212/91",11 - Artigos 3º e 7º da Lei nº 7.713/88,11 - Artigo 15 da Lei n° 8.036/90,,2026-03-29 12:58:13.681214
516,,516,1092,HORAS EXTRAS 100% SETEMBRO,1003 - Horas extraordinárias,11,11,11,-,"11 - Artigo 28, inciso I, da Lei n° 8.212/91",11 - Artigos 3º e 7º da Lei nº 7.713/88,11 - Artigo 15 da Lei n° 8.036/90,,2026-03-29 12:58:13.681214
517,,517,1093,HORAS EXTRAS 100% OUTUBRO,1003 - Horas extraordinárias,11,11,11,-,"11 - Artigo 28, inciso I, da Lei n° 8.212/91",11 - Artigos 3º e 7º da Lei nº 7.713/88,11 - Artigo 15 da Lei n° 8.036/90,,2026-03-29 12:58:13.681214
518,,518,1094,HORAS EXTRAS 100% NOVEMBRO,1003 - Horas extraordinárias,11,11,11,-,"11 - Artigo 28, inciso I, da Lei n° 8.212/91",11 - Artigos 3º e 7º da Lei nº 7.713/88,11 - Artigo 15 da Lei n° 8.036/90,,2026-03-29 12:58:13.681214
519,,519,1097,"H EXTRAS 100% NOT 22,50 FEVEREIRO",1003 - Horas extraordinárias,11,11,11,-,"11 - Artigo 28, inciso I, da Lei n° 8.212/91",11 - Artigos 3º e 7º da Lei nº 7.713/88,11 - Artigo 15 da Lei n° 8.036/90,,2026-03-29 12:58:13.681214
520,,520,1100,"H EXTRAS 100% NOT 22,50 MAIO",1003 - Horas extraordinárias,11,11,11,-,"11 - Artigo 28, inciso I, da Lei n° 8.212/91",11 - Artigos 3º e 7º da Lei nº 7.713/88,11 - Artigo 15 da Lei n° 8.036/90,,2026-03-29 12:58:13.681214
521,,521,1101,"H EXTRAS 100% NOT 22,50 JUNHO",1003 - Horas extraordinárias,11,11,11,-,"11 - Artigo 28, inciso I, da Lei n° 8.212/91",11 - Artigos 3º e 7º da Lei nº 7.713/88,11 - Artigo 15 da Lei n° 8.036/90,,2026-03-29 12:58:13.681214
522,,522,1102,"H EXTRAS 100% NOT 22,50 JULHO",1003 - Horas extraordinárias,11,11,11,-,"11 - Artigo 28, inciso I, da Lei n° 8.212/91",11 - Artigos 3º e 7º da Lei nº 7.713/88,11 - Artigo 15 da Lei n° 8.036/90,,2026-03-29 12:58:13.681214
523,,523,1104,"H EXTRAS 100% NOT 22,50 SETEMBRO",1003 - Horas extraordinárias,11,11,11,-,"11 - Artigo 28, inciso I, da Lei n° 8.212/91",11 - Artigos 3º e 7º da Lei nº 7.713/88,11 - Artigo 15 da Lei n° 8.036/90,,2026-03-29 12:58:13.681214
524,,524,1105,"H EXTRAS 100% NOT 22,50 OUTUBRO",1003 - Horas extraordinárias,11,11,11,-,"11 - Artigo 28, inciso I, da Lei n° 8.212/91",11 - Artigos 3º e 7º da Lei nº 7.713/88,11 - Artigo 15 da Lei n° 8.036/90,,2026-03-29 12:58:13.681214
525,,525,1106,"H EXTRAS 100% NOT 22,50 NOVEMBRO",1003 - Horas extraordinárias,11,11,11,-,"11 - Artigo 28, inciso I, da Lei n° 8.212/91",11 - Artigos 3º e 7º da Lei nº 7.713/88,11 - Artigo 15 da Lei n° 8.036/90,,2026-03-29 12:58:13.681214
526,,526,1109,ADIC. NOTURNO C/25%,1205 - Adicional noturno,11,11,11,-,"11 - Artigo 28, inciso I, da Lei n° 8.212/91",11 - Artigos 3º e 7º da Lei nº 7.713/88,11 - Artigo 15 da Lei n° 8.036/90,,2026-03-29 12:58:13.681214
527,,527,1110,ADIC. INSALUBRIDADE 07/2020 a 12/2020,1202 - Adicional de insalubridade,11,11,11,-,"11 - Artigo 28, inciso I, da Lei n° 8.212/91",11 - Artigos 3º e 7º da Lei nº 7.713/88,11 - Artigo 15 da Lei n° 8.036/90,,2026-03-29 12:58:13.681214
528,,528,1111,ADIC. INSALUBRIDADE 01/2021 a 08/2021,1202 - Adicional de insalubridade,11,11,11,-,"11 - Artigo 28, inciso I, da Lei n° 8.212/91",11 - Artigos 3º e 7º da Lei nº 7.713/88,11 - Artigo 15 da Lei n° 8.036/90,,2026-03-29 12:58:13.681214
529,,529,1112,CUSTEIO SOCIAL - SINTEAC MG,9230 - Contribuição Sindical - Compulsória,0,79,0,Rubrica com inconsistência de IRRF,"0 - Artigo 28, § 9º da Lei n° 8.212/91","9 - Artigo 4º, inciso II, da Lei nº 9.250/95",0 - Artigo 15 da Lei n° 8.036/90,,2026-03-29 12:58:13.681214
530,,530,1114,MULTA POR ATRASO DE SALARIO 2024,6129 - Outras verbas não remuneratórias (indenizatórias ou multas),0,9,0,Rubrica com inconsistência de IRRF,"0 - Artigo 28, inciso I, da Lei n° 8.212/91","79 - Artigos 6 da Lei nº 7.713/88 e Artigo 2° da Lei n° 8.036/90, e artigo 65 do Decreto n° 9.580/2018",0 - Artigo 15 da Lei n° 8.036/90,,2026-03-29 12:58:13.681214
531,,531,1115,MULTA POR ATRASO DE SALARIO 2025,6129 - Outras verbas não remuneratórias (indenizatórias ou multas),0,9,0,Rubrica com inconsistência de IRRF,"0 - Artigo 28, inciso I, da Lei n° 8.212/91","79 - Artigos 6 da Lei nº 7.713/88 e Artigo 2° da Lei n° 8.036/90, e artigo 65 do Decreto n° 9.580/2018",0 - Artigo 15 da Lei n° 8.036/90,,2026-03-29 12:58:13.681214
532,,532,1116,DESC. EMPRESTIMO ECONSIGNADO FGTS,9253 - Desconto de trabalhadores a título de empréstimos na modalidade eConsignado para repasse à instituição financeira consignatária recolhido em guia do FGTS conforme legislação específica,0,9,31,-,"0 - Artigo 28, inciso I, da Lei n° 8.212/91",9 - Artigo 7º da Lei nº 8.134/90,31 - Artigo 15 da Lei n° 8.036/90,,2026-03-29 12:58:13.681214
533,,533,9279,ASSISTENCIA MEDICA (INFORMATIIVO ESOCIAL),9911 - Assistência Médica,0,9,0,-,"0 - Artigo 28, § 9º da Lei n° 8.212/91",9 - Artigos 3º e 7º da Lei nº 7.713/88,0 - Artigo 15 da Lei n° 8.036/90,,2026-03-29 12:58:13.681214
534,,534,9281,ASSISTENCIA ODONTOLOGICA (INFORMATIIVO ESOCIAL),9911 - Assistência Médica,0,9,0,-,"0 - Artigo 28, § 9º da Lei n° 8.212/91",9 - Artigos 3º e 7º da Lei nº 7.713/88,0 - Artigo 15 da Lei n° 8.036/90,,2026-03-29 12:58:13.681214
