id,upload_id,row_number,col_a,col_b,col_c,col_d,col_e,col_f,col_g,col_h,col_i,col_j,col_k,col_l,col_m,col_n,col_o,col_p,col_q,col_r,col_s,col_t,col_u,col_v,col_w,col_x,col_y,col_z,col_aa,col_ab,col_ac,col_ad,col_ae,col_af,col_ag,col_ah,col_ai,col_aj,col_ak,col_al,col_am,col_an,col_ao,col_ap,col_aq,col_ar,col_as,col_at,col_au,col_av,col_aw,col_ax,col_ay,col_az,col_ba,col_bb,raw_data,created_at
4096,,1,1,HORAS NORMAIS,"1000-Salário, vencimento, soldo ou subsídio",11,11,11,,,,,,,,,,,,,,,,,,,,,,,,,,,,,,,,,,,,,,,,,,,,,,,,,"{""Código"": ""1"", ""Cód. FGTS"": ""11"", ""Cód. INSS"": ""11"", ""Cód. IRRF"": ""11"", ""Nome Evento"": ""HORAS NORMAIS"", ""Natureza E-social"": ""1000-Salário, vencimento, soldo ou subsídio""}",2026-03-27 16:02:24.74194
4097,,2,2,SALARIO MES,"1000-Salário, vencimento, soldo ou subsídio",11,11,11,,,,,,,,,,,,,,,,,,,,,,,,,,,,,,,,,,,,,,,,,,,,,,,,,"{""Código"": ""2"", ""Cód. FGTS"": ""11"", ""Cód. INSS"": ""11"", ""Cód. IRRF"": ""11"", ""Nome Evento"": ""SALARIO MES"", ""Natureza E-social"": ""1000-Salário, vencimento, soldo ou subsídio""}",2026-03-27 16:02:24.74194
4098,,3,5,PARTICIPACAO LUCROS/RESULTADOS,1300-PLR – Participação em Lucros ou Resultados,0,14,0,,,,,,,,,,,,,,,,,,,,,,,,,,,,,,,,,,,,,,,,,,,,,,,,,"{""Código"": ""5"", ""Cód. FGTS"": ""0"", ""Cód. INSS"": ""0"", ""Cód. IRRF"": ""14"", ""Nome Evento"": ""PARTICIPACAO LUCROS/RESULTADOS"", ""Natureza E-social"": ""1300-PLR – Participação em Lucros ou Resultados""}",2026-03-27 16:02:24.74194
4099,,4,10,GRATIFICAÇÃO,1211-Gratificações,11,11,11,,,,,,,,,,,,,,,,,,,,,,,,,,,,,,,,,,,,,,,,,,,,,,,,,"{""Código"": ""10"", ""Cód. FGTS"": ""11"", ""Cód. INSS"": ""11"", ""Cód. IRRF"": ""11"", ""Nome Evento"": ""GRATIFICAÇÃO"", ""Natureza E-social"": ""1211-Gratificações""}",2026-03-27 16:02:24.74194
4100,,5,12,DIF. SALARIO,"1000-Salário, vencimento, soldo ou subsídio",11,11,11,,,,,,,,,,,,,,,,,,,,,,,,,,,,,,,,,,,,,,,,,,,,,,,,,"{""Código"": ""12"", ""Cód. FGTS"": ""11"", ""Cód. INSS"": ""11"", ""Cód. IRRF"": ""11"", ""Nome Evento"": ""DIF. SALARIO"", ""Natureza E-social"": ""1000-Salário, vencimento, soldo ou subsídio""}",2026-03-27 16:02:24.74194
4101,,6,13,REEMB. VALE TRANSPORTE,1810-Transporte,0,0,0,,,,,,,,,,,,,,,,,,,,,,,,,,,,,,,,,,,,,,,,,,,,,,,,,"{""Código"": ""13"", ""Cód. FGTS"": ""0"", ""Cód. INSS"": ""0"", ""Cód. IRRF"": ""0"", ""Nome Evento"": ""REEMB. VALE TRANSPORTE"", ""Natureza E-social"": ""1810-Transporte""}",2026-03-27 16:02:24.74194
4102,,7,17,SALARIO MES,6000-Saldo de salários na rescisão contratual,11,11,11,,,,,,,,,,,,,,,,,,,,,,,,,,,,,,,,,,,,,,,,,,,,,,,,,"{""Código"": ""17"", ""Cód. FGTS"": ""11"", ""Cód. INSS"": ""11"", ""Cód. IRRF"": ""11"", ""Nome Evento"": ""SALARIO MES"", ""Natureza E-social"": ""6000-Saldo de salários na rescisão contratual""}",2026-03-27 16:02:24.74194
4103,,8,18,ADICIONAL DE SALARIO,"1000-Salário, vencimento, soldo",11,11,11,,,,,,,,,,,,,,,,,,,,,,,,,,,,,,,,,,,,,,,,,,,,,,,,,"{""Código"": ""18"", ""Cód. FGTS"": ""11"", ""Cód. INSS"": ""11"", ""Cód. IRRF"": ""11"", ""Nome Evento"": ""ADICIONAL DE SALARIO"", ""Natureza E-social"": ""1000-Salário, vencimento, soldo""}",2026-03-27 16:02:24.74194
4104,,9,19,REEMB. EXAME ADMISSIONAL,6129-Outras multas ou indenizações,0,9,0,,,,,,,,,,,,,,,,,,,,,,,,,,,,,,,,,,,,,,,,,,,,,,,,,"{""Código"": ""19"", ""Cód. FGTS"": ""0"", ""Cód. INSS"": ""0"", ""Cód. IRRF"": ""9"", ""Nome Evento"": ""REEMB. EXAME ADMISSIONAL"", ""Natureza E-social"": ""6129-Outras multas ou indenizações""}",2026-03-27 16:02:24.74194
4105,,10,21,SALARIO SUBSTITUTO MES ANTERIOR,"1000-Salário, vencimento, soldo ou subsídio",11,11,11,,,,,,,,,,,,,,,,,,,,,,,,,,,,,,,,,,,,,,,,,,,,,,,,,"{""Código"": ""21"", ""Cód. FGTS"": ""11"", ""Cód. INSS"": ""11"", ""Cód. IRRF"": ""11"", ""Nome Evento"": ""SALARIO SUBSTITUTO MES ANTERIOR"", ""Natureza E-social"": ""1000-Salário, vencimento, soldo ou subsídio""}",2026-03-27 16:02:24.74194
4106,,11,35,DIF. D.S.R.,1002-Descanso semanal remunerado - DSR,11,11,11,,,,,,,,,,,,,,,,,,,,,,,,,,,,,,,,,,,,,,,,,,,,,,,,,"{""Código"": ""35"", ""Cód. FGTS"": ""11"", ""Cód. INSS"": ""11"", ""Cód. IRRF"": ""11"", ""Nome Evento"": ""DIF. D.S.R."", ""Natureza E-social"": ""1002-Descanso semanal remunerado - DSR""}",2026-03-27 16:02:24.74194
4107,,12,37,DIF. DISSIDIO,"1000-Salário, vencimento, soldo ou subsídio",11,11,11,,,,,,,,,,,,,,,,,,,,,,,,,,,,,,,,,,,,,,,,,,,,,,,,,"{""Código"": ""37"", ""Cód. FGTS"": ""11"", ""Cód. INSS"": ""11"", ""Cód. IRRF"": ""11"", ""Nome Evento"": ""DIF. DISSIDIO"", ""Natureza E-social"": ""1000-Salário, vencimento, soldo ou subsídio""}",2026-03-27 16:02:24.74194
4108,,13,47,SALARIO FAMILIA,1409-Salário-família,51,9,0,,,,,,,,,,,,,,,,,,,,,,,,,,,,,,,,,,,,,,,,,,,,,,,,,"{""Código"": ""47"", ""Cód. FGTS"": ""0"", ""Cód. INSS"": ""51"", ""Cód. IRRF"": ""9"", ""Nome Evento"": ""SALARIO FAMILIA"", ""Natureza E-social"": ""1409-Salário-família""}",2026-03-27 16:02:24.74194
4109,,14,52,ADIC. NOTURNO C/20%,1205-Adicional noturno,11,11,11,,,,,,,,,,,,,,,,,,,,,,,,,,,,,,,,,,,,,,,,,,,,,,,,,"{""Código"": ""52"", ""Cód. FGTS"": ""11"", ""Cód. INSS"": ""11"", ""Cód. IRRF"": ""11"", ""Nome Evento"": ""ADIC. NOTURNO C/20%"", ""Natureza E-social"": ""1205-Adicional noturno""}",2026-03-27 16:02:24.74194
4110,,15,53,REEMB. I.R.F.,1623-Ressarcimento de provisão,0,9,0,,,,,,,,,,,,,,,,,,,,,,,,,,,,,,,,,,,,,,,,,,,,,,,,,"{""Código"": ""53"", ""Cód. FGTS"": ""0"", ""Cód. INSS"": ""0"", ""Cód. IRRF"": ""9"", ""Nome Evento"": ""REEMB. I.R.F."", ""Natureza E-social"": ""1623-Ressarcimento de provisão""}",2026-03-27 16:02:24.74194
4111,,16,54,ADIC. NOTURNO C/25%,1205-Adicional noturno,11,11,11,,,,,,,,,,,,,,,,,,,,,,,,,,,,,,,,,,,,,,,,,,,,,,,,,"{""Código"": ""54"", ""Cód. FGTS"": ""11"", ""Cód. INSS"": ""11"", ""Cód. IRRF"": ""11"", ""Nome Evento"": ""ADIC. NOTURNO C/25%"", ""Natureza E-social"": ""1205-Adicional noturno""}",2026-03-27 16:02:24.74194
4112,,17,55,PRO-LABORE,3508-Retiradas (pró-labore) de proprietários ou sócios,11,11,11,,,,,,,,,,,,,,,,,,,,,,,,,,,,,,,,,,,,,,,,,,,,,,,,,"{""Código"": ""55"", ""Cód. FGTS"": ""11"", ""Cód. INSS"": ""11"", ""Cód. IRRF"": ""11"", ""Nome Evento"": ""PRO-LABORE"", ""Natureza E-social"": ""3508-Retiradas (pró-labore) de proprietários ou sócios""}",2026-03-27 16:02:24.74194
4113,,18,56,ADIC. NOTURNO C/30%,1205-Adicional noturno,11,11,11,,,,,,,,,,,,,,,,,,,,,,,,,,,,,,,,,,,,,,,,,,,,,,,,,"{""Código"": ""56"", ""Cód. FGTS"": ""11"", ""Cód. INSS"": ""11"", ""Cód. IRRF"": ""11"", ""Nome Evento"": ""ADIC. NOTURNO C/30%"", ""Natureza E-social"": ""1205-Adicional noturno""}",2026-03-27 16:02:24.74194
4114,,19,57,ADIC. NOTURNO C/35%,1205-Adicional noturno,11,11,11,,,,,,,,,,,,,,,,,,,,,,,,,,,,,,,,,,,,,,,,,,,,,,,,,"{""Código"": ""57"", ""Cód. FGTS"": ""11"", ""Cód. INSS"": ""11"", ""Cód. IRRF"": ""11"", ""Nome Evento"": ""ADIC. NOTURNO C/35%"", ""Natureza E-social"": ""1205-Adicional noturno""}",2026-03-27 16:02:24.74194
4115,,20,60,ADIC. INSALUBRIDADE 07/2019,1202-Adicional de insalubridade,11,11,11,,,,,,,,,,,,,,,,,,,,,,,,,,,,,,,,,,,,,,,,,,,,,,,,,"{""Código"": ""60"", ""Cód. FGTS"": ""11"", ""Cód. INSS"": ""11"", ""Cód. IRRF"": ""11"", ""Nome Evento"": ""ADIC. INSALUBRIDADE 07/2019"", ""Natureza E-social"": ""1202-Adicional de insalubridade""}",2026-03-27 16:02:24.74194
4116,,21,61,ADIC. INSALUBRIDADE MES ANT.,1202-Adicional de insalubridade,11,11,11,,,,,,,,,,,,,,,,,,,,,,,,,,,,,,,,,,,,,,,,,,,,,,,,,"{""Código"": ""61"", ""Cód. FGTS"": ""11"", ""Cód. INSS"": ""11"", ""Cód. IRRF"": ""11"", ""Nome Evento"": ""ADIC. INSALUBRIDADE MES ANT."", ""Natureza E-social"": ""1202-Adicional de insalubridade""}",2026-03-27 16:02:24.74194
4117,,22,62,ADIC. INSALUBRIDADE,1202-Adicional de insalubridade,11,11,11,,,,,,,,,,,,,,,,,,,,,,,,,,,,,,,,,,,,,,,,,,,,,,,,,"{""Código"": ""62"", ""Cód. FGTS"": ""11"", ""Cód. INSS"": ""11"", ""Cód. IRRF"": ""11"", ""Nome Evento"": ""ADIC. INSALUBRIDADE"", ""Natureza E-social"": ""1202-Adicional de insalubridade""}",2026-03-27 16:02:24.74194
4118,,23,64,ADIC. NOTURNO C/50%,1205-Adicional noturno,11,11,11,,,,,,,,,,,,,,,,,,,,,,,,,,,,,,,,,,,,,,,,,,,,,,,,,"{""Código"": ""64"", ""Cód. FGTS"": ""11"", ""Cód. INSS"": ""11"", ""Cód. IRRF"": ""11"", ""Nome Evento"": ""ADIC. NOTURNO C/50%"", ""Natureza E-social"": ""1205-Adicional noturno""}",2026-03-27 16:02:24.74194
4119,,24,65,ADIC. NOTURNO MES ANTERIOR,1205-Adicional noturno,11,11,11,,,,,,,,,,,,,,,,,,,,,,,,,,,,,,,,,,,,,,,,,,,,,,,,,"{""Código"": ""65"", ""Cód. FGTS"": ""11"", ""Cód. INSS"": ""11"", ""Cód. IRRF"": ""11"", ""Nome Evento"": ""ADIC. NOTURNO MES ANTERIOR"", ""Natureza E-social"": ""1205-Adicional noturno""}",2026-03-27 16:02:24.74194
4120,,25,66,ADIC. NOTURNO MES ANT 20%,1205-Adicional noturno,11,11,11,,,,,,,,,,,,,,,,,,,,,,,,,,,,,,,,,,,,,,,,,,,,,,,,,"{""Código"": ""66"", ""Cód. FGTS"": ""11"", ""Cód. INSS"": ""11"", ""Cód. IRRF"": ""11"", ""Nome Evento"": ""ADIC. NOTURNO MES ANT 20%"", ""Natureza E-social"": ""1205-Adicional noturno""}",2026-03-27 16:02:24.74194
4121,,26,67,DIF. ADIC. INSALUBRIDADE,1202-Adicional de insalubridade,11,11,11,,,,,,,,,,,,,,,,,,,,,,,,,,,,,,,,,,,,,,,,,,,,,,,,,"{""Código"": ""67"", ""Cód. FGTS"": ""11"", ""Cód. INSS"": ""11"", ""Cód. IRRF"": ""11"", ""Nome Evento"": ""DIF. ADIC. INSALUBRIDADE"", ""Natureza E-social"": ""1202-Adicional de insalubridade""}",2026-03-27 16:02:24.74194
4122,,27,69,ADIC. PERICULOSIDADE MES ANTER,1203-Adicional de periculosidade,11,11,11,,,,,,,,,,,,,,,,,,,,,,,,,,,,,,,,,,,,,,,,,,,,,,,,,"{""Código"": ""69"", ""Cód. FGTS"": ""11"", ""Cód. INSS"": ""11"", ""Cód. IRRF"": ""11"", ""Nome Evento"": ""ADIC. PERICULOSIDADE MES ANTER"", ""Natureza E-social"": ""1203-Adicional de periculosidade""}",2026-03-27 16:02:24.74194
4123,,28,70,ADIC. PERICULOSIDADE,1203-Adicional de periculosidade,11,11,11,,,,,,,,,,,,,,,,,,,,,,,,,,,,,,,,,,,,,,,,,,,,,,,,,"{""Código"": ""70"", ""Cód. FGTS"": ""11"", ""Cód. INSS"": ""11"", ""Cód. IRRF"": ""11"", ""Nome Evento"": ""ADIC. PERICULOSIDADE"", ""Natureza E-social"": ""1203-Adicional de periculosidade""}",2026-03-27 16:02:24.74194
4124,,29,81,HORAS REDUZIDAS ADIC. NOT MES ANT,1205-Adicional noturno,11,11,11,,,,,,,,,,,,,,,,,,,,,,,,,,,,,,,,,,,,,,,,,,,,,,,,,"{""Código"": ""81"", ""Cód. FGTS"": ""11"", ""Cód. INSS"": ""11"", ""Cód. IRRF"": ""11"", ""Nome Evento"": ""HORAS REDUZIDAS ADIC. NOT MES ANT"", ""Natureza E-social"": ""1205-Adicional noturno""}",2026-03-27 16:02:24.74194
4125,,30,82,HORAS REDUZIDAS ADIC. NOTURNO,1205-Adicional noturno,11,11,11,,,,,,,,,,,,,,,,,,,,,,,,,,,,,,,,,,,,,,,,,,,,,,,,,"{""Código"": ""82"", ""Cód. FGTS"": ""11"", ""Cód. INSS"": ""11"", ""Cód. IRRF"": ""11"", ""Nome Evento"": ""HORAS REDUZIDAS ADIC. NOTURNO"", ""Natureza E-social"": ""1205-Adicional noturno""}",2026-03-27 16:02:24.74194
4126,,31,93,F.G.T.S. MULTA,6101-Indenização compensatória multa rescisória 20 ou 40% (CF/88),0,9,0,,,,,,,,,,,,,,,,,,,,,,,,,,,,,,,,,,,,,,,,,,,,,,,,,"{""Código"": ""93"", ""Cód. FGTS"": ""0"", ""Cód. INSS"": ""0"", ""Cód. IRRF"": ""9"", ""Nome Evento"": ""F.G.T.S. MULTA"", ""Natureza E-social"": ""6101-Indenização compensatória multa rescisória 20 ou 40% (CF/88)""}",2026-03-27 16:02:24.74194
4127,,32,102,HORAS EXTRAS 60%,1003-Horas extraordinárias,11,11,11,,,,,,,,,,,,,,,,,,,,,,,,,,,,,,,,,,,,,,,,,,,,,,,,,"{""Código"": ""102"", ""Cód. FGTS"": ""11"", ""Cód. INSS"": ""11"", ""Cód. IRRF"": ""11"", ""Nome Evento"": ""HORAS EXTRAS 60%"", ""Natureza E-social"": ""1003-Horas extraordinárias""}",2026-03-27 16:02:24.74194
4128,,33,105,HORAS EXTRAS 50%,1003-Horas extraordinárias,11,11,11,,,,,,,,,,,,,,,,,,,,,,,,,,,,,,,,,,,,,,,,,,,,,,,,,"{""Código"": ""105"", ""Cód. FGTS"": ""11"", ""Cód. INSS"": ""11"", ""Cód. IRRF"": ""11"", ""Nome Evento"": ""HORAS EXTRAS 50%"", ""Natureza E-social"": ""1003-Horas extraordinárias""}",2026-03-27 16:02:24.74194
4129,,34,108,HORAS EXTRAS 50% - MES ANTERIOR,1003-Horas extraordinárias,11,11,11,,,,,,,,,,,,,,,,,,,,,,,,,,,,,,,,,,,,,,,,,,,,,,,,,"{""Código"": ""108"", ""Cód. FGTS"": ""11"", ""Cód. INSS"": ""11"", ""Cód. IRRF"": ""11"", ""Nome Evento"": ""HORAS EXTRAS 50% - MES ANTERIOR"", ""Natureza E-social"": ""1003-Horas extraordinárias""}",2026-03-27 16:02:24.74194
4130,,35,123,HORAS EXTRAS 100%,1003-Horas extraordinárias,11,11,11,,,,,,,,,,,,,,,,,,,,,,,,,,,,,,,,,,,,,,,,,,,,,,,,,"{""Código"": ""123"", ""Cód. FGTS"": ""11"", ""Cód. INSS"": ""11"", ""Cód. IRRF"": ""11"", ""Nome Evento"": ""HORAS EXTRAS 100%"", ""Natureza E-social"": ""1003-Horas extraordinárias""}",2026-03-27 16:02:24.74194
4131,,36,127,HORAS EXTRAS 100% - MES ANTERIOR,1003-Horas extraordinárias,11,11,11,,,,,,,,,,,,,,,,,,,,,,,,,,,,,,,,,,,,,,,,,,,,,,,,,"{""Código"": ""127"", ""Cód. FGTS"": ""11"", ""Cód. INSS"": ""11"", ""Cód. IRRF"": ""11"", ""Nome Evento"": ""HORAS EXTRAS 100% - MES ANTERIOR"", ""Natureza E-social"": ""1003-Horas extraordinárias""}",2026-03-27 16:02:24.74194
4132,,37,135,D.S.R. S/HORA EXTRA,1002-Descanso semanal remunerado - DSR,11,11,11,,,,,,,,,,,,,,,,,,,,,,,,,,,,,,,,,,,,,,,,,,,,,,,,,"{""Código"": ""135"", ""Cód. FGTS"": ""11"", ""Cód. INSS"": ""11"", ""Cód. IRRF"": ""11"", ""Nome Evento"": ""D.S.R. S/HORA EXTRA"", ""Natureza E-social"": ""1002-Descanso semanal remunerado - DSR""}",2026-03-27 16:02:24.74194
4133,,38,136,D.S.R. S/ADICIONAL,1002-Descanso semanal remunerado - DSR,11,11,11,,,,,,,,,,,,,,,,,,,,,,,,,,,,,,,,,,,,,,,,,,,,,,,,,"{""Código"": ""136"", ""Cód. FGTS"": ""11"", ""Cód. INSS"": ""11"", ""Cód. IRRF"": ""11"", ""Nome Evento"": ""D.S.R. S/ADICIONAL"", ""Natureza E-social"": ""1002-Descanso semanal remunerado - DSR""}",2026-03-27 16:02:24.74194
4134,,39,145,DEV. FALTAS (DIAS),"1000-Salário, vencimento, soldo ou subsídio",11,11,11,,,,,,,,,,,,,,,,,,,,,,,,,,,,,,,,,,,,,,,,,,,,,,,,,"{""Código"": ""145"", ""Cód. FGTS"": ""11"", ""Cód. INSS"": ""11"", ""Cód. IRRF"": ""11"", ""Nome Evento"": ""DEV. FALTAS (DIAS)"", ""Natureza E-social"": ""1000-Salário, vencimento, soldo ou subsídio""}",2026-03-27 16:02:24.74194
4135,,40,146,DEV. D.S.R. S/FALTAS (DIAS),1002-Descanso semanal remunerado - DSR,11,11,11,,,,,,,,,,,,,,,,,,,,,,,,,,,,,,,,,,,,,,,,,,,,,,,,,"{""Código"": ""146"", ""Cód. FGTS"": ""11"", ""Cód. INSS"": ""11"", ""Cód. IRRF"": ""11"", ""Nome Evento"": ""DEV. D.S.R. S/FALTAS (DIAS)"", ""Natureza E-social"": ""1002-Descanso semanal remunerado - DSR""}",2026-03-27 16:02:24.74194
4136,,41,149,REEMB D.S.R MES ANTERIOR,1002-Descanso semanal remunerado - DSR,11,11,11,,,,,,,,,,,,,,,,,,,,,,,,,,,,,,,,,,,,,,,,,,,,,,,,,"{""Código"": ""149"", ""Cód. FGTS"": ""11"", ""Cód. INSS"": ""11"", ""Cód. IRRF"": ""11"", ""Nome Evento"": ""REEMB D.S.R MES ANTERIOR"", ""Natureza E-social"": ""1002-Descanso semanal remunerado - DSR""}",2026-03-27 16:02:24.74194
4137,,42,151,REEMB. VALE TRANSPORTE MÊS ANTERIOR,1810-Transporte,0,9,0,,,,,,,,,,,,,,,,,,,,,,,,,,,,,,,,,,,,,,,,,,,,,,,,,"{""Código"": ""151"", ""Cód. FGTS"": ""0"", ""Cód. INSS"": ""0"", ""Cód. IRRF"": ""9"", ""Nome Evento"": ""REEMB. VALE TRANSPORTE MÊS ANTERIOR"", ""Natureza E-social"": ""1810-Transporte""}",2026-03-27 16:02:24.74194
4138,,43,153,DIF. ADIC. PERICULOSIDADE,1203-Adicional de periculosidade,11,11,11,,,,,,,,,,,,,,,,,,,,,,,,,,,,,,,,,,,,,,,,,,,,,,,,,"{""Código"": ""153"", ""Cód. FGTS"": ""11"", ""Cód. INSS"": ""11"", ""Cód. IRRF"": ""11"", ""Nome Evento"": ""DIF. ADIC. PERICULOSIDADE"", ""Natureza E-social"": ""1203-Adicional de periculosidade""}",2026-03-27 16:02:24.74194
4139,,44,155,REEMB. VALE ALIMENTACAO MES ANTERIOR,"1806-Alimentação em ticket ou cartão, vinculada ao PAT",0,9,0,,,,,,,,,,,,,,,,,,,,,,,,,,,,,,,,,,,,,,,,,,,,,,,,,"{""Código"": ""155"", ""Cód. FGTS"": ""0"", ""Cód. INSS"": ""0"", ""Cód. IRRF"": ""9"", ""Nome Evento"": ""REEMB. VALE ALIMENTACAO MES ANTERIOR"", ""Natureza E-social"": ""1806-Alimentação em ticket ou cartão, vinculada ao PAT""}",2026-03-27 16:02:24.74194
4140,,45,156,DIF. FERIAS,1016-Férias,0,0,0,,,,,,,,,,,,,,,,,,,,,,,,,,,,,,,,,,,,,,,,,,,,,,,,,"{""Código"": ""156"", ""Cód. FGTS"": ""0"", ""Cód. INSS"": ""0"", ""Cód. IRRF"": ""0"", ""Nome Evento"": ""DIF. FERIAS"", ""Natureza E-social"": ""1016-Férias""}",2026-03-27 16:02:24.74194
4141,,46,159,D.S.R. S/ADICIONAL,1002-Descanso semanal remunerado - DSR,11,11,11,,,,,,,,,,,,,,,,,,,,,,,,,,,,,,,,,,,,,,,,,,,,,,,,,"{""Código"": ""159"", ""Cód. FGTS"": ""11"", ""Cód. INSS"": ""11"", ""Cód. IRRF"": ""11"", ""Nome Evento"": ""D.S.R. S/ADICIONAL"", ""Natureza E-social"": ""1002-Descanso semanal remunerado - DSR""}",2026-03-27 16:02:24.74194
4142,,47,160,D.S.R. S/HORA EXTRA,1002-Descanso semanal remunerado - DSR,11,11,11,,,,,,,,,,,,,,,,,,,,,,,,,,,,,,,,,,,,,,,,,,,,,,,,,"{""Código"": ""160"", ""Cód. FGTS"": ""11"", ""Cód. INSS"": ""11"", ""Cód. IRRF"": ""11"", ""Nome Evento"": ""D.S.R. S/HORA EXTRA"", ""Natureza E-social"": ""1002-Descanso semanal remunerado - DSR""}",2026-03-27 16:02:24.74194
4143,,48,161,D.S.R. MES ANTERIOR,1002-Descanso semanal remunerado - DSR,11,11,11,,,,,,,,,,,,,,,,,,,,,,,,,,,,,,,,,,,,,,,,,,,,,,,,,"{""Código"": ""161"", ""Cód. FGTS"": ""11"", ""Cód. INSS"": ""11"", ""Cód. IRRF"": ""11"", ""Nome Evento"": ""D.S.R. MES ANTERIOR"", ""Natureza E-social"": ""1002-Descanso semanal remunerado - DSR""}",2026-03-27 16:02:24.74194
4144,,49,163,D.S.R. S/FERIADO - HS,1012-Descanso semanal remunerado - DSR e feriado,11,11,11,,,,,,,,,,,,,,,,,,,,,,,,,,,,,,,,,,,,,,,,,,,,,,,,,"{""Código"": ""163"", ""Cód. FGTS"": ""11"", ""Cód. INSS"": ""11"", ""Cód. IRRF"": ""11"", ""Nome Evento"": ""D.S.R. S/FERIADO - HS"", ""Natureza E-social"": ""1012-Descanso semanal remunerado - DSR e feriado""}",2026-03-27 16:02:24.74194
4145,,50,170,D.S.R. S/COMISSAO,1012-Descanso semanal remunerado - DSR e feriado,11,11,11,,,,,,,,,,,,,,,,,,,,,,,,,,,,,,,,,,,,,,,,,,,,,,,,,"{""Código"": ""170"", ""Cód. FGTS"": ""11"", ""Cód. INSS"": ""11"", ""Cód. IRRF"": ""11"", ""Nome Evento"": ""D.S.R. S/COMISSAO"", ""Natureza E-social"": ""1012-Descanso semanal remunerado - DSR e feriado""}",2026-03-27 16:02:24.74194
4146,,51,171,AUX. DOENÇA,"1000-Salário, vencimento, soldo ou subsídio",11,11,11,,,,,,,,,,,,,,,,,,,,,,,,,,,,,,,,,,,,,,,,,,,,,,,,,"{""Código"": ""171"", ""Cód. FGTS"": ""11"", ""Cód. INSS"": ""11"", ""Cód. IRRF"": ""11"", ""Nome Evento"": ""AUX. DOENÇA"", ""Natureza E-social"": ""1000-Salário, vencimento, soldo ou subsídio""}",2026-03-27 16:02:24.74194
4147,,52,172,ACIDENTE DE TRABALHO (15 DIAS),"1000-Salário, vencimento, soldo ou subsídio",11,11,11,,,,,,,,,,,,,,,,,,,,,,,,,,,,,,,,,,,,,,,,,,,,,,,,,"{""Código"": ""172"", ""Cód. FGTS"": ""11"", ""Cód. INSS"": ""11"", ""Cód. IRRF"": ""11"", ""Nome Evento"": ""ACIDENTE DE TRABALHO (15 DIAS)"", ""Natureza E-social"": ""1000-Salário, vencimento, soldo ou subsídio""}",2026-03-27 16:02:24.74194
4148,,53,173,ACIDENTE DE TRABALHO (F.G.T.S.),9932-Auxílio acidente do acidentário,0,9,11,,,,,,,,,,,,,,,,,,,,,,,,,,,,,,,,,,,,,,,,,,,,,,,,,"{""Código"": ""173"", ""Cód. FGTS"": ""11"", ""Cód. INSS"": ""0"", ""Cód. IRRF"": ""9"", ""Nome Evento"": ""ACIDENTE DE TRABALHO (F.G.T.S.)"", ""Natureza E-social"": ""9932-Auxílio acidente do acidentário""}",2026-03-27 16:02:24.74194
4149,,54,174,AUX. DOENÇA (F.G.T.S.),9989-Outros valores informativos,0,9,0,,,,,,,,,,,,,,,,,,,,,,,,,,,,,,,,,,,,,,,,,,,,,,,,,"{""Código"": ""174"", ""Cód. FGTS"": ""0"", ""Cód. INSS"": ""0"", ""Cód. IRRF"": ""9"", ""Nome Evento"": ""AUX. DOENÇA (F.G.T.S.)"", ""Natureza E-social"": ""9989-Outros valores informativos""}",2026-03-27 16:02:24.74194
4150,,55,176,SALARIO MES ANTERIOR,"1000-Salário, vencimento, soldo ou subsídio",11,11,11,,,,,,,,,,,,,,,,,,,,,,,,,,,,,,,,,,,,,,,,,,,,,,,,,"{""Código"": ""176"", ""Cód. FGTS"": ""11"", ""Cód. INSS"": ""11"", ""Cód. IRRF"": ""11"", ""Nome Evento"": ""SALARIO MES ANTERIOR"", ""Natureza E-social"": ""1000-Salário, vencimento, soldo ou subsídio""}",2026-03-27 16:02:24.74194
4151,,56,177,SALARIO SUBSTITUTO,"1000-Salário, vencimento, soldo ou subsídio",11,11,11,,,,,,,,,,,,,,,,,,,,,,,,,,,,,,,,,,,,,,,,,,,,,,,,,"{""Código"": ""177"", ""Cód. FGTS"": ""11"", ""Cód. INSS"": ""11"", ""Cód. IRRF"": ""11"", ""Nome Evento"": ""SALARIO SUBSTITUTO"", ""Natureza E-social"": ""1000-Salário, vencimento, soldo ou subsídio""}",2026-03-27 16:02:24.74194
4152,,57,185,INDENIZACAO LEI Nº 7.238/84,6102-Indenização do art. 9º lei nº 7.238/84,11,11,11,,,,,,,,,,,,,,,,,,,,,,,,,,,,,,,,,,,,,,,,,,,,,,,,,"{""Código"": ""185"", ""Cód. FGTS"": ""11"", ""Cód. INSS"": ""11"", ""Cód. IRRF"": ""11"", ""Nome Evento"": ""INDENIZACAO LEI Nº 7.238/84"", ""Natureza E-social"": ""6102-Indenização do art. 9º lei nº 7.238/84""}",2026-03-27 16:02:24.74194
4153,,58,187,P.L.R.,1300-PLR – Participação em Lucros ou Resultados,0,14,0,,,,,,,,,,,,,,,,,,,,,,,,,,,,,,,,,,,,,,,,,,,,,,,,,"{""Código"": ""187"", ""Cód. FGTS"": ""0"", ""Cód. INSS"": ""0"", ""Cód. IRRF"": ""14"", ""Nome Evento"": ""P.L.R."", ""Natureza E-social"": ""1300-PLR – Participação em Lucros ou Resultados""}",2026-03-27 16:02:24.74194
4154,,59,190,REEMB. FALTAS DESC. MES ANTERIOR,"1000-Salário, vencimento, soldo ou subsídio",11,11,11,,,,,,,,,,,,,,,,,,,,,,,,,,,,,,,,,,,,,,,,,,,,,,,,,"{""Código"": ""190"", ""Cód. FGTS"": ""11"", ""Cód. INSS"": ""11"", ""Cód. IRRF"": ""11"", ""Nome Evento"": ""REEMB. FALTAS DESC. MES ANTERIOR"", ""Natureza E-social"": ""1000-Salário, vencimento, soldo ou subsídio""}",2026-03-27 16:02:24.74194
4155,,60,193,F.G.T.S. PAGO,9908-FGTS - depósito,0,9,0,,,,,,,,,,,,,,,,,,,,,,,,,,,,,,,,,,,,,,,,,,,,,,,,,"{""Código"": ""193"", ""Cód. FGTS"": ""0"", ""Cód. INSS"": ""0"", ""Cód. IRRF"": ""9"", ""Nome Evento"": ""F.G.T.S. PAGO"", ""Natureza E-social"": ""9908-FGTS - depósito""}",2026-03-27 16:02:24.74194
4156,,61,228,REEMB. DESC. ASSIST. MEDICA,6129-Outras multas ou indenizações,0,0,0,,,,,,,,,,,,,,,,,,,,,,,,,,,,,,,,,,,,,,,,,,,,,,,,,"{""Código"": ""228"", ""Cód. FGTS"": ""0"", ""Cód. INSS"": ""0"", ""Cód. IRRF"": ""0"", ""Nome Evento"": ""REEMB. DESC. ASSIST. MEDICA"", ""Natureza E-social"": ""6129-Outras multas ou indenizações""}",2026-03-27 16:02:24.74194
4157,,62,231,REEMB. DESPESAS,9989-Outros valores informativos,0,9,0,,,,,,,,,,,,,,,,,,,,,,,,,,,,,,,,,,,,,,,,,,,,,,,,,"{""Código"": ""231"", ""Cód. FGTS"": ""0"", ""Cód. INSS"": ""0"", ""Cód. IRRF"": ""9"", ""Nome Evento"": ""REEMB. DESPESAS"", ""Natureza E-social"": ""9989-Outros valores informativos""}",2026-03-27 16:02:24.74194
4158,,63,232,REEMB. EXAME DEMISSIONAL,9989-Outros valores informativos,0,9,0,,,,,,,,,,,,,,,,,,,,,,,,,,,,,,,,,,,,,,,,,,,,,,,,,"{""Código"": ""232"", ""Cód. FGTS"": ""0"", ""Cód. INSS"": ""0"", ""Cód. IRRF"": ""9"", ""Nome Evento"": ""REEMB. EXAME DEMISSIONAL"", ""Natureza E-social"": ""9989-Outros valores informativos""}",2026-03-27 16:02:24.74194
4159,,64,233,REEMB. REFEICAO,1801-Alimentação,0,0,0,,,,,,,,,,,,,,,,,,,,,,,,,,,,,,,,,,,,,,,,,,,,,,,,,"{""Código"": ""233"", ""Cód. FGTS"": ""0"", ""Cód. INSS"": ""0"", ""Cód. IRRF"": ""0"", ""Nome Evento"": ""REEMB. REFEICAO"", ""Natureza E-social"": ""1801-Alimentação""}",2026-03-27 16:02:24.74194
4160,,65,234,REEMB. EXAMES MÉDICOS,6129-Outras multas ou indenizações,0,9,0,,,,,,,,,,,,,,,,,,,,,,,,,,,,,,,,,,,,,,,,,,,,,,,,,"{""Código"": ""234"", ""Cód. FGTS"": ""0"", ""Cód. INSS"": ""0"", ""Cód. IRRF"": ""9"", ""Nome Evento"": ""REEMB. EXAMES MÉDICOS"", ""Natureza E-social"": ""6129-Outras multas ou indenizações""}",2026-03-27 16:02:24.74194
4161,,66,236,REEMB. VALE REFEICAO DIF.DISSIDIO,"1806-Alimentação em ticket ou cartão, vinculada ao PAT",0,9,0,,,,,,,,,,,,,,,,,,,,,,,,,,,,,,,,,,,,,,,,,,,,,,,,,"{""Código"": ""236"", ""Cód. FGTS"": ""0"", ""Cód. INSS"": ""0"", ""Cód. IRRF"": ""9"", ""Nome Evento"": ""REEMB. VALE REFEICAO DIF.DISSIDIO"", ""Natureza E-social"": ""1806-Alimentação em ticket ou cartão, vinculada ao PAT""}",2026-03-27 16:02:24.74194
4162,,67,240,REEMB. SALARIO FAMILIA,1409-Salário-família,51,0,0,,,,,,,,,,,,,,,,,,,,,,,,,,,,,,,,,,,,,,,,,,,,,,,,,"{""Código"": ""240"", ""Cód. FGTS"": ""0"", ""Cód. INSS"": ""51"", ""Cód. IRRF"": ""0"", ""Nome Evento"": ""REEMB. SALARIO FAMILIA"", ""Natureza E-social"": ""1409-Salário-família""}",2026-03-27 16:02:24.74194
4163,,68,241,SALÁRIO FAMILIA MES ANTERIOR,1409-Salário-família,51,0,0,,,,,,,,,,,,,,,,,,,,,,,,,,,,,,,,,,,,,,,,,,,,,,,,,"{""Código"": ""241"", ""Cód. FGTS"": ""0"", ""Cód. INSS"": ""51"", ""Cód. IRRF"": ""0"", ""Nome Evento"": ""SALÁRIO FAMILIA MES ANTERIOR"", ""Natureza E-social"": ""1409-Salário-família""}",2026-03-27 16:02:24.74194
4164,,69,243,REEMB. CONTRIB. SINDICAL,6129-Outras multas ou indenizações,0,0,0,,,,,,,,,,,,,,,,,,,,,,,,,,,,,,,,,,,,,,,,,,,,,,,,,"{""Código"": ""243"", ""Cód. FGTS"": ""0"", ""Cód. INSS"": ""0"", ""Cód. IRRF"": ""0"", ""Nome Evento"": ""REEMB. CONTRIB. SINDICAL"", ""Natureza E-social"": ""6129-Outras multas ou indenizações""}",2026-03-27 16:02:24.74194
4165,,70,249,REEMB. DESC. ASS. ODONTOLOGICA,6129-Outras multas ou indenizações,0,0,0,,,,,,,,,,,,,,,,,,,,,,,,,,,,,,,,,,,,,,,,,,,,,,,,,"{""Código"": ""249"", ""Cód. FGTS"": ""0"", ""Cód. INSS"": ""0"", ""Cód. IRRF"": ""0"", ""Nome Evento"": ""REEMB. DESC. ASS. ODONTOLOGICA"", ""Natureza E-social"": ""6129-Outras multas ou indenizações""}",2026-03-27 16:02:24.74194
4166,,71,252,AJUDA CRECHE CCT,1406-Auxílio-creche,0,0,0,,,,,,,,,,,,,,,,,,,,,,,,,,,,,,,,,,,,,,,,,,,,,,,,,"{""Código"": ""252"", ""Cód. FGTS"": ""0"", ""Cód. INSS"": ""0"", ""Cód. IRRF"": ""0"", ""Nome Evento"": ""AJUDA CRECHE CCT"", ""Natureza E-social"": ""1406-Auxílio-creche""}",2026-03-27 16:02:24.74194
4167,,72,253,DEV. ATRASO/FALTA HORAS,"1000-Salário, vencimento, soldo ou subsídio",11,11,11,,,,,,,,,,,,,,,,,,,,,,,,,,,,,,,,,,,,,,,,,,,,,,,,,"{""Código"": ""253"", ""Cód. FGTS"": ""11"", ""Cód. INSS"": ""11"", ""Cód. IRRF"": ""11"", ""Nome Evento"": ""DEV. ATRASO/FALTA HORAS"", ""Natureza E-social"": ""1000-Salário, vencimento, soldo ou subsídio""}",2026-03-27 16:02:24.74194
4168,,73,254,REEMB. MENSALIDADE. SINDICAL,9231-Contribuição Sindical – Associativa,0,0,0,,,,,,,,,,,,,,,,,,,,,,,,,,,,,,,,,,,,,,,,,,,,,,,,,"{""Código"": ""254"", ""Cód. FGTS"": ""0"", ""Cód. INSS"": ""0"", ""Cód. IRRF"": ""0"", ""Nome Evento"": ""REEMB. MENSALIDADE. SINDICAL"", ""Natureza E-social"": ""9231-Contribuição Sindical – Associativa""}",2026-03-27 16:02:24.74194
4169,,74,256,REEMB. DESC. REFEICAO (PAT),"1806-Alimentação em ticket ou cartão, vinculada ao PAT",0,9,0,,,,,,,,,,,,,,,,,,,,,,,,,,,,,,,,,,,,,,,,,,,,,,,,,"{""Código"": ""256"", ""Cód. FGTS"": ""0"", ""Cód. INSS"": ""0"", ""Cód. IRRF"": ""9"", ""Nome Evento"": ""REEMB. DESC. REFEICAO (PAT)"", ""Natureza E-social"": ""1806-Alimentação em ticket ou cartão, vinculada ao PAT""}",2026-03-27 16:02:24.74194
4170,,75,257,ABONO DE FERIAS ARTº 143 (Ferias),1023-Férias - Abono pecuniário,0,75,0,,,,,,,,,,,,,,,,,,,,,,,,,,,,,,,,,,,,,,,,,,,,,,,,,"{""Código"": ""257"", ""Cód. FGTS"": ""0"", ""Cód. INSS"": ""0"", ""Cód. IRRF"": ""75"", ""Nome Evento"": ""ABONO DE FERIAS ARTº 143 (Ferias)"", ""Natureza E-social"": ""1023-Férias - Abono pecuniário""}",2026-03-27 16:02:24.74194
4171,,76,258,1/3 S/ABONO FERIAS ARTº 143 (Ferias),1019 - Terço constitucional de férias - Abono ou gratificação de férias superior a 20 dias,0,75,0,,,,,,,,,,,,,,,,,,,,,,,,,,,,,,,,,,,,,,,,,,,,,,,,,"{""Código"": ""258"", ""Cód. FGTS"": ""0"", ""Cód. INSS"": ""0"", ""Cód. IRRF"": ""75"", ""Nome Evento"": ""1/3 S/ABONO FERIAS ARTº 143 (Ferias)"", ""Natureza E-social"": ""1019 - Terço constitucional de férias - Abono ou gratificação de férias superior a 20 dias""}",2026-03-27 16:02:24.74194
4172,,77,260,DIF. CCT S/FERIAS,"1000-Salário, vencimento, soldo ou subsídio",11,11,11,,,,,,,,,,,,,,,,,,,,,,,,,,,,,,,,,,,,,,,,,,,,,,,,,"{""Código"": ""260"", ""Cód. FGTS"": ""11"", ""Cód. INSS"": ""11"", ""Cód. IRRF"": ""11"", ""Nome Evento"": ""DIF. CCT S/FERIAS"", ""Natureza E-social"": ""1000-Salário, vencimento, soldo ou subsídio""}",2026-03-27 16:02:24.74194
4173,,78,265,REEMB. EMPRESTIMO CONSIGNADO,6129-Outras multas ou indenizações,0,9,0,,,,,,,,,,,,,,,,,,,,,,,,,,,,,,,,,,,,,,,,,,,,,,,,,"{""Código"": ""265"", ""Cód. FGTS"": ""0"", ""Cód. INSS"": ""0"", ""Cód. IRRF"": ""9"", ""Nome Evento"": ""REEMB. EMPRESTIMO CONSIGNADO"", ""Natureza E-social"": ""6129-Outras multas ou indenizações""}",2026-03-27 16:02:24.74194
4174,,79,268,DIF GRATIFICACAO MES ANT,1211-Gratificações,11,11,11,,,,,,,,,,,,,,,,,,,,,,,,,,,,,,,,,,,,,,,,,,,,,,,,,"{""Código"": ""268"", ""Cód. FGTS"": ""11"", ""Cód. INSS"": ""11"", ""Cód. IRRF"": ""11"", ""Nome Evento"": ""DIF GRATIFICACAO MES ANT"", ""Natureza E-social"": ""1211-Gratificações""}",2026-03-27 16:02:24.74194
4175,,80,270,H E 50% - ART. 71,1003-Horas extraordinárias,11,11,11,,,,,,,,,,,,,,,,,,,,,,,,,,,,,,,,,,,,,,,,,,,,,,,,,"{""Código"": ""270"", ""Cód. FGTS"": ""11"", ""Cód. INSS"": ""11"", ""Cód. IRRF"": ""11"", ""Nome Evento"": ""H E 50% - ART. 71"", ""Natureza E-social"": ""1003-Horas extraordinárias""}",2026-03-27 16:02:24.74194
4176,,81,273,ARREDONDAMENTO,2999-Arredondamentos,0,9,0,,,,,,,,,,,,,,,,,,,,,,,,,,,,,,,,,,,,,,,,,,,,,,,,,"{""Código"": ""273"", ""Cód. FGTS"": ""0"", ""Cód. INSS"": ""0"", ""Cód. IRRF"": ""9"", ""Nome Evento"": ""ARREDONDAMENTO"", ""Natureza E-social"": ""2999-Arredondamentos""}",2026-03-27 16:02:24.74194
4177,,82,275,VALE REFEIÇÃO,"1806-Alimentação em ticket ou cartão, vinculada ao PAT",0,9,0,,,,,,,,,,,,,,,,,,,,,,,,,,,,,,,,,,,,,,,,,,,,,,,,,"{""Código"": ""275"", ""Cód. FGTS"": ""0"", ""Cód. INSS"": ""0"", ""Cód. IRRF"": ""9"", ""Nome Evento"": ""VALE REFEIÇÃO"", ""Natureza E-social"": ""1806-Alimentação em ticket ou cartão, vinculada ao PAT""}",2026-03-27 16:02:24.74194
4178,,83,277,PAGTO. VALE REFEICAO,"1806-Alimentação em ticket ou cartão, vinculada ao PAT",0,9,0,,,,,,,,,,,,,,,,,,,,,,,,,,,,,,,,,,,,,,,,,,,,,,,,,"{""Código"": ""277"", ""Cód. FGTS"": ""0"", ""Cód. INSS"": ""0"", ""Cód. IRRF"": ""9"", ""Nome Evento"": ""PAGTO. VALE REFEICAO"", ""Natureza E-social"": ""1806-Alimentação em ticket ou cartão, vinculada ao PAT""}",2026-03-27 16:02:24.74194
4179,,84,278,PAGTO. CESTA BASICA,"1808-Cesta básica ou refeição, vinculada ao PAT",0,9,0,,,,,,,,,,,,,,,,,,,,,,,,,,,,,,,,,,,,,,,,,,,,,,,,,"{""Código"": ""278"", ""Cód. FGTS"": ""0"", ""Cód. INSS"": ""0"", ""Cód. IRRF"": ""9"", ""Nome Evento"": ""PAGTO. CESTA BASICA"", ""Natureza E-social"": ""1808-Cesta básica ou refeição, vinculada ao PAT""}",2026-03-27 16:02:24.74194
4180,,85,279,DEVOL DESC. ASSIST. MEDICA,1405-Assistência médica,0,0,0,,,,,,,,,,,,,,,,,,,,,,,,,,,,,,,,,,,,,,,,,,,,,,,,,"{""Código"": ""279"", ""Cód. FGTS"": ""0"", ""Cód. INSS"": ""0"", ""Cód. IRRF"": ""0"", ""Nome Evento"": ""DEVOL DESC. ASSIST. MEDICA"", ""Natureza E-social"": ""1405-Assistência médica""}",2026-03-27 16:02:24.74194
4181,,86,282,ADIANTAMENTO NORMAL,5501-Adiantamento de salário,0,11,0,,,,,,,,,,,,,,,,,,,,,,,,,,,,,,,,,,,,,,,,,,,,,,,,,"{""Código"": ""282"", ""Cód. FGTS"": ""0"", ""Cód. INSS"": ""0"", ""Cód. IRRF"": ""11"", ""Nome Evento"": ""ADIANTAMENTO NORMAL"", ""Natureza E-social"": ""5501-Adiantamento de salário""}",2026-03-27 16:02:24.74194
4182,,87,284,PAGTO. VALE ALIMENTACAO,"1806-Alimentação em ticket ou cartão, vinculada ao PAT",0,9,0,,,,,,,,,,,,,,,,,,,,,,,,,,,,,,,,,,,,,,,,,,,,,,,,,"{""Código"": ""284"", ""Cód. FGTS"": ""0"", ""Cód. INSS"": ""0"", ""Cód. IRRF"": ""9"", ""Nome Evento"": ""PAGTO. VALE ALIMENTACAO"", ""Natureza E-social"": ""1806-Alimentação em ticket ou cartão, vinculada ao PAT""}",2026-03-27 16:02:24.74194
4183,,88,288,ANTECIPACAO 13º SALARIO,5504-13º salário - Adiantamento,0,9,12,,,,,,,,,,,,,,,,,,,,,,,,,,,,,,,,,,,,,,,,,,,,,,,,,"{""Código"": ""288"", ""Cód. FGTS"": ""12"", ""Cód. INSS"": ""0"", ""Cód. IRRF"": ""9"", ""Nome Evento"": ""ANTECIPACAO 13º SALARIO"", ""Natureza E-social"": ""5504-13º salário - Adiantamento""}",2026-03-27 16:02:24.74194
4184,,89,289,MEDIAS ANTECIPACAO 13º SALARIO,5504-13º salário - Adiantamento,0,9,12,,,,,,,,,,,,,,,,,,,,,,,,,,,,,,,,,,,,,,,,,,,,,,,,,"{""Código"": ""289"", ""Cód. FGTS"": ""12"", ""Cód. INSS"": ""0"", ""Cód. IRRF"": ""9"", ""Nome Evento"": ""MEDIAS ANTECIPACAO 13º SALARIO"", ""Natureza E-social"": ""5504-13º salário - Adiantamento""}",2026-03-27 16:02:24.74194
4185,,90,291,ADIC. INSALUBRIDADE S/1ª 13º SALARIO,5504-13º salário - Adiantamento,0,0,12,,,,,,,,,,,,,,,,,,,,,,,,,,,,,,,,,,,,,,,,,,,,,,,,,"{""Código"": ""291"", ""Cód. FGTS"": ""12"", ""Cód. INSS"": ""0"", ""Cód. IRRF"": ""0"", ""Nome Evento"": ""ADIC. INSALUBRIDADE S/1ª 13º SALARIO"", ""Natureza E-social"": ""5504-13º salário - Adiantamento""}",2026-03-27 16:02:24.74194
4186,,91,292,ADIC. NOT MES ANT C/30%,1205-Adicional noturno,11,11,11,,,,,,,,,,,,,,,,,,,,,,,,,,,,,,,,,,,,,,,,,,,,,,,,,"{""Código"": ""292"", ""Cód. FGTS"": ""11"", ""Cód. INSS"": ""11"", ""Cód. IRRF"": ""11"", ""Nome Evento"": ""ADIC. NOT MES ANT C/30%"", ""Natureza E-social"": ""1205-Adicional noturno""}",2026-03-27 16:02:24.74194
4187,,92,293,F.G.T.S. S/13º SALARIO,9908-FGTS - depósito,0,0,0,,,,,,,,,,,,,,,,,,,,,,,,,,,,,,,,,,,,,,,,,,,,,,,,,"{""Código"": ""293"", ""Cód. FGTS"": ""0"", ""Cód. INSS"": ""0"", ""Cód. IRRF"": ""0"", ""Nome Evento"": ""F.G.T.S. S/13º SALARIO"", ""Natureza E-social"": ""9908-FGTS - depósito""}",2026-03-27 16:02:24.74194
4188,,93,294,DESP DE VIAGENS,"1621-Ressarcimento de despesas de viagem, exceto despesas com veículos",0,0,0,,,,,,,,,,,,,,,,,,,,,,,,,,,,,,,,,,,,,,,,,,,,,,,,,"{""Código"": ""294"", ""Cód. FGTS"": ""0"", ""Cód. INSS"": ""0"", ""Cód. IRRF"": ""0"", ""Nome Evento"": ""DESP DE VIAGENS"", ""Natureza E-social"": ""1621-Ressarcimento de despesas de viagem, exceto despesas com veículos""}",2026-03-27 16:02:24.74194
4189,,94,295,REEMB. ASSIST. MEDICA,1405-Assistência médica,0,0,0,,,,,,,,,,,,,,,,,,,,,,,,,,,,,,,,,,,,,,,,,,,,,,,,,"{""Código"": ""295"", ""Cód. FGTS"": ""0"", ""Cód. INSS"": ""0"", ""Cód. IRRF"": ""0"", ""Nome Evento"": ""REEMB. ASSIST. MEDICA"", ""Natureza E-social"": ""1405-Assistência médica""}",2026-03-27 16:02:24.74194
4190,,95,299,ADIC. SALARIO,1211-Gratificações,11,11,11,,,,,,,,,,,,,,,,,,,,,,,,,,,,,,,,,,,,,,,,,,,,,,,,,"{""Código"": ""299"", ""Cód. FGTS"": ""11"", ""Cód. INSS"": ""11"", ""Cód. IRRF"": ""11"", ""Nome Evento"": ""ADIC. SALARIO"", ""Natureza E-social"": ""1211-Gratificações""}",2026-03-27 16:02:24.74194
4191,,96,303,REEMB. DESC. FALTAS E ATRASOS,"1000-Salário, vencimento, soldo ou subsídio",11,11,11,,,,,,,,,,,,,,,,,,,,,,,,,,,,,,,,,,,,,,,,,,,,,,,,,"{""Código"": ""303"", ""Cód. FGTS"": ""11"", ""Cód. INSS"": ""11"", ""Cód. IRRF"": ""11"", ""Nome Evento"": ""REEMB. DESC. FALTAS E ATRASOS"", ""Natureza E-social"": ""1000-Salário, vencimento, soldo ou subsídio""}",2026-03-27 16:02:24.74194
4192,,97,305,REEMB.V.REFEICAO./ ALIM. REF. EXTRAS,"1806-Alimentação em ticket ou cartão, vinculada ao PAT",0,9,0,,,,,,,,,,,,,,,,,,,,,,,,,,,,,,,,,,,,,,,,,,,,,,,,,"{""Código"": ""305"", ""Cód. FGTS"": ""0"", ""Cód. INSS"": ""0"", ""Cód. IRRF"": ""9"", ""Nome Evento"": ""REEMB.V.REFEICAO./ ALIM. REF. EXTRAS"", ""Natureza E-social"": ""1806-Alimentação em ticket ou cartão, vinculada ao PAT""}",2026-03-27 16:02:24.74194
4193,,98,312,COMPLEMENTO PGTO.,"1000-Salário, vencimento, soldo ou subsídio",11,11,11,,,,,,,,,,,,,,,,,,,,,,,,,,,,,,,,,,,,,,,,,,,,,,,,,"{""Código"": ""312"", ""Cód. FGTS"": ""11"", ""Cód. INSS"": ""11"", ""Cód. IRRF"": ""11"", ""Nome Evento"": ""COMPLEMENTO PGTO."", ""Natureza E-social"": ""1000-Salário, vencimento, soldo ou subsídio""}",2026-03-27 16:02:24.74194
4194,,99,314,DIF. CESTA BASICA,"1808-Cesta básica ou refeição, vinculada ao PAT",0,9,0,,,,,,,,,,,,,,,,,,,,,,,,,,,,,,,,,,,,,,,,,,,,,,,,,"{""Código"": ""314"", ""Cód. FGTS"": ""0"", ""Cód. INSS"": ""0"", ""Cód. IRRF"": ""9"", ""Nome Evento"": ""DIF. CESTA BASICA"", ""Natureza E-social"": ""1808-Cesta básica ou refeição, vinculada ao PAT""}",2026-03-27 16:02:24.74194
4195,,100,320,SOBRE AVISO,1011-Sobreaviso e prontidão,11,11,11,,,,,,,,,,,,,,,,,,,,,,,,,,,,,,,,,,,,,,,,,,,,,,,,,"{""Código"": ""320"", ""Cód. FGTS"": ""11"", ""Cód. INSS"": ""11"", ""Cód. IRRF"": ""11"", ""Nome Evento"": ""SOBRE AVISO"", ""Natureza E-social"": ""1011-Sobreaviso e prontidão""}",2026-03-27 16:02:24.74194
4196,,101,328,ADIANTAMENTO DE SALARIO,"",0,0,0,,,,,,,,,,,,,,,,,,,,,,,,,,,,,,,,,,,,,,,,,,,,,,,,,"{""Código"": ""328"", ""Cód. FGTS"": ""0"", ""Cód. INSS"": ""0"", ""Cód. IRRF"": ""0"", ""Nome Evento"": ""ADIANTAMENTO DE SALARIO"", ""Natureza E-social"": """"}",2026-03-27 16:02:24.74194
4197,,102,335,AVISO PREVIO INDENIZADO,9989-Outros valores informativos,0,9,0,,,,,,,,,,,,,,,,,,,,,,,,,,,,,,,,,,,,,,,,,,,,,,,,,"{""Código"": ""335"", ""Cód. FGTS"": ""0"", ""Cód. INSS"": ""0"", ""Cód. IRRF"": ""9"", ""Nome Evento"": ""AVISO PREVIO INDENIZADO"", ""Natureza E-social"": ""9989-Outros valores informativos""}",2026-03-27 16:02:24.74194
4198,,103,339,DEVOLUCAO FALTAS / DSR,"1000-Salário, vencimento, soldo",11,11,11,,,,,,,,,,,,,,,,,,,,,,,,,,,,,,,,,,,,,,,,,,,,,,,,,"{""Código"": ""339"", ""Cód. FGTS"": ""11"", ""Cód. INSS"": ""11"", ""Cód. IRRF"": ""11"", ""Nome Evento"": ""DEVOLUCAO FALTAS / DSR"", ""Natureza E-social"": ""1000-Salário, vencimento, soldo""}",2026-03-27 16:02:24.74194
4199,,104,341,DIF. CCT/2019,"1000-Salário, vencimento, soldo ou subsídio",11,11,11,,,,,,,,,,,,,,,,,,,,,,,,,,,,,,,,,,,,,,,,,,,,,,,,,"{""Código"": ""341"", ""Cód. FGTS"": ""11"", ""Cód. INSS"": ""11"", ""Cód. IRRF"": ""11"", ""Nome Evento"": ""DIF. CCT/2019"", ""Natureza E-social"": ""1000-Salário, vencimento, soldo ou subsídio""}",2026-03-27 16:02:24.74194
4200,,105,342,DIF. CESTA BASICA CCT,"9243-Cesta básica ou refeição, vinculada ao PAT - Desconto",0,0,0,,,,,,,,,,,,,,,,,,,,,,,,,,,,,,,,,,,,,,,,,,,,,,,,,"{""Código"": ""342"", ""Cód. FGTS"": ""0"", ""Cód. INSS"": ""0"", ""Cód. IRRF"": ""0"", ""Nome Evento"": ""DIF. CESTA BASICA CCT"", ""Natureza E-social"": ""9243-Cesta básica ou refeição, vinculada ao PAT - Desconto""}",2026-03-27 16:02:24.74194
4201,,106,343,DIF. VALE REFEICAO CCT,"1806-Alimentação em ticket ou cartão, vinculada ao PAT",0,9,0,,,,,,,,,,,,,,,,,,,,,,,,,,,,,,,,,,,,,,,,,,,,,,,,,"{""Código"": ""343"", ""Cód. FGTS"": ""0"", ""Cód. INSS"": ""0"", ""Cód. IRRF"": ""9"", ""Nome Evento"": ""DIF. VALE REFEICAO CCT"", ""Natureza E-social"": ""1806-Alimentação em ticket ou cartão, vinculada ao PAT""}",2026-03-27 16:02:24.74194
4202,,107,346,DIFERENCA DE SALARIO,"1000-Salário, vencimento, soldo ou subsídio",11,11,11,,,,,,,,,,,,,,,,,,,,,,,,,,,,,,,,,,,,,,,,,,,,,,,,,"{""Código"": ""346"", ""Cód. FGTS"": ""11"", ""Cód. INSS"": ""11"", ""Cód. IRRF"": ""11"", ""Nome Evento"": ""DIFERENCA DE SALARIO"", ""Natureza E-social"": ""1000-Salário, vencimento, soldo ou subsídio""}",2026-03-27 16:02:24.74194
4203,,108,347,FERIAS VENCIDAS INDENIZADAS (Rescisao),6007-Férias vencidas na rescisão,0,9,0,,,,,,,,,,,,,,,,,,,,,,,,,,,,,,,,,,,,,,,,,,,,,,,,,"{""Código"": ""347"", ""Cód. FGTS"": ""0"", ""Cód. INSS"": ""0"", ""Cód. IRRF"": ""9"", ""Nome Evento"": ""FERIAS VENCIDAS INDENIZADAS (Rescisao)"", ""Natureza E-social"": ""6007-Férias vencidas na rescisão""}",2026-03-27 16:02:24.74194
4204,,109,348,1/3 FERIAS VENCIDAS INDENIZADAS (Rescisao),6007-Férias vencidas na rescisão,0,9,0,,,,,,,,,,,,,,,,,,,,,,,,,,,,,,,,,,,,,,,,,,,,,,,,,"{""Código"": ""348"", ""Cód. FGTS"": ""0"", ""Cód. INSS"": ""0"", ""Cód. IRRF"": ""9"", ""Nome Evento"": ""1/3 FERIAS VENCIDAS INDENIZADAS (Rescisao)"", ""Natureza E-social"": ""6007-Férias vencidas na rescisão""}",2026-03-27 16:02:24.74194
4205,,110,349,AVISO PREVIO INDENIZADO (Lei 12506),6003-Indenização compensatória do aviso-prévio,0,9,21,,,,,,,,,,,,,,,,,,,,,,,,,,,,,,,,,,,,,,,,,,,,,,,,,"{""Código"": ""349"", ""Cód. FGTS"": ""21"", ""Cód. INSS"": ""0"", ""Cód. IRRF"": ""9"", ""Nome Evento"": ""AVISO PREVIO INDENIZADO (Lei 12506)"", ""Natureza E-social"": ""6003-Indenização compensatória do aviso-prévio""}",2026-03-27 16:02:24.74194
4206,,111,350,FERIAS NORMAIS (Ferias),1016-Férias,11,13,11,,,,,,,,,,,,,,,,,,,,,,,,,,,,,,,,,,,,,,,,,,,,,,,,,"{""Código"": ""350"", ""Cód. FGTS"": ""11"", ""Cód. INSS"": ""11"", ""Cód. IRRF"": ""13"", ""Nome Evento"": ""FERIAS NORMAIS (Ferias)"", ""Natureza E-social"": ""1016-Férias""}",2026-03-27 16:02:24.74194
4207,,112,351,1/3 FERIAS NORMAIS (Ferias),1017-Terço constitucional de férias,11,13,11,,,,,,,,,,,,,,,,,,,,,,,,,,,,,,,,,,,,,,,,,,,,,,,,,"{""Código"": ""351"", ""Cód. FGTS"": ""11"", ""Cód. INSS"": ""11"", ""Cód. IRRF"": ""13"", ""Nome Evento"": ""1/3 FERIAS NORMAIS (Ferias)"", ""Natureza E-social"": ""1017-Terço constitucional de férias""}",2026-03-27 16:02:24.74194
4208,,113,353,AVISO PREVIO INDENIZADO,6003-Indenização compensatória do aviso-prévio,0,0,21,,,,,,,,,,,,,,,,,,,,,,,,,,,,,,,,,,,,,,,,,,,,,,,,,"{""Código"": ""353"", ""Cód. FGTS"": ""21"", ""Cód. INSS"": ""0"", ""Cód. IRRF"": ""0"", ""Nome Evento"": ""AVISO PREVIO INDENIZADO"", ""Natureza E-social"": ""6003-Indenização compensatória do aviso-prévio""}",2026-03-27 16:02:24.74194
4209,,114,354,MEDIAS S/AVISO PREVIO INDENIZADO,6003-Indenização compensatória do aviso-prévio,0,0,21,,,,,,,,,,,,,,,,,,,,,,,,,,,,,,,,,,,,,,,,,,,,,,,,,"{""Código"": ""354"", ""Cód. FGTS"": ""21"", ""Cód. INSS"": ""0"", ""Cód. IRRF"": ""0"", ""Nome Evento"": ""MEDIAS S/AVISO PREVIO INDENIZADO"", ""Natureza E-social"": ""6003-Indenização compensatória do aviso-prévio""}",2026-03-27 16:02:24.74194
4210,,115,357,FERIAS PROPORCIONAIS (Rescisao),6006-Férias proporcionais,0,9,0,,,,,,,,,,,,,,,,,,,,,,,,,,,,,,,,,,,,,,,,,,,,,,,,,"{""Código"": ""357"", ""Cód. FGTS"": ""0"", ""Cód. INSS"": ""0"", ""Cód. IRRF"": ""9"", ""Nome Evento"": ""FERIAS PROPORCIONAIS (Rescisao)"", ""Natureza E-social"": ""6006-Férias proporcionais""}",2026-03-27 16:02:24.74194
4211,,116,358,1/3 FERIAS PROPORCIONAIS (Rescisao),6006-Férias proporcionais,0,9,0,,,,,,,,,,,,,,,,,,,,,,,,,,,,,,,,,,,,,,,,,,,,,,,,,"{""Código"": ""358"", ""Cód. FGTS"": ""0"", ""Cód. INSS"": ""0"", ""Cód. IRRF"": ""9"", ""Nome Evento"": ""1/3 FERIAS PROPORCIONAIS (Rescisao)"", ""Natureza E-social"": ""6006-Férias proporcionais""}",2026-03-27 16:02:24.74194
4212,,117,359,ADIC. FERIAS INDENIZADAS (Rescisao),6007-Férias vencidas na rescisão,0,9,0,,,,,,,,,,,,,,,,,,,,,,,,,,,,,,,,,,,,,,,,,,,,,,,,,"{""Código"": ""359"", ""Cód. FGTS"": ""0"", ""Cód. INSS"": ""0"", ""Cód. IRRF"": ""9"", ""Nome Evento"": ""ADIC. FERIAS INDENIZADAS (Rescisao)"", ""Natureza E-social"": ""6007-Férias vencidas na rescisão""}",2026-03-27 16:02:24.74194
4213,,118,360,1/3 ADIC. FERIAS INDENIZADAS (Rescisao),6007-Férias vencidas na rescisão,0,9,0,,,,,,,,,,,,,,,,,,,,,,,,,,,,,,,,,,,,,,,,,,,,,,,,,"{""Código"": ""360"", ""Cód. FGTS"": ""0"", ""Cód. INSS"": ""0"", ""Cód. IRRF"": ""9"", ""Nome Evento"": ""1/3 ADIC. FERIAS INDENIZADAS (Rescisao)"", ""Natureza E-social"": ""6007-Férias vencidas na rescisão""}",2026-03-27 16:02:24.74194
4214,,119,361,ADIC. FERIAS S/AVISO PREVIO,6007-Férias vencidas na rescisão,0,13,0,,,,,,,,,,,,,,,,,,,,,,,,,,,,,,,,,,,,,,,,,,,,,,,,,"{""Código"": ""361"", ""Cód. FGTS"": ""0"", ""Cód. INSS"": ""0"", ""Cód. IRRF"": ""13"", ""Nome Evento"": ""ADIC. FERIAS S/AVISO PREVIO"", ""Natureza E-social"": ""6007-Férias vencidas na rescisão""}",2026-03-27 16:02:24.74194
4215,,120,363,EMPRESTIMO SALDO NEGATIVO,2930-Insuficiência de saldo,0,0,0,,,,,,,,,,,,,,,,,,,,,,,,,,,,,,,,,,,,,,,,,,,,,,,,,"{""Código"": ""363"", ""Cód. FGTS"": ""0"", ""Cód. INSS"": ""0"", ""Cód. IRRF"": ""0"", ""Nome Evento"": ""EMPRESTIMO SALDO NEGATIVO"", ""Natureza E-social"": ""2930-Insuficiência de saldo""}",2026-03-27 16:02:24.74194
4216,,121,366,DEVOL. I.N.S.S.- FOLHA,1623-Ressarcimento de provisão,0,9,0,,,,,,,,,,,,,,,,,,,,,,,,,,,,,,,,,,,,,,,,,,,,,,,,,"{""Código"": ""366"", ""Cód. FGTS"": ""0"", ""Cód. INSS"": ""0"", ""Cód. IRRF"": ""9"", ""Nome Evento"": ""DEVOL. I.N.S.S.- FOLHA"", ""Natureza E-social"": ""1623-Ressarcimento de provisão""}",2026-03-27 16:02:24.74194
4217,,122,367,13º SALARIO PROP. S/AVISO PREVIO (Lei 12506),6001-13º salário relativo ao aviso-prévio indenizado,12,12,21,,,,,,,,,,,,,,,,,,,,,,,,,,,,,,,,,,,,,,,,,,,,,,,,,"{""Código"": ""367"", ""Cód. FGTS"": ""21"", ""Cód. INSS"": ""12"", ""Cód. IRRF"": ""12"", ""Nome Evento"": ""13º SALARIO PROP. S/AVISO PREVIO (Lei 12506)"", ""Natureza E-social"": ""6001-13º salário relativo ao aviso-prévio indenizado""}",2026-03-27 16:02:24.74194
4218,,123,368,FERIAS S/AVISO PREVIO INDENIZADO (Lei 12506),6007-Férias vencidas na rescisão,0,9,0,,,,,,,,,,,,,,,,,,,,,,,,,,,,,,,,,,,,,,,,,,,,,,,,,"{""Código"": ""368"", ""Cód. FGTS"": ""0"", ""Cód. INSS"": ""0"", ""Cód. IRRF"": ""9"", ""Nome Evento"": ""FERIAS S/AVISO PREVIO INDENIZADO (Lei 12506)"", ""Natureza E-social"": ""6007-Férias vencidas na rescisão""}",2026-03-27 16:02:24.74194
4219,,124,369,1/3 FERIAS S/AVISO PREVIO INDENIZADO (Lei 12506),6007-Férias vencidas na rescisão,0,9,0,,,,,,,,,,,,,,,,,,,,,,,,,,,,,,,,,,,,,,,,,,,,,,,,,"{""Código"": ""369"", ""Cód. FGTS"": ""0"", ""Cód. INSS"": ""0"", ""Cód. IRRF"": ""9"", ""Nome Evento"": ""1/3 FERIAS S/AVISO PREVIO INDENIZADO (Lei 12506)"", ""Natureza E-social"": ""6007-Férias vencidas na rescisão""}",2026-03-27 16:02:24.74194
4220,,125,370,13º SALARIO INDENIZADO,6002-13° salário proporcional na rescisão,12,12,12,,,,,,,,,,,,,,,,,,,,,,,,,,,,,,,,,,,,,,,,,,,,,,,,,"{""Código"": ""370"", ""Cód. FGTS"": ""12"", ""Cód. INSS"": ""12"", ""Cód. IRRF"": ""12"", ""Nome Evento"": ""13º SALARIO INDENIZADO"", ""Natureza E-social"": ""6002-13° salário proporcional na rescisão""}",2026-03-27 16:02:24.74194
4221,,126,371,13º SALARIO PROP. S/AVISO PREVIO,6001-13º salário relativo ao aviso-prévio indenizado,12,12,21,,,,,,,,,,,,,,,,,,,,,,,,,,,,,,,,,,,,,,,,,,,,,,,,,"{""Código"": ""371"", ""Cód. FGTS"": ""21"", ""Cód. INSS"": ""12"", ""Cód. IRRF"": ""12"", ""Nome Evento"": ""13º SALARIO PROP. S/AVISO PREVIO"", ""Natureza E-social"": ""6001-13º salário relativo ao aviso-prévio indenizado""}",2026-03-27 16:02:24.74194
4222,,127,372,FERIAS S/AVISO PREVIO INDENIZADO,6006-Férias proporcionais,0,9,0,,,,,,,,,,,,,,,,,,,,,,,,,,,,,,,,,,,,,,,,,,,,,,,,,"{""Código"": ""372"", ""Cód. FGTS"": ""0"", ""Cód. INSS"": ""0"", ""Cód. IRRF"": ""9"", ""Nome Evento"": ""FERIAS S/AVISO PREVIO INDENIZADO"", ""Natureza E-social"": ""6006-Férias proporcionais""}",2026-03-27 16:02:24.74194
4223,,128,373,1/3 FERIAS S/AVISO PREVIO INDENIZADO,6006-Férias proporcionais,0,9,0,,,,,,,,,,,,,,,,,,,,,,,,,,,,,,,,,,,,,,,,,,,,,,,,,"{""Código"": ""373"", ""Cód. FGTS"": ""0"", ""Cód. INSS"": ""0"", ""Cód. IRRF"": ""9"", ""Nome Evento"": ""1/3 FERIAS S/AVISO PREVIO INDENIZADO"", ""Natureza E-social"": ""6006-Férias proporcionais""}",2026-03-27 16:02:24.74194
4224,,129,374,1/3 ADIC. FERIAS S/AVISO PREVIO,6006-Férias proporcionais,0,9,0,,,,,,,,,,,,,,,,,,,,,,,,,,,,,,,,,,,,,,,,,,,,,,,,,"{""Código"": ""374"", ""Cód. FGTS"": ""0"", ""Cód. INSS"": ""0"", ""Cód. IRRF"": ""9"", ""Nome Evento"": ""1/3 ADIC. FERIAS S/AVISO PREVIO"", ""Natureza E-social"": ""6006-Férias proporcionais""}",2026-03-27 16:02:24.74194
4225,,130,375,ADIC. 13º SALARIO S/AVISO PREVIO,6001-13º salário relativo ao aviso-prévio indenizado,12,12,21,,,,,,,,,,,,,,,,,,,,,,,,,,,,,,,,,,,,,,,,,,,,,,,,,"{""Código"": ""375"", ""Cód. FGTS"": ""21"", ""Cód. INSS"": ""12"", ""Cód. IRRF"": ""12"", ""Nome Evento"": ""ADIC. 13º SALARIO S/AVISO PREVIO"", ""Natureza E-social"": ""6001-13º salário relativo ao aviso-prévio indenizado""}",2026-03-27 16:02:24.74194
4226,,131,379,REEMB VALE REFEICAO/ ALIMENTACAO,"1806-Alimentação em ticket ou cartão, vinculada ao PAT",0,9,0,,,,,,,,,,,,,,,,,,,,,,,,,,,,,,,,,,,,,,,,,,,,,,,,,"{""Código"": ""379"", ""Cód. FGTS"": ""0"", ""Cód. INSS"": ""0"", ""Cód. IRRF"": ""9"", ""Nome Evento"": ""REEMB VALE REFEICAO/ ALIMENTACAO"", ""Natureza E-social"": ""1806-Alimentação em ticket ou cartão, vinculada ao PAT""}",2026-03-27 16:02:24.74194
4227,,132,381,ADIC. INSALUBRIDADE S/13º SALARIO,5001-13º salário,12,12,12,,,,,,,,,,,,,,,,,,,,,,,,,,,,,,,,,,,,,,,,,,,,,,,,,"{""Código"": ""381"", ""Cód. FGTS"": ""12"", ""Cód. INSS"": ""12"", ""Cód. IRRF"": ""12"", ""Nome Evento"": ""ADIC. INSALUBRIDADE S/13º SALARIO"", ""Natureza E-social"": ""5001-13º salário""}",2026-03-27 16:02:24.74194
4228,,133,384,EMPRESTIMO FOLHA,2930-Insuficiência de saldo,0,0,0,,,,,,,,,,,,,,,,,,,,,,,,,,,,,,,,,,,,,,,,,,,,,,,,,"{""Código"": ""384"", ""Cód. FGTS"": ""0"", ""Cód. INSS"": ""0"", ""Cód. IRRF"": ""0"", ""Nome Evento"": ""EMPRESTIMO FOLHA"", ""Natureza E-social"": ""2930-Insuficiência de saldo""}",2026-03-27 16:02:24.74194
4229,,134,390,SALARIO MATERNIDADE,4050-Salário maternidade,21,11,11,,,,,,,,,,,,,,,,,,,,,,,,,,,,,,,,,,,,,,,,,,,,,,,,,"{""Código"": ""390"", ""Cód. FGTS"": ""11"", ""Cód. INSS"": ""21"", ""Cód. IRRF"": ""11"", ""Nome Evento"": ""SALARIO MATERNIDADE"", ""Natureza E-social"": ""4050-Salário maternidade""}",2026-03-27 16:02:24.74194
4230,,135,393,F.G.T.S. S/AVISO PREVIO (Rescisao),9908-FGTS - depósito,0,0,0,,,,,,,,,,,,,,,,,,,,,,,,,,,,,,,,,,,,,,,,,,,,,,,,,"{""Código"": ""393"", ""Cód. FGTS"": ""0"", ""Cód. INSS"": ""0"", ""Cód. IRRF"": ""0"", ""Nome Evento"": ""F.G.T.S. S/AVISO PREVIO (Rescisao)"", ""Natureza E-social"": ""9908-FGTS - depósito""}",2026-03-27 16:02:24.74194
4231,,136,396,DEVOL. I.N.S.S. - 13º SALARIO,1623-Ressarcimento de provisão,0,11,0,,,,,,,,,,,,,,,,,,,,,,,,,,,,,,,,,,,,,,,,,,,,,,,,,"{""Código"": ""396"", ""Cód. FGTS"": ""0"", ""Cód. INSS"": ""0"", ""Cód. IRRF"": ""11"", ""Nome Evento"": ""DEVOL. I.N.S.S. - 13º SALARIO"", ""Natureza E-social"": ""1623-Ressarcimento de provisão""}",2026-03-27 16:02:24.74194
4232,,137,402,PREMIO TEMPO DE SERVICO,1206-Adicional por tempo de serviço,11,11,11,,,,,,,,,,,,,,,,,,,,,,,,,,,,,,,,,,,,,,,,,,,,,,,,,"{""Código"": ""402"", ""Cód. FGTS"": ""11"", ""Cód. INSS"": ""11"", ""Cód. IRRF"": ""11"", ""Nome Evento"": ""PREMIO TEMPO DE SERVICO"", ""Natureza E-social"": ""1206-Adicional por tempo de serviço""}",2026-03-27 16:02:24.74194
4233,,138,403,COMPLEMENTO FERIAS (DISSIDIO),1016-Férias,11,13,11,,,,,,,,,,,,,,,,,,,,,,,,,,,,,,,,,,,,,,,,,,,,,,,,,"{""Código"": ""403"", ""Cód. FGTS"": ""11"", ""Cód. INSS"": ""11"", ""Cód. IRRF"": ""13"", ""Nome Evento"": ""COMPLEMENTO FERIAS (DISSIDIO)"", ""Natureza E-social"": ""1016-Férias""}",2026-03-27 16:02:24.74194
4234,,139,404,DIF. FERIAS,1016-Férias,11,13,11,,,,,,,,,,,,,,,,,,,,,,,,,,,,,,,,,,,,,,,,,,,,,,,,,"{""Código"": ""404"", ""Cód. FGTS"": ""11"", ""Cód. INSS"": ""11"", ""Cód. IRRF"": ""13"", ""Nome Evento"": ""DIF. FERIAS"", ""Natureza E-social"": ""1016-Férias""}",2026-03-27 16:02:24.74194
4235,,140,405,MEDIAS FERIAS (Ferias),1016-Férias,11,13,11,,,,,,,,,,,,,,,,,,,,,,,,,,,,,,,,,,,,,,,,,,,,,,,,,"{""Código"": ""405"", ""Cód. FGTS"": ""11"", ""Cód. INSS"": ""11"", ""Cód. IRRF"": ""13"", ""Nome Evento"": ""MEDIAS FERIAS (Ferias)"", ""Natureza E-social"": ""1016-Férias""}",2026-03-27 16:02:24.74194
4236,,141,406,1/3 MEDIAS FERIAS (Ferias),1017-Terço constitucional de férias,11,13,11,,,,,,,,,,,,,,,,,,,,,,,,,,,,,,,,,,,,,,,,,,,,,,,,,"{""Código"": ""406"", ""Cód. FGTS"": ""11"", ""Cód. INSS"": ""11"", ""Cód. IRRF"": ""13"", ""Nome Evento"": ""1/3 MEDIAS FERIAS (Ferias)"", ""Natureza E-social"": ""1017-Terço constitucional de férias""}",2026-03-27 16:02:24.74194
4237,,142,407,MEDIAS FERIAS S/ABONO (Ferias),1023-Férias - Abono pecuniário,0,75,0,,,,,,,,,,,,,,,,,,,,,,,,,,,,,,,,,,,,,,,,,,,,,,,,,"{""Código"": ""407"", ""Cód. FGTS"": ""0"", ""Cód. INSS"": ""0"", ""Cód. IRRF"": ""75"", ""Nome Evento"": ""MEDIAS FERIAS S/ABONO (Ferias)"", ""Natureza E-social"": ""1023-Férias - Abono pecuniário""}",2026-03-27 16:02:24.74194
4238,,143,408,1/3 MEDIAS FERIAS S/ABONO (Ferias),1023-Férias - Abono pecuniário,0,75,0,,,,,,,,,,,,,,,,,,,,,,,,,,,,,,,,,,,,,,,,,,,,,,,,,"{""Código"": ""408"", ""Cód. FGTS"": ""0"", ""Cód. INSS"": ""0"", ""Cód. IRRF"": ""75"", ""Nome Evento"": ""1/3 MEDIAS FERIAS S/ABONO (Ferias)"", ""Natureza E-social"": ""1023-Férias - Abono pecuniário""}",2026-03-27 16:02:24.74194
4239,,144,420,ABONO PECUNIARIO RODOVIARIOS,1403 - Abono Legal,0,75,0,,,,,,,,,,,,,,,,,,,,,,,,,,,,,,,,,,,,,,,,,,,,,,,,,"{""Código"": ""420"", ""Cód. FGTS"": ""0"", ""Cód. INSS"": ""0"", ""Cód. IRRF"": ""75"", ""Nome Evento"": ""ABONO PECUNIARIO RODOVIARIOS"", ""Natureza E-social"": ""1403 - Abono Legal""}",2026-03-27 16:02:24.74194
4240,,145,421,AJUDA DE CUSTO,1603-Ajuda de custo,0,73,0,,,,,,,,,,,,,,,,,,,,,,,,,,,,,,,,,,,,,,,,,,,,,,,,,"{""Código"": ""421"", ""Cód. FGTS"": ""0"", ""Cód. INSS"": ""0"", ""Cód. IRRF"": ""73"", ""Nome Evento"": ""AJUDA DE CUSTO"", ""Natureza E-social"": ""1603-Ajuda de custo""}",2026-03-27 16:02:24.74194
4241,,146,426,COMBUSTIVEL,1620-Ressarcimento de despesas pelo uso de veículo próprio,0,0,0,,,,,,,,,,,,,,,,,,,,,,,,,,,,,,,,,,,,,,,,,,,,,,,,,"{""Código"": ""426"", ""Cód. FGTS"": ""0"", ""Cód. INSS"": ""0"", ""Cód. IRRF"": ""0"", ""Nome Evento"": ""COMBUSTIVEL"", ""Natureza E-social"": ""1620-Ressarcimento de despesas pelo uso de veículo próprio""}",2026-03-27 16:02:24.74194
4242,,147,428,REEMBOLSO DESC. INDEVIDO,1629-Ressarcimento de outras despesas,0,9,0,,,,,,,,,,,,,,,,,,,,,,,,,,,,,,,,,,,,,,,,,,,,,,,,,"{""Código"": ""428"", ""Cód. FGTS"": ""0"", ""Cód. INSS"": ""0"", ""Cód. IRRF"": ""9"", ""Nome Evento"": ""REEMBOLSO DESC. INDEVIDO"", ""Natureza E-social"": ""1629-Ressarcimento de outras despesas""}",2026-03-27 16:02:24.74194
4243,,148,430,DEVOLUCAO DESC. VT,1629-Ressarcimento de outras despesas,0,0,0,,,,,,,,,,,,,,,,,,,,,,,,,,,,,,,,,,,,,,,,,,,,,,,,,"{""Código"": ""430"", ""Cód. FGTS"": ""0"", ""Cód. INSS"": ""0"", ""Cód. IRRF"": ""0"", ""Nome Evento"": ""DEVOLUCAO DESC. VT"", ""Natureza E-social"": ""1629-Ressarcimento de outras despesas""}",2026-03-27 16:02:24.74194
4244,,149,431,DEVOLUCAO DESC. MULTAS TRANSITO,2920-Reembolsos diversos,0,0,0,,,,,,,,,,,,,,,,,,,,,,,,,,,,,,,,,,,,,,,,,,,,,,,,,"{""Código"": ""431"", ""Cód. FGTS"": ""0"", ""Cód. INSS"": ""0"", ""Cód. IRRF"": ""0"", ""Nome Evento"": ""DEVOLUCAO DESC. MULTAS TRANSITO"", ""Natureza E-social"": ""2920-Reembolsos diversos""}",2026-03-27 16:02:24.74194
4245,,150,439,HORAS EXTRAS 100% MES ANTERIOR,1003-Horas extraordinárias,11,11,11,,,,,,,,,,,,,,,,,,,,,,,,,,,,,,,,,,,,,,,,,,,,,,,,,"{""Código"": ""439"", ""Cód. FGTS"": ""11"", ""Cód. INSS"": ""11"", ""Cód. IRRF"": ""11"", ""Nome Evento"": ""HORAS EXTRAS 100% MES ANTERIOR"", ""Natureza E-social"": ""1003-Horas extraordinárias""}",2026-03-27 16:02:24.74194
4246,,151,441,HORAS EXTRAS 50% MES ANTERIOR,1003-Horas extraordinárias,11,11,11,,,,,,,,,,,,,,,,,,,,,,,,,,,,,,,,,,,,,,,,,,,,,,,,,"{""Código"": ""441"", ""Cód. FGTS"": ""11"", ""Cód. INSS"": ""11"", ""Cód. IRRF"": ""11"", ""Nome Evento"": ""HORAS EXTRAS 50% MES ANTERIOR"", ""Natureza E-social"": ""1003-Horas extraordinárias""}",2026-03-27 16:02:24.74194
4247,,152,444,DIF. VA E VR - CCT,"1806-Alimentação em ticket ou cartão, vinculada ao PAT",0,9,0,,,,,,,,,,,,,,,,,,,,,,,,,,,,,,,,,,,,,,,,,,,,,,,,,"{""Código"": ""444"", ""Cód. FGTS"": ""0"", ""Cód. INSS"": ""0"", ""Cód. IRRF"": ""9"", ""Nome Evento"": ""DIF. VA E VR - CCT"", ""Natureza E-social"": ""1806-Alimentação em ticket ou cartão, vinculada ao PAT""}",2026-03-27 16:02:24.74194
4248,,153,449,GRATIFICACAO,1211-Gratificações,11,11,11,,,,,,,,,,,,,,,,,,,,,,,,,,,,,,,,,,,,,,,,,,,,,,,,,"{""Código"": ""449"", ""Cód. FGTS"": ""11"", ""Cód. INSS"": ""11"", ""Cód. IRRF"": ""11"", ""Nome Evento"": ""GRATIFICACAO"", ""Natureza E-social"": ""1211-Gratificações""}",2026-03-27 16:02:24.74194
4249,,154,457,ADIC. NOTURNO C/20%,1205-Adicional noturno,11,11,11,,,,,,,,,,,,,,,,,,,,,,,,,,,,,,,,,,,,,,,,,,,,,,,,,"{""Código"": ""457"", ""Cód. FGTS"": ""11"", ""Cód. INSS"": ""11"", ""Cód. IRRF"": ""11"", ""Nome Evento"": ""ADIC. NOTURNO C/20%"", ""Natureza E-social"": ""1205-Adicional noturno""}",2026-03-27 16:02:24.74194
4250,,155,459,13 SALARIO,5001-13º salário,12,12,12,,,,,,,,,,,,,,,,,,,,,,,,,,,,,,,,,,,,,,,,,,,,,,,,,"{""Código"": ""459"", ""Cód. FGTS"": ""12"", ""Cód. INSS"": ""12"", ""Cód. IRRF"": ""12"", ""Nome Evento"": ""13 SALARIO"", ""Natureza E-social"": ""5001-13º salário""}",2026-03-27 16:02:24.74194
4251,,156,462,DESC H EXTRAS 50% - MES ANT,1003-Horas extraordinárias,11,11,11,,,,,,,,,,,,,,,,,,,,,,,,,,,,,,,,,,,,,,,,,,,,,,,,,"{""Código"": ""462"", ""Cód. FGTS"": ""11"", ""Cód. INSS"": ""11"", ""Cód. IRRF"": ""11"", ""Nome Evento"": ""DESC H EXTRAS 50% - MES ANT"", ""Natureza E-social"": ""1003-Horas extraordinárias""}",2026-03-27 16:02:24.74194
4252,,157,464,DIF. 13º SALARIO,5001-13º salário,12,12,12,,,,,,,,,,,,,,,,,,,,,,,,,,,,,,,,,,,,,,,,,,,,,,,,,"{""Código"": ""464"", ""Cód. FGTS"": ""12"", ""Cód. INSS"": ""12"", ""Cód. IRRF"": ""12"", ""Nome Evento"": ""DIF. 13º SALARIO"", ""Natureza E-social"": ""5001-13º salário""}",2026-03-27 16:02:24.74194
4253,,158,465,DIF. 13º SALARIO,5001-13º salário,12,12,12,,,,,,,,,,,,,,,,,,,,,,,,,,,,,,,,,,,,,,,,,,,,,,,,,"{""Código"": ""465"", ""Cód. FGTS"": ""12"", ""Cód. INSS"": ""12"", ""Cód. IRRF"": ""12"", ""Nome Evento"": ""DIF. 13º SALARIO"", ""Natureza E-social"": ""5001-13º salário""}",2026-03-27 16:02:24.74194
4254,,159,469,13º SALARIO S/SALARIO MATERNIDADE,4051-Salário maternidade – 13° salário,22,12,12,,,,,,,,,,,,,,,,,,,,,,,,,,,,,,,,,,,,,,,,,,,,,,,,,"{""Código"": ""469"", ""Cód. FGTS"": ""12"", ""Cód. INSS"": ""22"", ""Cód. IRRF"": ""12"", ""Nome Evento"": ""13º SALARIO S/SALARIO MATERNIDADE"", ""Natureza E-social"": ""4051-Salário maternidade – 13° salário""}",2026-03-27 16:02:24.74194
4255,,160,470,13º SALARIO,5001-13º salário,12,12,12,,,,,,,,,,,,,,,,,,,,,,,,,,,,,,,,,,,,,,,,,,,,,,,,,"{""Código"": ""470"", ""Cód. FGTS"": ""12"", ""Cód. INSS"": ""12"", ""Cód. IRRF"": ""12"", ""Nome Evento"": ""13º SALARIO"", ""Natureza E-social"": ""5001-13º salário""}",2026-03-27 16:02:24.74194
4256,,161,478,ARTIGO 477,6106-Multa do art. 477 da CLT,0,0,0,,,,,,,,,,,,,,,,,,,,,,,,,,,,,,,,,,,,,,,,,,,,,,,,,"{""Código"": ""478"", ""Cód. FGTS"": ""0"", ""Cód. INSS"": ""0"", ""Cód. IRRF"": ""0"", ""Nome Evento"": ""ARTIGO 477"", ""Natureza E-social"": ""6106-Multa do art. 477 da CLT""}",2026-03-27 16:02:24.74194
4257,,162,479,INDENIZACAO ARTº 479,6104-Indenização do art. 479 da CLT,0,0,0,,,,,,,,,,,,,,,,,,,,,,,,,,,,,,,,,,,,,,,,,,,,,,,,,"{""Código"": ""479"", ""Cód. FGTS"": ""0"", ""Cód. INSS"": ""0"", ""Cód. IRRF"": ""0"", ""Nome Evento"": ""INDENIZACAO ARTº 479"", ""Natureza E-social"": ""6104-Indenização do art. 479 da CLT""}",2026-03-27 16:02:24.74194
4258,,163,480,ADIC. S/13º SALARIO,5001-13º salário,12,12,12,,,,,,,,,,,,,,,,,,,,,,,,,,,,,,,,,,,,,,,,,,,,,,,,,"{""Código"": ""480"", ""Cód. FGTS"": ""12"", ""Cód. INSS"": ""12"", ""Cód. IRRF"": ""12"", ""Nome Evento"": ""ADIC. S/13º SALARIO"", ""Natureza E-social"": ""5001-13º salário""}",2026-03-27 16:02:24.74194
4259,,164,481,ADIC. 13º SALARIO S/AVISO PREVIO,6001-13º salário relativo ao aviso-prévio indenizado,12,12,21,,,,,,,,,,,,,,,,,,,,,,,,,,,,,,,,,,,,,,,,,,,,,,,,,"{""Código"": ""481"", ""Cód. FGTS"": ""21"", ""Cód. INSS"": ""12"", ""Cód. IRRF"": ""12"", ""Nome Evento"": ""ADIC. 13º SALARIO S/AVISO PREVIO"", ""Natureza E-social"": ""6001-13º salário relativo ao aviso-prévio indenizado""}",2026-03-27 16:02:24.74194
4260,,165,482,ADIC. PERICULOSIDADE S/2ª PARCELA 13º SALARIO,5001-13º salário,12,12,12,,,,,,,,,,,,,,,,,,,,,,,,,,,,,,,,,,,,,,,,,,,,,,,,,"{""Código"": ""482"", ""Cód. FGTS"": ""12"", ""Cód. INSS"": ""12"", ""Cód. IRRF"": ""12"", ""Nome Evento"": ""ADIC. PERICULOSIDADE S/2ª PARCELA 13º SALARIO"", ""Natureza E-social"": ""5001-13º salário""}",2026-03-27 16:02:24.74194
4261,,166,483,F.G.T.S. MES ANTERIOR,9908-FGTS - depósito,0,0,0,,,,,,,,,,,,,,,,,,,,,,,,,,,,,,,,,,,,,,,,,,,,,,,,,"{""Código"": ""483"", ""Cód. FGTS"": ""0"", ""Cód. INSS"": ""0"", ""Cód. IRRF"": ""0"", ""Nome Evento"": ""F.G.T.S. MES ANTERIOR"", ""Natureza E-social"": ""9908-FGTS - depósito""}",2026-03-27 16:02:24.74194
4262,,167,488,DIF. VALE REFEICAO,"1806-Alimentação em ticket ou cartão, vinculada ao PAT",0,9,0,,,,,,,,,,,,,,,,,,,,,,,,,,,,,,,,,,,,,,,,,,,,,,,,,"{""Código"": ""488"", ""Cód. FGTS"": ""0"", ""Cód. INSS"": ""0"", ""Cód. IRRF"": ""9"", ""Nome Evento"": ""DIF. VALE REFEICAO"", ""Natureza E-social"": ""1806-Alimentação em ticket ou cartão, vinculada ao PAT""}",2026-03-27 16:02:24.74194
4263,,168,490,DIF. ASSISTENCIA MEDICA,1405-Assistência médica,0,0,0,,,,,,,,,,,,,,,,,,,,,,,,,,,,,,,,,,,,,,,,,,,,,,,,,"{""Código"": ""490"", ""Cód. FGTS"": ""0"", ""Cód. INSS"": ""0"", ""Cód. IRRF"": ""0"", ""Nome Evento"": ""DIF. ASSISTENCIA MEDICA"", ""Natureza E-social"": ""1405-Assistência médica""}",2026-03-27 16:02:24.74194
4264,,169,499,DIF. VALE-TRANSPORTE,1810-Transporte,0,0,0,,,,,,,,,,,,,,,,,,,,,,,,,,,,,,,,,,,,,,,,,,,,,,,,,"{""Código"": ""499"", ""Cód. FGTS"": ""0"", ""Cód. INSS"": ""0"", ""Cód. IRRF"": ""0"", ""Nome Evento"": ""DIF. VALE-TRANSPORTE"", ""Natureza E-social"": ""1810-Transporte""}",2026-03-27 16:02:24.74194
4265,,170,500,DESC. FALTAS (DIAS),9207-Faltas,11,11,11,,,,,,,,,,,,,,,,,,,,,,,,,,,,,,,,,,,,,,,,,,,,,,,,,"{""Código"": ""500"", ""Cód. FGTS"": ""11"", ""Cód. INSS"": ""11"", ""Cód. IRRF"": ""11"", ""Nome Evento"": ""DESC. FALTAS (DIAS)"", ""Natureza E-social"": ""9207-Faltas""}",2026-03-27 16:02:24.74194
4266,,171,501,DESC. FALTAS (HORAS),9209-Faltas ou atrasos,11,11,11,,,,,,,,,,,,,,,,,,,,,,,,,,,,,,,,,,,,,,,,,,,,,,,,,"{""Código"": ""501"", ""Cód. FGTS"": ""11"", ""Cód. INSS"": ""11"", ""Cód. IRRF"": ""11"", ""Nome Evento"": ""DESC. FALTAS (HORAS)"", ""Natureza E-social"": ""9209-Faltas ou atrasos""}",2026-03-27 16:02:24.74194
4267,,172,502,DESC. ATRASO/FALTA HORAS,9209-Faltas ou atrados,11,11,11,,,,,,,,,,,,,,,,,,,,,,,,,,,,,,,,,,,,,,,,,,,,,,,,,"{""Código"": ""502"", ""Cód. FGTS"": ""11"", ""Cód. INSS"": ""11"", ""Cód. IRRF"": ""11"", ""Nome Evento"": ""DESC. ATRASO/FALTA HORAS"", ""Natureza E-social"": ""9209-Faltas ou atrados""}",2026-03-27 16:02:24.74194
4268,,173,503,DESC. D.S.R. S/FALTAS (DIAS),9211-DSR sobre faltas,11,11,11,,,,,,,,,,,,,,,,,,,,,,,,,,,,,,,,,,,,,,,,,,,,,,,,,"{""Código"": ""503"", ""Cód. FGTS"": ""11"", ""Cód. INSS"": ""11"", ""Cód. IRRF"": ""11"", ""Nome Evento"": ""DESC. D.S.R. S/FALTAS (DIAS)"", ""Natureza E-social"": ""9211-DSR sobre faltas""}",2026-03-27 16:02:24.74194
4269,,174,504,DESC. D.S.R. S/FALTAS (HORAS),9210-DSR s/faltas e atrasos,11,11,11,,,,,,,,,,,,,,,,,,,,,,,,,,,,,,,,,,,,,,,,,,,,,,,,,"{""Código"": ""504"", ""Cód. FGTS"": ""11"", ""Cód. INSS"": ""11"", ""Cód. IRRF"": ""11"", ""Nome Evento"": ""DESC. D.S.R. S/FALTAS (HORAS)"", ""Natureza E-social"": ""9210-DSR s/faltas e atrasos""}",2026-03-27 16:02:24.74194
4270,,175,505,DESC. ATRASOS/SAIDAS ANTECIPADAS,9209-Faltas ou atrados,11,11,11,,,,,,,,,,,,,,,,,,,,,,,,,,,,,,,,,,,,,,,,,,,,,,,,,"{""Código"": ""505"", ""Cód. FGTS"": ""11"", ""Cód. INSS"": ""11"", ""Cód. IRRF"": ""11"", ""Nome Evento"": ""DESC. ATRASOS/SAIDAS ANTECIPADAS"", ""Natureza E-social"": ""9209-Faltas ou atrados""}",2026-03-27 16:02:24.74194
4271,,176,506,DESC. ATRASOS/SAIDAS MES ANTERIOR,9209-Faltas ou atrados,11,11,11,,,,,,,,,,,,,,,,,,,,,,,,,,,,,,,,,,,,,,,,,,,,,,,,,"{""Código"": ""506"", ""Cód. FGTS"": ""11"", ""Cód. INSS"": ""11"", ""Cód. IRRF"": ""11"", ""Nome Evento"": ""DESC. ATRASOS/SAIDAS MES ANTERIOR"", ""Natureza E-social"": ""9209-Faltas ou atrados""}",2026-03-27 16:02:24.74194
4272,,177,507,DESC. D.S.R. MES ANTERIOR,9210-DSR s/faltas e atrasos,11,11,11,,,,,,,,,,,,,,,,,,,,,,,,,,,,,,,,,,,,,,,,,,,,,,,,,"{""Código"": ""507"", ""Cód. FGTS"": ""11"", ""Cód. INSS"": ""11"", ""Cód. IRRF"": ""11"", ""Nome Evento"": ""DESC. D.S.R. MES ANTERIOR"", ""Natureza E-social"": ""9210-DSR s/faltas e atrasos""}",2026-03-27 16:02:24.74194
4273,,178,509,DESC. DEV. HE/A.N./DSR - MES ANT,9299-Outros descontos,11,11,11,,,,,,,,,,,,,,,,,,,,,,,,,,,,,,,,,,,,,,,,,,,,,,,,,"{""Código"": ""509"", ""Cód. FGTS"": ""11"", ""Cód. INSS"": ""11"", ""Cód. IRRF"": ""11"", ""Nome Evento"": ""DESC. DEV. HE/A.N./DSR - MES ANT"", ""Natureza E-social"": ""9299-Outros descontos""}",2026-03-27 16:02:24.74194
4274,,179,510,DESC. DEVOL.PAGTO A MAIOR,9290-Desconto de pagamento indevido em meses anteriores,11,11,11,,,,,,,,,,,,,,,,,,,,,,,,,,,,,,,,,,,,,,,,,,,,,,,,,"{""Código"": ""510"", ""Cód. FGTS"": ""11"", ""Cód. INSS"": ""11"", ""Cód. IRRF"": ""11"", ""Nome Evento"": ""DESC. DEVOL.PAGTO A MAIOR"", ""Natureza E-social"": ""9290-Desconto de pagamento indevido em meses anteriores""}",2026-03-27 16:02:24.74194
4275,,180,511,DESC. DIF.DISSIDIO,9290-Desconto de pagamento indevido em meses anteriores,11,11,11,,,,,,,,,,,,,,,,,,,,,,,,,,,,,,,,,,,,,,,,,,,,,,,,,"{""Código"": ""511"", ""Cód. FGTS"": ""11"", ""Cód. INSS"": ""11"", ""Cód. IRRF"": ""11"", ""Nome Evento"": ""DESC. DIF.DISSIDIO"", ""Natureza E-social"": ""9290-Desconto de pagamento indevido em meses anteriores""}",2026-03-27 16:02:24.74194
4276,,181,512,DESC. FALTAS HORAS MES ANTERIOR,9209-Faltas ou atrasos,11,11,11,,,,,,,,,,,,,,,,,,,,,,,,,,,,,,,,,,,,,,,,,,,,,,,,,"{""Código"": ""512"", ""Cód. FGTS"": ""11"", ""Cód. INSS"": ""11"", ""Cód. IRRF"": ""11"", ""Nome Evento"": ""DESC. FALTAS HORAS MES ANTERIOR"", ""Natureza E-social"": ""9209-Faltas ou atrasos""}",2026-03-27 16:02:24.74194
4277,,182,516,DESC. ASSIST. ODONTOLOGICA DEPENDENTE,9219-Desconto de assistência médica ou odontológica,0,9,0,,,,,,,,,,,,,,,,,,,,,,,,,,,,,,,,,,,,,,,,,,,,,,,,,"{""Código"": ""516"", ""Cód. FGTS"": ""0"", ""Cód. INSS"": ""0"", ""Cód. IRRF"": ""9"", ""Nome Evento"": ""DESC. ASSIST. ODONTOLOGICA DEPENDENTE"", ""Natureza E-social"": ""9219-Desconto de assistência médica ou odontológica""}",2026-03-27 16:02:24.74194
4278,,183,519,DESC. CONTRIB. ASSISTENCIAL LABORAL,9232-Contribuição Sindical – Assistencial,0,9,0,,,,,,,,,,,,,,,,,,,,,,,,,,,,,,,,,,,,,,,,,,,,,,,,,"{""Código"": ""519"", ""Cód. FGTS"": ""0"", ""Cód. INSS"": ""0"", ""Cód. IRRF"": ""9"", ""Nome Evento"": ""DESC. CONTRIB. ASSISTENCIAL LABORAL"", ""Natureza E-social"": ""9232-Contribuição Sindical – Assistencial""}",2026-03-27 16:02:24.74194
4279,,184,520,DESC. AVARIA,9270-Danos e prejuízos causados pelo trabalhador,0,0,0,,,,,,,,,,,,,,,,,,,,,,,,,,,,,,,,,,,,,,,,,,,,,,,,,"{""Código"": ""520"", ""Cód. FGTS"": ""0"", ""Cód. INSS"": ""0"", ""Cód. IRRF"": ""0"", ""Nome Evento"": ""DESC. AVARIA"", ""Natureza E-social"": ""9270-Danos e prejuízos causados pelo trabalhador""}",2026-03-27 16:02:24.74194
4280,,185,521,DESC. AVISO PREVIO,6901-Desconto do aviso-prévio,0,0,0,,,,,,,,,,,,,,,,,,,,,,,,,,,,,,,,,,,,,,,,,,,,,,,,,"{""Código"": ""521"", ""Cód. FGTS"": ""0"", ""Cód. INSS"": ""0"", ""Cód. IRRF"": ""0"", ""Nome Evento"": ""DESC. AVISO PREVIO"", ""Natureza E-social"": ""6901-Desconto do aviso-prévio""}",2026-03-27 16:02:24.74194
4281,,186,522,DESC. CO PARTICIPACAO A.M.,9219-Desconto de assistência médica ou odontológica,0,0,0,,,,,,,,,,,,,,,,,,,,,,,,,,,,,,,,,,,,,,,,,,,,,,,,,"{""Código"": ""522"", ""Cód. FGTS"": ""0"", ""Cód. INSS"": ""0"", ""Cód. IRRF"": ""0"", ""Nome Evento"": ""DESC. CO PARTICIPACAO A.M."", ""Natureza E-social"": ""9219-Desconto de assistência médica ou odontológica""}",2026-03-27 16:02:24.74194
4282,,187,524,DESC. DIF. SALARIO,9299-Outros descontos,0,0,0,,,,,,,,,,,,,,,,,,,,,,,,,,,,,,,,,,,,,,,,,,,,,,,,,"{""Código"": ""524"", ""Cód. FGTS"": ""0"", ""Cód. INSS"": ""0"", ""Cód. IRRF"": ""0"", ""Nome Evento"": ""DESC. DIF. SALARIO"", ""Natureza E-social"": ""9299-Outros descontos""}",2026-03-27 16:02:24.74194
4283,,188,525,DESC. PGTO. ANTECIPADO,9200-Desconto de Adiantamentos,0,9,0,,,,,,,,,,,,,,,,,,,,,,,,,,,,,,,,,,,,,,,,,,,,,,,,,"{""Código"": ""525"", ""Cód. FGTS"": ""0"", ""Cód. INSS"": ""0"", ""Cód. IRRF"": ""9"", ""Nome Evento"": ""DESC. PGTO. ANTECIPADO"", ""Natureza E-social"": ""9200-Desconto de Adiantamentos""}",2026-03-27 16:02:24.74194
4284,,189,526,DESC. PLR,9232-Contribuição sindical - Assistencial,0,0,0,,,,,,,,,,,,,,,,,,,,,,,,,,,,,,,,,,,,,,,,,,,,,,,,,"{""Código"": ""526"", ""Cód. FGTS"": ""0"", ""Cód. INSS"": ""0"", ""Cód. IRRF"": ""0"", ""Nome Evento"": ""DESC. PLR"", ""Natureza E-social"": ""9232-Contribuição sindical - Assistencial""}",2026-03-27 16:02:24.74194
4285,,190,530,DESC. VALE-TRANSP DISSIDIO 6%,9216-Desconto de vale-transporte,0,0,0,,,,,,,,,,,,,,,,,,,,,,,,,,,,,,,,,,,,,,,,,,,,,,,,,"{""Código"": ""530"", ""Cód. FGTS"": ""0"", ""Cód. INSS"": ""0"", ""Cód. IRRF"": ""0"", ""Nome Evento"": ""DESC. VALE-TRANSP DISSIDIO 6%"", ""Natureza E-social"": ""9216-Desconto de vale-transporte""}",2026-03-27 16:02:24.74194
4286,,191,537,DESC. ASSIST. MEDICA,9219-Desconto de assistência médica ou odontológica,0,0,0,,,,,,,,,,,,,,,,,,,,,,,,,,,,,,,,,,,,,,,,,,,,,,,,,"{""Código"": ""537"", ""Cód. FGTS"": ""0"", ""Cód. INSS"": ""0"", ""Cód. IRRF"": ""0"", ""Nome Evento"": ""DESC. ASSIST. MEDICA"", ""Natureza E-social"": ""9219-Desconto de assistência médica ou odontológica""}",2026-03-27 16:02:24.74194
4287,,192,540,DESC. SALDO NEGATIVO,2930-Insuficiência de saldo,0,9,0,,,,,,,,,,,,,,,,,,,,,,,,,,,,,,,,,,,,,,,,,,,,,,,,,"{""Código"": ""540"", ""Cód. FGTS"": ""0"", ""Cód. INSS"": ""0"", ""Cód. IRRF"": ""9"", ""Nome Evento"": ""DESC. SALDO NEGATIVO"", ""Natureza E-social"": ""2930-Insuficiência de saldo""}",2026-03-27 16:02:24.74194
4288,,193,541,DESC. ARREDONDAMENTO,2999-Arredondamentos,0,9,0,,,,,,,,,,,,,,,,,,,,,,,,,,,,,,,,,,,,,,,,,,,,,,,,,"{""Código"": ""541"", ""Cód. FGTS"": ""0"", ""Cód. INSS"": ""0"", ""Cód. IRRF"": ""9"", ""Nome Evento"": ""DESC. ARREDONDAMENTO"", ""Natureza E-social"": ""2999-Arredondamentos""}",2026-03-27 16:02:24.74194
4289,,194,544,DESC. DIVERSOS,9299-Outros descontos,0,0,0,,,,,,,,,,,,,,,,,,,,,,,,,,,,,,,,,,,,,,,,,,,,,,,,,"{""Código"": ""544"", ""Cód. FGTS"": ""0"", ""Cód. INSS"": ""0"", ""Cód. IRRF"": ""0"", ""Nome Evento"": ""DESC. DIVERSOS"", ""Natureza E-social"": ""9299-Outros descontos""}",2026-03-27 16:02:24.74194
4290,,195,546,DESC. ADIANT. NORMAL (FORAMES),9200-Desconto de Adiantamentos,0,11,0,,,,,,,,,,,,,,,,,,,,,,,,,,,,,,,,,,,,,,,,,,,,,,,,,"{""Código"": ""546"", ""Cód. FGTS"": ""0"", ""Cód. INSS"": ""0"", ""Cód. IRRF"": ""11"", ""Nome Evento"": ""DESC. ADIANT. NORMAL (FORAMES)"", ""Natureza E-social"": ""9200-Desconto de Adiantamentos""}",2026-03-27 16:02:24.74194
4291,,196,547,DESC. ESTACIONAMENTO,9299-Outros descontos,0,0,0,,,,,,,,,,,,,,,,,,,,,,,,,,,,,,,,,,,,,,,,,,,,,,,,,"{""Código"": ""547"", ""Cód. FGTS"": ""0"", ""Cód. INSS"": ""0"", ""Cód. IRRF"": ""0"", ""Nome Evento"": ""DESC. ESTACIONAMENTO"", ""Natureza E-social"": ""9299-Outros descontos""}",2026-03-27 16:02:24.74194
4292,,197,548,DESC. VR NAO UTILIZADO,"9243-Cesta básica ou refeição, vinculada ao PAT - Desconto",0,9,0,,,,,,,,,,,,,,,,,,,,,,,,,,,,,,,,,,,,,,,,,,,,,,,,,"{""Código"": ""548"", ""Cód. FGTS"": ""0"", ""Cód. INSS"": ""0"", ""Cód. IRRF"": ""9"", ""Nome Evento"": ""DESC. VR NAO UTILIZADO"", ""Natureza E-social"": ""9243-Cesta básica ou refeição, vinculada ao PAT - Desconto""}",2026-03-27 16:02:24.74194
4293,,198,550,DESC. PAGTO. INDEVIDO,9299-Outros descontos,0,0,0,,,,,,,,,,,,,,,,,,,,,,,,,,,,,,,,,,,,,,,,,,,,,,,,,"{""Código"": ""550"", ""Cód. FGTS"": ""0"", ""Cód. INSS"": ""0"", ""Cód. IRRF"": ""0"", ""Nome Evento"": ""DESC. PAGTO. INDEVIDO"", ""Natureza E-social"": ""9299-Outros descontos""}",2026-03-27 16:02:24.74194
4294,,199,552,DESC. CONTRIB. ASSISTENCIAL LABORAL,9232-Contribuição Sindical – Assistencial,0,0,0,,,,,,,,,,,,,,,,,,,,,,,,,,,,,,,,,,,,,,,,,,,,,,,,,"{""Código"": ""552"", ""Cód. FGTS"": ""0"", ""Cód. INSS"": ""0"", ""Cód. IRRF"": ""0"", ""Nome Evento"": ""DESC. CONTRIB. ASSISTENCIAL LABORAL"", ""Natureza E-social"": ""9232-Contribuição Sindical – Assistencial""}",2026-03-27 16:02:24.74194
4295,,200,554,DESC. 13º SALARIO,9214-13° salário – desconto de adiantamento,12,12,12,,,,,,,,,,,,,,,,,,,,,,,,,,,,,,,,,,,,,,,,,,,,,,,,,"{""Código"": ""554"", ""Cód. FGTS"": ""12"", ""Cód. INSS"": ""12"", ""Cód. IRRF"": ""12"", ""Nome Evento"": ""DESC. 13º SALARIO"", ""Natureza E-social"": ""9214-13° salário – desconto de adiantamento""}",2026-03-27 16:02:24.74194
4296,,201,555,DESC. 13º SALARIO ANTECIPADO,9214-13° salário – desconto de adiantamento,0,0,12,,,,,,,,,,,,,,,,,,,,,,,,,,,,,,,,,,,,,,,,,,,,,,,,,"{""Código"": ""555"", ""Cód. FGTS"": ""12"", ""Cód. INSS"": ""0"", ""Cód. IRRF"": ""0"", ""Nome Evento"": ""DESC. 13º SALARIO ANTECIPADO"", ""Natureza E-social"": ""9214-13° salário – desconto de adiantamento""}",2026-03-27 16:02:24.74194
4297,,202,556,DESC. MEDIAS ANTECIPACAO 13º SALARIO,9214-13° salário – desconto de adiantamento,0,0,12,,,,,,,,,,,,,,,,,,,,,,,,,,,,,,,,,,,,,,,,,,,,,,,,,"{""Código"": ""556"", ""Cód. FGTS"": ""12"", ""Cód. INSS"": ""0"", ""Cód. IRRF"": ""0"", ""Nome Evento"": ""DESC. MEDIAS ANTECIPACAO 13º SALARIO"", ""Natureza E-social"": ""9214-13° salário – desconto de adiantamento""}",2026-03-27 16:02:24.74194
4298,,203,558,DESC. ANTEC. ADIC. INSALUBRIDADE S/13º 1ª PARCELA,9214-13° salário – desconto de adiantamento,0,0,12,,,,,,,,,,,,,,,,,,,,,,,,,,,,,,,,,,,,,,,,,,,,,,,,,"{""Código"": ""558"", ""Cód. FGTS"": ""12"", ""Cód. INSS"": ""0"", ""Cód. IRRF"": ""0"", ""Nome Evento"": ""DESC. ANTEC. ADIC. INSALUBRIDADE S/13º 1ª PARCELA"", ""Natureza E-social"": ""9214-13° salário – desconto de adiantamento""}",2026-03-27 16:02:24.74194
4299,,204,560,DESC. FERIAS PAGAS,9221-Desconto de férias,0,9,0,,,,,,,,,,,,,,,,,,,,,,,,,,,,,,,,,,,,,,,,,,,,,,,,,"{""Código"": ""560"", ""Cód. FGTS"": ""0"", ""Cód. INSS"": ""0"", ""Cód. IRRF"": ""9"", ""Nome Evento"": ""DESC. FERIAS PAGAS"", ""Natureza E-social"": ""9221-Desconto de férias""}",2026-03-27 16:02:24.74194
4300,,205,564,DESC. 2ª VIA CARTAO ALIMENTACAO,9299-Outros descontos,0,9,0,,,,,,,,,,,,,,,,,,,,,,,,,,,,,,,,,,,,,,,,,,,,,,,,,"{""Código"": ""564"", ""Cód. FGTS"": ""0"", ""Cód. INSS"": ""0"", ""Cód. IRRF"": ""9"", ""Nome Evento"": ""DESC. 2ª VIA CARTAO ALIMENTACAO"", ""Natureza E-social"": ""9299-Outros descontos""}",2026-03-27 16:02:24.74194
4301,,206,566,DESC. I.N.S.S.,9201-Contribuição Previdenciária,31,11,0,,,,,,,,,,,,,,,,,,,,,,,,,,,,,,,,,,,,,,,,,,,,,,,,,"{""Código"": ""566"", ""Cód. FGTS"": ""0"", ""Cód. INSS"": ""31"", ""Cód. IRRF"": ""11"", ""Nome Evento"": ""DESC. I.N.S.S."", ""Natureza E-social"": ""9201-Contribuição Previdenciária""}",2026-03-27 16:02:24.74194
4302,,207,570,DESC. I.R.F.,9203-Imposto de renda retido na fonte,0,31,0,,,,,,,,,,,,,,,,,,,,,,,,,,,,,,,,,,,,,,,,,,,,,,,,,"{""Código"": ""570"", ""Cód. FGTS"": ""0"", ""Cód. INSS"": ""0"", ""Cód. IRRF"": ""31"", ""Nome Evento"": ""DESC. I.R.F."", ""Natureza E-social"": ""9203-Imposto de renda retido na fonte""}",2026-03-27 16:02:24.74194
4303,,208,571,DESC. I.R.F. S/FERIAS,9203-Imposto de renda retido na fonte,0,33,0,,,,,,,,,,,,,,,,,,,,,,,,,,,,,,,,,,,,,,,,,,,,,,,,,"{""Código"": ""571"", ""Cód. FGTS"": ""0"", ""Cód. INSS"": ""0"", ""Cód. IRRF"": ""33"", ""Nome Evento"": ""DESC. I.R.F. S/FERIAS"", ""Natureza E-social"": ""9203-Imposto de renda retido na fonte""}",2026-03-27 16:02:24.74194
4304,,209,572,DESC. I.R.F. S/13º SALARIO,9203-Imposto de renda retido na fonte,0,32,0,,,,,,,,,,,,,,,,,,,,,,,,,,,,,,,,,,,,,,,,,,,,,,,,,"{""Código"": ""572"", ""Cód. FGTS"": ""0"", ""Cód. INSS"": ""0"", ""Cód. IRRF"": ""32"", ""Nome Evento"": ""DESC. I.R.F. S/13º SALARIO"", ""Natureza E-social"": ""9203-Imposto de renda retido na fonte""}",2026-03-27 16:02:24.74194
4305,,210,575,DESC. CONTRIB. ASSISTENCIAL - SINDMAN,9232-Contribuição Sindical – Assistencial,0,0,0,,,,,,,,,,,,,,,,,,,,,,,,,,,,,,,,,,,,,,,,,,,,,,,,,"{""Código"": ""575"", ""Cód. FGTS"": ""0"", ""Cód. INSS"": ""0"", ""Cód. IRRF"": ""0"", ""Nome Evento"": ""DESC. CONTRIB. ASSISTENCIAL - SINDMAN"", ""Natureza E-social"": ""9232-Contribuição Sindical – Assistencial""}",2026-03-27 16:02:24.74194
4306,,211,577,DESC. VA NAO UTILIZADO MES ANTERIOR,9299-Outros descontos,0,9,0,,,,,,,,,,,,,,,,,,,,,,,,,,,,,,,,,,,,,,,,,,,,,,,,,"{""Código"": ""577"", ""Cód. FGTS"": ""0"", ""Cód. INSS"": ""0"", ""Cód. IRRF"": ""9"", ""Nome Evento"": ""DESC. VA NAO UTILIZADO MES ANTERIOR"", ""Natureza E-social"": ""9299-Outros descontos""}",2026-03-27 16:02:24.74194
4307,,212,578,DESC. VALE LANCHE NAO UTILIZADO,"9243-Cesta básica ou refeição, vinculada ao PAT - Desconto",0,9,0,,,,,,,,,,,,,,,,,,,,,,,,,,,,,,,,,,,,,,,,,,,,,,,,,"{""Código"": ""578"", ""Cód. FGTS"": ""0"", ""Cód. INSS"": ""0"", ""Cód. IRRF"": ""9"", ""Nome Evento"": ""DESC. VALE LANCHE NAO UTILIZADO"", ""Natureza E-social"": ""9243-Cesta básica ou refeição, vinculada ao PAT - Desconto""}",2026-03-27 16:02:24.74194
4308,,213,579,DESC. FALTAS (DIAS) MES ANTERIOR,9207-Faltas,11,11,11,,,,,,,,,,,,,,,,,,,,,,,,,,,,,,,,,,,,,,,,,,,,,,,,,"{""Código"": ""579"", ""Cód. FGTS"": ""11"", ""Cód. INSS"": ""11"", ""Cód. IRRF"": ""11"", ""Nome Evento"": ""DESC. FALTAS (DIAS) MES ANTERIOR"", ""Natureza E-social"": ""9207-Faltas""}",2026-03-27 16:02:24.74194
4309,,214,580,INDENIZACAO ARTº 480,6904-Multa prevista no art. 480 da CLT,0,0,0,,,,,,,,,,,,,,,,,,,,,,,,,,,,,,,,,,,,,,,,,,,,,,,,,"{""Código"": ""580"", ""Cód. FGTS"": ""0"", ""Cód. INSS"": ""0"", ""Cód. IRRF"": ""0"", ""Nome Evento"": ""INDENIZACAO ARTº 480"", ""Natureza E-social"": ""6904-Multa prevista no art. 480 da CLT""}",2026-03-27 16:02:24.74194
4310,,215,582,DESC. CONTRIB. COL. LAB. SINTACLUNS,9232-Contribuição Sindical – Assistencial,0,0,0,,,,,,,,,,,,,,,,,,,,,,,,,,,,,,,,,,,,,,,,,,,,,,,,,"{""Código"": ""582"", ""Cód. FGTS"": ""0"", ""Cód. INSS"": ""0"", ""Cód. IRRF"": ""0"", ""Nome Evento"": ""DESC. CONTRIB. COL. LAB. SINTACLUNS"", ""Natureza E-social"": ""9232-Contribuição Sindical – Assistencial""}",2026-03-27 16:02:24.74194
4311,,216,584,DESC. MENS. SINDICAL,9231-Contribuição Sindical – Associativa,0,9,0,,,,,,,,,,,,,,,,,,,,,,,,,,,,,,,,,,,,,,,,,,,,,,,,,"{""Código"": ""584"", ""Cód. FGTS"": ""0"", ""Cód. INSS"": ""0"", ""Cód. IRRF"": ""9"", ""Nome Evento"": ""DESC. MENS. SINDICAL"", ""Natureza E-social"": ""9231-Contribuição Sindical – Associativa""}",2026-03-27 16:02:24.74194
4312,,217,585,DESC. MENS. SINDICAL MES ANTERIOR,9231-Contribuição Sindical – Associativa,0,0,0,,,,,,,,,,,,,,,,,,,,,,,,,,,,,,,,,,,,,,,,,,,,,,,,,"{""Código"": ""585"", ""Cód. FGTS"": ""0"", ""Cód. INSS"": ""0"", ""Cód. IRRF"": ""0"", ""Nome Evento"": ""DESC. MENS. SINDICAL MES ANTERIOR"", ""Natureza E-social"": ""9231-Contribuição Sindical – Associativa""}",2026-03-27 16:02:24.74194
4313,,218,586,DESC. CONTRIB. SINDICAL,9230-Contribuição sindical laboral,0,0,0,,,,,,,,,,,,,,,,,,,,,,,,,,,,,,,,,,,,,,,,,,,,,,,,,"{""Código"": ""586"", ""Cód. FGTS"": ""0"", ""Cód. INSS"": ""0"", ""Cód. IRRF"": ""0"", ""Nome Evento"": ""DESC. CONTRIB. SINDICAL"", ""Natureza E-social"": ""9230-Contribuição sindical laboral""}",2026-03-27 16:02:24.74194
4314,,219,587,DESC. CONTRIB. CONFEDERATIVA,9233-Contribuição sindical – Confederativa,0,0,0,,,,,,,,,,,,,,,,,,,,,,,,,,,,,,,,,,,,,,,,,,,,,,,,,"{""Código"": ""587"", ""Cód. FGTS"": ""0"", ""Cód. INSS"": ""0"", ""Cód. IRRF"": ""0"", ""Nome Evento"": ""DESC. CONTRIB. CONFEDERATIVA"", ""Natureza E-social"": ""9233-Contribuição sindical – Confederativa""}",2026-03-27 16:02:24.74194
4315,,220,590,DESC. CONTRIB. ASSISTENCIAL MES ANTERIOR,9232-Contribuição Sindical – Assistencial,0,0,0,,,,,,,,,,,,,,,,,,,,,,,,,,,,,,,,,,,,,,,,,,,,,,,,,"{""Código"": ""590"", ""Cód. FGTS"": ""0"", ""Cód. INSS"": ""0"", ""Cód. IRRF"": ""0"", ""Nome Evento"": ""DESC. CONTRIB. ASSISTENCIAL MES ANTERIOR"", ""Natureza E-social"": ""9232-Contribuição Sindical – Assistencial""}",2026-03-27 16:02:24.74194
4316,,221,591,DESC. CONTRIB. COLABORATIVA LABORAL,9232-Contribuição Sindical – Assistencial,0,9,0,,,,,,,,,,,,,,,,,,,,,,,,,,,,,,,,,,,,,,,,,,,,,,,,,"{""Código"": ""591"", ""Cód. FGTS"": ""0"", ""Cód. INSS"": ""0"", ""Cód. IRRF"": ""9"", ""Nome Evento"": ""DESC. CONTRIB. COLABORATIVA LABORAL"", ""Natureza E-social"": ""9232-Contribuição Sindical – Assistencial""}",2026-03-27 16:02:24.74194
4317,,222,592,DESC. CONTRIB. ASSISTENCIAL,9232-Contribuição Sindical – Assistencial,0,9,0,,,,,,,,,,,,,,,,,,,,,,,,,,,,,,,,,,,,,,,,,,,,,,,,,"{""Código"": ""592"", ""Cód. FGTS"": ""0"", ""Cód. INSS"": ""0"", ""Cód. IRRF"": ""9"", ""Nome Evento"": ""DESC. CONTRIB. ASSISTENCIAL"", ""Natureza E-social"": ""9232-Contribuição Sindical – Assistencial""}",2026-03-27 16:02:24.74194
4318,,223,594,DESC. CONTRIB. SOC. LABORAL ANCINE,9232-Contribuição Sindical – Assistencial,0,0,0,,,,,,,,,,,,,,,,,,,,,,,,,,,,,,,,,,,,,,,,,,,,,,,,,"{""Código"": ""594"", ""Cód. FGTS"": ""0"", ""Cód. INSS"": ""0"", ""Cód. IRRF"": ""0"", ""Nome Evento"": ""DESC. CONTRIB. SOC. LABORAL ANCINE"", ""Natureza E-social"": ""9232-Contribuição Sindical – Assistencial""}",2026-03-27 16:02:24.74194
4319,,224,595,DESC. CONTRIB. NEGOCIAL,9233-Contribuição sindical – Confederativa,0,79,0,,,,,,,,,,,,,,,,,,,,,,,,,,,,,,,,,,,,,,,,,,,,,,,,,"{""Código"": ""595"", ""Cód. FGTS"": ""0"", ""Cód. INSS"": ""0"", ""Cód. IRRF"": ""79"", ""Nome Evento"": ""DESC. CONTRIB. NEGOCIAL"", ""Natureza E-social"": ""9233-Contribuição sindical – Confederativa""}",2026-03-27 16:02:24.74194
4320,,225,596,DESC. I.N.S.S. S/13º SALARIO,9201-Contribuição Previdenciária,32,12,0,,,,,,,,,,,,,,,,,,,,,,,,,,,,,,,,,,,,,,,,,,,,,,,,,"{""Código"": ""596"", ""Cód. FGTS"": ""0"", ""Cód. INSS"": ""32"", ""Cód. IRRF"": ""12"", ""Nome Evento"": ""DESC. I.N.S.S. S/13º SALARIO"", ""Natureza E-social"": ""9201-Contribuição Previdenciária""}",2026-03-27 16:02:24.74194
4321,,226,597,DESC. D.S.R. S/FALTAS (DIAS) MES ANTERIOR,9210-DSR s/faltas e atrasos,11,11,11,,,,,,,,,,,,,,,,,,,,,,,,,,,,,,,,,,,,,,,,,,,,,,,,,"{""Código"": ""597"", ""Cód. FGTS"": ""11"", ""Cód. INSS"": ""11"", ""Cód. IRRF"": ""11"", ""Nome Evento"": ""DESC. D.S.R. S/FALTAS (DIAS) MES ANTERIOR"", ""Natureza E-social"": ""9210-DSR s/faltas e atrasos""}",2026-03-27 16:02:24.74194
4322,,227,599,DESC H.E PAGO MAIOR,1003-Horas extraordinárias,11,11,11,,,,,,,,,,,,,,,,,,,,,,,,,,,,,,,,,,,,,,,,,,,,,,,,,"{""Código"": ""599"", ""Cód. FGTS"": ""11"", ""Cód. INSS"": ""11"", ""Cód. IRRF"": ""11"", ""Nome Evento"": ""DESC H.E PAGO MAIOR"", ""Natureza E-social"": ""1003-Horas extraordinárias""}",2026-03-27 16:02:24.74194
4323,,228,600,DESC. ACIDENTE DE TRABALHO (F.G.T.S.),9932-Auxílio acidente do acidentário,0,0,0,,,,,,,,,,,,,,,,,,,,,,,,,,,,,,,,,,,,,,,,,,,,,,,,,"{""Código"": ""600"", ""Cód. FGTS"": ""0"", ""Cód. INSS"": ""0"", ""Cód. IRRF"": ""0"", ""Nome Evento"": ""DESC. ACIDENTE DE TRABALHO (F.G.T.S.)"", ""Natureza E-social"": ""9932-Auxílio acidente do acidentário""}",2026-03-27 16:02:24.74194
4324,,229,601,DESC. AUXILIO DOENCA,9933-Auxílio - doença,0,9,0,,,,,,,,,,,,,,,,,,,,,,,,,,,,,,,,,,,,,,,,,,,,,,,,,"{""Código"": ""601"", ""Cód. FGTS"": ""0"", ""Cód. INSS"": ""0"", ""Cód. IRRF"": ""9"", ""Nome Evento"": ""DESC. AUXILIO DOENCA"", ""Natureza E-social"": ""9933-Auxílio - doença""}",2026-03-27 16:02:24.74194
4325,,230,605,DESC. ASSIST. ODONTO. DEPENDENTE,9219-Desconto de assistência médica ou odontológica,0,0,0,,,,,,,,,,,,,,,,,,,,,,,,,,,,,,,,,,,,,,,,,,,,,,,,,"{""Código"": ""605"", ""Cód. FGTS"": ""0"", ""Cód. INSS"": ""0"", ""Cód. IRRF"": ""0"", ""Nome Evento"": ""DESC. ASSIST. ODONTO. DEPENDENTE"", ""Natureza E-social"": ""9219-Desconto de assistência médica ou odontológica""}",2026-03-27 16:02:24.74194
4326,,231,606,DESC. ASSIST. ODONTO. DEPENDENTE,9219-Desconto de assistência médica ou odontológica,0,9,0,,,,,,,,,,,,,,,,,,,,,,,,,,,,,,,,,,,,,,,,,,,,,,,,,"{""Código"": ""606"", ""Cód. FGTS"": ""0"", ""Cód. INSS"": ""0"", ""Cód. IRRF"": ""9"", ""Nome Evento"": ""DESC. ASSIST. ODONTO. DEPENDENTE"", ""Natureza E-social"": ""9219-Desconto de assistência médica ou odontológica""}",2026-03-27 16:02:24.74194
4327,,232,607,DESC. ASSIST. MEDICA,9219-Desconto de assistência médica ou odontológica,0,0,0,,,,,,,,,,,,,,,,,,,,,,,,,,,,,,,,,,,,,,,,,,,,,,,,,"{""Código"": ""607"", ""Cód. FGTS"": ""0"", ""Cód. INSS"": ""0"", ""Cód. IRRF"": ""0"", ""Nome Evento"": ""DESC. ASSIST. MEDICA"", ""Natureza E-social"": ""9219-Desconto de assistência médica ou odontológica""}",2026-03-27 16:02:24.74194
4328,,233,610,DESC. VT NAO UTILIZADO MES ANTERIOR,9216-Desconto de vale-transporte,0,0,0,,,,,,,,,,,,,,,,,,,,,,,,,,,,,,,,,,,,,,,,,,,,,,,,,"{""Código"": ""610"", ""Cód. FGTS"": ""0"", ""Cód. INSS"": ""0"", ""Cód. IRRF"": ""0"", ""Nome Evento"": ""DESC. VT NAO UTILIZADO MES ANTERIOR"", ""Natureza E-social"": ""9216-Desconto de vale-transporte""}",2026-03-27 16:02:24.74194
4329,,234,611,DESC. VALE ALIMENTACAO - CCT,"9241-Alimentação em ticket ou cartão, vinculada ao PAT - Desconto",0,9,0,,,,,,,,,,,,,,,,,,,,,,,,,,,,,,,,,,,,,,,,,,,,,,,,,"{""Código"": ""611"", ""Cód. FGTS"": ""0"", ""Cód. INSS"": ""0"", ""Cód. IRRF"": ""9"", ""Nome Evento"": ""DESC. VALE ALIMENTACAO - CCT"", ""Natureza E-social"": ""9241-Alimentação em ticket ou cartão, vinculada ao PAT - Desconto""}",2026-03-27 16:02:24.74194
4330,,235,612,DESC. PENSAO ALIMENTICIA SALARIO,9213-Pensão alimentícia,0,51,0,,,,,,,,,,,,,,,,,,,,,,,,,,,,,,,,,,,,,,,,,,,,,,,,,"{""Código"": ""612"", ""Cód. FGTS"": ""0"", ""Cód. INSS"": ""0"", ""Cód. IRRF"": ""51"", ""Nome Evento"": ""DESC. PENSAO ALIMENTICIA SALARIO"", ""Natureza E-social"": ""9213-Pensão alimentícia""}",2026-03-27 16:02:24.74194
4331,,236,614,DESC. EMPRESTIMO BV,9254-Empréstimos consignados – desconto,0,9,0,,,,,,,,,,,,,,,,,,,,,,,,,,,,,,,,,,,,,,,,,,,,,,,,,"{""Código"": ""614"", ""Cód. FGTS"": ""0"", ""Cód. INSS"": ""0"", ""Cód. IRRF"": ""9"", ""Nome Evento"": ""DESC. EMPRESTIMO BV"", ""Natureza E-social"": ""9254-Empréstimos consignados – desconto""}",2026-03-27 16:02:24.74194
4332,,237,615,DESC. ASS. MÉDICA MES ANTERIOR,9219-Desconto de assistência médica ou odontológica,0,0,0,,,,,,,,,,,,,,,,,,,,,,,,,,,,,,,,,,,,,,,,,,,,,,,,,"{""Código"": ""615"", ""Cód. FGTS"": ""0"", ""Cód. INSS"": ""0"", ""Cód. IRRF"": ""0"", ""Nome Evento"": ""DESC. ASS. MÉDICA MES ANTERIOR"", ""Natureza E-social"": ""9219-Desconto de assistência médica ou odontológica""}",2026-03-27 16:02:24.74194
4333,,238,616,DESC. CONTRIB. ASSISTENCIAL,9232-Contribuição Sindical – Assistencial,0,0,0,,,,,,,,,,,,,,,,,,,,,,,,,,,,,,,,,,,,,,,,,,,,,,,,,"{""Código"": ""616"", ""Cód. FGTS"": ""0"", ""Cód. INSS"": ""0"", ""Cód. IRRF"": ""0"", ""Nome Evento"": ""DESC. CONTRIB. ASSISTENCIAL"", ""Natureza E-social"": ""9232-Contribuição Sindical – Assistencial""}",2026-03-27 16:02:24.74194
4334,,239,619,DESC. ASS. MÉDICA DEP.,9219-Desconto de assistência médica ou odontológica,0,0,0,,,,,,,,,,,,,,,,,,,,,,,,,,,,,,,,,,,,,,,,,,,,,,,,,"{""Código"": ""619"", ""Cód. FGTS"": ""0"", ""Cód. INSS"": ""0"", ""Cód. IRRF"": ""0"", ""Nome Evento"": ""DESC. ASS. MÉDICA DEP."", ""Natureza E-social"": ""9219-Desconto de assistência médica ou odontológica""}",2026-03-27 16:02:24.74194
4335,,240,621,DESC. BB DETAL,9219-Desconto de assistência médica ou odontológica,0,0,0,,,,,,,,,,,,,,,,,,,,,,,,,,,,,,,,,,,,,,,,,,,,,,,,,"{""Código"": ""621"", ""Cód. FGTS"": ""0"", ""Cód. INSS"": ""0"", ""Cód. IRRF"": ""0"", ""Nome Evento"": ""DESC. BB DETAL"", ""Natureza E-social"": ""9219-Desconto de assistência médica ou odontológica""}",2026-03-27 16:02:24.74194
4336,,241,624,DESC. VALE REFEIÇÃO - CCT,"9243-Cesta básica ou refeição, vinculada ao PAT - Desconto",0,9,0,,,,,,,,,,,,,,,,,,,,,,,,,,,,,,,,,,,,,,,,,,,,,,,,,"{""Código"": ""624"", ""Cód. FGTS"": ""0"", ""Cód. INSS"": ""0"", ""Cód. IRRF"": ""9"", ""Nome Evento"": ""DESC. VALE REFEIÇÃO - CCT"", ""Natureza E-social"": ""9243-Cesta básica ou refeição, vinculada ao PAT - Desconto""}",2026-03-27 16:02:24.74194
4337,,242,626,DESC. ATRASO/FALTA HORAS MES ANTERIOR,9209-Faltas ou atrados,11,11,11,,,,,,,,,,,,,,,,,,,,,,,,,,,,,,,,,,,,,,,,,,,,,,,,,"{""Código"": ""626"", ""Cód. FGTS"": ""11"", ""Cód. INSS"": ""11"", ""Cód. IRRF"": ""11"", ""Nome Evento"": ""DESC. ATRASO/FALTA HORAS MES ANTERIOR"", ""Natureza E-social"": ""9209-Faltas ou atrados""}",2026-03-27 16:02:24.74194
4338,,243,627,DESC. ADIANT. NORMAL(DENTRO DO MES),9200-Desconto de Adiantamentos,0,11,0,,,,,,,,,,,,,,,,,,,,,,,,,,,,,,,,,,,,,,,,,,,,,,,,,"{""Código"": ""627"", ""Cód. FGTS"": ""0"", ""Cód. INSS"": ""0"", ""Cód. IRRF"": ""11"", ""Nome Evento"": ""DESC. ADIANT. NORMAL(DENTRO DO MES)"", ""Natureza E-social"": ""9200-Desconto de Adiantamentos""}",2026-03-27 16:02:24.74194
4339,,244,631,DESC. ASSIST. ODONT. SINTACLUNS,9219-Desconto de assistência médica ou odontológica,0,0,0,,,,,,,,,,,,,,,,,,,,,,,,,,,,,,,,,,,,,,,,,,,,,,,,,"{""Código"": ""631"", ""Cód. FGTS"": ""0"", ""Cód. INSS"": ""0"", ""Cód. IRRF"": ""0"", ""Nome Evento"": ""DESC. ASSIST. ODONT. SINTACLUNS"", ""Natureza E-social"": ""9219-Desconto de assistência médica ou odontológica""}",2026-03-27 16:02:24.74194
4340,,245,632,DESC. CONT.. COLAB. LAB. CABINEIROS,9232-Contribuição Sindical – Assistencial,0,9,0,,,,,,,,,,,,,,,,,,,,,,,,,,,,,,,,,,,,,,,,,,,,,,,,,"{""Código"": ""632"", ""Cód. FGTS"": ""0"", ""Cód. INSS"": ""0"", ""Cód. IRRF"": ""9"", ""Nome Evento"": ""DESC. CONT.. COLAB. LAB. CABINEIROS"", ""Natureza E-social"": ""9232-Contribuição Sindical – Assistencial""}",2026-03-27 16:02:24.74194
4341,,246,635,DIF EMPRESTIMO,9254-Empréstimos consignados – desconto,0,9,0,,,,,,,,,,,,,,,,,,,,,,,,,,,,,,,,,,,,,,,,,,,,,,,,,"{""Código"": ""635"", ""Cód. FGTS"": ""0"", ""Cód. INSS"": ""0"", ""Cód. IRRF"": ""9"", ""Nome Evento"": ""DIF EMPRESTIMO"", ""Natureza E-social"": ""9254-Empréstimos consignados – desconto""}",2026-03-27 16:02:24.74194
4342,,247,638,DESC. ASSIST. ODONT. DEP. SINTACLUNS,9219-Desconto de assistência médica ou odontológica,0,0,0,,,,,,,,,,,,,,,,,,,,,,,,,,,,,,,,,,,,,,,,,,,,,,,,,"{""Código"": ""638"", ""Cód. FGTS"": ""0"", ""Cód. INSS"": ""0"", ""Cód. IRRF"": ""0"", ""Nome Evento"": ""DESC. ASSIST. ODONT. DEP. SINTACLUNS"", ""Natureza E-social"": ""9219-Desconto de assistência médica ou odontológica""}",2026-03-27 16:02:24.74194
4343,,248,640,DESC. PENSAO ALIMENTICIA S/13º SALARIO,9213-Pensão alimentícia,0,52,0,,,,,,,,,,,,,,,,,,,,,,,,,,,,,,,,,,,,,,,,,,,,,,,,,"{""Código"": ""640"", ""Cód. FGTS"": ""0"", ""Cód. INSS"": ""0"", ""Cód. IRRF"": ""52"", ""Nome Evento"": ""DESC. PENSAO ALIMENTICIA S/13º SALARIO"", ""Natureza E-social"": ""9213-Pensão alimentícia""}",2026-03-27 16:02:24.74194
4344,,249,641,DESC. I.N.S.S. (FÉRIAS),9201-Contribuição Previdenciária,31,13,0,,,,,,,,,,,,,,,,,,,,,,,,,,,,,,,,,,,,,,,,,,,,,,,,,"{""Código"": ""641"", ""Cód. FGTS"": ""0"", ""Cód. INSS"": ""31"", ""Cód. IRRF"": ""13"", ""Nome Evento"": ""DESC. I.N.S.S. (FÉRIAS)"", ""Natureza E-social"": ""9201-Contribuição Previdenciária""}",2026-03-27 16:02:24.74194
4345,,250,642,DESC INSALUBRIDADE INDEVIDO,1202-Adicional de insalubridade,11,11,11,,,,,,,,,,,,,,,,,,,,,,,,,,,,,,,,,,,,,,,,,,,,,,,,,"{""Código"": ""642"", ""Cód. FGTS"": ""11"", ""Cód. INSS"": ""11"", ""Cód. IRRF"": ""11"", ""Nome Evento"": ""DESC INSALUBRIDADE INDEVIDO"", ""Natureza E-social"": ""1202-Adicional de insalubridade""}",2026-03-27 16:02:24.74194
4346,,251,645,DESCONTO DE 2 VIA VT,"",0,0,0,,,,,,,,,,,,,,,,,,,,,,,,,,,,,,,,,,,,,,,,,,,,,,,,,"{""Código"": ""645"", ""Cód. FGTS"": ""0"", ""Cód. INSS"": ""0"", ""Cód. IRRF"": ""0"", ""Nome Evento"": ""DESCONTO DE 2 VIA VT"", ""Natureza E-social"": """"}",2026-03-27 16:02:24.74194
4347,,252,647,DESC. EMPRESTIMO ZIPDIN,9254-Empréstimos consignados – desconto,0,9,0,,,,,,,,,,,,,,,,,,,,,,,,,,,,,,,,,,,,,,,,,,,,,,,,,"{""Código"": ""647"", ""Cód. FGTS"": ""0"", ""Cód. INSS"": ""0"", ""Cód. IRRF"": ""9"", ""Nome Evento"": ""DESC. EMPRESTIMO ZIPDIN"", ""Natureza E-social"": ""9254-Empréstimos consignados – desconto""}",2026-03-27 16:02:24.74194
4348,,253,655,DESC. PENSAO ALIMENTICIA SALARIO,9213-Pensão alimentícia,0,51,0,,,,,,,,,,,,,,,,,,,,,,,,,,,,,,,,,,,,,,,,,,,,,,,,,"{""Código"": ""655"", ""Cód. FGTS"": ""0"", ""Cód. INSS"": ""0"", ""Cód. IRRF"": ""51"", ""Nome Evento"": ""DESC. PENSAO ALIMENTICIA SALARIO"", ""Natureza E-social"": ""9213-Pensão alimentícia""}",2026-03-27 16:02:24.74194
4349,,254,656,DESC. PENSAO ALIMENTICIA S/13º SALARIO,9213-Pensão alimentícia,0,52,0,,,,,,,,,,,,,,,,,,,,,,,,,,,,,,,,,,,,,,,,,,,,,,,,,"{""Código"": ""656"", ""Cód. FGTS"": ""0"", ""Cód. INSS"": ""0"", ""Cód. IRRF"": ""52"", ""Nome Evento"": ""DESC. PENSAO ALIMENTICIA S/13º SALARIO"", ""Natureza E-social"": ""9213-Pensão alimentícia""}",2026-03-27 16:02:24.74194
4350,,255,657,DESC. PENSAO ALIMENTICIA EM FERIAS,9213-Pensão alimentícia,0,53,0,,,,,,,,,,,,,,,,,,,,,,,,,,,,,,,,,,,,,,,,,,,,,,,,,"{""Código"": ""657"", ""Cód. FGTS"": ""0"", ""Cód. INSS"": ""0"", ""Cód. IRRF"": ""53"", ""Nome Evento"": ""DESC. PENSAO ALIMENTICIA EM FERIAS"", ""Natureza E-social"": ""9213-Pensão alimentícia""}",2026-03-27 16:02:24.74194
4351,,256,658,DESC. PENSAO ALIM S/ Férias,9213-Pensão alimentícia,0,11,0,,,,,,,,,,,,,,,,,,,,,,,,,,,,,,,,,,,,,,,,,,,,,,,,,"{""Código"": ""658"", ""Cód. FGTS"": ""0"", ""Cód. INSS"": ""0"", ""Cód. IRRF"": ""11"", ""Nome Evento"": ""DESC. PENSAO ALIM S/ Férias"", ""Natureza E-social"": ""9213-Pensão alimentícia""}",2026-03-27 16:02:24.74194
4352,,257,659,DESC. PENSAO ALIMENTICIA ACORDO,9213-Pensão alimentícia,0,11,0,,,,,,,,,,,,,,,,,,,,,,,,,,,,,,,,,,,,,,,,,,,,,,,,,"{""Código"": ""659"", ""Cód. FGTS"": ""0"", ""Cód. INSS"": ""0"", ""Cód. IRRF"": ""11"", ""Nome Evento"": ""DESC. PENSAO ALIMENTICIA ACORDO"", ""Natureza E-social"": ""9213-Pensão alimentícia""}",2026-03-27 16:02:24.74194
4353,,258,661,REEMB. VT-SALVADORCARD,1810-Transporte,0,0,0,,,,,,,,,,,,,,,,,,,,,,,,,,,,,,,,,,,,,,,,,,,,,,,,,"{""Código"": ""661"", ""Cód. FGTS"": ""0"", ""Cód. INSS"": ""0"", ""Cód. IRRF"": ""0"", ""Nome Evento"": ""REEMB. VT-SALVADORCARD"", ""Natureza E-social"": ""1810-Transporte""}",2026-03-27 16:02:24.74194
4354,,259,663,REEMB. VT-SALVADORCARD NAO CARREGADO,1810-Transporte,0,0,0,,,,,,,,,,,,,,,,,,,,,,,,,,,,,,,,,,,,,,,,,,,,,,,,,"{""Código"": ""663"", ""Cód. FGTS"": ""0"", ""Cód. INSS"": ""0"", ""Cód. IRRF"": ""0"", ""Nome Evento"": ""REEMB. VT-SALVADORCARD NAO CARREGADO"", ""Natureza E-social"": ""1810-Transporte""}",2026-03-27 16:02:24.74194
4355,,260,664,DESC. VALE ALIMENTACAO MES ANTERIOR,"9241-Alimentação em ticket ou cartão, vinculada ao PAT - Desconto",0,9,0,,,,,,,,,,,,,,,,,,,,,,,,,,,,,,,,,,,,,,,,,,,,,,,,,"{""Código"": ""664"", ""Cód. FGTS"": ""0"", ""Cód. INSS"": ""0"", ""Cód. IRRF"": ""9"", ""Nome Evento"": ""DESC. VALE ALIMENTACAO MES ANTERIOR"", ""Natureza E-social"": ""9241-Alimentação em ticket ou cartão, vinculada ao PAT - Desconto""}",2026-03-27 16:02:24.74194
4356,,261,667,DESC. MENS. SINDICAL,9231-Contribuição Sindical – Associativa,0,0,0,,,,,,,,,,,,,,,,,,,,,,,,,,,,,,,,,,,,,,,,,,,,,,,,,"{""Código"": ""667"", ""Cód. FGTS"": ""0"", ""Cód. INSS"": ""0"", ""Cód. IRRF"": ""0"", ""Nome Evento"": ""DESC. MENS. SINDICAL"", ""Natureza E-social"": ""9231-Contribuição Sindical – Associativa""}",2026-03-27 16:02:24.74194
4357,,262,669,ADIC. NOTURNO C/39%,1205-Adicional noturno,11,11,11,,,,,,,,,,,,,,,,,,,,,,,,,,,,,,,,,,,,,,,,,,,,,,,,,"{""Código"": ""669"", ""Cód. FGTS"": ""11"", ""Cód. INSS"": ""11"", ""Cód. IRRF"": ""11"", ""Nome Evento"": ""ADIC. NOTURNO C/39%"", ""Natureza E-social"": ""1205-Adicional noturno""}",2026-03-27 16:02:24.74194
4358,,263,670,ADIC. NOTURNO C/39%,1205-Adicional noturno,11,11,11,,,,,,,,,,,,,,,,,,,,,,,,,,,,,,,,,,,,,,,,,,,,,,,,,"{""Código"": ""670"", ""Cód. FGTS"": ""11"", ""Cód. INSS"": ""11"", ""Cód. IRRF"": ""11"", ""Nome Evento"": ""ADIC. NOTURNO C/39%"", ""Natureza E-social"": ""1205-Adicional noturno""}",2026-03-27 16:02:24.74194
4359,,264,671,DESC. VALE-TRANSPORTE NAO UTILIZADO,9216-Desconto de vale-transporte,0,9,0,,,,,,,,,,,,,,,,,,,,,,,,,,,,,,,,,,,,,,,,,,,,,,,,,"{""Código"": ""671"", ""Cód. FGTS"": ""0"", ""Cód. INSS"": ""0"", ""Cód. IRRF"": ""9"", ""Nome Evento"": ""DESC. VALE-TRANSPORTE NAO UTILIZADO"", ""Natureza E-social"": ""9216-Desconto de vale-transporte""}",2026-03-27 16:02:24.74194
4360,,265,672,DESC. VALE-TRANSPORTE 6%,9216-Desconto de vale-transporte,0,9,0,,,,,,,,,,,,,,,,,,,,,,,,,,,,,,,,,,,,,,,,,,,,,,,,,"{""Código"": ""672"", ""Cód. FGTS"": ""0"", ""Cód. INSS"": ""0"", ""Cód. IRRF"": ""9"", ""Nome Evento"": ""DESC. VALE-TRANSPORTE 6%"", ""Natureza E-social"": ""9216-Desconto de vale-transporte""}",2026-03-27 16:02:24.74194
4361,,266,673,DESC. CARTAO BHBUS / OTIMO,9299-Outros descontos,0,9,0,,,,,,,,,,,,,,,,,,,,,,,,,,,,,,,,,,,,,,,,,,,,,,,,,"{""Código"": ""673"", ""Cód. FGTS"": ""0"", ""Cód. INSS"": ""0"", ""Cód. IRRF"": ""9"", ""Nome Evento"": ""DESC. CARTAO BHBUS / OTIMO"", ""Natureza E-social"": ""9299-Outros descontos""}",2026-03-27 16:02:24.74194
4362,,267,677,DESC. VALE TRANSP. NAO UTILIZADO MES ANT,9216-Desconto de vale-transporte,0,0,0,,,,,,,,,,,,,,,,,,,,,,,,,,,,,,,,,,,,,,,,,,,,,,,,,"{""Código"": ""677"", ""Cód. FGTS"": ""0"", ""Cód. INSS"": ""0"", ""Cód. IRRF"": ""0"", ""Nome Evento"": ""DESC. VALE TRANSP. NAO UTILIZADO MES ANT"", ""Natureza E-social"": ""9216-Desconto de vale-transporte""}",2026-03-27 16:02:24.74194
4363,,268,684,ADIC. NOTURNO C/20%,1205-Adicional noturno,11,11,11,,,,,,,,,,,,,,,,,,,,,,,,,,,,,,,,,,,,,,,,,,,,,,,,,"{""Código"": ""684"", ""Cód. FGTS"": ""11"", ""Cód. INSS"": ""11"", ""Cód. IRRF"": ""11"", ""Nome Evento"": ""ADIC. NOTURNO C/20%"", ""Natureza E-social"": ""1205-Adicional noturno""}",2026-03-27 16:02:24.74194
4364,,269,685,DESC. ADIANTAMENTO DE SALARIO,"",0,0,0,,,,,,,,,,,,,,,,,,,,,,,,,,,,,,,,,,,,,,,,,,,,,,,,,"{""Código"": ""685"", ""Cód. FGTS"": ""0"", ""Cód. INSS"": ""0"", ""Cód. IRRF"": ""0"", ""Nome Evento"": ""DESC. ADIANTAMENTO DE SALARIO"", ""Natureza E-social"": """"}",2026-03-27 16:02:24.74194
4365,,270,686,DESC. AVISO PREVIO NAO TRABALHADO,6901-Desconto do aviso prévio,0,0,0,,,,,,,,,,,,,,,,,,,,,,,,,,,,,,,,,,,,,,,,,,,,,,,,,"{""Código"": ""686"", ""Cód. FGTS"": ""0"", ""Cód. INSS"": ""0"", ""Cód. IRRF"": ""0"", ""Nome Evento"": ""DESC. AVISO PREVIO NAO TRABALHADO"", ""Natureza E-social"": ""6901-Desconto do aviso prévio""}",2026-03-27 16:02:24.74194
4366,,271,689,DESC. VT DIF CCT,9216-Desconto de vale-transporte,0,9,0,,,,,,,,,,,,,,,,,,,,,,,,,,,,,,,,,,,,,,,,,,,,,,,,,"{""Código"": ""689"", ""Cód. FGTS"": ""0"", ""Cód. INSS"": ""0"", ""Cód. IRRF"": ""9"", ""Nome Evento"": ""DESC. VT DIF CCT"", ""Natureza E-social"": ""9216-Desconto de vale-transporte""}",2026-03-27 16:02:24.74194
4367,,272,690,DESC. VA E VR DIF CCT,"9243-Cesta básica ou refeição, vinculada ao PAT - Desconto",0,9,0,,,,,,,,,,,,,,,,,,,,,,,,,,,,,,,,,,,,,,,,,,,,,,,,,"{""Código"": ""690"", ""Cód. FGTS"": ""0"", ""Cód. INSS"": ""0"", ""Cód. IRRF"": ""9"", ""Nome Evento"": ""DESC. VA E VR DIF CCT"", ""Natureza E-social"": ""9243-Cesta básica ou refeição, vinculada ao PAT - Desconto""}",2026-03-27 16:02:24.74194
4368,,273,691,DESC. ANTECIPACAO VT,9216-Desconto de vale-transporte,0,9,0,,,,,,,,,,,,,,,,,,,,,,,,,,,,,,,,,,,,,,,,,,,,,,,,,"{""Código"": ""691"", ""Cód. FGTS"": ""0"", ""Cód. INSS"": ""0"", ""Cód. IRRF"": ""9"", ""Nome Evento"": ""DESC. ANTECIPACAO VT"", ""Natureza E-social"": ""9216-Desconto de vale-transporte""}",2026-03-27 16:02:24.74194
4369,,274,692,DESC. 2 VIA CARTAO,"",0,0,0,,,,,,,,,,,,,,,,,,,,,,,,,,,,,,,,,,,,,,,,,,,,,,,,,"{""Código"": ""692"", ""Cód. FGTS"": ""0"", ""Cód. INSS"": ""0"", ""Cód. IRRF"": ""0"", ""Nome Evento"": ""DESC. 2 VIA CARTAO"", ""Natureza E-social"": """"}",2026-03-27 16:02:24.74194
4370,,275,693,DESC. EMPRESTIMO FOLHA PGTO ANTERIOR,"",0,0,0,,,,,,,,,,,,,,,,,,,,,,,,,,,,,,,,,,,,,,,,,,,,,,,,,"{""Código"": ""693"", ""Cód. FGTS"": ""0"", ""Cód. INSS"": ""0"", ""Cód. IRRF"": ""0"", ""Nome Evento"": ""DESC. EMPRESTIMO FOLHA PGTO ANTERIOR"", ""Natureza E-social"": """"}",2026-03-27 16:02:24.74194
4371,,276,697,ADIC. NOTURNO C/39% MES ANTERIOR,1205-Adicional noturno,11,11,11,,,,,,,,,,,,,,,,,,,,,,,,,,,,,,,,,,,,,,,,,,,,,,,,,"{""Código"": ""697"", ""Cód. FGTS"": ""11"", ""Cód. INSS"": ""11"", ""Cód. IRRF"": ""11"", ""Nome Evento"": ""ADIC. NOTURNO C/39% MES ANTERIOR"", ""Natureza E-social"": ""1205-Adicional noturno""}",2026-03-27 16:02:24.74194
4372,,277,698,DESC. ADIANT. COMISSOES,9200-Desconto de Adiantamentos,0,0,0,,,,,,,,,,,,,,,,,,,,,,,,,,,,,,,,,,,,,,,,,,,,,,,,,"{""Código"": ""698"", ""Cód. FGTS"": ""0"", ""Cód. INSS"": ""0"", ""Cód. IRRF"": ""0"", ""Nome Evento"": ""DESC. ADIANT. COMISSOES"", ""Natureza E-social"": ""9200-Desconto de Adiantamentos""}",2026-03-27 16:02:24.74194
4373,,278,700,DESC. F.G.T.S. DEPOSITO RESCISAO - G.R.F.C.,9989-Outros valores informativos,0,9,0,,,,,,,,,,,,,,,,,,,,,,,,,,,,,,,,,,,,,,,,,,,,,,,,,"{""Código"": ""700"", ""Cód. FGTS"": ""0"", ""Cód. INSS"": ""0"", ""Cód. IRRF"": ""9"", ""Nome Evento"": ""DESC. F.G.T.S. DEPOSITO RESCISAO - G.R.F.C."", ""Natureza E-social"": ""9989-Outros valores informativos""}",2026-03-27 16:02:24.74194
4374,,279,701,DESC. 2ª VIA CARTAO ALELO,9299-Outros descontos,0,0,0,,,,,,,,,,,,,,,,,,,,,,,,,,,,,,,,,,,,,,,,,,,,,,,,,"{""Código"": ""701"", ""Cód. FGTS"": ""0"", ""Cód. INSS"": ""0"", ""Cód. IRRF"": ""0"", ""Nome Evento"": ""DESC. 2ª VIA CARTAO ALELO"", ""Natureza E-social"": ""9299-Outros descontos""}",2026-03-27 16:02:24.74194
4375,,280,702,DESC. 2ª VIA CARTAO REFEICAO,9299-Outros descontos,0,0,0,,,,,,,,,,,,,,,,,,,,,,,,,,,,,,,,,,,,,,,,,,,,,,,,,"{""Código"": ""702"", ""Cód. FGTS"": ""0"", ""Cód. INSS"": ""0"", ""Cód. IRRF"": ""0"", ""Nome Evento"": ""DESC. 2ª VIA CARTAO REFEICAO"", ""Natureza E-social"": ""9299-Outros descontos""}",2026-03-27 16:02:24.74194
4376,,281,703,DESC. 2ª VIA CARTAO RIO CARD,9299-Outros descontos,0,0,0,,,,,,,,,,,,,,,,,,,,,,,,,,,,,,,,,,,,,,,,,,,,,,,,,"{""Código"": ""703"", ""Cód. FGTS"": ""0"", ""Cód. INSS"": ""0"", ""Cód. IRRF"": ""0"", ""Nome Evento"": ""DESC. 2ª VIA CARTAO RIO CARD"", ""Natureza E-social"": ""9299-Outros descontos""}",2026-03-27 16:02:24.74194
4377,,282,709,DESC. AJUSTE DESP DE VIAGENS,9299-Outros descontos,0,0,0,,,,,,,,,,,,,,,,,,,,,,,,,,,,,,,,,,,,,,,,,,,,,,,,,"{""Código"": ""709"", ""Cód. FGTS"": ""0"", ""Cód. INSS"": ""0"", ""Cód. IRRF"": ""0"", ""Nome Evento"": ""DESC. AJUSTE DESP DE VIAGENS"", ""Natureza E-social"": ""9299-Outros descontos""}",2026-03-27 16:02:24.74194
4378,,283,710,DESC. ALIMENTACAO MES ANTERIOR,"9241-Alimentação em ticket ou cartão, vinculada ao PAT - Desconto",0,9,0,,,,,,,,,,,,,,,,,,,,,,,,,,,,,,,,,,,,,,,,,,,,,,,,,"{""Código"": ""710"", ""Cód. FGTS"": ""0"", ""Cód. INSS"": ""0"", ""Cód. IRRF"": ""9"", ""Nome Evento"": ""DESC. ALIMENTACAO MES ANTERIOR"", ""Natureza E-social"": ""9241-Alimentação em ticket ou cartão, vinculada ao PAT - Desconto""}",2026-03-27 16:02:24.74194
4379,,284,715,DESC. PAGOS ANTECIPADO,9200-Desconto de Adiantamentos,0,0,0,,,,,,,,,,,,,,,,,,,,,,,,,,,,,,,,,,,,,,,,,,,,,,,,,"{""Código"": ""715"", ""Cód. FGTS"": ""0"", ""Cód. INSS"": ""0"", ""Cód. IRRF"": ""0"", ""Nome Evento"": ""DESC. PAGOS ANTECIPADO"", ""Natureza E-social"": ""9200-Desconto de Adiantamentos""}",2026-03-27 16:02:24.74194
4380,,285,716,DESC. CELULAR NAO DEVOLVIDO,9270-Danos e prejuízos causados pelo trabalhador,0,0,0,,,,,,,,,,,,,,,,,,,,,,,,,,,,,,,,,,,,,,,,,,,,,,,,,"{""Código"": ""716"", ""Cód. FGTS"": ""0"", ""Cód. INSS"": ""0"", ""Cód. IRRF"": ""0"", ""Nome Evento"": ""DESC. CELULAR NAO DEVOLVIDO"", ""Natureza E-social"": ""9270-Danos e prejuízos causados pelo trabalhador""}",2026-03-27 16:02:24.74194
4381,,286,724,DESC. MULTA DE TRANSITO,9270-Danos e prejuízos causados pelo trabalhador,0,0,0,,,,,,,,,,,,,,,,,,,,,,,,,,,,,,,,,,,,,,,,,,,,,,,,,"{""Código"": ""724"", ""Cód. FGTS"": ""0"", ""Cód. INSS"": ""0"", ""Cód. IRRF"": ""0"", ""Nome Evento"": ""DESC. MULTA DE TRANSITO"", ""Natureza E-social"": ""9270-Danos e prejuízos causados pelo trabalhador""}",2026-03-27 16:02:24.74194
4382,,287,727,DESC. REFEIÇÃO MÊS ANTERIOR,"9243-Cesta básica ou refeição, vinculada ao PAT - Desconto",0,9,0,,,,,,,,,,,,,,,,,,,,,,,,,,,,,,,,,,,,,,,,,,,,,,,,,"{""Código"": ""727"", ""Cód. FGTS"": ""0"", ""Cód. INSS"": ""0"", ""Cód. IRRF"": ""9"", ""Nome Evento"": ""DESC. REFEIÇÃO MÊS ANTERIOR"", ""Natureza E-social"": ""9243-Cesta básica ou refeição, vinculada ao PAT - Desconto""}",2026-03-27 16:02:24.74194
4383,,288,729,DESC. SEGURO DE VIDA,9250-Seguro de vida – desconto,0,0,0,,,,,,,,,,,,,,,,,,,,,,,,,,,,,,,,,,,,,,,,,,,,,,,,,"{""Código"": ""729"", ""Cód. FGTS"": ""0"", ""Cód. INSS"": ""0"", ""Cód. IRRF"": ""0"", ""Nome Evento"": ""DESC. SEGURO DE VIDA"", ""Natureza E-social"": ""9250-Seguro de vida – desconto""}",2026-03-27 16:02:24.74194
4384,,289,730,DESC. SMARTPHONE NAO DEVOLVIDO,9270-Danos e prejuízos causados pelo trabalhador,0,0,0,,,,,,,,,,,,,,,,,,,,,,,,,,,,,,,,,,,,,,,,,,,,,,,,,"{""Código"": ""730"", ""Cód. FGTS"": ""0"", ""Cód. INSS"": ""0"", ""Cód. IRRF"": ""0"", ""Nome Evento"": ""DESC. SMARTPHONE NAO DEVOLVIDO"", ""Natureza E-social"": ""9270-Danos e prejuízos causados pelo trabalhador""}",2026-03-27 16:02:24.74194
4385,,290,733,DESC. UNIFORME,9299-Outros descontos,0,0,0,,,,,,,,,,,,,,,,,,,,,,,,,,,,,,,,,,,,,,,,,,,,,,,,,"{""Código"": ""733"", ""Cód. FGTS"": ""0"", ""Cód. INSS"": ""0"", ""Cód. IRRF"": ""0"", ""Nome Evento"": ""DESC. UNIFORME"", ""Natureza E-social"": ""9299-Outros descontos""}",2026-03-27 16:02:24.74194
4386,,291,740,"H EXTRAS 50% NOT22,50",1003-Horas extraordinárias,11,11,11,,,,,,,,,,,,,,,,,,,,,,,,,,,,,,,,,,,,,,,,,,,,,,,,,"{""Código"": ""740"", ""Cód. FGTS"": ""11"", ""Cód. INSS"": ""11"", ""Cód. IRRF"": ""11"", ""Nome Evento"": ""H EXTRAS 50% NOT22,50"", ""Natureza E-social"": ""1003-Horas extraordinárias""}",2026-03-27 16:02:24.74194
4387,,292,741,"ADIC. NOTURNO 22,50%",1205-Adicional noturno,11,11,11,,,,,,,,,,,,,,,,,,,,,,,,,,,,,,,,,,,,,,,,,,,,,,,,,"{""Código"": ""741"", ""Cód. FGTS"": ""11"", ""Cód. INSS"": ""11"", ""Cód. IRRF"": ""11"", ""Nome Evento"": ""ADIC. NOTURNO 22,50%"", ""Natureza E-social"": ""1205-Adicional noturno""}",2026-03-27 16:02:24.74194
4388,,293,743,"H EXTRAS 100% NOT 22,50",1003-Horas extraordinárias,11,11,11,,,,,,,,,,,,,,,,,,,,,,,,,,,,,,,,,,,,,,,,,,,,,,,,,"{""Código"": ""743"", ""Cód. FGTS"": ""11"", ""Cód. INSS"": ""11"", ""Cód. IRRF"": ""11"", ""Nome Evento"": ""H EXTRAS 100% NOT 22,50"", ""Natureza E-social"": ""1003-Horas extraordinárias""}",2026-03-27 16:02:24.74194
4389,,294,744,"H EXTRAS 50% NOT22,50 MES ANTERIOR",1003-Horas extraordinárias,11,11,11,,,,,,,,,,,,,,,,,,,,,,,,,,,,,,,,,,,,,,,,,,,,,,,,,"{""Código"": ""744"", ""Cód. FGTS"": ""11"", ""Cód. INSS"": ""11"", ""Cód. IRRF"": ""11"", ""Nome Evento"": ""H EXTRAS 50% NOT22,50 MES ANTERIOR"", ""Natureza E-social"": ""1003-Horas extraordinárias""}",2026-03-27 16:02:24.74194
4390,,295,746,DIFERENCA CCT,"1000-Salário, vencimento, soldo",11,11,11,,,,,,,,,,,,,,,,,,,,,,,,,,,,,,,,,,,,,,,,,,,,,,,,,"{""Código"": ""746"", ""Cód. FGTS"": ""11"", ""Cód. INSS"": ""11"", ""Cód. IRRF"": ""11"", ""Nome Evento"": ""DIFERENCA CCT"", ""Natureza E-social"": ""1000-Salário, vencimento, soldo""}",2026-03-27 16:02:24.74194
4391,,296,748,DESC. JUDICIAL - 2,9299-Outros descontos,0,0,0,,,,,,,,,,,,,,,,,,,,,,,,,,,,,,,,,,,,,,,,,,,,,,,,,"{""Código"": ""748"", ""Cód. FGTS"": ""0"", ""Cód. INSS"": ""0"", ""Cód. IRRF"": ""0"", ""Nome Evento"": ""DESC. JUDICIAL - 2"", ""Natureza E-social"": ""9299-Outros descontos""}",2026-03-27 16:02:24.74194
4392,,297,749,"ADIC. NOTURNO 22,50% - MÊS ANTERIOR",1205-Adicional noturno,11,11,11,,,,,,,,,,,,,,,,,,,,,,,,,,,,,,,,,,,,,,,,,,,,,,,,,"{""Código"": ""749"", ""Cód. FGTS"": ""11"", ""Cód. INSS"": ""11"", ""Cód. IRRF"": ""11"", ""Nome Evento"": ""ADIC. NOTURNO 22,50% - MÊS ANTERIOR"", ""Natureza E-social"": ""1205-Adicional noturno""}",2026-03-27 16:02:24.74194
4393,,298,750,ADIC. NOTURNO C/39% MES ANTERIOR,1205-Adicional noturno,11,11,11,,,,,,,,,,,,,,,,,,,,,,,,,,,,,,,,,,,,,,,,,,,,,,,,,"{""Código"": ""750"", ""Cód. FGTS"": ""11"", ""Cód. INSS"": ""11"", ""Cód. IRRF"": ""11"", ""Nome Evento"": ""ADIC. NOTURNO C/39% MES ANTERIOR"", ""Natureza E-social"": ""1205-Adicional noturno""}",2026-03-27 16:02:24.74194
4394,,299,751,DESC. CESTA BASICA NAO UTILIZADA,"9243-Cesta básica ou refeição, vinculada ao PAT - Desconto",0,9,0,,,,,,,,,,,,,,,,,,,,,,,,,,,,,,,,,,,,,,,,,,,,,,,,,"{""Código"": ""751"", ""Cód. FGTS"": ""0"", ""Cód. INSS"": ""0"", ""Cód. IRRF"": ""9"", ""Nome Evento"": ""DESC. CESTA BASICA NAO UTILIZADA"", ""Natureza E-social"": ""9243-Cesta básica ou refeição, vinculada ao PAT - Desconto""}",2026-03-27 16:02:24.74194
4395,,300,752,DIF. 1/3 DAS FERIAS,1016-Férias,11,11,11,,,,,,,,,,,,,,,,,,,,,,,,,,,,,,,,,,,,,,,,,,,,,,,,,"{""Código"": ""752"", ""Cód. FGTS"": ""11"", ""Cód. INSS"": ""11"", ""Cód. IRRF"": ""11"", ""Nome Evento"": ""DIF. 1/3 DAS FERIAS"", ""Natureza E-social"": ""1016-Férias""}",2026-03-27 16:02:24.74194
4396,,301,753,REEMB VALE REFEICAO/ ALIMENTACAO - HORA EXTRA,"1806-Alimentação em ticket ou cartão, vinculada ao PAT",0,9,0,,,,,,,,,,,,,,,,,,,,,,,,,,,,,,,,,,,,,,,,,,,,,,,,,"{""Código"": ""753"", ""Cód. FGTS"": ""0"", ""Cód. INSS"": ""0"", ""Cód. IRRF"": ""9"", ""Nome Evento"": ""REEMB VALE REFEICAO/ ALIMENTACAO - HORA EXTRA"", ""Natureza E-social"": ""1806-Alimentação em ticket ou cartão, vinculada ao PAT""}",2026-03-27 16:02:24.74194
4397,,302,755,REEMB. VALE TRANSPORTE - HORA EXTRA,1810-Transporte,0,9,0,,,,,,,,,,,,,,,,,,,,,,,,,,,,,,,,,,,,,,,,,,,,,,,,,"{""Código"": ""755"", ""Cód. FGTS"": ""0"", ""Cód. INSS"": ""0"", ""Cód. IRRF"": ""9"", ""Nome Evento"": ""REEMB. VALE TRANSPORTE - HORA EXTRA"", ""Natureza E-social"": ""1810-Transporte""}",2026-03-27 16:02:24.74194
4398,,303,757,DESC. CONTRIB. DE NATUREZA PREVIDENCIARIA,9232-Contribuição sindical - Assistencial,0,9,0,,,,,,,,,,,,,,,,,,,,,,,,,,,,,,,,,,,,,,,,,,,,,,,,,"{""Código"": ""757"", ""Cód. FGTS"": ""0"", ""Cód. INSS"": ""0"", ""Cód. IRRF"": ""9"", ""Nome Evento"": ""DESC. CONTRIB. DE NATUREZA PREVIDENCIARIA"", ""Natureza E-social"": ""9232-Contribuição sindical - Assistencial""}",2026-03-27 16:02:24.74194
4399,,304,759,DESC. AUX. DOENÇA INDEVIDO,"1000-Salário, vencimento, soldo ou subsídio",11,11,11,,,,,,,,,,,,,,,,,,,,,,,,,,,,,,,,,,,,,,,,,,,,,,,,,"{""Código"": ""759"", ""Cód. FGTS"": ""11"", ""Cód. INSS"": ""11"", ""Cód. IRRF"": ""11"", ""Nome Evento"": ""DESC. AUX. DOENÇA INDEVIDO"", ""Natureza E-social"": ""1000-Salário, vencimento, soldo ou subsídio""}",2026-03-27 16:02:24.74194
4400,,305,762,DESC. MENSALIDADE SINDICAL - BA,9233-Contribuição sindical – Confederativa,0,9,0,,,,,,,,,,,,,,,,,,,,,,,,,,,,,,,,,,,,,,,,,,,,,,,,,"{""Código"": ""762"", ""Cód. FGTS"": ""0"", ""Cód. INSS"": ""0"", ""Cód. IRRF"": ""9"", ""Nome Evento"": ""DESC. MENSALIDADE SINDICAL - BA"", ""Natureza E-social"": ""9233-Contribuição sindical – Confederativa""}",2026-03-27 16:02:24.74194
4401,,306,763,DESC. MENSALIDADE SINDICAL,9233-Contribuição sindical – Confederativa,0,9,0,,,,,,,,,,,,,,,,,,,,,,,,,,,,,,,,,,,,,,,,,,,,,,,,,"{""Código"": ""763"", ""Cód. FGTS"": ""0"", ""Cód. INSS"": ""0"", ""Cód. IRRF"": ""9"", ""Nome Evento"": ""DESC. MENSALIDADE SINDICAL"", ""Natureza E-social"": ""9233-Contribuição sindical – Confederativa""}",2026-03-27 16:02:24.74194
4402,,307,764,REEMBOLSO DESC. INDEVIDO,"1000-Salário, vencimento, soldo ou subsídio",11,11,11,,,,,,,,,,,,,,,,,,,,,,,,,,,,,,,,,,,,,,,,,,,,,,,,,"{""Código"": ""764"", ""Cód. FGTS"": ""11"", ""Cód. INSS"": ""11"", ""Cód. IRRF"": ""11"", ""Nome Evento"": ""REEMBOLSO DESC. INDEVIDO"", ""Natureza E-social"": ""1000-Salário, vencimento, soldo ou subsídio""}",2026-03-27 16:02:24.74194
4403,,308,767,DESC. PAGTO. SALARIO INDEV.,9299-Outros descontos,11,11,11,,,,,,,,,,,,,,,,,,,,,,,,,,,,,,,,,,,,,,,,,,,,,,,,,"{""Código"": ""767"", ""Cód. FGTS"": ""11"", ""Cód. INSS"": ""11"", ""Cód. IRRF"": ""11"", ""Nome Evento"": ""DESC. PAGTO. SALARIO INDEV."", ""Natureza E-social"": ""9299-Outros descontos""}",2026-03-27 16:02:24.74194
4404,,309,769,DESC. VALE REFEICAO NAO UTILIZADO MES ANTERIOR,"9241-Alimentação em ticket ou cartão, vinculada ao PAT - Desconto",0,9,0,,,,,,,,,,,,,,,,,,,,,,,,,,,,,,,,,,,,,,,,,,,,,,,,,"{""Código"": ""769"", ""Cód. FGTS"": ""0"", ""Cód. INSS"": ""0"", ""Cód. IRRF"": ""9"", ""Nome Evento"": ""DESC. VALE REFEICAO NAO UTILIZADO MES ANTERIOR"", ""Natureza E-social"": ""9241-Alimentação em ticket ou cartão, vinculada ao PAT - Desconto""}",2026-03-27 16:02:24.74194
4405,,310,770,DESC. ADIANT. VALE REFEIÇÃO,"9243-Cesta básica ou refeição, vinculada ao PAT - Desconto",0,9,0,,,,,,,,,,,,,,,,,,,,,,,,,,,,,,,,,,,,,,,,,,,,,,,,,"{""Código"": ""770"", ""Cód. FGTS"": ""0"", ""Cód. INSS"": ""0"", ""Cód. IRRF"": ""9"", ""Nome Evento"": ""DESC. ADIANT. VALE REFEIÇÃO"", ""Natureza E-social"": ""9243-Cesta básica ou refeição, vinculada ao PAT - Desconto""}",2026-03-27 16:02:24.74194
4406,,311,771,DESC. VALE REFEICAO NAO UTILIZADO,"9243-Cesta básica ou refeição, vinculada ao PAT - Desconto",0,9,0,,,,,,,,,,,,,,,,,,,,,,,,,,,,,,,,,,,,,,,,,,,,,,,,,"{""Código"": ""771"", ""Cód. FGTS"": ""0"", ""Cód. INSS"": ""0"", ""Cód. IRRF"": ""9"", ""Nome Evento"": ""DESC. VALE REFEICAO NAO UTILIZADO"", ""Natureza E-social"": ""9243-Cesta básica ou refeição, vinculada ao PAT - Desconto""}",2026-03-27 16:02:24.74194
4407,,312,772,DESC. CESTA BASICA,"1808-Cesta básica ou refeição, vinculada ao PAT",0,79,0,,,,,,,,,,,,,,,,,,,,,,,,,,,,,,,,,,,,,,,,,,,,,,,,,"{""Código"": ""772"", ""Cód. FGTS"": ""0"", ""Cód. INSS"": ""0"", ""Cód. IRRF"": ""79"", ""Nome Evento"": ""DESC. CESTA BASICA"", ""Natureza E-social"": ""1808-Cesta básica ou refeição, vinculada ao PAT""}",2026-03-27 16:02:24.74194
4408,,313,773,DESC. VALE REFEICAO,"9243-Cesta básica ou refeição, vinculada ao PAT - Desconto",0,9,0,,,,,,,,,,,,,,,,,,,,,,,,,,,,,,,,,,,,,,,,,,,,,,,,,"{""Código"": ""773"", ""Cód. FGTS"": ""0"", ""Cód. INSS"": ""0"", ""Cód. IRRF"": ""9"", ""Nome Evento"": ""DESC. VALE REFEICAO"", ""Natureza E-social"": ""9243-Cesta básica ou refeição, vinculada ao PAT - Desconto""}",2026-03-27 16:02:24.74194
4409,,314,774,DESC. ASSIST. MEDICA,9219-Desconto de assistência médica ou odontológica,0,9,0,,,,,,,,,,,,,,,,,,,,,,,,,,,,,,,,,,,,,,,,,,,,,,,,,"{""Código"": ""774"", ""Cód. FGTS"": ""0"", ""Cód. INSS"": ""0"", ""Cód. IRRF"": ""9"", ""Nome Evento"": ""DESC. ASSIST. MEDICA"", ""Natureza E-social"": ""9219-Desconto de assistência médica ou odontológica""}",2026-03-27 16:02:24.74194
4410,,315,775,DESC. ASSIST. ODONTOLOGICA,9219-Desconto de assistência médica ou odontológica,0,9,0,,,,,,,,,,,,,,,,,,,,,,,,,,,,,,,,,,,,,,,,,,,,,,,,,"{""Código"": ""775"", ""Cód. FGTS"": ""0"", ""Cód. INSS"": ""0"", ""Cód. IRRF"": ""9"", ""Nome Evento"": ""DESC. ASSIST. ODONTOLOGICA"", ""Natureza E-social"": ""9219-Desconto de assistência médica ou odontológica""}",2026-03-27 16:02:24.74194
4411,,316,776,DESC. VALE ALIMENTACAO,"9241-Alimentação em ticket ou cartão, vinculada ao PAT - Desconto",0,9,0,,,,,,,,,,,,,,,,,,,,,,,,,,,,,,,,,,,,,,,,,,,,,,,,,"{""Código"": ""776"", ""Cód. FGTS"": ""0"", ""Cód. INSS"": ""0"", ""Cód. IRRF"": ""9"", ""Nome Evento"": ""DESC. VALE ALIMENTACAO"", ""Natureza E-social"": ""9241-Alimentação em ticket ou cartão, vinculada ao PAT - Desconto""}",2026-03-27 16:02:24.74194
4412,,317,778,DESC. VALE ALIMENTACAO NAO UTILIZADO,9299-Outros descontos,0,9,0,,,,,,,,,,,,,,,,,,,,,,,,,,,,,,,,,,,,,,,,,,,,,,,,,"{""Código"": ""778"", ""Cód. FGTS"": ""0"", ""Cód. INSS"": ""0"", ""Cód. IRRF"": ""9"", ""Nome Evento"": ""DESC. VALE ALIMENTACAO NAO UTILIZADO"", ""Natureza E-social"": ""9299-Outros descontos""}",2026-03-27 16:02:24.74194
4413,,318,779,DESC. ASSIST. MEDICA MES ANTERIOR,9219-Desconto de assistência médica ou odontológica,0,0,0,,,,,,,,,,,,,,,,,,,,,,,,,,,,,,,,,,,,,,,,,,,,,,,,,"{""Código"": ""779"", ""Cód. FGTS"": ""0"", ""Cód. INSS"": ""0"", ""Cód. IRRF"": ""0"", ""Nome Evento"": ""DESC. ASSIST. MEDICA MES ANTERIOR"", ""Natureza E-social"": ""9219-Desconto de assistência médica ou odontológica""}",2026-03-27 16:02:24.74194
4414,,319,786,ADIANTAMENTO - (PGTO FÉRIAS),5501-Adiantamento de salário,0,9,0,,,,,,,,,,,,,,,,,,,,,,,,,,,,,,,,,,,,,,,,,,,,,,,,,"{""Código"": ""786"", ""Cód. FGTS"": ""0"", ""Cód. INSS"": ""0"", ""Cód. IRRF"": ""9"", ""Nome Evento"": ""ADIANTAMENTO - (PGTO FÉRIAS)"", ""Natureza E-social"": ""5501-Adiantamento de salário""}",2026-03-27 16:02:24.74194
4415,,320,790,DESC. SALARIO MATERNIDADE,9299-Outros descontos,11,11,11,,,,,,,,,,,,,,,,,,,,,,,,,,,,,,,,,,,,,,,,,,,,,,,,,"{""Código"": ""790"", ""Cód. FGTS"": ""11"", ""Cód. INSS"": ""11"", ""Cód. IRRF"": ""11"", ""Nome Evento"": ""DESC. SALARIO MATERNIDADE"", ""Natureza E-social"": ""9299-Outros descontos""}",2026-03-27 16:02:24.74194
4416,,321,791,MULTA CCT,6129-Outras Indenizações,0,79,0,,,,,,,,,,,,,,,,,,,,,,,,,,,,,,,,,,,,,,,,,,,,,,,,,"{""Código"": ""791"", ""Cód. FGTS"": ""0"", ""Cód. INSS"": ""0"", ""Cód. IRRF"": ""79"", ""Nome Evento"": ""MULTA CCT"", ""Natureza E-social"": ""6129-Outras Indenizações""}",2026-03-27 16:02:24.74194
4417,,322,792,PREMIO ASSIDUIDADE (SEM INCIDENCIA),2501-Prêmios,0,9,0,,,,,,,,,,,,,,,,,,,,,,,,,,,,,,,,,,,,,,,,,,,,,,,,,"{""Código"": ""792"", ""Cód. FGTS"": ""0"", ""Cód. INSS"": ""0"", ""Cód. IRRF"": ""9"", ""Nome Evento"": ""PREMIO ASSIDUIDADE (SEM INCIDENCIA)"", ""Natureza E-social"": ""2501-Prêmios""}",2026-03-27 16:02:24.74194
4418,,323,793,PREMIO ASSIDUIDADE (SEM INCIDENCIA) MÊS ANTERIOR,2501-Prêmios,0,9,11,,,,,,,,,,,,,,,,,,,,,,,,,,,,,,,,,,,,,,,,,,,,,,,,,"{""Código"": ""793"", ""Cód. FGTS"": ""11"", ""Cód. INSS"": ""0"", ""Cód. IRRF"": ""9"", ""Nome Evento"": ""PREMIO ASSIDUIDADE (SEM INCIDENCIA) MÊS ANTERIOR"", ""Natureza E-social"": ""2501-Prêmios""}",2026-03-27 16:02:24.74194
4419,,324,796,PREMIO ASSIDUIDADE,1211-Gratificações,0,9,0,,,,,,,,,,,,,,,,,,,,,,,,,,,,,,,,,,,,,,,,,,,,,,,,,"{""Código"": ""796"", ""Cód. FGTS"": ""0"", ""Cód. INSS"": ""0"", ""Cód. IRRF"": ""9"", ""Nome Evento"": ""PREMIO ASSIDUIDADE"", ""Natureza E-social"": ""1211-Gratificações""}",2026-03-27 16:02:24.74194
4420,,325,806,DESC. EMPRESTIMO NEON,9254-Empréstimos consignados – desconto,0,9,0,,,,,,,,,,,,,,,,,,,,,,,,,,,,,,,,,,,,,,,,,,,,,,,,,"{""Código"": ""806"", ""Cód. FGTS"": ""0"", ""Cód. INSS"": ""0"", ""Cód. IRRF"": ""9"", ""Nome Evento"": ""DESC. EMPRESTIMO NEON"", ""Natureza E-social"": ""9254-Empréstimos consignados – desconto""}",2026-03-27 16:02:24.74194
4421,,326,808,GRATIFICACAO ASSIDUIDADE,1211-Gratificações,11,11,11,,,,,,,,,,,,,,,,,,,,,,,,,,,,,,,,,,,,,,,,,,,,,,,,,"{""Código"": ""808"", ""Cód. FGTS"": ""11"", ""Cód. INSS"": ""11"", ""Cód. IRRF"": ""11"", ""Nome Evento"": ""GRATIFICACAO ASSIDUIDADE"", ""Natureza E-social"": ""1211-Gratificações""}",2026-03-27 16:02:24.74194
4422,,327,809,DESC ADIC. PERICULOSIDADE,1203-Adicional de periculosidade,11,11,11,,,,,,,,,,,,,,,,,,,,,,,,,,,,,,,,,,,,,,,,,,,,,,,,,"{""Código"": ""809"", ""Cód. FGTS"": ""11"", ""Cód. INSS"": ""11"", ""Cód. IRRF"": ""11"", ""Nome Evento"": ""DESC ADIC. PERICULOSIDADE"", ""Natureza E-social"": ""1203-Adicional de periculosidade""}",2026-03-27 16:02:24.74194
4423,,328,811,ACUMULO DE FUNCAO,1201-Adicional de função / cargo confiança,11,11,11,,,,,,,,,,,,,,,,,,,,,,,,,,,,,,,,,,,,,,,,,,,,,,,,,"{""Código"": ""811"", ""Cód. FGTS"": ""11"", ""Cód. INSS"": ""11"", ""Cód. IRRF"": ""11"", ""Nome Evento"": ""ACUMULO DE FUNCAO"", ""Natureza E-social"": ""1201-Adicional de função / cargo confiança""}",2026-03-27 16:02:24.74194
4424,,329,814,ADIC. INSALUBRIDADE SOBRE SALARIO,1202-Adicional de insalubridade,11,11,11,,,,,,,,,,,,,,,,,,,,,,,,,,,,,,,,,,,,,,,,,,,,,,,,,"{""Código"": ""814"", ""Cód. FGTS"": ""11"", ""Cód. INSS"": ""11"", ""Cód. IRRF"": ""11"", ""Nome Evento"": ""ADIC. INSALUBRIDADE SOBRE SALARIO"", ""Natureza E-social"": ""1202-Adicional de insalubridade""}",2026-03-27 16:02:24.74194
4425,,330,815,PREMIO ASSIDUIDADE,1211-Gratificações,11,11,11,,,,,,,,,,,,,,,,,,,,,,,,,,,,,,,,,,,,,,,,,,,,,,,,,"{""Código"": ""815"", ""Cód. FGTS"": ""11"", ""Cód. INSS"": ""11"", ""Cód. IRRF"": ""11"", ""Nome Evento"": ""PREMIO ASSIDUIDADE"", ""Natureza E-social"": ""1211-Gratificações""}",2026-03-27 16:02:24.74194
4426,,331,820,SALARIO DIA (INTERMITENTE),"1000-Salário, vencimento, soldo ou subsídio",11,11,11,,,,,,,,,,,,,,,,,,,,,,,,,,,,,,,,,,,,,,,,,,,,,,,,,"{""Código"": ""820"", ""Cód. FGTS"": ""11"", ""Cód. INSS"": ""11"", ""Cód. IRRF"": ""11"", ""Nome Evento"": ""SALARIO DIA (INTERMITENTE)"", ""Natureza E-social"": ""1000-Salário, vencimento, soldo ou subsídio""}",2026-03-27 16:02:24.74194
4427,,332,822,D.S.R. S/FERIADO - HS (INTERMITENTE),1012-Descanso semanal remunerado - DSR e feriado,11,11,11,,,,,,,,,,,,,,,,,,,,,,,,,,,,,,,,,,,,,,,,,,,,,,,,,"{""Código"": ""822"", ""Cód. FGTS"": ""11"", ""Cód. INSS"": ""11"", ""Cód. IRRF"": ""11"", ""Nome Evento"": ""D.S.R. S/FERIADO - HS (INTERMITENTE)"", ""Natureza E-social"": ""1012-Descanso semanal remunerado - DSR e feriado""}",2026-03-27 16:02:24.74194
4428,,333,823,FERIAS (INTERMITENTE),6006-Férias proporcionais,0,9,11,,,,,,,,,,,,,,,,,,,,,,,,,,,,,,,,,,,,,,,,,,,,,,,,,"{""Código"": ""823"", ""Cód. FGTS"": ""11"", ""Cód. INSS"": ""0"", ""Cód. IRRF"": ""9"", ""Nome Evento"": ""FERIAS (INTERMITENTE)"", ""Natureza E-social"": ""6006-Férias proporcionais""}",2026-03-27 16:02:24.74194
4429,,334,824,1/3 FERIAS (INTERMITENTE),6006-Férias proporcionais,0,9,11,,,,,,,,,,,,,,,,,,,,,,,,,,,,,,,,,,,,,,,,,,,,,,,,,"{""Código"": ""824"", ""Cód. FGTS"": ""11"", ""Cód. INSS"": ""0"", ""Cód. IRRF"": ""9"", ""Nome Evento"": ""1/3 FERIAS (INTERMITENTE)"", ""Natureza E-social"": ""6006-Férias proporcionais""}",2026-03-27 16:02:24.74194
4430,,335,828,PREMIO ASSIDUIDADE MÊS ANTERIOR,1211-Gratificações,11,11,11,,,,,,,,,,,,,,,,,,,,,,,,,,,,,,,,,,,,,,,,,,,,,,,,,"{""Código"": ""828"", ""Cód. FGTS"": ""11"", ""Cód. INSS"": ""11"", ""Cód. IRRF"": ""11"", ""Nome Evento"": ""PREMIO ASSIDUIDADE MÊS ANTERIOR"", ""Natureza E-social"": ""1211-Gratificações""}",2026-03-27 16:02:24.74194
4431,,336,829,PROCESSO TRAB,9218-Retenções judiciais,0,9,0,,,,,,,,,,,,,,,,,,,,,,,,,,,,,,,,,,,,,,,,,,,,,,,,,"{""Código"": ""829"", ""Cód. FGTS"": ""0"", ""Cód. INSS"": ""0"", ""Cód. IRRF"": ""9"", ""Nome Evento"": ""PROCESSO TRAB"", ""Natureza E-social"": ""9218-Retenções judiciais""}",2026-03-27 16:02:24.74194
4432,,337,831,SALARIO MATERNIDADE (MES ANTERIOR),4050-Salário maternidade,21,11,11,,,,,,,,,,,,,,,,,,,,,,,,,,,,,,,,,,,,,,,,,,,,,,,,,"{""Código"": ""831"", ""Cód. FGTS"": ""11"", ""Cód. INSS"": ""21"", ""Cód. IRRF"": ""11"", ""Nome Evento"": ""SALARIO MATERNIDADE (MES ANTERIOR)"", ""Natureza E-social"": ""4050-Salário maternidade""}",2026-03-27 16:02:24.74194
4433,,338,834,HORAS EXTRAS 50%,1003-Horas extraordinárias,11,11,11,,,,,,,,,,,,,,,,,,,,,,,,,,,,,,,,,,,,,,,,,,,,,,,,,"{""Código"": ""834"", ""Cód. FGTS"": ""11"", ""Cód. INSS"": ""11"", ""Cód. IRRF"": ""11"", ""Nome Evento"": ""HORAS EXTRAS 50%"", ""Natureza E-social"": ""1003-Horas extraordinárias""}",2026-03-27 16:02:24.74194
4434,,339,835,HORAS EXTRAS 100%,1003-Horas extraordinárias,11,11,11,,,,,,,,,,,,,,,,,,,,,,,,,,,,,,,,,,,,,,,,,,,,,,,,,"{""Código"": ""835"", ""Cód. FGTS"": ""11"", ""Cód. INSS"": ""11"", ""Cód. IRRF"": ""11"", ""Nome Evento"": ""HORAS EXTRAS 100%"", ""Natureza E-social"": ""1003-Horas extraordinárias""}",2026-03-27 16:02:24.74194
4435,,340,836,ADIC. NOTURNO C/20%,1205-Adicional noturno,11,11,11,,,,,,,,,,,,,,,,,,,,,,,,,,,,,,,,,,,,,,,,,,,,,,,,,"{""Código"": ""836"", ""Cód. FGTS"": ""11"", ""Cód. INSS"": ""11"", ""Cód. IRRF"": ""11"", ""Nome Evento"": ""ADIC. NOTURNO C/20%"", ""Natureza E-social"": ""1205-Adicional noturno""}",2026-03-27 16:02:24.74194
4436,,341,837,DESC. FALTAS (DIAS),9207-Faltas,11,11,11,,,,,,,,,,,,,,,,,,,,,,,,,,,,,,,,,,,,,,,,,,,,,,,,,"{""Código"": ""837"", ""Cód. FGTS"": ""11"", ""Cód. INSS"": ""11"", ""Cód. IRRF"": ""11"", ""Nome Evento"": ""DESC. FALTAS (DIAS)"", ""Natureza E-social"": ""9207-Faltas""}",2026-03-27 16:02:24.74194
4437,,342,838,DESC. PENSAO ALIMENTICIA EM FERIAS,9213-Pensão alimentícia,0,53,0,,,,,,,,,,,,,,,,,,,,,,,,,,,,,,,,,,,,,,,,,,,,,,,,,"{""Código"": ""838"", ""Cód. FGTS"": ""0"", ""Cód. INSS"": ""0"", ""Cód. IRRF"": ""53"", ""Nome Evento"": ""DESC. PENSAO ALIMENTICIA EM FERIAS"", ""Natureza E-social"": ""9213-Pensão alimentícia""}",2026-03-27 16:02:24.74194
4438,,343,840,ADIC. PERICULOSIDADE,1203-Adicional de periculosidade,11,11,11,,,,,,,,,,,,,,,,,,,,,,,,,,,,,,,,,,,,,,,,,,,,,,,,,"{""Código"": ""840"", ""Cód. FGTS"": ""11"", ""Cód. INSS"": ""11"", ""Cód. IRRF"": ""11"", ""Nome Evento"": ""ADIC. PERICULOSIDADE"", ""Natureza E-social"": ""1203-Adicional de periculosidade""}",2026-03-27 16:02:24.74194
4439,,344,841,DESC. ATRASOS,9209-Faltas ou atrados,11,11,11,,,,,,,,,,,,,,,,,,,,,,,,,,,,,,,,,,,,,,,,,,,,,,,,,"{""Código"": ""841"", ""Cód. FGTS"": ""11"", ""Cód. INSS"": ""11"", ""Cód. IRRF"": ""11"", ""Nome Evento"": ""DESC. ATRASOS"", ""Natureza E-social"": ""9209-Faltas ou atrados""}",2026-03-27 16:02:24.74194
4440,,345,842,DESC. CONTRIB. NEGOCIAL,9233-Contribuição sindical – Confederativa,0,79,0,,,,,,,,,,,,,,,,,,,,,,,,,,,,,,,,,,,,,,,,,,,,,,,,,"{""Código"": ""842"", ""Cód. FGTS"": ""0"", ""Cód. INSS"": ""0"", ""Cód. IRRF"": ""79"", ""Nome Evento"": ""DESC. CONTRIB. NEGOCIAL"", ""Natureza E-social"": ""9233-Contribuição sindical – Confederativa""}",2026-03-27 16:02:24.74194
4441,,346,843,DESC AD NOT INDEVIDO,9299-Outros descontos,11,11,11,,,,,,,,,,,,,,,,,,,,,,,,,,,,,,,,,,,,,,,,,,,,,,,,,"{""Código"": ""843"", ""Cód. FGTS"": ""11"", ""Cód. INSS"": ""11"", ""Cód. IRRF"": ""11"", ""Nome Evento"": ""DESC AD NOT INDEVIDO"", ""Natureza E-social"": ""9299-Outros descontos""}",2026-03-27 16:02:24.74194
4442,,347,847,H.EXTRA  NOTURNO C/100%,1205-Adicional noturno,11,11,11,,,,,,,,,,,,,,,,,,,,,,,,,,,,,,,,,,,,,,,,,,,,,,,,,"{""Código"": ""847"", ""Cód. FGTS"": ""11"", ""Cód. INSS"": ""11"", ""Cód. IRRF"": ""11"", ""Nome Evento"": ""H.EXTRA  NOTURNO C/100%"", ""Natureza E-social"": ""1205-Adicional noturno""}",2026-03-27 16:02:24.74194
4443,,348,848,ACUMULO DE FUNCAO MES ANT.,1211-Gratificações,11,11,11,,,,,,,,,,,,,,,,,,,,,,,,,,,,,,,,,,,,,,,,,,,,,,,,,"{""Código"": ""848"", ""Cód. FGTS"": ""11"", ""Cód. INSS"": ""11"", ""Cód. IRRF"": ""11"", ""Nome Evento"": ""ACUMULO DE FUNCAO MES ANT."", ""Natureza E-social"": ""1211-Gratificações""}",2026-03-27 16:02:24.74194
4444,,349,850,ADIC. NOTURNO C/100% MES ANTERIOR,1205-Adicional noturno,11,11,11,,,,,,,,,,,,,,,,,,,,,,,,,,,,,,,,,,,,,,,,,,,,,,,,,"{""Código"": ""850"", ""Cód. FGTS"": ""11"", ""Cód. INSS"": ""11"", ""Cód. IRRF"": ""11"", ""Nome Evento"": ""ADIC. NOTURNO C/100% MES ANTERIOR"", ""Natureza E-social"": ""1205-Adicional noturno""}",2026-03-27 16:02:24.74194
4445,,350,857,DESC. ATRASO/FALTA HORAS MÊS ANTERIOR,9209-Faltas ou atrados,11,11,11,,,,,,,,,,,,,,,,,,,,,,,,,,,,,,,,,,,,,,,,,,,,,,,,,"{""Código"": ""857"", ""Cód. FGTS"": ""11"", ""Cód. INSS"": ""11"", ""Cód. IRRF"": ""11"", ""Nome Evento"": ""DESC. ATRASO/FALTA HORAS MÊS ANTERIOR"", ""Natureza E-social"": ""9209-Faltas ou atrados""}",2026-03-27 16:02:24.74194
4446,,351,861,DESC. D.S.R. S/FALTAS (HORAS) MÊS ANTERIOR,9210-DSR s/faltas e atrasos,11,11,11,,,,,,,,,,,,,,,,,,,,,,,,,,,,,,,,,,,,,,,,,,,,,,,,,"{""Código"": ""861"", ""Cód. FGTS"": ""11"", ""Cód. INSS"": ""11"", ""Cód. IRRF"": ""11"", ""Nome Evento"": ""DESC. D.S.R. S/FALTAS (HORAS) MÊS ANTERIOR"", ""Natureza E-social"": ""9210-DSR s/faltas e atrasos""}",2026-03-27 16:02:24.74194
4447,,352,862,ADIC. NOTURNO C/20% MES ANTERIOR,1205-Adicional noturno,11,11,11,,,,,,,,,,,,,,,,,,,,,,,,,,,,,,,,,,,,,,,,,,,,,,,,,"{""Código"": ""862"", ""Cód. FGTS"": ""11"", ""Cód. INSS"": ""11"", ""Cód. IRRF"": ""11"", ""Nome Evento"": ""ADIC. NOTURNO C/20% MES ANTERIOR"", ""Natureza E-social"": ""1205-Adicional noturno""}",2026-03-27 16:02:24.74194
4448,,353,863,ADIC. NOTURNO C/50% MES ANTERIOR,1205-Adicional noturno,11,11,11,,,,,,,,,,,,,,,,,,,,,,,,,,,,,,,,,,,,,,,,,,,,,,,,,"{""Código"": ""863"", ""Cód. FGTS"": ""11"", ""Cód. INSS"": ""11"", ""Cód. IRRF"": ""11"", ""Nome Evento"": ""ADIC. NOTURNO C/50% MES ANTERIOR"", ""Natureza E-social"": ""1205-Adicional noturno""}",2026-03-27 16:02:24.74194
4449,,354,864,ADIC. INSALUBRIDADE SOBRE SALARIO,1202-Adicional de insalubridade,11,11,11,,,,,,,,,,,,,,,,,,,,,,,,,,,,,,,,,,,,,,,,,,,,,,,,,"{""Código"": ""864"", ""Cód. FGTS"": ""11"", ""Cód. INSS"": ""11"", ""Cód. IRRF"": ""11"", ""Nome Evento"": ""ADIC. INSALUBRIDADE SOBRE SALARIO"", ""Natureza E-social"": ""1202-Adicional de insalubridade""}",2026-03-27 16:02:24.74194
4450,,355,865,PREMIO ASSIDUIDADE,1211-Gratificações,0,9,0,,,,,,,,,,,,,,,,,,,,,,,,,,,,,,,,,,,,,,,,,,,,,,,,,"{""Código"": ""865"", ""Cód. FGTS"": ""0"", ""Cód. INSS"": ""0"", ""Cód. IRRF"": ""9"", ""Nome Evento"": ""PREMIO ASSIDUIDADE"", ""Natureza E-social"": ""1211-Gratificações""}",2026-03-27 16:02:24.74194
4451,,356,869,REEMBOLSO DESC. INDEVIDO,1629-Ressarcimento de outras despesas,0,9,0,,,,,,,,,,,,,,,,,,,,,,,,,,,,,,,,,,,,,,,,,,,,,,,,,"{""Código"": ""869"", ""Cód. FGTS"": ""0"", ""Cód. INSS"": ""0"", ""Cód. IRRF"": ""9"", ""Nome Evento"": ""REEMBOLSO DESC. INDEVIDO"", ""Natureza E-social"": ""1629-Ressarcimento de outras despesas""}",2026-03-27 16:02:24.74194
4452,,357,870,ADICIONAL DE ESTIMULO,1211-Gratificações,11,11,11,,,,,,,,,,,,,,,,,,,,,,,,,,,,,,,,,,,,,,,,,,,,,,,,,"{""Código"": ""870"", ""Cód. FGTS"": ""11"", ""Cód. INSS"": ""11"", ""Cód. IRRF"": ""11"", ""Nome Evento"": ""ADICIONAL DE ESTIMULO"", ""Natureza E-social"": ""1211-Gratificações""}",2026-03-27 16:02:24.74194
4453,,358,873,REEMB. 6% VALE TRANSPORTE,1629-Ressarcimento de outras despesas,0,9,0,,,,,,,,,,,,,,,,,,,,,,,,,,,,,,,,,,,,,,,,,,,,,,,,,"{""Código"": ""873"", ""Cód. FGTS"": ""0"", ""Cód. INSS"": ""0"", ""Cód. IRRF"": ""9"", ""Nome Evento"": ""REEMB. 6% VALE TRANSPORTE"", ""Natureza E-social"": ""1629-Ressarcimento de outras despesas""}",2026-03-27 16:02:24.74194
4454,,359,874,DEV. FALTAS (HORAS),"1000-Salário, vencimento, soldo ou subsídio",11,11,11,,,,,,,,,,,,,,,,,,,,,,,,,,,,,,,,,,,,,,,,,,,,,,,,,"{""Código"": ""874"", ""Cód. FGTS"": ""11"", ""Cód. INSS"": ""11"", ""Cód. IRRF"": ""11"", ""Nome Evento"": ""DEV. FALTAS (HORAS)"", ""Natureza E-social"": ""1000-Salário, vencimento, soldo ou subsídio""}",2026-03-27 16:02:24.74194
4455,,360,875,DEV. D.S.R FALTAS (HORAS),"1000-Salário, vencimento, soldo ou subsídio",11,11,11,,,,,,,,,,,,,,,,,,,,,,,,,,,,,,,,,,,,,,,,,,,,,,,,,"{""Código"": ""875"", ""Cód. FGTS"": ""11"", ""Cód. INSS"": ""11"", ""Cód. IRRF"": ""11"", ""Nome Evento"": ""DEV. D.S.R FALTAS (HORAS)"", ""Natureza E-social"": ""1000-Salário, vencimento, soldo ou subsídio""}",2026-03-27 16:02:24.74194
4456,,361,882,REEMB. DESC. VALE REFEICAO,"1806-Alimentação em ticket ou cartão, vinculada ao PAT",0,9,0,,,,,,,,,,,,,,,,,,,,,,,,,,,,,,,,,,,,,,,,,,,,,,,,,"{""Código"": ""882"", ""Cód. FGTS"": ""0"", ""Cód. INSS"": ""0"", ""Cód. IRRF"": ""9"", ""Nome Evento"": ""REEMB. DESC. VALE REFEICAO"", ""Natureza E-social"": ""1806-Alimentação em ticket ou cartão, vinculada ao PAT""}",2026-03-27 16:02:24.74194
4457,,362,885,PREMIO ASSIDUIDADE MÊS ANTERIOR,1211-Gratificações,0,11,0,,,,,,,,,,,,,,,,,,,,,,,,,,,,,,,,,,,,,,,,,,,,,,,,,"{""Código"": ""885"", ""Cód. FGTS"": ""0"", ""Cód. INSS"": ""0"", ""Cód. IRRF"": ""11"", ""Nome Evento"": ""PREMIO ASSIDUIDADE MÊS ANTERIOR"", ""Natureza E-social"": ""1211-Gratificações""}",2026-03-27 16:02:24.74194
4458,,363,891,REEMB VALE LANCHE,"1806-Alimentação em ticket ou cartão, vinculada ao PAT",0,9,0,,,,,,,,,,,,,,,,,,,,,,,,,,,,,,,,,,,,,,,,,,,,,,,,,"{""Código"": ""891"", ""Cód. FGTS"": ""0"", ""Cód. INSS"": ""0"", ""Cód. IRRF"": ""9"", ""Nome Evento"": ""REEMB VALE LANCHE"", ""Natureza E-social"": ""1806-Alimentação em ticket ou cartão, vinculada ao PAT""}",2026-03-27 16:02:24.74194
4459,,364,892,REEMB. EXAME RETORNO AO TRABALHO,6129-Outras multas ou indenizações,0,9,0,,,,,,,,,,,,,,,,,,,,,,,,,,,,,,,,,,,,,,,,,,,,,,,,,"{""Código"": ""892"", ""Cód. FGTS"": ""0"", ""Cód. INSS"": ""0"", ""Cód. IRRF"": ""9"", ""Nome Evento"": ""REEMB. EXAME RETORNO AO TRABALHO"", ""Natureza E-social"": ""6129-Outras multas ou indenizações""}",2026-03-27 16:02:24.74194
4460,,365,893,DESC. VALE-TRANSPORTE 6% MÊS ANTERIOR,9216-Desconto de vale-transporte,0,9,0,,,,,,,,,,,,,,,,,,,,,,,,,,,,,,,,,,,,,,,,,,,,,,,,,"{""Código"": ""893"", ""Cód. FGTS"": ""0"", ""Cód. INSS"": ""0"", ""Cód. IRRF"": ""9"", ""Nome Evento"": ""DESC. VALE-TRANSPORTE 6% MÊS ANTERIOR"", ""Natureza E-social"": ""9216-Desconto de vale-transporte""}",2026-03-27 16:02:24.74194
4461,,366,895,DESC. ASSIST. ODONTO. DEPENDENTE MES ANT,9219-Desconto de assistência médica ou odontológica,0,9,0,,,,,,,,,,,,,,,,,,,,,,,,,,,,,,,,,,,,,,,,,,,,,,,,,"{""Código"": ""895"", ""Cód. FGTS"": ""0"", ""Cód. INSS"": ""0"", ""Cód. IRRF"": ""9"", ""Nome Evento"": ""DESC. ASSIST. ODONTO. DEPENDENTE MES ANT"", ""Natureza E-social"": ""9219-Desconto de assistência médica ou odontológica""}",2026-03-27 16:02:24.74194
4462,,367,897,DESC. ANTECIPACAO VA E VR,"",0,9,0,,,,,,,,,,,,,,,,,,,,,,,,,,,,,,,,,,,,,,,,,,,,,,,,,"{""Código"": ""897"", ""Cód. FGTS"": ""0"", ""Cód. INSS"": ""0"", ""Cód. IRRF"": ""9"", ""Nome Evento"": ""DESC. ANTECIPACAO VA E VR"", ""Natureza E-social"": """"}",2026-03-27 16:02:24.74194
4463,,368,899,DESC. PAGTO. INDEVIDO,9299-Outros descontos,11,11,11,,,,,,,,,,,,,,,,,,,,,,,,,,,,,,,,,,,,,,,,,,,,,,,,,"{""Código"": ""899"", ""Cód. FGTS"": ""11"", ""Cód. INSS"": ""11"", ""Cód. IRRF"": ""11"", ""Nome Evento"": ""DESC. PAGTO. INDEVIDO"", ""Natureza E-social"": ""9299-Outros descontos""}",2026-03-27 16:02:24.74194
4464,,369,900,VALE LANCHE NAO UTILIZADO MES ANT,"9243-Cesta básica ou refeição, vinculada ao PAT - Desconto",0,9,0,,,,,,,,,,,,,,,,,,,,,,,,,,,,,,,,,,,,,,,,,,,,,,,,,"{""Código"": ""900"", ""Cód. FGTS"": ""0"", ""Cód. INSS"": ""0"", ""Cód. IRRF"": ""9"", ""Nome Evento"": ""VALE LANCHE NAO UTILIZADO MES ANT"", ""Natureza E-social"": ""9243-Cesta básica ou refeição, vinculada ao PAT - Desconto""}",2026-03-27 16:02:24.74194
4465,,370,938,DIFERENCA DE SALARIO,"1000-Salário, vencimento, soldo ou subsídio",11,11,11,,,,,,,,,,,,,,,,,,,,,,,,,,,,,,,,,,,,,,,,,,,,,,,,,"{""Código"": ""938"", ""Cód. FGTS"": ""11"", ""Cód. INSS"": ""11"", ""Cód. IRRF"": ""11"", ""Nome Evento"": ""DIFERENCA DE SALARIO"", ""Natureza E-social"": ""1000-Salário, vencimento, soldo ou subsídio""}",2026-03-27 16:02:24.74194
4466,,371,940,GRATIFICAÇÃO MÊS ANTERIOR,1211-Gratificações,11,11,11,,,,,,,,,,,,,,,,,,,,,,,,,,,,,,,,,,,,,,,,,,,,,,,,,"{""Código"": ""940"", ""Cód. FGTS"": ""11"", ""Cód. INSS"": ""11"", ""Cód. IRRF"": ""11"", ""Nome Evento"": ""GRATIFICAÇÃO MÊS ANTERIOR"", ""Natureza E-social"": ""1211-Gratificações""}",2026-03-27 16:02:24.74194
4467,,372,948,MULTA POR ATRASO DE SALARIO,6129-Outras Indenizações,0,9,0,,,,,,,,,,,,,,,,,,,,,,,,,,,,,,,,,,,,,,,,,,,,,,,,,"{""Código"": ""948"", ""Cód. FGTS"": ""0"", ""Cód. INSS"": ""0"", ""Cód. IRRF"": ""9"", ""Nome Evento"": ""MULTA POR ATRASO DE SALARIO"", ""Natureza E-social"": ""6129-Outras Indenizações""}",2026-03-27 16:02:24.74194
4468,,373,950,DIF. ASSISTENCIA MEDICA,1405-Assistência médica,0,9,0,,,,,,,,,,,,,,,,,,,,,,,,,,,,,,,,,,,,,,,,,,,,,,,,,"{""Código"": ""950"", ""Cód. FGTS"": ""0"", ""Cód. INSS"": ""0"", ""Cód. IRRF"": ""9"", ""Nome Evento"": ""DIF. ASSISTENCIA MEDICA"", ""Natureza E-social"": ""1405-Assistência médica""}",2026-03-27 16:02:24.74194
4469,,374,961,DESC. PENSAO ALIMENTICIA SALARIO,9213-Pensão alimentícia,0,51,0,,,,,,,,,,,,,,,,,,,,,,,,,,,,,,,,,,,,,,,,,,,,,,,,,"{""Código"": ""961"", ""Cód. FGTS"": ""0"", ""Cód. INSS"": ""0"", ""Cód. IRRF"": ""51"", ""Nome Evento"": ""DESC. PENSAO ALIMENTICIA SALARIO"", ""Natureza E-social"": ""9213-Pensão alimentícia""}",2026-03-27 16:02:24.74194
4470,,375,964,DESC. PENSAO ALIMENTICIA S/13º SALARIO,9213-Pensão alimentícia,0,52,0,,,,,,,,,,,,,,,,,,,,,,,,,,,,,,,,,,,,,,,,,,,,,,,,,"{""Código"": ""964"", ""Cód. FGTS"": ""0"", ""Cód. INSS"": ""0"", ""Cód. IRRF"": ""52"", ""Nome Evento"": ""DESC. PENSAO ALIMENTICIA S/13º SALARIO"", ""Natureza E-social"": ""9213-Pensão alimentícia""}",2026-03-27 16:02:24.74194
4471,,376,971,DESC.CESTA BASICA SOCIO,"1808-Cesta básica ou refeição, vinculada ao PAT",0,79,0,,,,,,,,,,,,,,,,,,,,,,,,,,,,,,,,,,,,,,,,,,,,,,,,,"{""Código"": ""971"", ""Cód. FGTS"": ""0"", ""Cód. INSS"": ""0"", ""Cód. IRRF"": ""79"", ""Nome Evento"": ""DESC.CESTA BASICA SOCIO"", ""Natureza E-social"": ""1808-Cesta básica ou refeição, vinculada ao PAT""}",2026-03-27 16:02:24.74194
4472,,377,977,ADIC. PERICULOSIDADE S/ HORA EXTRA,1203-Adicional de periculosidade,11,11,11,,,,,,,,,,,,,,,,,,,,,,,,,,,,,,,,,,,,,,,,,,,,,,,,,"{""Código"": ""977"", ""Cód. FGTS"": ""11"", ""Cód. INSS"": ""11"", ""Cód. IRRF"": ""11"", ""Nome Evento"": ""ADIC. PERICULOSIDADE S/ HORA EXTRA"", ""Natureza E-social"": ""1203-Adicional de periculosidade""}",2026-03-27 16:02:24.74194
4473,,378,989,DESC. PGTO ASSIDUIDADE MES ANT.,1211-Gratificações,11,11,11,,,,,,,,,,,,,,,,,,,,,,,,,,,,,,,,,,,,,,,,,,,,,,,,,"{""Código"": ""989"", ""Cód. FGTS"": ""11"", ""Cód. INSS"": ""11"", ""Cód. IRRF"": ""11"", ""Nome Evento"": ""DESC. PGTO ASSIDUIDADE MES ANT."", ""Natureza E-social"": ""1211-Gratificações""}",2026-03-27 16:02:24.74194
4474,,379,992,REEMB. ATRASO (HORAS) - MES ANTERIOR,"1000-Salário, vencimento, soldo ou subsídio",11,11,11,,,,,,,,,,,,,,,,,,,,,,,,,,,,,,,,,,,,,,,,,,,,,,,,,"{""Código"": ""992"", ""Cód. FGTS"": ""11"", ""Cód. INSS"": ""11"", ""Cód. IRRF"": ""11"", ""Nome Evento"": ""REEMB. ATRASO (HORAS) - MES ANTERIOR"", ""Natureza E-social"": ""1000-Salário, vencimento, soldo ou subsídio""}",2026-03-27 16:02:24.74194
4475,,380,993,ADICIONAL DE ESTIMULO MES ANTERIOR,1211-Gratificações,0,9,0,,,,,,,,,,,,,,,,,,,,,,,,,,,,,,,,,,,,,,,,,,,,,,,,,"{""Código"": ""993"", ""Cód. FGTS"": ""0"", ""Cód. INSS"": ""0"", ""Cód. IRRF"": ""9"", ""Nome Evento"": ""ADICIONAL DE ESTIMULO MES ANTERIOR"", ""Natureza E-social"": ""1211-Gratificações""}",2026-03-27 16:02:24.74194
4476,,381,994,PARCELAMENTO,"",0,9,0,,,,,,,,,,,,,,,,,,,,,,,,,,,,,,,,,,,,,,,,,,,,,,,,,"{""Código"": ""994"", ""Cód. FGTS"": ""0"", ""Cód. INSS"": ""0"", ""Cód. IRRF"": ""9"", ""Nome Evento"": ""PARCELAMENTO"", ""Natureza E-social"": """"}",2026-03-27 16:02:24.74194
4477,,382,995,LICENCA REMUNERADA,1050-Remuneração de dias de afastamento,11,11,11,,,,,,,,,,,,,,,,,,,,,,,,,,,,,,,,,,,,,,,,,,,,,,,,,"{""Código"": ""995"", ""Cód. FGTS"": ""11"", ""Cód. INSS"": ""11"", ""Cód. IRRF"": ""11"", ""Nome Evento"": ""LICENCA REMUNERADA"", ""Natureza E-social"": ""1050-Remuneração de dias de afastamento""}",2026-03-27 16:02:24.74194
4478,,383,1000,ADIC. NOTURNO C/20% - (HORA EXTRA 100%),1205-Adicional noturno,11,9,11,,,,,,,,,,,,,,,,,,,,,,,,,,,,,,,,,,,,,,,,,,,,,,,,,"{""Código"": ""1000"", ""Cód. FGTS"": ""11"", ""Cód. INSS"": ""11"", ""Cód. IRRF"": ""9"", ""Nome Evento"": ""ADIC. NOTURNO C/20% - (HORA EXTRA 100%)"", ""Natureza E-social"": ""1205-Adicional noturno""}",2026-03-27 16:02:24.74194
4479,,384,1010,ADIC. INSALUBRIDADE SOBRE SALARIO,1202-Adicional de insalubridade,11,11,11,,,,,,,,,,,,,,,,,,,,,,,,,,,,,,,,,,,,,,,,,,,,,,,,,"{""Código"": ""1010"", ""Cód. FGTS"": ""11"", ""Cód. INSS"": ""11"", ""Cód. IRRF"": ""11"", ""Nome Evento"": ""ADIC. INSALUBRIDADE SOBRE SALARIO"", ""Natureza E-social"": ""1202-Adicional de insalubridade""}",2026-03-27 16:02:24.74194
4480,,385,1016,DESC. EMPRESTIMO ECONSIGNADO FGTS,9253-Empréstimos eConsignado - Desconto,0,9,31,,,,,,,,,,,,,,,,,,,,,,,,,,,,,,,,,,,,,,,,,,,,,,,,,"{""Código"": ""1016"", ""Cód. FGTS"": ""31"", ""Cód. INSS"": ""0"", ""Cód. IRRF"": ""9"", ""Nome Evento"": ""DESC. EMPRESTIMO ECONSIGNADO FGTS"", ""Natureza E-social"": ""9253-Empréstimos eConsignado - Desconto""}",2026-03-27 16:02:24.74194
4481,,386,1017,REEMB. EXAME TROCA DE FUNCAO,6129-Outras multas ou indenizações,0,9,0,,,,,,,,,,,,,,,,,,,,,,,,,,,,,,,,,,,,,,,,,,,,,,,,,"{""Código"": ""1017"", ""Cód. FGTS"": ""0"", ""Cód. INSS"": ""0"", ""Cód. IRRF"": ""9"", ""Nome Evento"": ""REEMB. EXAME TROCA DE FUNCAO"", ""Natureza E-social"": ""6129-Outras multas ou indenizações""}",2026-03-27 16:02:24.74194
4482,,387,1018,DESC. VALE REFEICAO MES ANTERIOR,"9241-Alimentação em ticket ou cartão, vinculada ao PAT - Desconto",0,9,0,,,,,,,,,,,,,,,,,,,,,,,,,,,,,,,,,,,,,,,,,,,,,,,,,"{""Código"": ""1018"", ""Cód. FGTS"": ""0"", ""Cód. INSS"": ""0"", ""Cód. IRRF"": ""9"", ""Nome Evento"": ""DESC. VALE REFEICAO MES ANTERIOR"", ""Natureza E-social"": ""9241-Alimentação em ticket ou cartão, vinculada ao PAT - Desconto""}",2026-03-27 16:02:24.74194
4483,,388,1023,DIF ADIC. S/13º SALARIO,5001-13º salário,12,12,12,,,,,,,,,,,,,,,,,,,,,,,,,,,,,,,,,,,,,,,,,,,,,,,,,"{""Código"": ""1023"", ""Cód. FGTS"": ""12"", ""Cód. INSS"": ""12"", ""Cód. IRRF"": ""12"", ""Nome Evento"": ""DIF ADIC. S/13º SALARIO"", ""Natureza E-social"": ""5001-13º salário""}",2026-03-27 16:02:24.74194
4484,,389,1024,DIF ADIC. FERIAS INDENIZADAS (Rescisao),6007-Férias vencidas na rescisão,0,9,0,,,,,,,,,,,,,,,,,,,,,,,,,,,,,,,,,,,,,,,,,,,,,,,,,"{""Código"": ""1024"", ""Cód. FGTS"": ""0"", ""Cód. INSS"": ""0"", ""Cód. IRRF"": ""9"", ""Nome Evento"": ""DIF ADIC. FERIAS INDENIZADAS (Rescisao)"", ""Natureza E-social"": ""6007-Férias vencidas na rescisão""}",2026-03-27 16:02:24.74194
4485,,390,1025,LICENCA GESTANTE POR ABORTO NAO CRIMINOSO,4050-Salário maternidade,21,11,11,,,,,,,,,,,,,,,,,,,,,,,,,,,,,,,,,,,,,,,,,,,,,,,,,"{""Código"": ""1025"", ""Cód. FGTS"": ""11"", ""Cód. INSS"": ""21"", ""Cód. IRRF"": ""11"", ""Nome Evento"": ""LICENCA GESTANTE POR ABORTO NAO CRIMINOSO"", ""Natureza E-social"": ""4050-Salário maternidade""}",2026-03-27 16:02:24.74194
4486,,391,1026,PAGTO. VT E VA - REF FERIADOS,1801-Alimentação,0,9,0,,,,,,,,,,,,,,,,,,,,,,,,,,,,,,,,,,,,,,,,,,,,,,,,,"{""Código"": ""1026"", ""Cód. FGTS"": ""0"", ""Cód. INSS"": ""0"", ""Cód. IRRF"": ""9"", ""Nome Evento"": ""PAGTO. VT E VA - REF FERIADOS"", ""Natureza E-social"": ""1801-Alimentação""}",2026-03-27 16:02:24.74194
4487,,392,1031,DIF. MULTA POR ATRASO DE SALARIO,6129-Outras Indenizações,0,9,0,,,,,,,,,,,,,,,,,,,,,,,,,,,,,,,,,,,,,,,,,,,,,,,,,"{""Código"": ""1031"", ""Cód. FGTS"": ""0"", ""Cód. INSS"": ""0"", ""Cód. IRRF"": ""9"", ""Nome Evento"": ""DIF. MULTA POR ATRASO DE SALARIO"", ""Natureza E-social"": ""6129-Outras Indenizações""}",2026-03-27 16:02:24.74194
4488,,393,1032,D.S.R (INTERMITENTE),1012- Descanso semanal remunerado - DSR e feriado,11,11,11,,,,,,,,,,,,,,,,,,,,,,,,,,,,,,,,,,,,,,,,,,,,,,,,,"{""Código"": ""1032"", ""Cód. FGTS"": ""11"", ""Cód. INSS"": ""11"", ""Cód. IRRF"": ""11"", ""Nome Evento"": ""D.S.R (INTERMITENTE)"", ""Natureza E-social"": ""1012- Descanso semanal remunerado - DSR e feriado""}",2026-03-27 16:02:24.74194
4489,,394,1033,DESC. EMPRESTIMO ECONSIGNADO FGTS,9253-Empréstimos eConsignado - Desconto,0,9,31,,,,,,,,,,,,,,,,,,,,,,,,,,,,,,,,,,,,,,,,,,,,,,,,,"{""Código"": ""1033"", ""Cód. FGTS"": ""31"", ""Cód. INSS"": ""0"", ""Cód. IRRF"": ""9"", ""Nome Evento"": ""DESC. EMPRESTIMO ECONSIGNADO FGTS"", ""Natureza E-social"": ""9253-Empréstimos eConsignado - Desconto""}",2026-03-27 16:02:24.74194
4490,,395,1034,DESC. EMPRESTIMO ECONSIGNADO FGTS,9253-Empréstimos eConsignado - Desconto,0,9,31,,,,,,,,,,,,,,,,,,,,,,,,,,,,,,,,,,,,,,,,,,,,,,,,,"{""Código"": ""1034"", ""Cód. FGTS"": ""31"", ""Cód. INSS"": ""0"", ""Cód. IRRF"": ""9"", ""Nome Evento"": ""DESC. EMPRESTIMO ECONSIGNADO FGTS"", ""Natureza E-social"": ""9253-Empréstimos eConsignado - Desconto""}",2026-03-27 16:02:24.74194
4491,,396,1035,DESC. EMPRESTIMO ECONSIGNADO FGTS,9253-Empréstimos eConsignado - Desconto,0,9,31,,,,,,,,,,,,,,,,,,,,,,,,,,,,,,,,,,,,,,,,,,,,,,,,,"{""Código"": ""1035"", ""Cód. FGTS"": ""31"", ""Cód. INSS"": ""0"", ""Cód. IRRF"": ""9"", ""Nome Evento"": ""DESC. EMPRESTIMO ECONSIGNADO FGTS"", ""Natureza E-social"": ""9253-Empréstimos eConsignado - Desconto""}",2026-03-27 16:02:24.74194
4492,,397,1036,DESC. EMPRESTIMO ECONSIGNADO FGTS,9253-Empréstimos eConsignado - Desconto,0,9,31,,,,,,,,,,,,,,,,,,,,,,,,,,,,,,,,,,,,,,,,,,,,,,,,,"{""Código"": ""1036"", ""Cód. FGTS"": ""31"", ""Cód. INSS"": ""0"", ""Cód. IRRF"": ""9"", ""Nome Evento"": ""DESC. EMPRESTIMO ECONSIGNADO FGTS"", ""Natureza E-social"": ""9253-Empréstimos eConsignado - Desconto""}",2026-03-27 16:02:24.74194
4493,,398,1037,DESC. EMPRESTIMO ECONSIGNADO FGTS,9253-Empréstimos eConsignado - Desconto,0,9,31,,,,,,,,,,,,,,,,,,,,,,,,,,,,,,,,,,,,,,,,,,,,,,,,,"{""Código"": ""1037"", ""Cód. FGTS"": ""31"", ""Cód. INSS"": ""0"", ""Cód. IRRF"": ""9"", ""Nome Evento"": ""DESC. EMPRESTIMO ECONSIGNADO FGTS"", ""Natureza E-social"": ""9253-Empréstimos eConsignado - Desconto""}",2026-03-27 16:02:24.74194
4494,,399,1038,DESC. EMPRESTIMO ECONSIGNADO FGTS,9253-Empréstimos eConsignado - Desconto,0,9,31,,,,,,,,,,,,,,,,,,,,,,,,,,,,,,,,,,,,,,,,,,,,,,,,,"{""Código"": ""1038"", ""Cód. FGTS"": ""31"", ""Cód. INSS"": ""0"", ""Cód. IRRF"": ""9"", ""Nome Evento"": ""DESC. EMPRESTIMO ECONSIGNADO FGTS"", ""Natureza E-social"": ""9253-Empréstimos eConsignado - Desconto""}",2026-03-27 16:02:24.74194
4495,,400,1039,DESC. EMPRESTIMO ECONSIGNADO FGTS,9253-Empréstimos eConsignado - Desconto,0,9,31,,,,,,,,,,,,,,,,,,,,,,,,,,,,,,,,,,,,,,,,,,,,,,,,,"{""Código"": ""1039"", ""Cód. FGTS"": ""31"", ""Cód. INSS"": ""0"", ""Cód. IRRF"": ""9"", ""Nome Evento"": ""DESC. EMPRESTIMO ECONSIGNADO FGTS"", ""Natureza E-social"": ""9253-Empréstimos eConsignado - Desconto""}",2026-03-27 16:02:24.74194
4496,,401,1040,DESC. EMPRESTIMO ECONSIGNADO FGTS,9253-Empréstimos eConsignado - Desconto,0,9,31,,,,,,,,,,,,,,,,,,,,,,,,,,,,,,,,,,,,,,,,,,,,,,,,,"{""Código"": ""1040"", ""Cód. FGTS"": ""31"", ""Cód. INSS"": ""0"", ""Cód. IRRF"": ""9"", ""Nome Evento"": ""DESC. EMPRESTIMO ECONSIGNADO FGTS"", ""Natureza E-social"": ""9253-Empréstimos eConsignado - Desconto""}",2026-03-27 16:02:24.74194
4497,,402,1041,PAGTO. ASSIST. MEDICA,1629-Ressarcimento de outras despesas,0,9,0,,,,,,,,,,,,,,,,,,,,,,,,,,,,,,,,,,,,,,,,,,,,,,,,,"{""Código"": ""1041"", ""Cód. FGTS"": ""0"", ""Cód. INSS"": ""0"", ""Cód. IRRF"": ""9"", ""Nome Evento"": ""PAGTO. ASSIST. MEDICA"", ""Natureza E-social"": ""1629-Ressarcimento de outras despesas""}",2026-03-27 16:02:24.74194
4498,,403,1042,REEMBOLSO CO PARTICIPACAO A.M.,9299-Outros descontos,0,9,0,,,,,,,,,,,,,,,,,,,,,,,,,,,,,,,,,,,,,,,,,,,,,,,,,"{""Código"": ""1042"", ""Cód. FGTS"": ""0"", ""Cód. INSS"": ""0"", ""Cód. IRRF"": ""9"", ""Nome Evento"": ""REEMBOLSO CO PARTICIPACAO A.M."", ""Natureza E-social"": ""9299-Outros descontos""}",2026-03-27 16:02:24.74194
4499,,404,1043,FERIAS EM DOBRO,1024-Férias - o dobro na vigência do contrato,0,13,0,,,,,,,,,,,,,,,,,,,,,,,,,,,,,,,,,,,,,,,,,,,,,,,,,"{""Código"": ""1043"", ""Cód. FGTS"": ""0"", ""Cód. INSS"": ""0"", ""Cód. IRRF"": ""13"", ""Nome Evento"": ""FERIAS EM DOBRO"", ""Natureza E-social"": ""1024-Férias - o dobro na vigência do contrato""}",2026-03-27 16:02:24.74194
4500,,405,1044,AUXILIO ESPECIAL,1899-Outros Auxilios ,0,9,0,,,,,,,,,,,,,,,,,,,,,,,,,,,,,,,,,,,,,,,,,,,,,,,,,"{""Código"": ""1044"", ""Cód. FGTS"": ""0"", ""Cód. INSS"": ""0"", ""Cód. IRRF"": ""9"", ""Nome Evento"": ""AUXILIO ESPECIAL"", ""Natureza E-social"": ""1899-Outros Auxilios ""}",2026-03-27 16:02:24.74194
4501,,406,1045,D.S.R. S/SALARIO AULA,1012- Descanso semanal remunerado - DSR e feriado,11,11,11,,,,,,,,,,,,,,,,,,,,,,,,,,,,,,,,,,,,,,,,,,,,,,,,,"{""Código"": ""1045"", ""Cód. FGTS"": ""11"", ""Cód. INSS"": ""11"", ""Cód. IRRF"": ""11"", ""Nome Evento"": ""D.S.R. S/SALARIO AULA"", ""Natureza E-social"": ""1012- Descanso semanal remunerado - DSR e feriado""}",2026-03-27 16:02:24.74194
4502,,407,1046,ADICIONAL EXTRACLASSE,1211-Gratificações,11,11,11,,,,,,,,,,,,,,,,,,,,,,,,,,,,,,,,,,,,,,,,,,,,,,,,,"{""Código"": ""1046"", ""Cód. FGTS"": ""11"", ""Cód. INSS"": ""11"", ""Cód. IRRF"": ""11"", ""Nome Evento"": ""ADICIONAL EXTRACLASSE"", ""Natureza E-social"": ""1211-Gratificações""}",2026-03-27 16:02:24.74194
4503,,408,1048,"ADIC. NOTURNO 22,50% - FEVEREIRO",1205-Adicional noturno,11,11,11,,,,,,,,,,,,,,,,,,,,,,,,,,,,,,,,,,,,,,,,,,,,,,,,,"{""Código"": ""1048"", ""Cód. FGTS"": ""11"", ""Cód. INSS"": ""11"", ""Cód. IRRF"": ""11"", ""Nome Evento"": ""ADIC. NOTURNO 22,50% - FEVEREIRO"", ""Natureza E-social"": ""1205-Adicional noturno""}",2026-03-27 16:02:24.74194
4504,,409,1052,"ADIC. NOTURNO 22,50% - JUNHO",1205-Adicional noturno,11,11,11,,,,,,,,,,,,,,,,,,,,,,,,,,,,,,,,,,,,,,,,,,,,,,,,,"{""Código"": ""1052"", ""Cód. FGTS"": ""11"", ""Cód. INSS"": ""11"", ""Cód. IRRF"": ""11"", ""Nome Evento"": ""ADIC. NOTURNO 22,50% - JUNHO"", ""Natureza E-social"": ""1205-Adicional noturno""}",2026-03-27 16:02:24.74194
4505,,410,1053,"ADIC. NOTURNO 22,50% - JULHO",1205-Adicional noturno,11,11,11,,,,,,,,,,,,,,,,,,,,,,,,,,,,,,,,,,,,,,,,,,,,,,,,,"{""Código"": ""1053"", ""Cód. FGTS"": ""11"", ""Cód. INSS"": ""11"", ""Cód. IRRF"": ""11"", ""Nome Evento"": ""ADIC. NOTURNO 22,50% - JULHO"", ""Natureza E-social"": ""1205-Adicional noturno""}",2026-03-27 16:02:24.74194
4506,,411,1055,"ADIC. NOTURNO 22,50% - SETEMBRO",1205-Adicional noturno,11,11,11,,,,,,,,,,,,,,,,,,,,,,,,,,,,,,,,,,,,,,,,,,,,,,,,,"{""Código"": ""1055"", ""Cód. FGTS"": ""11"", ""Cód. INSS"": ""11"", ""Cód. IRRF"": ""11"", ""Nome Evento"": ""ADIC. NOTURNO 22,50% - SETEMBRO"", ""Natureza E-social"": ""1205-Adicional noturno""}",2026-03-27 16:02:24.74194
4507,,412,1056,"ADIC. NOTURNO 22,50% - OUTUBRO",1205-Adicional noturno,11,11,11,,,,,,,,,,,,,,,,,,,,,,,,,,,,,,,,,,,,,,,,,,,,,,,,,"{""Código"": ""1056"", ""Cód. FGTS"": ""11"", ""Cód. INSS"": ""11"", ""Cód. IRRF"": ""11"", ""Nome Evento"": ""ADIC. NOTURNO 22,50% - OUTUBRO"", ""Natureza E-social"": ""1205-Adicional noturno""}",2026-03-27 16:02:24.74194
4508,,413,1057,"ADIC. NOTURNO 22,50% - NOVEMBRO",1205-Adicional noturno,11,11,11,,,,,,,,,,,,,,,,,,,,,,,,,,,,,,,,,,,,,,,,,,,,,,,,,"{""Código"": ""1057"", ""Cód. FGTS"": ""11"", ""Cód. INSS"": ""11"", ""Cód. IRRF"": ""11"", ""Nome Evento"": ""ADIC. NOTURNO 22,50% - NOVEMBRO"", ""Natureza E-social"": ""1205-Adicional noturno""}",2026-03-27 16:02:24.74194
4509,,414,1060,HORAS EXTRAS 50% - FEVEREIRO,1003-Horas extraordinárias,11,11,11,,,,,,,,,,,,,,,,,,,,,,,,,,,,,,,,,,,,,,,,,,,,,,,,,"{""Código"": ""1060"", ""Cód. FGTS"": ""11"", ""Cód. INSS"": ""11"", ""Cód. IRRF"": ""11"", ""Nome Evento"": ""HORAS EXTRAS 50% - FEVEREIRO"", ""Natureza E-social"": ""1003-Horas extraordinárias""}",2026-03-27 16:02:24.74194
4510,,415,1062,HORAS EXTRAS 50% - ABRIL,1003-Horas extraordinárias,11,11,11,,,,,,,,,,,,,,,,,,,,,,,,,,,,,,,,,,,,,,,,,,,,,,,,,"{""Código"": ""1062"", ""Cód. FGTS"": ""11"", ""Cód. INSS"": ""11"", ""Cód. IRRF"": ""11"", ""Nome Evento"": ""HORAS EXTRAS 50% - ABRIL"", ""Natureza E-social"": ""1003-Horas extraordinárias""}",2026-03-27 16:02:24.74194
4511,,416,1063,HORAS EXTRAS 50% - MAIO,1003-Horas extraordinárias,11,11,11,,,,,,,,,,,,,,,,,,,,,,,,,,,,,,,,,,,,,,,,,,,,,,,,,"{""Código"": ""1063"", ""Cód. FGTS"": ""11"", ""Cód. INSS"": ""11"", ""Cód. IRRF"": ""11"", ""Nome Evento"": ""HORAS EXTRAS 50% - MAIO"", ""Natureza E-social"": ""1003-Horas extraordinárias""}",2026-03-27 16:02:24.74194
4512,,417,1064,HORAS EXTRAS 50% - JUNHO,1003-Horas extraordinárias,11,11,11,,,,,,,,,,,,,,,,,,,,,,,,,,,,,,,,,,,,,,,,,,,,,,,,,"{""Código"": ""1064"", ""Cód. FGTS"": ""11"", ""Cód. INSS"": ""11"", ""Cód. IRRF"": ""11"", ""Nome Evento"": ""HORAS EXTRAS 50% - JUNHO"", ""Natureza E-social"": ""1003-Horas extraordinárias""}",2026-03-27 16:02:24.74194
4513,,418,1065,HORAS EXTRAS 50% - JULHO,1003-Horas extraordinárias,11,11,11,,,,,,,,,,,,,,,,,,,,,,,,,,,,,,,,,,,,,,,,,,,,,,,,,"{""Código"": ""1065"", ""Cód. FGTS"": ""11"", ""Cód. INSS"": ""11"", ""Cód. IRRF"": ""11"", ""Nome Evento"": ""HORAS EXTRAS 50% - JULHO"", ""Natureza E-social"": ""1003-Horas extraordinárias""}",2026-03-27 16:02:24.74194
4514,,419,1066,HORAS EXTRAS 50% - AGOSTO,1003-Horas extraordinárias,11,11,11,,,,,,,,,,,,,,,,,,,,,,,,,,,,,,,,,,,,,,,,,,,,,,,,,"{""Código"": ""1066"", ""Cód. FGTS"": ""11"", ""Cód. INSS"": ""11"", ""Cód. IRRF"": ""11"", ""Nome Evento"": ""HORAS EXTRAS 50% - AGOSTO"", ""Natureza E-social"": ""1003-Horas extraordinárias""}",2026-03-27 16:02:24.74194
4515,,420,1067,HORAS EXTRAS 50% - SETEMBRO,1003-Horas extraordinárias,11,11,11,,,,,,,,,,,,,,,,,,,,,,,,,,,,,,,,,,,,,,,,,,,,,,,,,"{""Código"": ""1067"", ""Cód. FGTS"": ""11"", ""Cód. INSS"": ""11"", ""Cód. IRRF"": ""11"", ""Nome Evento"": ""HORAS EXTRAS 50% - SETEMBRO"", ""Natureza E-social"": ""1003-Horas extraordinárias""}",2026-03-27 16:02:24.74194
4516,,421,1068,HORAS EXTRAS 50% - OUTUBRO,1003-Horas extraordinárias,11,11,11,,,,,,,,,,,,,,,,,,,,,,,,,,,,,,,,,,,,,,,,,,,,,,,,,"{""Código"": ""1068"", ""Cód. FGTS"": ""11"", ""Cód. INSS"": ""11"", ""Cód. IRRF"": ""11"", ""Nome Evento"": ""HORAS EXTRAS 50% - OUTUBRO"", ""Natureza E-social"": ""1003-Horas extraordinárias""}",2026-03-27 16:02:24.74194
4517,,422,1069,HORAS EXTRAS 50% - NOVEMBRO,1003-Horas extraordinárias,11,11,11,,,,,,,,,,,,,,,,,,,,,,,,,,,,,,,,,,,,,,,,,,,,,,,,,"{""Código"": ""1069"", ""Cód. FGTS"": ""11"", ""Cód. INSS"": ""11"", ""Cód. IRRF"": ""11"", ""Nome Evento"": ""HORAS EXTRAS 50% - NOVEMBRO"", ""Natureza E-social"": ""1003-Horas extraordinárias""}",2026-03-27 16:02:24.74194
4518,,423,1073,"H EXTRAS 50% NOT22,50 - FEVEREIRO",1003-Horas extraordinárias,11,11,11,,,,,,,,,,,,,,,,,,,,,,,,,,,,,,,,,,,,,,,,,,,,,,,,,"{""Código"": ""1073"", ""Cód. FGTS"": ""11"", ""Cód. INSS"": ""11"", ""Cód. IRRF"": ""11"", ""Nome Evento"": ""H EXTRAS 50% NOT22,50 - FEVEREIRO"", ""Natureza E-social"": ""1003-Horas extraordinárias""}",2026-03-27 16:02:24.74194
4519,,424,1076,"H EXTRAS 50% NOT22,50 - MAIO",1003-Horas extraordinárias,11,11,11,,,,,,,,,,,,,,,,,,,,,,,,,,,,,,,,,,,,,,,,,,,,,,,,,"{""Código"": ""1076"", ""Cód. FGTS"": ""11"", ""Cód. INSS"": ""11"", ""Cód. IRRF"": ""11"", ""Nome Evento"": ""H EXTRAS 50% NOT22,50 - MAIO"", ""Natureza E-social"": ""1003-Horas extraordinárias""}",2026-03-27 16:02:24.74194
4520,,425,1077,"H EXTRAS 50% NOT22,50 - JUNHO",1003-Horas extraordinárias,11,11,11,,,,,,,,,,,,,,,,,,,,,,,,,,,,,,,,,,,,,,,,,,,,,,,,,"{""Código"": ""1077"", ""Cód. FGTS"": ""11"", ""Cód. INSS"": ""11"", ""Cód. IRRF"": ""11"", ""Nome Evento"": ""H EXTRAS 50% NOT22,50 - JUNHO"", ""Natureza E-social"": ""1003-Horas extraordinárias""}",2026-03-27 16:02:24.74194
4521,,426,1078,"H EXTRAS 50% NOT22,50 - JULHO",1003-Horas extraordinárias,11,11,11,,,,,,,,,,,,,,,,,,,,,,,,,,,,,,,,,,,,,,,,,,,,,,,,,"{""Código"": ""1078"", ""Cód. FGTS"": ""11"", ""Cód. INSS"": ""11"", ""Cód. IRRF"": ""11"", ""Nome Evento"": ""H EXTRAS 50% NOT22,50 - JULHO"", ""Natureza E-social"": ""1003-Horas extraordinárias""}",2026-03-27 16:02:24.74194
4522,,427,1079,"H EXTRAS 50% NOT22,50 - AGOSTO",1003-Horas extraordinárias,11,11,11,,,,,,,,,,,,,,,,,,,,,,,,,,,,,,,,,,,,,,,,,,,,,,,,,"{""Código"": ""1079"", ""Cód. FGTS"": ""11"", ""Cód. INSS"": ""11"", ""Cód. IRRF"": ""11"", ""Nome Evento"": ""H EXTRAS 50% NOT22,50 - AGOSTO"", ""Natureza E-social"": ""1003-Horas extraordinárias""}",2026-03-27 16:02:24.74194
4523,,428,1080,"H EXTRAS 50% NOT22,50 - SETEMBRO",1003-Horas extraordinárias,11,11,11,,,,,,,,,,,,,,,,,,,,,,,,,,,,,,,,,,,,,,,,,,,,,,,,,"{""Código"": ""1080"", ""Cód. FGTS"": ""11"", ""Cód. INSS"": ""11"", ""Cód. IRRF"": ""11"", ""Nome Evento"": ""H EXTRAS 50% NOT22,50 - SETEMBRO"", ""Natureza E-social"": ""1003-Horas extraordinárias""}",2026-03-27 16:02:24.74194
4524,,429,1081,"H EXTRAS 50% NOT22,50 - OUTUBRO",1003-Horas extraordinárias,11,11,11,,,,,,,,,,,,,,,,,,,,,,,,,,,,,,,,,,,,,,,,,,,,,,,,,"{""Código"": ""1081"", ""Cód. FGTS"": ""11"", ""Cód. INSS"": ""11"", ""Cód. IRRF"": ""11"", ""Nome Evento"": ""H EXTRAS 50% NOT22,50 - OUTUBRO"", ""Natureza E-social"": ""1003-Horas extraordinárias""}",2026-03-27 16:02:24.74194
4525,,430,1082,"H EXTRAS 50% NOT22,50 - NOVEMBRO",1003-Horas extraordinárias,11,11,11,,,,,,,,,,,,,,,,,,,,,,,,,,,,,,,,,,,,,,,,,,,,,,,,,"{""Código"": ""1082"", ""Cód. FGTS"": ""11"", ""Cód. INSS"": ""11"", ""Cód. IRRF"": ""11"", ""Nome Evento"": ""H EXTRAS 50% NOT22,50 - NOVEMBRO"", ""Natureza E-social"": ""1003-Horas extraordinárias""}",2026-03-27 16:02:24.74194
4526,,431,1085,HORAS EXTRAS 100% - FEVEREIRO,1003-Horas extraordinárias,11,11,11,,,,,,,,,,,,,,,,,,,,,,,,,,,,,,,,,,,,,,,,,,,,,,,,,"{""Código"": ""1085"", ""Cód. FGTS"": ""11"", ""Cód. INSS"": ""11"", ""Cód. IRRF"": ""11"", ""Nome Evento"": ""HORAS EXTRAS 100% - FEVEREIRO"", ""Natureza E-social"": ""1003-Horas extraordinárias""}",2026-03-27 16:02:24.74194
4527,,432,1087,HORAS EXTRAS 100% ABRIL,1003-Horas extraordinárias,11,11,11,,,,,,,,,,,,,,,,,,,,,,,,,,,,,,,,,,,,,,,,,,,,,,,,,"{""Código"": ""1087"", ""Cód. FGTS"": ""11"", ""Cód. INSS"": ""11"", ""Cód. IRRF"": ""11"", ""Nome Evento"": ""HORAS EXTRAS 100% ABRIL"", ""Natureza E-social"": ""1003-Horas extraordinárias""}",2026-03-27 16:02:24.74194
4528,,433,1088,HORAS EXTRAS 100% MAIO,1003-Horas extraordinárias,11,11,11,,,,,,,,,,,,,,,,,,,,,,,,,,,,,,,,,,,,,,,,,,,,,,,,,"{""Código"": ""1088"", ""Cód. FGTS"": ""11"", ""Cód. INSS"": ""11"", ""Cód. IRRF"": ""11"", ""Nome Evento"": ""HORAS EXTRAS 100% MAIO"", ""Natureza E-social"": ""1003-Horas extraordinárias""}",2026-03-27 16:02:24.74194
4529,,434,1089,HORAS EXTRAS 100% JUNHO,1003-Horas extraordinárias,11,11,11,,,,,,,,,,,,,,,,,,,,,,,,,,,,,,,,,,,,,,,,,,,,,,,,,"{""Código"": ""1089"", ""Cód. FGTS"": ""11"", ""Cód. INSS"": ""11"", ""Cód. IRRF"": ""11"", ""Nome Evento"": ""HORAS EXTRAS 100% JUNHO"", ""Natureza E-social"": ""1003-Horas extraordinárias""}",2026-03-27 16:02:24.74194
4530,,435,1090,HORAS EXTRAS 100% JULHO,1003-Horas extraordinárias,11,11,11,,,,,,,,,,,,,,,,,,,,,,,,,,,,,,,,,,,,,,,,,,,,,,,,,"{""Código"": ""1090"", ""Cód. FGTS"": ""11"", ""Cód. INSS"": ""11"", ""Cód. IRRF"": ""11"", ""Nome Evento"": ""HORAS EXTRAS 100% JULHO"", ""Natureza E-social"": ""1003-Horas extraordinárias""}",2026-03-27 16:02:24.74194
4531,,436,1091,HORAS EXTRAS 100% - AGOSTO,1003-Horas extraordinárias,11,11,11,,,,,,,,,,,,,,,,,,,,,,,,,,,,,,,,,,,,,,,,,,,,,,,,,"{""Código"": ""1091"", ""Cód. FGTS"": ""11"", ""Cód. INSS"": ""11"", ""Cód. IRRF"": ""11"", ""Nome Evento"": ""HORAS EXTRAS 100% - AGOSTO"", ""Natureza E-social"": ""1003-Horas extraordinárias""}",2026-03-27 16:02:24.74194
4532,,437,1092,HORAS EXTRAS 100% SETEMBRO,1003-Horas extraordinárias,11,11,11,,,,,,,,,,,,,,,,,,,,,,,,,,,,,,,,,,,,,,,,,,,,,,,,,"{""Código"": ""1092"", ""Cód. FGTS"": ""11"", ""Cód. INSS"": ""11"", ""Cód. IRRF"": ""11"", ""Nome Evento"": ""HORAS EXTRAS 100% SETEMBRO"", ""Natureza E-social"": ""1003-Horas extraordinárias""}",2026-03-27 16:02:24.74194
4533,,438,1093,HORAS EXTRAS 100% OUTUBRO,1003-Horas extraordinárias,11,11,11,,,,,,,,,,,,,,,,,,,,,,,,,,,,,,,,,,,,,,,,,,,,,,,,,"{""Código"": ""1093"", ""Cód. FGTS"": ""11"", ""Cód. INSS"": ""11"", ""Cód. IRRF"": ""11"", ""Nome Evento"": ""HORAS EXTRAS 100% OUTUBRO"", ""Natureza E-social"": ""1003-Horas extraordinárias""}",2026-03-27 16:02:24.74194
4534,,439,1094,HORAS EXTRAS 100% NOVEMBRO,1003-Horas extraordinárias,11,11,11,,,,,,,,,,,,,,,,,,,,,,,,,,,,,,,,,,,,,,,,,,,,,,,,,"{""Código"": ""1094"", ""Cód. FGTS"": ""11"", ""Cód. INSS"": ""11"", ""Cód. IRRF"": ""11"", ""Nome Evento"": ""HORAS EXTRAS 100% NOVEMBRO"", ""Natureza E-social"": ""1003-Horas extraordinárias""}",2026-03-27 16:02:24.74194
4535,,440,1097,"H EXTRAS 100% NOT 22,50 FEVEREIRO",1003-Horas extraordinárias,11,11,11,,,,,,,,,,,,,,,,,,,,,,,,,,,,,,,,,,,,,,,,,,,,,,,,,"{""Código"": ""1097"", ""Cód. FGTS"": ""11"", ""Cód. INSS"": ""11"", ""Cód. IRRF"": ""11"", ""Nome Evento"": ""H EXTRAS 100% NOT 22,50 FEVEREIRO"", ""Natureza E-social"": ""1003-Horas extraordinárias""}",2026-03-27 16:02:24.74194
4536,,441,1100,"H EXTRAS 100% NOT 22,50 MAIO",1003-Horas extraordinárias,11,11,11,,,,,,,,,,,,,,,,,,,,,,,,,,,,,,,,,,,,,,,,,,,,,,,,,"{""Código"": ""1100"", ""Cód. FGTS"": ""11"", ""Cód. INSS"": ""11"", ""Cód. IRRF"": ""11"", ""Nome Evento"": ""H EXTRAS 100% NOT 22,50 MAIO"", ""Natureza E-social"": ""1003-Horas extraordinárias""}",2026-03-27 16:02:24.74194
4537,,442,1101,"H EXTRAS 100% NOT 22,50 JUNHO",1003-Horas extraordinárias,11,11,11,,,,,,,,,,,,,,,,,,,,,,,,,,,,,,,,,,,,,,,,,,,,,,,,,"{""Código"": ""1101"", ""Cód. FGTS"": ""11"", ""Cód. INSS"": ""11"", ""Cód. IRRF"": ""11"", ""Nome Evento"": ""H EXTRAS 100% NOT 22,50 JUNHO"", ""Natureza E-social"": ""1003-Horas extraordinárias""}",2026-03-27 16:02:24.74194
4538,,443,1102,"H EXTRAS 100% NOT 22,50 JULHO",1003-Horas extraordinárias,11,11,11,,,,,,,,,,,,,,,,,,,,,,,,,,,,,,,,,,,,,,,,,,,,,,,,,"{""Código"": ""1102"", ""Cód. FGTS"": ""11"", ""Cód. INSS"": ""11"", ""Cód. IRRF"": ""11"", ""Nome Evento"": ""H EXTRAS 100% NOT 22,50 JULHO"", ""Natureza E-social"": ""1003-Horas extraordinárias""}",2026-03-27 16:02:24.74194
4539,,444,1104,"H EXTRAS 100% NOT 22,50 SETEMBRO",1003-Horas extraordinárias,11,11,11,,,,,,,,,,,,,,,,,,,,,,,,,,,,,,,,,,,,,,,,,,,,,,,,,"{""Código"": ""1104"", ""Cód. FGTS"": ""11"", ""Cód. INSS"": ""11"", ""Cód. IRRF"": ""11"", ""Nome Evento"": ""H EXTRAS 100% NOT 22,50 SETEMBRO"", ""Natureza E-social"": ""1003-Horas extraordinárias""}",2026-03-27 16:02:24.74194
4540,,445,1105,"H EXTRAS 100% NOT 22,50 OUTUBRO",1003-Horas extraordinárias,11,11,11,,,,,,,,,,,,,,,,,,,,,,,,,,,,,,,,,,,,,,,,,,,,,,,,,"{""Código"": ""1105"", ""Cód. FGTS"": ""11"", ""Cód. INSS"": ""11"", ""Cód. IRRF"": ""11"", ""Nome Evento"": ""H EXTRAS 100% NOT 22,50 OUTUBRO"", ""Natureza E-social"": ""1003-Horas extraordinárias""}",2026-03-27 16:02:24.74194
4541,,446,1106,"H EXTRAS 100% NOT 22,50 NOVEMBRO",1003-Horas extraordinárias,11,11,11,,,,,,,,,,,,,,,,,,,,,,,,,,,,,,,,,,,,,,,,,,,,,,,,,"{""Código"": ""1106"", ""Cód. FGTS"": ""11"", ""Cód. INSS"": ""11"", ""Cód. IRRF"": ""11"", ""Nome Evento"": ""H EXTRAS 100% NOT 22,50 NOVEMBRO"", ""Natureza E-social"": ""1003-Horas extraordinárias""}",2026-03-27 16:02:24.74194
4542,,447,1109,ADIC. NOTURNO C/25%,1205-Adicional noturno,11,11,11,,,,,,,,,,,,,,,,,,,,,,,,,,,,,,,,,,,,,,,,,,,,,,,,,"{""Código"": ""1109"", ""Cód. FGTS"": ""11"", ""Cód. INSS"": ""11"", ""Cód. IRRF"": ""11"", ""Nome Evento"": ""ADIC. NOTURNO C/25%"", ""Natureza E-social"": ""1205-Adicional noturno""}",2026-03-27 16:02:24.74194
4543,,448,1110,ADIC. INSALUBRIDADE 07/2020 a 12/2020,1202-Adicional de insalubridade,11,11,11,,,,,,,,,,,,,,,,,,,,,,,,,,,,,,,,,,,,,,,,,,,,,,,,,"{""Código"": ""1110"", ""Cód. FGTS"": ""11"", ""Cód. INSS"": ""11"", ""Cód. IRRF"": ""11"", ""Nome Evento"": ""ADIC. INSALUBRIDADE 07/2020 a 12/2020"", ""Natureza E-social"": ""1202-Adicional de insalubridade""}",2026-03-27 16:02:24.74194
4544,,449,1111,ADIC. INSALUBRIDADE 01/2021 a 08/2021,1202-Adicional de insalubridade,11,11,11,,,,,,,,,,,,,,,,,,,,,,,,,,,,,,,,,,,,,,,,,,,,,,,,,"{""Código"": ""1111"", ""Cód. FGTS"": ""11"", ""Cód. INSS"": ""11"", ""Cód. IRRF"": ""11"", ""Nome Evento"": ""ADIC. INSALUBRIDADE 01/2021 a 08/2021"", ""Natureza E-social"": ""1202-Adicional de insalubridade""}",2026-03-27 16:02:24.74194
4545,,450,1112,CUSTEIO SOCIAL - SINTEAC MG,9230-Contribuição sindical laboral,0,79,0,,,,,,,,,,,,,,,,,,,,,,,,,,,,,,,,,,,,,,,,,,,,,,,,,"{""Código"": ""1112"", ""Cód. FGTS"": ""0"", ""Cód. INSS"": ""0"", ""Cód. IRRF"": ""79"", ""Nome Evento"": ""CUSTEIO SOCIAL - SINTEAC MG"", ""Natureza E-social"": ""9230-Contribuição sindical laboral""}",2026-03-27 16:02:24.74194
4546,,451,1114,MULTA POR ATRASO DE SALARIO 2024,6129-Outras Indenizações,0,9,0,,,,,,,,,,,,,,,,,,,,,,,,,,,,,,,,,,,,,,,,,,,,,,,,,"{""Código"": ""1114"", ""Cód. FGTS"": ""0"", ""Cód. INSS"": ""0"", ""Cód. IRRF"": ""9"", ""Nome Evento"": ""MULTA POR ATRASO DE SALARIO 2024"", ""Natureza E-social"": ""6129-Outras Indenizações""}",2026-03-27 16:02:24.74194
4547,,452,1115,MULTA POR ATRASO DE SALARIO 2025,6129-Outras Indenizações,0,9,0,,,,,,,,,,,,,,,,,,,,,,,,,,,,,,,,,,,,,,,,,,,,,,,,,"{""Código"": ""1115"", ""Cód. FGTS"": ""0"", ""Cód. INSS"": ""0"", ""Cód. IRRF"": ""9"", ""Nome Evento"": ""MULTA POR ATRASO DE SALARIO 2025"", ""Natureza E-social"": ""6129-Outras Indenizações""}",2026-03-27 16:02:24.74194
4548,,453,1116,DESC. EMPRESTIMO ECONSIGNADO FGTS,9253-Empréstimos eConsignado - Desconto,0,9,31,,,,,,,,,,,,,,,,,,,,,,,,,,,,,,,,,,,,,,,,,,,,,,,,,"{""Código"": ""1116"", ""Cód. FGTS"": ""31"", ""Cód. INSS"": ""0"", ""Cód. IRRF"": ""9"", ""Nome Evento"": ""DESC. EMPRESTIMO ECONSIGNADO FGTS"", ""Natureza E-social"": ""9253-Empréstimos eConsignado - Desconto""}",2026-03-27 16:02:24.74194
4549,,454,9279,ASSISTENCIA MEDICA (INFORMATIIVO ESOCIAL),9911-Assistência Médica,0,9,0,,,,,,,,,,,,,,,,,,,,,,,,,,,,,,,,,,,,,,,,,,,,,,,,,"{""Código"": ""9279"", ""Cód. FGTS"": ""0"", ""Cód. INSS"": ""0"", ""Cód. IRRF"": ""9"", ""Nome Evento"": ""ASSISTENCIA MEDICA (INFORMATIIVO ESOCIAL)"", ""Natureza E-social"": ""9911-Assistência Médica""}",2026-03-27 16:02:24.74194
4550,,455,9281,ASSISTENCIA ODONTOLOGICA (INFORMATIIVO ESOCIAL),9911-Assistência Médica,0,9,0,,,,,,,,,,,,,,,,,,,,,,,,,,,,,,,,,,,,,,,,,,,,,,,,,"{""Código"": ""9281"", ""Cód. FGTS"": ""0"", ""Cód. INSS"": ""0"", ""Cód. IRRF"": ""9"", ""Nome Evento"": ""ASSISTENCIA ODONTOLOGICA (INFORMATIIVO ESOCIAL)"", ""Natureza E-social"": ""9911-Assistência Médica""}",2026-03-27 16:02:24.74194
