id,upload_id,row_number,col_a,col_b,col_c,col_d,col_e,col_f,col_g,col_h,col_i,col_j,raw_data,created_at,col_k,col_l,col_m,col_n,col_o,col_p,col_q,col_r,col_s,col_t,col_u,col_v,col_w,col_x,col_y,col_z,col_aa,col_ab,col_ac,col_ad,col_ae,col_af,col_ag,col_ah,col_ai,col_aj,col_ak,col_al,col_am,col_an,col_ao,col_ap,col_aq,col_ar,col_as,col_at,col_au,col_av,col_aw,col_ax,col_ay,col_az,col_ba,col_bb
1,1,1,1,HORAS NORMAIS,"1000 - Salário, vencimento, soldo ou subsídio",11,11,11,-,"11 - Artigo 28, inciso I, da Lei n° 8.212/91",11 - Artigos 3º e 7º da Lei nº 7.713/88,11 - Artigo 15 da Lei n° 8.036/90,"{""FGTS"": 11, ""INSS"": 11, ""IRRF"": 11, ""Analise"": ""-"", ""Rubrica"": ""HORAS NORMAIS"", ""Cod Rubrica"": 1, ""Cód Natureza"": ""1000 - Salário, vencimento, soldo ou subsídio"", ""Incid./Base Legal FGTS"": ""11 - Artigo 15 da Lei n° 8.036/90"", ""Incid./Base Legal INSS"": ""11 - Artigo 28, inciso I, da Lei n° 8.212/91"", ""Incid./Base Legal IRRF"": ""11 - Artigos 3º e 7º da Lei nº 7.713/88""}",2026-03-25 15:01:09.753784,,,,,,,,,,,,,,,,,,,,,,,,,,,,,,,,,,,,,,,,,,,,
2,1,2,2,SALARIO MES,"1000 - Salário, vencimento, soldo ou subsídio",11,11,11,-,"11 - Artigo 28, inciso I, da Lei n° 8.212/91",11 - Artigos 3º e 7º da Lei nº 7.713/88,11 - Artigo 15 da Lei n° 8.036/90,"{""FGTS"": 11, ""INSS"": 11, ""IRRF"": 11, ""Analise"": ""-"", ""Rubrica"": ""SALARIO MES"", ""Cod Rubrica"": 2, ""Cód Natureza"": ""1000 - Salário, vencimento, soldo ou subsídio"", ""Incid./Base Legal FGTS"": ""11 - Artigo 15 da Lei n° 8.036/90"", ""Incid./Base Legal INSS"": ""11 - Artigo 28, inciso I, da Lei n° 8.212/91"", ""Incid./Base Legal IRRF"": ""11 - Artigos 3º e 7º da Lei nº 7.713/88""}",2026-03-25 15:01:09.753784,,,,,,,,,,,,,,,,,,,,,,,,,,,,,,,,,,,,,,,,,,,,
3,1,3,3,BOLSA AUXILIO (ESTAGIARIO),1350 - Bolsa de estudo - estagiário,0,11,0,-,"0 - Artigo 28, § 9º da Lei n° 8.212/91",11 - Artigos 3º e 7º da Lei nº 7.713/88,"0 - Artigo 15, § 6º da Lei n° 8.036/90","{""FGTS"": 0, ""INSS"": 0, ""IRRF"": 11, ""Analise"": ""-"", ""Rubrica"": ""BOLSA AUXILIO (ESTAGIARIO)"", ""Cod Rubrica"": 3, ""Cód Natureza"": ""1350 - Bolsa de estudo - estagiário"", ""Incid./Base Legal FGTS"": ""0 - Artigo 15, § 6º da Lei n° 8.036/90"", ""Incid./Base Legal INSS"": ""0 - Artigo 28, § 9º da Lei n° 8.212/91"", ""Incid./Base Legal IRRF"": ""11 - Artigos 3º e 7º da Lei nº 7.713/88""}",2026-03-25 15:01:09.753784,,,,,,,,,,,,,,,,,,,,,,,,,,,,,,,,,,,,,,,,,,,,
4,1,4,4,COMISSAO,"1207 - Comissões, percentagens ou produção",11,11,11,-,"11 - Artigo 28, inciso I, da Lei n° 8.212/91",11 - Artigos 3º e 7º da Lei nº 7.713/88,11 - Artigo 15 da Lei n° 8.036/90,"{""FGTS"": 11, ""INSS"": 11, ""IRRF"": 11, ""Analise"": ""-"", ""Rubrica"": ""COMISSAO"", ""Cod Rubrica"": 4, ""Cód Natureza"": ""1207 - Comissões, percentagens ou produção"", ""Incid./Base Legal FGTS"": ""11 - Artigo 15 da Lei n° 8.036/90"", ""Incid./Base Legal INSS"": ""11 - Artigo 28, inciso I, da Lei n° 8.212/91"", ""Incid./Base Legal IRRF"": ""11 - Artigos 3º e 7º da Lei nº 7.713/88""}",2026-03-25 15:01:09.753784,,,,,,,,,,,,,,,,,,,,,,,,,,,,,,,,,,,,,,,,,,,,
5,1,5,5,PARTICIPACAO LUCROS/RESULTADOS,1300 - PLR - Participação nos lucros e resultados,0,14,0,-,"0 - Artigo 28, § 9º da Lei n° 8.212/91",14 - Artigo 3º da Lei nº 10.101/2000,"0 - Artigo 15, § 6º da Lei n° 8.036/90","{""FGTS"": 0, ""INSS"": 0, ""IRRF"": 14, ""Analise"": ""-"", ""Rubrica"": ""PARTICIPACAO LUCROS/RESULTADOS"", ""Cod Rubrica"": 5, ""Cód Natureza"": ""1300 - PLR - Participação nos lucros e resultados"", ""Incid./Base Legal FGTS"": ""0 - Artigo 15, § 6º da Lei n° 8.036/90"", ""Incid./Base Legal INSS"": ""0 - Artigo 28, § 9º da Lei n° 8.212/91"", ""Incid./Base Legal IRRF"": ""14 - Artigo 3º da Lei nº 10.101/2000""}",2026-03-25 15:01:09.753784,,,,,,,,,,,,,,,,,,,,,,,,,,,,,,,,,,,,,,,,,,,,
6,1,6,6,COMISSAO ELETRO - VEND,"1207 - Comissões, percentagens ou produção",11,11,11,-,"11 - Artigo 28, inciso I, da Lei n° 8.212/91",11 - Artigos 3º e 7º da Lei nº 7.713/88,11 - Artigo 15 da Lei n° 8.036/90,"{""FGTS"": 11, ""INSS"": 11, ""IRRF"": 11, ""Analise"": ""-"", ""Rubrica"": ""COMISSAO ELETRO - VEND"", ""Cod Rubrica"": 6, ""Cód Natureza"": ""1207 - Comissões, percentagens ou produção"", ""Incid./Base Legal FGTS"": ""11 - Artigo 15 da Lei n° 8.036/90"", ""Incid./Base Legal INSS"": ""11 - Artigo 28, inciso I, da Lei n° 8.212/91"", ""Incid./Base Legal IRRF"": ""11 - Artigos 3º e 7º da Lei nº 7.713/88""}",2026-03-25 15:01:09.753784,,,,,,,,,,,,,,,,,,,,,,,,,,,,,,,,,,,,,,,,,,,,
7,1,7,7,COMISSAO MOVEIS - VEND,"1207 - Comissões, percentagens ou produção",11,11,11,-,"11 - Artigo 28, inciso I, da Lei n° 8.212/91",11 - Artigos 3º e 7º da Lei nº 7.713/88,11 - Artigo 15 da Lei n° 8.036/90,"{""FGTS"": 11, ""INSS"": 11, ""IRRF"": 11, ""Analise"": ""-"", ""Rubrica"": ""COMISSAO MOVEIS - VEND"", ""Cod Rubrica"": 7, ""Cód Natureza"": ""1207 - Comissões, percentagens ou produção"", ""Incid./Base Legal FGTS"": ""11 - Artigo 15 da Lei n° 8.036/90"", ""Incid./Base Legal INSS"": ""11 - Artigo 28, inciso I, da Lei n° 8.212/91"", ""Incid./Base Legal IRRF"": ""11 - Artigos 3º e 7º da Lei nº 7.713/88""}",2026-03-25 15:01:09.753784,,,,,,,,,,,,,,,,,,,,,,,,,,,,,,,,,,,,,,,,,,,,
8,1,8,8,SALARIO NORMATIVO - GER,"1000 - Salário, vencimento, soldo ou subsídio",11,11,11,-,"11 - Artigo 28, inciso I, da Lei n° 8.212/91",11 - Artigos 3º e 7º da Lei nº 7.713/88,11 - Artigo 15 da Lei n° 8.036/90,"{""FGTS"": 11, ""INSS"": 11, ""IRRF"": 11, ""Analise"": ""-"", ""Rubrica"": ""SALARIO NORMATIVO - GER"", ""Cod Rubrica"": 8, ""Cód Natureza"": ""1000 - Salário, vencimento, soldo ou subsídio"", ""Incid./Base Legal FGTS"": ""11 - Artigo 15 da Lei n° 8.036/90"", ""Incid./Base Legal INSS"": ""11 - Artigo 28, inciso I, da Lei n° 8.212/91"", ""Incid./Base Legal IRRF"": ""11 - Artigos 3º e 7º da Lei nº 7.713/88""}",2026-03-25 15:01:09.753784,,,,,,,,,,,,,,,,,,,,,,,,,,,,,,,,,,,,,,,,,,,,
9,1,9,9,SALARIO NORMATIVO -VEND,"1000 - Salário, vencimento, soldo ou subsídio",11,11,11,-,"11 - Artigo 28, inciso I, da Lei n° 8.212/91",11 - Artigos 3º e 7º da Lei nº 7.713/88,11 - Artigo 15 da Lei n° 8.036/90,"{""FGTS"": 11, ""INSS"": 11, ""IRRF"": 11, ""Analise"": ""-"", ""Rubrica"": ""SALARIO NORMATIVO -VEND"", ""Cod Rubrica"": 9, ""Cód Natureza"": ""1000 - Salário, vencimento, soldo ou subsídio"", ""Incid./Base Legal FGTS"": ""11 - Artigo 15 da Lei n° 8.036/90"", ""Incid./Base Legal INSS"": ""11 - Artigo 28, inciso I, da Lei n° 8.212/91"", ""Incid./Base Legal IRRF"": ""11 - Artigos 3º e 7º da Lei nº 7.713/88""}",2026-03-25 15:01:09.753784,,,,,,,,,,,,,,,,,,,,,,,,,,,,,,,,,,,,,,,,,,,,
10,1,10,10,GRATIFICAÇÃO,1211 - Gratificações,11,11,11,-,"11 - Artigo 28, inciso I, da Lei n° 8.212/91",11 - Artigos 3º e 7º da Lei nº 7.713/88,11 - Artigo 15 da Lei n° 8.036/90,"{""FGTS"": 11, ""INSS"": 11, ""IRRF"": 11, ""Analise"": ""-"", ""Rubrica"": ""GRATIFICAÇÃO"", ""Cod Rubrica"": 10, ""Cód Natureza"": ""1211 - Gratificações"", ""Incid./Base Legal FGTS"": ""11 - Artigo 15 da Lei n° 8.036/90"", ""Incid./Base Legal INSS"": ""11 - Artigo 28, inciso I, da Lei n° 8.212/91"", ""Incid./Base Legal IRRF"": ""11 - Artigos 3º e 7º da Lei nº 7.713/88""}",2026-03-25 15:01:09.753784,,,,,,,,,,,,,,,,,,,,,,,,,,,,,,,,,,,,,,,,,,,,
11,1,11,11,1/3 FERIAS VENCIDAS INDENIZADAS (Rescisao),6007 - Férias vencidas na rescisão,0,0,0,Rubrica com inconsistência de IRRF,"0 - Artigo 28, § 9º da Lei n° 8.212/91","74 - Artigo 6º, inciso V da Lei nº 7.713/88; artigo 682 do Decreto nº 9.580/2018; ADI SRF 14/2005","0 - Artigo 15, § 6º da Lei n° 8.036/90","{""FGTS"": 0, ""INSS"": 0, ""IRRF"": 0, ""Analise"": ""Rubrica com inconsistência de IRRF"", ""Rubrica"": ""1/3 FERIAS VENCIDAS INDENIZADAS (Rescisao)"", ""Cod Rubrica"": 11, ""Cód Natureza"": ""6007 - Férias vencidas na rescisão"", ""Incid./Base Legal FGTS"": ""0 - Artigo 15, § 6º da Lei n° 8.036/90"", ""Incid./Base Legal INSS"": ""0 - Artigo 28, § 9º da Lei n° 8.212/91"", ""Incid./Base Legal IRRF"": ""74 - Artigo 6º, inciso V da Lei nº 7.713/88; artigo 682 do Decreto nº 9.580/2018; ADI SRF 14/2005""}",2026-03-25 15:01:09.753784,,,,,,,,,,,,,,,,,,,,,,,,,,,,,,,,,,,,,,,,,,,,
12,1,12,12,DIF. SALARIO,"1000 - Salário, vencimento, soldo ou subsídio",11,11,11,-,"11 - Artigo 28, inciso I, da Lei n° 8.212/91",11 - Artigos 3º e 7º da Lei nº 7.713/88,11 - Artigo 15 da Lei n° 8.036/90,"{""FGTS"": 11, ""INSS"": 11, ""IRRF"": 11, ""Analise"": ""-"", ""Rubrica"": ""DIF. SALARIO"", ""Cod Rubrica"": 12, ""Cód Natureza"": ""1000 - Salário, vencimento, soldo ou subsídio"", ""Incid./Base Legal FGTS"": ""11 - Artigo 15 da Lei n° 8.036/90"", ""Incid./Base Legal INSS"": ""11 - Artigo 28, inciso I, da Lei n° 8.212/91"", ""Incid./Base Legal IRRF"": ""11 - Artigos 3º e 7º da Lei nº 7.713/88""}",2026-03-25 15:01:09.753784,,,,,,,,,,,,,,,,,,,,,,,,,,,,,,,,,,,,,,,,,,,,
13,1,13,13,REEMB. VALE TRANSPORTE,1629 - Ressarcimento de outras despesas – em caráter indenizatório patrimonial,0,0,0,Rubrica com inconsistência de IRRF,"0 - Artigo 28, § 9º da Lei n° 8.212/91",9 - Artigo 6º da Lei nº 7.713/88,"0 - Artigo 15, § 6º da Lei n° 8.036/90","{""FGTS"": 0, ""INSS"": 0, ""IRRF"": 0, ""Analise"": ""Rubrica com inconsistência de IRRF"", ""Rubrica"": ""REEMB. VALE TRANSPORTE"", ""Cod Rubrica"": 13, ""Cód Natureza"": ""1629 - Ressarcimento de outras despesas – em caráter indenizatório patrimonial"", ""Incid./Base Legal FGTS"": ""0 - Artigo 15, § 6º da Lei n° 8.036/90"", ""Incid./Base Legal INSS"": ""0 - Artigo 28, § 9º da Lei n° 8.212/91"", ""Incid./Base Legal IRRF"": ""9 - Artigo 6º da Lei nº 7.713/88""}",2026-03-25 15:01:09.753784,,,,,,,,,,,,,,,,,,,,,,,,,,,,,,,,,,,,,,,,,,,,
14,1,14,14,REEMB. CONTRIBUICAO COLABORATIVA LABORAL,2920 - Reembolsos diversos,0,0,0,Rubrica com inconsistência de IRRF,"11 - Artigo 28, inciso I, da Lei n° 8.212/91",11 - Artigos 3º e 7º da Lei nº 7.713/88,11 - Artigo 15 da Lei n° 8.036/90,"{""FGTS"": 0, ""INSS"": 0, ""IRRF"": 0, ""Analise"": ""Rubrica com inconsistência de IRRF"", ""Rubrica"": ""REEMB. CONTRIBUICAO COLABORATIVA LABORAL"", ""Cod Rubrica"": 14, ""Cód Natureza"": ""2920 - Reembolsos diversos"", ""Incid./Base Legal FGTS"": ""11 - Artigo 15 da Lei n° 8.036/90"", ""Incid./Base Legal INSS"": ""11 - Artigo 28, inciso I, da Lei n° 8.212/91"", ""Incid./Base Legal IRRF"": ""11 - Artigos 3º e 7º da Lei nº 7.713/88""}",2026-03-25 15:01:09.753784,,,,,,,,,,,,,,,,,,,,,,,,,,,,,,,,,,,,,,,,,,,,
15,1,15,15,GRATIFICAÇÃO - EXECUTIVO,1211 - Gratificações,11,11,11,-,"11 - Artigo 28, inciso I, da Lei n° 8.212/91",11 - Artigos 3º e 7º da Lei nº 7.713/88,11 - Artigo 15 da Lei n° 8.036/90,"{""FGTS"": 11, ""INSS"": 11, ""IRRF"": 11, ""Analise"": ""-"", ""Rubrica"": ""GRATIFICAÇÃO - EXECUTIVO"", ""Cod Rubrica"": 15, ""Cód Natureza"": ""1211 - Gratificações"", ""Incid./Base Legal FGTS"": ""11 - Artigo 15 da Lei n° 8.036/90"", ""Incid./Base Legal INSS"": ""11 - Artigo 28, inciso I, da Lei n° 8.212/91"", ""Incid./Base Legal IRRF"": ""11 - Artigos 3º e 7º da Lei nº 7.713/88""}",2026-03-25 15:01:09.753784,,,,,,,,,,,,,,,,,,,,,,,,,,,,,,,,,,,,,,,,,,,,
16,1,16,16,SALARIO MES,"1000 - Salário, vencimento, soldo ou subsídio",11,11,11,-,"11 - Artigo 28, inciso I, da Lei n° 8.212/91",11 - Artigos 3º e 7º da Lei nº 7.713/88,11 - Artigo 15 da Lei n° 8.036/90,"{""FGTS"": 11, ""INSS"": 11, ""IRRF"": 11, ""Analise"": ""-"", ""Rubrica"": ""SALARIO MES"", ""Cod Rubrica"": 16, ""Cód Natureza"": ""1000 - Salário, vencimento, soldo ou subsídio"", ""Incid./Base Legal FGTS"": ""11 - Artigo 15 da Lei n° 8.036/90"", ""Incid./Base Legal INSS"": ""11 - Artigo 28, inciso I, da Lei n° 8.212/91"", ""Incid./Base Legal IRRF"": ""11 - Artigos 3º e 7º da Lei nº 7.713/88""}",2026-03-25 15:01:09.753784,,,,,,,,,,,,,,,,,,,,,,,,,,,,,,,,,,,,,,,,,,,,
17,1,17,17,SALARIO MES,6000 - Saldo de salários na rescisão contratual,11,11,11,-,"11 - Artigo 28, inciso I, da Lei n° 8.212/91",11 - Artigos 3º e 7º da Lei nº 7.713/88,11 - Artigo 15 da Lei n° 8.036/90,"{""FGTS"": 11, ""INSS"": 11, ""IRRF"": 11, ""Analise"": ""-"", ""Rubrica"": ""SALARIO MES"", ""Cod Rubrica"": 17, ""Cód Natureza"": ""6000 - Saldo de salários na rescisão contratual"", ""Incid./Base Legal FGTS"": ""11 - Artigo 15 da Lei n° 8.036/90"", ""Incid./Base Legal INSS"": ""11 - Artigo 28, inciso I, da Lei n° 8.212/91"", ""Incid./Base Legal IRRF"": ""11 - Artigos 3º e 7º da Lei nº 7.713/88""}",2026-03-25 15:01:09.753784,,,,,,,,,,,,,,,,,,,,,,,,,,,,,,,,,,,,,,,,,,,,
18,1,18,18,ADICIONAL DE SALARIO,1211 - Gratificações,11,11,11,-,"11 - Artigo 28, inciso I, da Lei n° 8.212/91",11 - Artigos 3º e 7º da Lei nº 7.713/88,11 - Artigo 15 da Lei n° 8.036/90,"{""FGTS"": 11, ""INSS"": 11, ""IRRF"": 11, ""Analise"": ""-"", ""Rubrica"": ""ADICIONAL DE SALARIO"", ""Cod Rubrica"": 18, ""Cód Natureza"": ""1211 - Gratificações"", ""Incid./Base Legal FGTS"": ""11 - Artigo 15 da Lei n° 8.036/90"", ""Incid./Base Legal INSS"": ""11 - Artigo 28, inciso I, da Lei n° 8.212/91"", ""Incid./Base Legal IRRF"": ""11 - Artigos 3º e 7º da Lei nº 7.713/88""}",2026-03-25 15:01:09.753784,,,,,,,,,,,,,,,,,,,,,,,,,,,,,,,,,,,,,,,,,,,,
19,1,19,19,REEMB. EXAME ADMISSIONAL,1299 - Outros adicionais,0,9,0,"Rubrica com inconsistência de INSS, IRRF e FGTS","11 - Artigo 28, inciso I, da Lei n° 8.212/91",11 - Artigos 3º e 7º da Lei nº 7.713/88,11 - Artigo 15 da Lei n° 8.036/90,"{""FGTS"": 0, ""INSS"": 0, ""IRRF"": 9, ""Analise"": ""Rubrica com inconsistência de INSS, IRRF e FGTS"", ""Rubrica"": ""REEMB. EXAME ADMISSIONAL"", ""Cod Rubrica"": 19, ""Cód Natureza"": ""1299 - Outros adicionais"", ""Incid./Base Legal FGTS"": ""11 - Artigo 15 da Lei n° 8.036/90"", ""Incid./Base Legal INSS"": ""11 - Artigo 28, inciso I, da Lei n° 8.212/91"", ""Incid./Base Legal IRRF"": ""11 - Artigos 3º e 7º da Lei nº 7.713/88""}",2026-03-25 15:01:09.753784,,,,,,,,,,,,,,,,,,,,,,,,,,,,,,,,,,,,,,,,,,,,
20,1,20,20,QUINQUENIO,1206 - Adicional por tempo de serviço,11,11,11,-,"11 - Artigo 28, inciso I, da Lei n° 8.212/91",11 - Artigos 3º e 7º da Lei nº 7.713/88,11 - Artigo 15 da Lei n° 8.036/90,"{""FGTS"": 11, ""INSS"": 11, ""IRRF"": 11, ""Analise"": ""-"", ""Rubrica"": ""QUINQUENIO"", ""Cod Rubrica"": 20, ""Cód Natureza"": ""1206 - Adicional por tempo de serviço"", ""Incid./Base Legal FGTS"": ""11 - Artigo 15 da Lei n° 8.036/90"", ""Incid./Base Legal INSS"": ""11 - Artigo 28, inciso I, da Lei n° 8.212/91"", ""Incid./Base Legal IRRF"": ""11 - Artigos 3º e 7º da Lei nº 7.713/88""}",2026-03-25 15:01:09.753784,,,,,,,,,,,,,,,,,,,,,,,,,,,,,,,,,,,,,,,,,,,,
21,1,21,21,SALARIO SUBSTITUTO MES ANTERIOR,"1000 - Salário, vencimento, soldo ou subsídio",11,11,11,-,"11 - Artigo 28, inciso I, da Lei n° 8.212/91",11 - Artigos 3º e 7º da Lei nº 7.713/88,11 - Artigo 15 da Lei n° 8.036/90,"{""FGTS"": 11, ""INSS"": 11, ""IRRF"": 11, ""Analise"": ""-"", ""Rubrica"": ""SALARIO SUBSTITUTO MES ANTERIOR"", ""Cod Rubrica"": 21, ""Cód Natureza"": ""1000 - Salário, vencimento, soldo ou subsídio"", ""Incid./Base Legal FGTS"": ""11 - Artigo 15 da Lei n° 8.036/90"", ""Incid./Base Legal INSS"": ""11 - Artigo 28, inciso I, da Lei n° 8.212/91"", ""Incid./Base Legal IRRF"": ""11 - Artigos 3º e 7º da Lei nº 7.713/88""}",2026-03-25 15:01:09.753784,,,,,,,,,,,,,,,,,,,,,,,,,,,,,,,,,,,,,,,,,,,,
22,1,22,22,DIF. CCT - 2014,1099 - Outras verbas salariais/remuneratórias,11,11,11,-,"11 - Artigo 28, inciso I, da Lei n° 8.212/91",11 - Artigos 3º e 7º da Lei nº 7.713/88,"11 - Artigo 15, § 6º da Lei n° 8.036/90","{""FGTS"": 11, ""INSS"": 11, ""IRRF"": 11, ""Analise"": ""-"", ""Rubrica"": ""DIF. CCT - 2014"", ""Cod Rubrica"": 22, ""Cód Natureza"": ""1099 - Outras verbas salariais/remuneratórias"", ""Incid./Base Legal FGTS"": ""11 - Artigo 15, § 6º da Lei n° 8.036/90"", ""Incid./Base Legal INSS"": ""11 - Artigo 28, inciso I, da Lei n° 8.212/91"", ""Incid./Base Legal IRRF"": ""11 - Artigos 3º e 7º da Lei nº 7.713/88""}",2026-03-25 15:01:09.753784,,,,,,,,,,,,,,,,,,,,,,,,,,,,,,,,,,,,,,,,,,,,
23,1,23,23,DIF. CCT - 2015,1099 - Outras verbas salariais/remuneratórias,11,11,11,-,"11 - Artigo 28, inciso I, da Lei n° 8.212/91",11 - Artigos 3º e 7º da Lei nº 7.713/88,"11 - Artigo 15, § 6º da Lei n° 8.036/90","{""FGTS"": 11, ""INSS"": 11, ""IRRF"": 11, ""Analise"": ""-"", ""Rubrica"": ""DIF. CCT - 2015"", ""Cod Rubrica"": 23, ""Cód Natureza"": ""1099 - Outras verbas salariais/remuneratórias"", ""Incid./Base Legal FGTS"": ""11 - Artigo 15, § 6º da Lei n° 8.036/90"", ""Incid./Base Legal INSS"": ""11 - Artigo 28, inciso I, da Lei n° 8.212/91"", ""Incid./Base Legal IRRF"": ""11 - Artigos 3º e 7º da Lei nº 7.713/88""}",2026-03-25 15:01:09.753784,,,,,,,,,,,,,,,,,,,,,,,,,,,,,,,,,,,,,,,,,,,,
24,1,24,24,PREMIO,2501 - Prêmios,11,11,11,Rubrica com inconsistência de INSS e FGTS,"0 - ATO SOLUÇÃO DE CONSULTA Nº 5.003, de 09/04/2025",11 - Artigo 36 do Decreto nº 9.580/2018,0 - Artigo 15 da Lei n° 8.036/90,"{""FGTS"": 11, ""INSS"": 11, ""IRRF"": 11, ""Analise"": ""Rubrica com inconsistência de INSS e FGTS"", ""Rubrica"": ""PREMIO"", ""Cod Rubrica"": 24, ""Cód Natureza"": ""2501 - Prêmios"", ""Incid./Base Legal FGTS"": ""0 - Artigo 15 da Lei n° 8.036/90"", ""Incid./Base Legal INSS"": ""0 - ATO SOLUÇÃO DE CONSULTA Nº 5.003, de 09/04/2025"", ""Incid./Base Legal IRRF"": ""11 - Artigo 36 do Decreto nº 9.580/2018""}",2026-03-25 15:01:09.753784,,,,,,,,,,,,,,,,,,,,,,,,,,,,,,,,,,,,,,,,,,,,
25,1,25,25,PREMIO CONSIGNADO - VEND,2501 - Prêmios,11,11,11,Rubrica com inconsistência de INSS e FGTS,"0 - ATO SOLUÇÃO DE CONSULTA Nº 5.003, de 09/04/2025",11 - Artigo 36 do Decreto nº 9.580/2018,0 - Artigo 15 da Lei n° 8.036/90,"{""FGTS"": 11, ""INSS"": 11, ""IRRF"": 11, ""Analise"": ""Rubrica com inconsistência de INSS e FGTS"", ""Rubrica"": ""PREMIO CONSIGNADO - VEND"", ""Cod Rubrica"": 25, ""Cód Natureza"": ""2501 - Prêmios"", ""Incid./Base Legal FGTS"": ""0 - Artigo 15 da Lei n° 8.036/90"", ""Incid./Base Legal INSS"": ""0 - ATO SOLUÇÃO DE CONSULTA Nº 5.003, de 09/04/2025"", ""Incid./Base Legal IRRF"": ""11 - Artigo 36 do Decreto nº 9.580/2018""}",2026-03-25 15:01:09.753784,,,,,,,,,,,,,,,,,,,,,,,,,,,,,,,,,,,,,,,,,,,,
26,1,26,26,PREMIO DOMINGOS,2501 - Prêmios,0,0,0,Rubrica com inconsistência de IRRF,"0 - ATO SOLUÇÃO DE CONSULTA Nº 5.003, de 09/04/2025",11 - Artigo 36 do Decreto nº 9.580/2018,0 - Artigo 15 da Lei n° 8.036/90,"{""FGTS"": 0, ""INSS"": 0, ""IRRF"": 0, ""Analise"": ""Rubrica com inconsistência de IRRF"", ""Rubrica"": ""PREMIO DOMINGOS"", ""Cod Rubrica"": 26, ""Cód Natureza"": ""2501 - Prêmios"", ""Incid./Base Legal FGTS"": ""0 - Artigo 15 da Lei n° 8.036/90"", ""Incid./Base Legal INSS"": ""0 - ATO SOLUÇÃO DE CONSULTA Nº 5.003, de 09/04/2025"", ""Incid./Base Legal IRRF"": ""11 - Artigo 36 do Decreto nº 9.580/2018""}",2026-03-25 15:01:09.753784,,,,,,,,,,,,,,,,,,,,,,,,,,,,,,,,,,,,,,,,,,,,
27,1,27,27,PREMIO GAR EXTEN ELETRO - VEND,"1207 - Comissões, percentagens ou produção",11,11,11,-,"11 - Artigo 28, inciso I, da Lei n° 8.212/91",11 - Artigos 3º e 7º da Lei nº 7.713/88,11 - Artigo 15 da Lei n° 8.036/90,"{""FGTS"": 11, ""INSS"": 11, ""IRRF"": 11, ""Analise"": ""-"", ""Rubrica"": ""PREMIO GAR EXTEN ELETRO - VEND"", ""Cod Rubrica"": 27, ""Cód Natureza"": ""1207 - Comissões, percentagens ou produção"", ""Incid./Base Legal FGTS"": ""11 - Artigo 15 da Lei n° 8.036/90"", ""Incid./Base Legal INSS"": ""11 - Artigo 28, inciso I, da Lei n° 8.212/91"", ""Incid./Base Legal IRRF"": ""11 - Artigos 3º e 7º da Lei nº 7.713/88""}",2026-03-25 15:01:09.753784,,,,,,,,,,,,,,,,,,,,,,,,,,,,,,,,,,,,,,,,,,,,
28,1,28,28,PREMIO GAR EXTEN MOVEIS - VEND,"1207 - Comissões, percentagens ou produção",11,11,11,-,"11 - Artigo 28, inciso I, da Lei n° 8.212/91",11 - Artigos 3º e 7º da Lei nº 7.713/88,11 - Artigo 15 da Lei n° 8.036/90,"{""FGTS"": 11, ""INSS"": 11, ""IRRF"": 11, ""Analise"": ""-"", ""Rubrica"": ""PREMIO GAR EXTEN MOVEIS - VEND"", ""Cod Rubrica"": 28, ""Cód Natureza"": ""1207 - Comissões, percentagens ou produção"", ""Incid./Base Legal FGTS"": ""11 - Artigo 15 da Lei n° 8.036/90"", ""Incid./Base Legal INSS"": ""11 - Artigo 28, inciso I, da Lei n° 8.212/91"", ""Incid./Base Legal IRRF"": ""11 - Artigos 3º e 7º da Lei nº 7.713/88""}",2026-03-25 15:01:09.753784,,,,,,,,,,,,,,,,,,,,,,,,,,,,,,,,,,,,,,,,,,,,
29,1,29,29,PREMIO L.B. VENDAS,"1207 - Comissões, percentagens ou produção",11,11,11,-,"11 - Artigo 28, inciso I, da Lei n° 8.212/91",11 - Artigos 3º e 7º da Lei nº 7.713/88,11 - Artigo 15 da Lei n° 8.036/90,"{""FGTS"": 11, ""INSS"": 11, ""IRRF"": 11, ""Analise"": ""-"", ""Rubrica"": ""PREMIO L.B. VENDAS"", ""Cod Rubrica"": 29, ""Cód Natureza"": ""1207 - Comissões, percentagens ou produção"", ""Incid./Base Legal FGTS"": ""11 - Artigo 15 da Lei n° 8.036/90"", ""Incid./Base Legal INSS"": ""11 - Artigo 28, inciso I, da Lei n° 8.212/91"", ""Incid./Base Legal IRRF"": ""11 - Artigos 3º e 7º da Lei nº 7.713/88""}",2026-03-25 15:01:09.753784,,,,,,,,,,,,,,,,,,,,,,,,,,,,,,,,,,,,,,,,,,,,
30,1,30,30,PREMIO MES ANTERIOR,2501 - Prêmios,11,11,11,Rubrica com inconsistência de INSS e FGTS,"0 - ATO SOLUÇÃO DE CONSULTA Nº 5.003, de 09/04/2025",11 - Artigo 36 do Decreto nº 9.580/2018,0 - Artigo 15 da Lei n° 8.036/90,"{""FGTS"": 11, ""INSS"": 11, ""IRRF"": 11, ""Analise"": ""Rubrica com inconsistência de INSS e FGTS"", ""Rubrica"": ""PREMIO MES ANTERIOR"", ""Cod Rubrica"": 30, ""Cód Natureza"": ""2501 - Prêmios"", ""Incid./Base Legal FGTS"": ""0 - Artigo 15 da Lei n° 8.036/90"", ""Incid./Base Legal INSS"": ""0 - ATO SOLUÇÃO DE CONSULTA Nº 5.003, de 09/04/2025"", ""Incid./Base Legal IRRF"": ""11 - Artigo 36 do Decreto nº 9.580/2018""}",2026-03-25 15:01:09.753784,,,,,,,,,,,,,,,,,,,,,,,,,,,,,,,,,,,,,,,,,,,,
31,1,31,31,PREMIO MOVEIS - VEND,"1207 - Comissões, percentagens ou produção",11,11,11,-,"11 - Artigo 28, inciso I, da Lei n° 8.212/91",11 - Artigos 3º e 7º da Lei nº 7.713/88,11 - Artigo 15 da Lei n° 8.036/90,"{""FGTS"": 11, ""INSS"": 11, ""IRRF"": 11, ""Analise"": ""-"", ""Rubrica"": ""PREMIO MOVEIS - VEND"", ""Cod Rubrica"": 31, ""Cód Natureza"": ""1207 - Comissões, percentagens ou produção"", ""Incid./Base Legal FGTS"": ""11 - Artigo 15 da Lei n° 8.036/90"", ""Incid./Base Legal INSS"": ""11 - Artigo 28, inciso I, da Lei n° 8.212/91"", ""Incid./Base Legal IRRF"": ""11 - Artigos 3º e 7º da Lei nº 7.713/88""}",2026-03-25 15:01:09.753784,,,,,,,,,,,,,,,,,,,,,,,,,,,,,,,,,,,,,,,,,,,,
32,1,32,32,PREMIO PRODUTIVIDADE,"1207 - Comissões, percentagens ou produção",11,11,11,-,"11 - Artigo 28, inciso I, da Lei n° 8.212/91",11 - Artigos 3º e 7º da Lei nº 7.713/88,11 - Artigo 15 da Lei n° 8.036/90,"{""FGTS"": 11, ""INSS"": 11, ""IRRF"": 11, ""Analise"": ""-"", ""Rubrica"": ""PREMIO PRODUTIVIDADE"", ""Cod Rubrica"": 32, ""Cód Natureza"": ""1207 - Comissões, percentagens ou produção"", ""Incid./Base Legal FGTS"": ""11 - Artigo 15 da Lei n° 8.036/90"", ""Incid./Base Legal INSS"": ""11 - Artigo 28, inciso I, da Lei n° 8.212/91"", ""Incid./Base Legal IRRF"": ""11 - Artigos 3º e 7º da Lei nº 7.713/88""}",2026-03-25 15:01:09.753784,,,,,,,,,,,,,,,,,,,,,,,,,,,,,,,,,,,,,,,,,,,,
33,1,33,33,PREMIO SEGUROS,2501 - Prêmios,11,11,11,Rubrica com inconsistência de INSS e FGTS,"0 - ATO SOLUÇÃO DE CONSULTA Nº 5.003, de 09/04/2025",11 - Artigo 36 do Decreto nº 9.580/2018,0 - Artigo 15 da Lei n° 8.036/90,"{""FGTS"": 11, ""INSS"": 11, ""IRRF"": 11, ""Analise"": ""Rubrica com inconsistência de INSS e FGTS"", ""Rubrica"": ""PREMIO SEGUROS"", ""Cod Rubrica"": 33, ""Cód Natureza"": ""2501 - Prêmios"", ""Incid./Base Legal FGTS"": ""0 - Artigo 15 da Lei n° 8.036/90"", ""Incid./Base Legal INSS"": ""0 - ATO SOLUÇÃO DE CONSULTA Nº 5.003, de 09/04/2025"", ""Incid./Base Legal IRRF"": ""11 - Artigo 36 do Decreto nº 9.580/2018""}",2026-03-25 15:01:09.753784,,,,,,,,,,,,,,,,,,,,,,,,,,,,,,,,,,,,,,,,,,,,
34,1,34,34,PREMIO SEGUROS GER,2501 - Prêmios,11,11,11,Rubrica com inconsistência de INSS e FGTS,"0 - ATO SOLUÇÃO DE CONSULTA Nº 5.003, de 09/04/2025",11 - Artigo 36 do Decreto nº 9.580/2018,0 - Artigo 15 da Lei n° 8.036/90,"{""FGTS"": 11, ""INSS"": 11, ""IRRF"": 11, ""Analise"": ""Rubrica com inconsistência de INSS e FGTS"", ""Rubrica"": ""PREMIO SEGUROS GER"", ""Cod Rubrica"": 34, ""Cód Natureza"": ""2501 - Prêmios"", ""Incid./Base Legal FGTS"": ""0 - Artigo 15 da Lei n° 8.036/90"", ""Incid./Base Legal INSS"": ""0 - ATO SOLUÇÃO DE CONSULTA Nº 5.003, de 09/04/2025"", ""Incid./Base Legal IRRF"": ""11 - Artigo 36 do Decreto nº 9.580/2018""}",2026-03-25 15:01:09.753784,,,,,,,,,,,,,,,,,,,,,,,,,,,,,,,,,,,,,,,,,,,,
35,1,35,35,DIF. D.S.R.,1002 - Descanso semanal remunerado - DSR,11,11,11,-,"11 - Artigo 28, inciso I, da Lei n° 8.212/91",11 - Artigos 3º e 7º da Lei nº 7.713/88,11 - Artigo 15 da Lei n° 8.036/90,"{""FGTS"": 11, ""INSS"": 11, ""IRRF"": 11, ""Analise"": ""-"", ""Rubrica"": ""DIF. D.S.R."", ""Cod Rubrica"": 35, ""Cód Natureza"": ""1002 - Descanso semanal remunerado - DSR"", ""Incid./Base Legal FGTS"": ""11 - Artigo 15 da Lei n° 8.036/90"", ""Incid./Base Legal INSS"": ""11 - Artigo 28, inciso I, da Lei n° 8.212/91"", ""Incid./Base Legal IRRF"": ""11 - Artigos 3º e 7º da Lei nº 7.713/88""}",2026-03-25 15:01:09.753784,,,,,,,,,,,,,,,,,,,,,,,,,,,,,,,,,,,,,,,,,,,,
36,1,36,36,DIF.CONV COLETIVA,"1000 - Salário, vencimento, soldo ou subsídio",11,11,11,-,"11 - Artigo 28, inciso I, da Lei n° 8.212/91",11 - Artigos 3º e 7º da Lei nº 7.713/88,11 - Artigo 15 da Lei n° 8.036/90,"{""FGTS"": 11, ""INSS"": 11, ""IRRF"": 11, ""Analise"": ""-"", ""Rubrica"": ""DIF.CONV COLETIVA"", ""Cod Rubrica"": 36, ""Cód Natureza"": ""1000 - Salário, vencimento, soldo ou subsídio"", ""Incid./Base Legal FGTS"": ""11 - Artigo 15 da Lei n° 8.036/90"", ""Incid./Base Legal INSS"": ""11 - Artigo 28, inciso I, da Lei n° 8.212/91"", ""Incid./Base Legal IRRF"": ""11 - Artigos 3º e 7º da Lei nº 7.713/88""}",2026-03-25 15:01:09.753784,,,,,,,,,,,,,,,,,,,,,,,,,,,,,,,,,,,,,,,,,,,,
37,1,37,37,DIF. DISSIDIO,"1000 - Salário, vencimento, soldo ou subsídio",11,11,11,-,"11 - Artigo 28, inciso I, da Lei n° 8.212/91",11 - Artigos 3º e 7º da Lei nº 7.713/88,11 - Artigo 15 da Lei n° 8.036/90,"{""FGTS"": 11, ""INSS"": 11, ""IRRF"": 11, ""Analise"": ""-"", ""Rubrica"": ""DIF. DISSIDIO"", ""Cod Rubrica"": 37, ""Cód Natureza"": ""1000 - Salário, vencimento, soldo ou subsídio"", ""Incid./Base Legal FGTS"": ""11 - Artigo 15 da Lei n° 8.036/90"", ""Incid./Base Legal INSS"": ""11 - Artigo 28, inciso I, da Lei n° 8.212/91"", ""Incid./Base Legal IRRF"": ""11 - Artigos 3º e 7º da Lei nº 7.713/88""}",2026-03-25 15:01:09.753784,,,,,,,,,,,,,,,,,,,,,,,,,,,,,,,,,,,,,,,,,,,,
38,1,38,38,DIF. DISSIDIO,"1000 - Salário, vencimento, soldo ou subsídio",11,11,11,-,"11 - Artigo 28, inciso I, da Lei n° 8.212/91",11 - Artigos 3º e 7º da Lei nº 7.713/88,11 - Artigo 15 da Lei n° 8.036/90,"{""FGTS"": 11, ""INSS"": 11, ""IRRF"": 11, ""Analise"": ""-"", ""Rubrica"": ""DIF. DISSIDIO"", ""Cod Rubrica"": 38, ""Cód Natureza"": ""1000 - Salário, vencimento, soldo ou subsídio"", ""Incid./Base Legal FGTS"": ""11 - Artigo 15 da Lei n° 8.036/90"", ""Incid./Base Legal INSS"": ""11 - Artigo 28, inciso I, da Lei n° 8.212/91"", ""Incid./Base Legal IRRF"": ""11 - Artigos 3º e 7º da Lei nº 7.713/88""}",2026-03-25 15:01:09.753784,,,,,,,,,,,,,,,,,,,,,,,,,,,,,,,,,,,,,,,,,,,,
39,1,39,39,DIF. DISSIDIO - 02/2010,"1000 - Salário, vencimento, soldo ou subsídio",11,11,11,-,"11 - Artigo 28, inciso I, da Lei n° 8.212/91",11 - Artigos 3º e 7º da Lei nº 7.713/88,11 - Artigo 15 da Lei n° 8.036/90,"{""FGTS"": 11, ""INSS"": 11, ""IRRF"": 11, ""Analise"": ""-"", ""Rubrica"": ""DIF. DISSIDIO - 02/2010"", ""Cod Rubrica"": 39, ""Cód Natureza"": ""1000 - Salário, vencimento, soldo ou subsídio"", ""Incid./Base Legal FGTS"": ""11 - Artigo 15 da Lei n° 8.036/90"", ""Incid./Base Legal INSS"": ""11 - Artigo 28, inciso I, da Lei n° 8.212/91"", ""Incid./Base Legal IRRF"": ""11 - Artigos 3º e 7º da Lei nº 7.713/88""}",2026-03-25 15:01:09.753784,,,,,,,,,,,,,,,,,,,,,,,,,,,,,,,,,,,,,,,,,,,,
40,1,40,40,DIF. DISSIDIO - 03/2010,"1000 - Salário, vencimento, soldo ou subsídio",11,11,11,-,"11 - Artigo 28, inciso I, da Lei n° 8.212/91",11 - Artigos 3º e 7º da Lei nº 7.713/88,11 - Artigo 15 da Lei n° 8.036/90,"{""FGTS"": 11, ""INSS"": 11, ""IRRF"": 11, ""Analise"": ""-"", ""Rubrica"": ""DIF. DISSIDIO - 03/2010"", ""Cod Rubrica"": 40, ""Cód Natureza"": ""1000 - Salário, vencimento, soldo ou subsídio"", ""Incid./Base Legal FGTS"": ""11 - Artigo 15 da Lei n° 8.036/90"", ""Incid./Base Legal INSS"": ""11 - Artigo 28, inciso I, da Lei n° 8.212/91"", ""Incid./Base Legal IRRF"": ""11 - Artigos 3º e 7º da Lei nº 7.713/88""}",2026-03-25 15:01:09.753784,,,,,,,,,,,,,,,,,,,,,,,,,,,,,,,,,,,,,,,,,,,,
41,1,41,41,DIF. DISSIDIO - 03/2012,"1000 - Salário, vencimento, soldo ou subsídio",11,11,11,-,"11 - Artigo 28, inciso I, da Lei n° 8.212/91",11 - Artigos 3º e 7º da Lei nº 7.713/88,11 - Artigo 15 da Lei n° 8.036/90,"{""FGTS"": 11, ""INSS"": 11, ""IRRF"": 11, ""Analise"": ""-"", ""Rubrica"": ""DIF. DISSIDIO - 03/2012"", ""Cod Rubrica"": 41, ""Cód Natureza"": ""1000 - Salário, vencimento, soldo ou subsídio"", ""Incid./Base Legal FGTS"": ""11 - Artigo 15 da Lei n° 8.036/90"", ""Incid./Base Legal INSS"": ""11 - Artigo 28, inciso I, da Lei n° 8.212/91"", ""Incid./Base Legal IRRF"": ""11 - Artigos 3º e 7º da Lei nº 7.713/88""}",2026-03-25 15:01:09.753784,,,,,,,,,,,,,,,,,,,,,,,,,,,,,,,,,,,,,,,,,,,,
42,1,42,42,DIF. DISSIDIO - 04/2010,"1000 - Salário, vencimento, soldo ou subsídio",11,11,11,-,"11 - Artigo 28, inciso I, da Lei n° 8.212/91",11 - Artigos 3º e 7º da Lei nº 7.713/88,11 - Artigo 15 da Lei n° 8.036/90,"{""FGTS"": 11, ""INSS"": 11, ""IRRF"": 11, ""Analise"": ""-"", ""Rubrica"": ""DIF. DISSIDIO - 04/2010"", ""Cod Rubrica"": 42, ""Cód Natureza"": ""1000 - Salário, vencimento, soldo ou subsídio"", ""Incid./Base Legal FGTS"": ""11 - Artigo 15 da Lei n° 8.036/90"", ""Incid./Base Legal INSS"": ""11 - Artigo 28, inciso I, da Lei n° 8.212/91"", ""Incid./Base Legal IRRF"": ""11 - Artigos 3º e 7º da Lei nº 7.713/88""}",2026-03-25 15:01:09.753784,,,,,,,,,,,,,,,,,,,,,,,,,,,,,,,,,,,,,,,,,,,,
43,1,43,43,DIF. DISSIDIO - 04/2012,"1000 - Salário, vencimento, soldo ou subsídio",11,11,11,-,"11 - Artigo 28, inciso I, da Lei n° 8.212/91",11 - Artigos 3º e 7º da Lei nº 7.713/88,11 - Artigo 15 da Lei n° 8.036/90,"{""FGTS"": 11, ""INSS"": 11, ""IRRF"": 11, ""Analise"": ""-"", ""Rubrica"": ""DIF. DISSIDIO - 04/2012"", ""Cod Rubrica"": 43, ""Cód Natureza"": ""1000 - Salário, vencimento, soldo ou subsídio"", ""Incid./Base Legal FGTS"": ""11 - Artigo 15 da Lei n° 8.036/90"", ""Incid./Base Legal INSS"": ""11 - Artigo 28, inciso I, da Lei n° 8.212/91"", ""Incid./Base Legal IRRF"": ""11 - Artigos 3º e 7º da Lei nº 7.713/88""}",2026-03-25 15:01:09.753784,,,,,,,,,,,,,,,,,,,,,,,,,,,,,,,,,,,,,,,,,,,,
44,1,44,44,DIF. DISSIDIO - 09/2009,"1000 - Salário, vencimento, soldo ou subsídio",11,11,11,-,"11 - Artigo 28, inciso I, da Lei n° 8.212/91",11 - Artigos 3º e 7º da Lei nº 7.713/88,11 - Artigo 15 da Lei n° 8.036/90,"{""FGTS"": 11, ""INSS"": 11, ""IRRF"": 11, ""Analise"": ""-"", ""Rubrica"": ""DIF. DISSIDIO - 09/2009"", ""Cod Rubrica"": 44, ""Cód Natureza"": ""1000 - Salário, vencimento, soldo ou subsídio"", ""Incid./Base Legal FGTS"": ""11 - Artigo 15 da Lei n° 8.036/90"", ""Incid./Base Legal INSS"": ""11 - Artigo 28, inciso I, da Lei n° 8.212/91"", ""Incid./Base Legal IRRF"": ""11 - Artigos 3º e 7º da Lei nº 7.713/88""}",2026-03-25 15:01:09.753784,,,,,,,,,,,,,,,,,,,,,,,,,,,,,,,,,,,,,,,,,,,,
45,1,45,45,DIF. DISSIDIO - 10/2008,"1000 - Salário, vencimento, soldo ou subsídio",11,11,11,-,"11 - Artigo 28, inciso I, da Lei n° 8.212/91",11 - Artigos 3º e 7º da Lei nº 7.713/88,11 - Artigo 15 da Lei n° 8.036/90,"{""FGTS"": 11, ""INSS"": 11, ""IRRF"": 11, ""Analise"": ""-"", ""Rubrica"": ""DIF. DISSIDIO - 10/2008"", ""Cod Rubrica"": 45, ""Cód Natureza"": ""1000 - Salário, vencimento, soldo ou subsídio"", ""Incid./Base Legal FGTS"": ""11 - Artigo 15 da Lei n° 8.036/90"", ""Incid./Base Legal INSS"": ""11 - Artigo 28, inciso I, da Lei n° 8.212/91"", ""Incid./Base Legal IRRF"": ""11 - Artigos 3º e 7º da Lei nº 7.713/88""}",2026-03-25 15:01:09.753784,,,,,,,,,,,,,,,,,,,,,,,,,,,,,,,,,,,,,,,,,,,,
46,1,46,46,DIF. DISSIDIO - 10/2009,"1000 - Salário, vencimento, soldo ou subsídio",11,11,11,-,"11 - Artigo 28, inciso I, da Lei n° 8.212/91",11 - Artigos 3º e 7º da Lei nº 7.713/88,11 - Artigo 15 da Lei n° 8.036/90,"{""FGTS"": 11, ""INSS"": 11, ""IRRF"": 11, ""Analise"": ""-"", ""Rubrica"": ""DIF. DISSIDIO - 10/2009"", ""Cod Rubrica"": 46, ""Cód Natureza"": ""1000 - Salário, vencimento, soldo ou subsídio"", ""Incid./Base Legal FGTS"": ""11 - Artigo 15 da Lei n° 8.036/90"", ""Incid./Base Legal INSS"": ""11 - Artigo 28, inciso I, da Lei n° 8.212/91"", ""Incid./Base Legal IRRF"": ""11 - Artigos 3º e 7º da Lei nº 7.713/88""}",2026-03-25 15:01:09.753784,,,,,,,,,,,,,,,,,,,,,,,,,,,,,,,,,,,,,,,,,,,,
47,1,47,47,SALARIO FAMILIA,1409 - Salário-família,51,9,0,Rubrica com inconsistência de IRRF,"51 - Artigo 28, inciso I, da Lei n° 8.212/91","79 - Artigos 5º, inciso VII da IN 1500/2014",0 - Artigo 15 da Lei n° 8.036/90,"{""FGTS"": 0, ""INSS"": 51, ""IRRF"": 9, ""Analise"": ""Rubrica com inconsistência de IRRF"", ""Rubrica"": ""SALARIO FAMILIA"", ""Cod Rubrica"": 47, ""Cód Natureza"": ""1409 - Salário-família"", ""Incid./Base Legal FGTS"": ""0 - Artigo 15 da Lei n° 8.036/90"", ""Incid./Base Legal INSS"": ""51 - Artigo 28, inciso I, da Lei n° 8.212/91"", ""Incid./Base Legal IRRF"": ""79 - Artigos 5º, inciso VII da IN 1500/2014""}",2026-03-25 15:01:09.753784,,,,,,,,,,,,,,,,,,,,,,,,,,,,,,,,,,,,,,,,,,,,
48,1,48,48,DIF. DISSIDIO - 11/2008,"1000 - Salário, vencimento, soldo ou subsídio",11,11,11,-,"11 - Artigo 28, inciso I, da Lei n° 8.212/91",11 - Artigos 3º e 7º da Lei nº 7.713/88,11 - Artigo 15 da Lei n° 8.036/90,"{""FGTS"": 11, ""INSS"": 11, ""IRRF"": 11, ""Analise"": ""-"", ""Rubrica"": ""DIF. DISSIDIO - 11/2008"", ""Cod Rubrica"": 48, ""Cód Natureza"": ""1000 - Salário, vencimento, soldo ou subsídio"", ""Incid./Base Legal FGTS"": ""11 - Artigo 15 da Lei n° 8.036/90"", ""Incid./Base Legal INSS"": ""11 - Artigo 28, inciso I, da Lei n° 8.212/91"", ""Incid./Base Legal IRRF"": ""11 - Artigos 3º e 7º da Lei nº 7.713/88""}",2026-03-25 15:01:09.753784,,,,,,,,,,,,,,,,,,,,,,,,,,,,,,,,,,,,,,,,,,,,
49,1,49,49,DIF. DISSIDIO - 11/2009,"1000 - Salário, vencimento, soldo ou subsídio",11,11,11,-,"11 - Artigo 28, inciso I, da Lei n° 8.212/91",11 - Artigos 3º e 7º da Lei nº 7.713/88,11 - Artigo 15 da Lei n° 8.036/90,"{""FGTS"": 11, ""INSS"": 11, ""IRRF"": 11, ""Analise"": ""-"", ""Rubrica"": ""DIF. DISSIDIO - 11/2009"", ""Cod Rubrica"": 49, ""Cód Natureza"": ""1000 - Salário, vencimento, soldo ou subsídio"", ""Incid./Base Legal FGTS"": ""11 - Artigo 15 da Lei n° 8.036/90"", ""Incid./Base Legal INSS"": ""11 - Artigo 28, inciso I, da Lei n° 8.212/91"", ""Incid./Base Legal IRRF"": ""11 - Artigos 3º e 7º da Lei nº 7.713/88""}",2026-03-25 15:01:09.753784,,,,,,,,,,,,,,,,,,,,,,,,,,,,,,,,,,,,,,,,,,,,
50,1,50,50,SALARIO AUTONOMO,"1000 - Salário, vencimento, soldo ou subsídio",11,11,0,Rubrica com inconsistência de FGTS,"11 - Artigo 28, inciso I, da Lei n° 8.212/91",11 - Artigos 3º e 7º da Lei nº 7.713/88,11 - Artigo 15 da Lei n° 8.036/90,"{""FGTS"": 0, ""INSS"": 11, ""IRRF"": 11, ""Analise"": ""Rubrica com inconsistência de FGTS"", ""Rubrica"": ""SALARIO AUTONOMO"", ""Cod Rubrica"": 50, ""Cód Natureza"": ""1000 - Salário, vencimento, soldo ou subsídio"", ""Incid./Base Legal FGTS"": ""11 - Artigo 15 da Lei n° 8.036/90"", ""Incid./Base Legal INSS"": ""11 - Artigo 28, inciso I, da Lei n° 8.212/91"", ""Incid./Base Legal IRRF"": ""11 - Artigos 3º e 7º da Lei nº 7.713/88""}",2026-03-25 15:01:09.753784,,,,,,,,,,,,,,,,,,,,,,,,,,,,,,,,,,,,,,,,,,,,
51,1,51,51,ADIC. NOT. COMPLEMENTAR,1205 - Adicional noturno,11,11,11,-,"11 - Artigo 28, inciso I, da Lei n° 8.212/91",11 - Artigos 3º e 7º da Lei nº 7.713/88,11 - Artigo 15 da Lei n° 8.036/90,"{""FGTS"": 11, ""INSS"": 11, ""IRRF"": 11, ""Analise"": ""-"", ""Rubrica"": ""ADIC. NOT. COMPLEMENTAR"", ""Cod Rubrica"": 51, ""Cód Natureza"": ""1205 - Adicional noturno"", ""Incid./Base Legal FGTS"": ""11 - Artigo 15 da Lei n° 8.036/90"", ""Incid./Base Legal INSS"": ""11 - Artigo 28, inciso I, da Lei n° 8.212/91"", ""Incid./Base Legal IRRF"": ""11 - Artigos 3º e 7º da Lei nº 7.713/88""}",2026-03-25 15:01:09.753784,,,,,,,,,,,,,,,,,,,,,,,,,,,,,,,,,,,,,,,,,,,,
52,1,52,52,ADIC. NOTURNO C/20%,1205 - Adicional noturno,11,11,11,-,"11 - Artigo 28, inciso I, da Lei n° 8.212/91",11 - Artigos 3º e 7º da Lei nº 7.713/88,11 - Artigo 15 da Lei n° 8.036/90,"{""FGTS"": 11, ""INSS"": 11, ""IRRF"": 11, ""Analise"": ""-"", ""Rubrica"": ""ADIC. NOTURNO C/20%"", ""Cod Rubrica"": 52, ""Cód Natureza"": ""1205 - Adicional noturno"", ""Incid./Base Legal FGTS"": ""11 - Artigo 15 da Lei n° 8.036/90"", ""Incid./Base Legal INSS"": ""11 - Artigo 28, inciso I, da Lei n° 8.212/91"", ""Incid./Base Legal IRRF"": ""11 - Artigos 3º e 7º da Lei nº 7.713/88""}",2026-03-25 15:01:09.753784,,,,,,,,,,,,,,,,,,,,,,,,,,,,,,,,,,,,,,,,,,,,
53,1,53,53,REEMB. I.R.F.,1623 - Ressarcimento de provisão,0,9,0,-,"0 - Artigo 28, inciso I, da Lei n° 8.212/91","9 - artigo 35, inciso I, alínea p do Decreto n° 9.580/2018",0 - Artigo 15 da Lei n° 8.036/90,"{""FGTS"": 0, ""INSS"": 0, ""IRRF"": 9, ""Analise"": ""-"", ""Rubrica"": ""REEMB. I.R.F."", ""Cod Rubrica"": 53, ""Cód Natureza"": ""1623 - Ressarcimento de provisão"", ""Incid./Base Legal FGTS"": ""0 - Artigo 15 da Lei n° 8.036/90"", ""Incid./Base Legal INSS"": ""0 - Artigo 28, inciso I, da Lei n° 8.212/91"", ""Incid./Base Legal IRRF"": ""9 - artigo 35, inciso I, alínea p do Decreto n° 9.580/2018""}",2026-03-25 15:01:09.753784,,,,,,,,,,,,,,,,,,,,,,,,,,,,,,,,,,,,,,,,,,,,
54,1,54,54,ADIC. NOTURNO C/25%,1205 - Adicional noturno,11,11,11,-,"11 - Artigo 28, inciso I, da Lei n° 8.212/91",11 - Artigos 3º e 7º da Lei nº 7.713/88,11 - Artigo 15 da Lei n° 8.036/90,"{""FGTS"": 11, ""INSS"": 11, ""IRRF"": 11, ""Analise"": ""-"", ""Rubrica"": ""ADIC. NOTURNO C/25%"", ""Cod Rubrica"": 54, ""Cód Natureza"": ""1205 - Adicional noturno"", ""Incid./Base Legal FGTS"": ""11 - Artigo 15 da Lei n° 8.036/90"", ""Incid./Base Legal INSS"": ""11 - Artigo 28, inciso I, da Lei n° 8.212/91"", ""Incid./Base Legal IRRF"": ""11 - Artigos 3º e 7º da Lei nº 7.713/88""}",2026-03-25 15:01:09.753784,,,,,,,,,,,,,,,,,,,,,,,,,,,,,,,,,,,,,,,,,,,,
55,1,55,55,PRO-LABORE,3508 - Retiradas (pró labore) de proprietários ou sócios,11,11,11,Rubrica com inconsistência de FGTS,"11 - Artigo 28, inciso III, da Lei n° 8.212/91",11 - Artigos 3º e 7º da Lei nº 7.713/88,"0 - Artigo 15, § 6º da Lei n° 8.036/90","{""FGTS"": 11, ""INSS"": 11, ""IRRF"": 11, ""Analise"": ""Rubrica com inconsistência de FGTS"", ""Rubrica"": ""PRO-LABORE"", ""Cod Rubrica"": 55, ""Cód Natureza"": ""3508 - Retiradas (pró labore) de proprietários ou sócios"", ""Incid./Base Legal FGTS"": ""0 - Artigo 15, § 6º da Lei n° 8.036/90"", ""Incid./Base Legal INSS"": ""11 - Artigo 28, inciso III, da Lei n° 8.212/91"", ""Incid./Base Legal IRRF"": ""11 - Artigos 3º e 7º da Lei nº 7.713/88""}",2026-03-25 15:01:09.753784,,,,,,,,,,,,,,,,,,,,,,,,,,,,,,,,,,,,,,,,,,,,
56,1,56,56,ADIC. NOTURNO C/30%,1205 - Adicional noturno,11,11,11,-,"11 - Artigo 28, inciso I, da Lei n° 8.212/91",11 - Artigos 3º e 7º da Lei nº 7.713/88,11 - Artigo 15 da Lei n° 8.036/90,"{""FGTS"": 11, ""INSS"": 11, ""IRRF"": 11, ""Analise"": ""-"", ""Rubrica"": ""ADIC. NOTURNO C/30%"", ""Cod Rubrica"": 56, ""Cód Natureza"": ""1205 - Adicional noturno"", ""Incid./Base Legal FGTS"": ""11 - Artigo 15 da Lei n° 8.036/90"", ""Incid./Base Legal INSS"": ""11 - Artigo 28, inciso I, da Lei n° 8.212/91"", ""Incid./Base Legal IRRF"": ""11 - Artigos 3º e 7º da Lei nº 7.713/88""}",2026-03-25 15:01:09.753784,,,,,,,,,,,,,,,,,,,,,,,,,,,,,,,,,,,,,,,,,,,,
57,1,57,57,ADIC. NOTURNO C/35%,1205 - Adicional noturno,11,11,11,-,"11 - Artigo 28, inciso I, da Lei n° 8.212/91",11 - Artigos 3º e 7º da Lei nº 7.713/88,11 - Artigo 15 da Lei n° 8.036/90,"{""FGTS"": 11, ""INSS"": 11, ""IRRF"": 11, ""Analise"": ""-"", ""Rubrica"": ""ADIC. NOTURNO C/35%"", ""Cod Rubrica"": 57, ""Cód Natureza"": ""1205 - Adicional noturno"", ""Incid./Base Legal FGTS"": ""11 - Artigo 15 da Lei n° 8.036/90"", ""Incid./Base Legal INSS"": ""11 - Artigo 28, inciso I, da Lei n° 8.212/91"", ""Incid./Base Legal IRRF"": ""11 - Artigos 3º e 7º da Lei nº 7.713/88""}",2026-03-25 15:01:09.753784,,,,,,,,,,,,,,,,,,,,,,,,,,,,,,,,,,,,,,,,,,,,
58,1,58,58,ADIC. NOTURNO C/40%,1205 - Adicional noturno,11,11,11,-,"11 - Artigo 28, inciso I, da Lei n° 8.212/91",11 - Artigos 3º e 7º da Lei nº 7.713/88,11 - Artigo 15 da Lei n° 8.036/90,"{""FGTS"": 11, ""INSS"": 11, ""IRRF"": 11, ""Analise"": ""-"", ""Rubrica"": ""ADIC. NOTURNO C/40%"", ""Cod Rubrica"": 58, ""Cód Natureza"": ""1205 - Adicional noturno"", ""Incid./Base Legal FGTS"": ""11 - Artigo 15 da Lei n° 8.036/90"", ""Incid./Base Legal INSS"": ""11 - Artigo 28, inciso I, da Lei n° 8.212/91"", ""Incid./Base Legal IRRF"": ""11 - Artigos 3º e 7º da Lei nº 7.713/88""}",2026-03-25 15:01:09.753784,,,,,,,,,,,,,,,,,,,,,,,,,,,,,,,,,,,,,,,,,,,,
59,1,59,59,ADIC. INSALUBRIDADE 08/2019,1202 - Adicional de insalubridade,11,11,11,-,"11 - Artigo 28, inciso I, da Lei n° 8.212/91",11 - Artigos 3º e 7º da Lei nº 7.713/88,11 - Artigo 15 da Lei n° 8.036/90,"{""FGTS"": 11, ""INSS"": 11, ""IRRF"": 11, ""Analise"": ""-"", ""Rubrica"": ""ADIC. INSALUBRIDADE 08/2019"", ""Cod Rubrica"": 59, ""Cód Natureza"": ""1202 - Adicional de insalubridade"", ""Incid./Base Legal FGTS"": ""11 - Artigo 15 da Lei n° 8.036/90"", ""Incid./Base Legal INSS"": ""11 - Artigo 28, inciso I, da Lei n° 8.212/91"", ""Incid./Base Legal IRRF"": ""11 - Artigos 3º e 7º da Lei nº 7.713/88""}",2026-03-25 15:01:09.753784,,,,,,,,,,,,,,,,,,,,,,,,,,,,,,,,,,,,,,,,,,,,
60,1,60,60,ADIC. INSALUBRIDADE 07/2019,1202 - Adicional de insalubridade,11,11,11,-,"11 - Artigo 28, inciso I, da Lei n° 8.212/91",11 - Artigos 3º e 7º da Lei nº 7.713/88,11 - Artigo 15 da Lei n° 8.036/90,"{""FGTS"": 11, ""INSS"": 11, ""IRRF"": 11, ""Analise"": ""-"", ""Rubrica"": ""ADIC. INSALUBRIDADE 07/2019"", ""Cod Rubrica"": 60, ""Cód Natureza"": ""1202 - Adicional de insalubridade"", ""Incid./Base Legal FGTS"": ""11 - Artigo 15 da Lei n° 8.036/90"", ""Incid./Base Legal INSS"": ""11 - Artigo 28, inciso I, da Lei n° 8.212/91"", ""Incid./Base Legal IRRF"": ""11 - Artigos 3º e 7º da Lei nº 7.713/88""}",2026-03-25 15:01:09.753784,,,,,,,,,,,,,,,,,,,,,,,,,,,,,,,,,,,,,,,,,,,,
61,1,61,61,ADIC. INSALUBRIDADE MES ANT.,1202 - Adicional de insalubridade,11,11,11,-,"11 - Artigo 28, inciso I, da Lei n° 8.212/91",11 - Artigos 3º e 7º da Lei nº 7.713/88,11 - Artigo 15 da Lei n° 8.036/90,"{""FGTS"": 11, ""INSS"": 11, ""IRRF"": 11, ""Analise"": ""-"", ""Rubrica"": ""ADIC. INSALUBRIDADE MES ANT."", ""Cod Rubrica"": 61, ""Cód Natureza"": ""1202 - Adicional de insalubridade"", ""Incid./Base Legal FGTS"": ""11 - Artigo 15 da Lei n° 8.036/90"", ""Incid./Base Legal INSS"": ""11 - Artigo 28, inciso I, da Lei n° 8.212/91"", ""Incid./Base Legal IRRF"": ""11 - Artigos 3º e 7º da Lei nº 7.713/88""}",2026-03-25 15:01:09.753784,,,,,,,,,,,,,,,,,,,,,,,,,,,,,,,,,,,,,,,,,,,,
62,1,62,62,ADIC. INSALUBRIDADE,1202 - Adicional de insalubridade,11,11,11,-,"11 - Artigo 28, inciso I, da Lei n° 8.212/91",11 - Artigos 3º e 7º da Lei nº 7.713/88,11 - Artigo 15 da Lei n° 8.036/90,"{""FGTS"": 11, ""INSS"": 11, ""IRRF"": 11, ""Analise"": ""-"", ""Rubrica"": ""ADIC. INSALUBRIDADE"", ""Cod Rubrica"": 62, ""Cód Natureza"": ""1202 - Adicional de insalubridade"", ""Incid./Base Legal FGTS"": ""11 - Artigo 15 da Lei n° 8.036/90"", ""Incid./Base Legal INSS"": ""11 - Artigo 28, inciso I, da Lei n° 8.212/91"", ""Incid./Base Legal IRRF"": ""11 - Artigos 3º e 7º da Lei nº 7.713/88""}",2026-03-25 15:01:09.753784,,,,,,,,,,,,,,,,,,,,,,,,,,,,,,,,,,,,,,,,,,,,
63,1,63,63,AUX. NATALIDADE,"1000 - Salário, vencimento, soldo ou subsídio",11,11,11,-,"11 - Artigo 28, inciso I, da Lei n° 8.212/91",11 - Artigos 3º e 7º da Lei nº 7.713/88,11 - Artigo 15 da Lei n° 8.036/90,"{""FGTS"": 11, ""INSS"": 11, ""IRRF"": 11, ""Analise"": ""-"", ""Rubrica"": ""AUX. NATALIDADE"", ""Cod Rubrica"": 63, ""Cód Natureza"": ""1000 - Salário, vencimento, soldo ou subsídio"", ""Incid./Base Legal FGTS"": ""11 - Artigo 15 da Lei n° 8.036/90"", ""Incid./Base Legal INSS"": ""11 - Artigo 28, inciso I, da Lei n° 8.212/91"", ""Incid./Base Legal IRRF"": ""11 - Artigos 3º e 7º da Lei nº 7.713/88""}",2026-03-25 15:01:09.753784,,,,,,,,,,,,,,,,,,,,,,,,,,,,,,,,,,,,,,,,,,,,
64,1,64,64,ADIC. NOTURNO C/50%,1205 - Adicional noturno,11,11,11,-,"11 - Artigo 28, inciso I, da Lei n° 8.212/91",11 - Artigos 3º e 7º da Lei nº 7.713/88,11 - Artigo 15 da Lei n° 8.036/90,"{""FGTS"": 11, ""INSS"": 11, ""IRRF"": 11, ""Analise"": ""-"", ""Rubrica"": ""ADIC. NOTURNO C/50%"", ""Cod Rubrica"": 64, ""Cód Natureza"": ""1205 - Adicional noturno"", ""Incid./Base Legal FGTS"": ""11 - Artigo 15 da Lei n° 8.036/90"", ""Incid./Base Legal INSS"": ""11 - Artigo 28, inciso I, da Lei n° 8.212/91"", ""Incid./Base Legal IRRF"": ""11 - Artigos 3º e 7º da Lei nº 7.713/88""}",2026-03-25 15:01:09.753784,,,,,,,,,,,,,,,,,,,,,,,,,,,,,,,,,,,,,,,,,,,,
65,1,65,65,ADIC. NOTURNO MES ANTERIOR,1205 - Adicional noturno,11,11,11,-,"11 - Artigo 28, inciso I, da Lei n° 8.212/91",11 - Artigos 3º e 7º da Lei nº 7.713/88,11 - Artigo 15 da Lei n° 8.036/90,"{""FGTS"": 11, ""INSS"": 11, ""IRRF"": 11, ""Analise"": ""-"", ""Rubrica"": ""ADIC. NOTURNO MES ANTERIOR"", ""Cod Rubrica"": 65, ""Cód Natureza"": ""1205 - Adicional noturno"", ""Incid./Base Legal FGTS"": ""11 - Artigo 15 da Lei n° 8.036/90"", ""Incid./Base Legal INSS"": ""11 - Artigo 28, inciso I, da Lei n° 8.212/91"", ""Incid./Base Legal IRRF"": ""11 - Artigos 3º e 7º da Lei nº 7.713/88""}",2026-03-25 15:01:09.753784,,,,,,,,,,,,,,,,,,,,,,,,,,,,,,,,,,,,,,,,,,,,
66,1,66,66,ADIC. NOTURNO MES ANT 20%,1205 - Adicional noturno,11,11,11,-,"11 - Artigo 28, inciso I, da Lei n° 8.212/91",11 - Artigos 3º e 7º da Lei nº 7.713/88,11 - Artigo 15 da Lei n° 8.036/90,"{""FGTS"": 11, ""INSS"": 11, ""IRRF"": 11, ""Analise"": ""-"", ""Rubrica"": ""ADIC. NOTURNO MES ANT 20%"", ""Cod Rubrica"": 66, ""Cód Natureza"": ""1205 - Adicional noturno"", ""Incid./Base Legal FGTS"": ""11 - Artigo 15 da Lei n° 8.036/90"", ""Incid./Base Legal INSS"": ""11 - Artigo 28, inciso I, da Lei n° 8.212/91"", ""Incid./Base Legal IRRF"": ""11 - Artigos 3º e 7º da Lei nº 7.713/88""}",2026-03-25 15:01:09.753784,,,,,,,,,,,,,,,,,,,,,,,,,,,,,,,,,,,,,,,,,,,,
67,1,67,67,DIF. ADIC. INSALUBRIDADE,1202 - Adicional de insalubridade,11,11,11,-,"11 - Artigo 28, inciso I, da Lei n° 8.212/91",11 - Artigos 3º e 7º da Lei nº 7.713/88,11 - Artigo 15 da Lei n° 8.036/90,"{""FGTS"": 11, ""INSS"": 11, ""IRRF"": 11, ""Analise"": ""-"", ""Rubrica"": ""DIF. ADIC. INSALUBRIDADE"", ""Cod Rubrica"": 67, ""Cód Natureza"": ""1202 - Adicional de insalubridade"", ""Incid./Base Legal FGTS"": ""11 - Artigo 15 da Lei n° 8.036/90"", ""Incid./Base Legal INSS"": ""11 - Artigo 28, inciso I, da Lei n° 8.212/91"", ""Incid./Base Legal IRRF"": ""11 - Artigos 3º e 7º da Lei nº 7.713/88""}",2026-03-25 15:01:09.753784,,,,,,,,,,,,,,,,,,,,,,,,,,,,,,,,,,,,,,,,,,,,
68,1,68,68,ADIC. PERICULOSIDADE 11/2014,1203 - Adicional de periculosidade,11,11,11,-,"11 - Artigo 28, inciso I, da Lei n° 8.212/91",11 - Artigos 3º e 7º da Lei nº 7.713/88,11 - Artigo 15 da Lei n° 8.036/90,"{""FGTS"": 11, ""INSS"": 11, ""IRRF"": 11, ""Analise"": ""-"", ""Rubrica"": ""ADIC. PERICULOSIDADE 11/2014"", ""Cod Rubrica"": 68, ""Cód Natureza"": ""1203 - Adicional de periculosidade"", ""Incid./Base Legal FGTS"": ""11 - Artigo 15 da Lei n° 8.036/90"", ""Incid./Base Legal INSS"": ""11 - Artigo 28, inciso I, da Lei n° 8.212/91"", ""Incid./Base Legal IRRF"": ""11 - Artigos 3º e 7º da Lei nº 7.713/88""}",2026-03-25 15:01:09.753784,,,,,,,,,,,,,,,,,,,,,,,,,,,,,,,,,,,,,,,,,,,,
69,1,69,69,ADIC. PERICULOSIDADE MES ANTER,1203 - Adicional de periculosidade,11,11,11,-,"11 - Artigo 28, inciso I, da Lei n° 8.212/91",11 - Artigos 3º e 7º da Lei nº 7.713/88,11 - Artigo 15 da Lei n° 8.036/90,"{""FGTS"": 11, ""INSS"": 11, ""IRRF"": 11, ""Analise"": ""-"", ""Rubrica"": ""ADIC. PERICULOSIDADE MES ANTER"", ""Cod Rubrica"": 69, ""Cód Natureza"": ""1203 - Adicional de periculosidade"", ""Incid./Base Legal FGTS"": ""11 - Artigo 15 da Lei n° 8.036/90"", ""Incid./Base Legal INSS"": ""11 - Artigo 28, inciso I, da Lei n° 8.212/91"", ""Incid./Base Legal IRRF"": ""11 - Artigos 3º e 7º da Lei nº 7.713/88""}",2026-03-25 15:01:09.753784,,,,,,,,,,,,,,,,,,,,,,,,,,,,,,,,,,,,,,,,,,,,
70,1,70,70,ADIC. PERICULOSIDADE,1203 - Adicional de periculosidade,11,11,11,-,"11 - Artigo 28, inciso I, da Lei n° 8.212/91",11 - Artigos 3º e 7º da Lei nº 7.713/88,11 - Artigo 15 da Lei n° 8.036/90,"{""FGTS"": 11, ""INSS"": 11, ""IRRF"": 11, ""Analise"": ""-"", ""Rubrica"": ""ADIC. PERICULOSIDADE"", ""Cod Rubrica"": 70, ""Cód Natureza"": ""1203 - Adicional de periculosidade"", ""Incid./Base Legal FGTS"": ""11 - Artigo 15 da Lei n° 8.036/90"", ""Incid./Base Legal INSS"": ""11 - Artigo 28, inciso I, da Lei n° 8.212/91"", ""Incid./Base Legal IRRF"": ""11 - Artigos 3º e 7º da Lei nº 7.713/88""}",2026-03-25 15:01:09.753784,,,,,,,,,,,,,,,,,,,,,,,,,,,,,,,,,,,,,,,,,,,,
71,1,71,73,ADIC. NOTURNO - 01/2015,1205 - Adicional noturno,11,11,11,-,"11 - Artigo 28, inciso I, da Lei n° 8.212/91",11 - Artigos 3º e 7º da Lei nº 7.713/88,11 - Artigo 15 da Lei n° 8.036/90,"{""FGTS"": 11, ""INSS"": 11, ""IRRF"": 11, ""Analise"": ""-"", ""Rubrica"": ""ADIC. NOTURNO - 01/2015"", ""Cod Rubrica"": 73, ""Cód Natureza"": ""1205 - Adicional noturno"", ""Incid./Base Legal FGTS"": ""11 - Artigo 15 da Lei n° 8.036/90"", ""Incid./Base Legal INSS"": ""11 - Artigo 28, inciso I, da Lei n° 8.212/91"", ""Incid./Base Legal IRRF"": ""11 - Artigos 3º e 7º da Lei nº 7.713/88""}",2026-03-25 15:01:09.753784,,,,,,,,,,,,,,,,,,,,,,,,,,,,,,,,,,,,,,,,,,,,
72,1,72,74,DIF. DISSIDIO 2011,"1000 - Salário, vencimento, soldo ou subsídio",11,11,11,-,"11 - Artigo 28, inciso I, da Lei n° 8.212/91",11 - Artigos 3º e 7º da Lei nº 7.713/88,11 - Artigo 15 da Lei n° 8.036/90,"{""FGTS"": 11, ""INSS"": 11, ""IRRF"": 11, ""Analise"": ""-"", ""Rubrica"": ""DIF. DISSIDIO 2011"", ""Cod Rubrica"": 74, ""Cód Natureza"": ""1000 - Salário, vencimento, soldo ou subsídio"", ""Incid./Base Legal FGTS"": ""11 - Artigo 15 da Lei n° 8.036/90"", ""Incid./Base Legal INSS"": ""11 - Artigo 28, inciso I, da Lei n° 8.212/91"", ""Incid./Base Legal IRRF"": ""11 - Artigos 3º e 7º da Lei nº 7.713/88""}",2026-03-25 15:01:09.753784,,,,,,,,,,,,,,,,,,,,,,,,,,,,,,,,,,,,,,,,,,,,
73,1,73,75,DIF. HORAS EXTRAS,1003 - Horas extraordinárias,11,11,11,-,"11 - Artigo 28, inciso I, da Lei n° 8.212/91",11 - Artigos 3º e 7º da Lei nº 7.713/88,11 - Artigo 15 da Lei n° 8.036/90,"{""FGTS"": 11, ""INSS"": 11, ""IRRF"": 11, ""Analise"": ""-"", ""Rubrica"": ""DIF. HORAS EXTRAS"", ""Cod Rubrica"": 75, ""Cód Natureza"": ""1003 - Horas extraordinárias"", ""Incid./Base Legal FGTS"": ""11 - Artigo 15 da Lei n° 8.036/90"", ""Incid./Base Legal INSS"": ""11 - Artigo 28, inciso I, da Lei n° 8.212/91"", ""Incid./Base Legal IRRF"": ""11 - Artigos 3º e 7º da Lei nº 7.713/88""}",2026-03-25 15:01:09.753784,,,,,,,,,,,,,,,,,,,,,,,,,,,,,,,,,,,,,,,,,,,,
74,1,74,76,DIF. HORAS EXTRAS DISSIDIO 04/2010,1003 - Horas extraordinárias,11,11,11,-,"11 - Artigo 28, inciso I, da Lei n° 8.212/91",11 - Artigos 3º e 7º da Lei nº 7.713/88,11 - Artigo 15 da Lei n° 8.036/90,"{""FGTS"": 11, ""INSS"": 11, ""IRRF"": 11, ""Analise"": ""-"", ""Rubrica"": ""DIF. HORAS EXTRAS DISSIDIO 04/2010"", ""Cod Rubrica"": 76, ""Cód Natureza"": ""1003 - Horas extraordinárias"", ""Incid./Base Legal FGTS"": ""11 - Artigo 15 da Lei n° 8.036/90"", ""Incid./Base Legal INSS"": ""11 - Artigo 28, inciso I, da Lei n° 8.212/91"", ""Incid./Base Legal IRRF"": ""11 - Artigos 3º e 7º da Lei nº 7.713/88""}",2026-03-25 15:01:09.753784,,,,,,,,,,,,,,,,,,,,,,,,,,,,,,,,,,,,,,,,,,,,
75,1,75,77,DIF. MINIMO MES ANTERIOR,"1000 - Salário, vencimento, soldo ou subsídio",11,11,11,-,"11 - Artigo 28, inciso I, da Lei n° 8.212/91",11 - Artigos 3º e 7º da Lei nº 7.713/88,11 - Artigo 15 da Lei n° 8.036/90,"{""FGTS"": 11, ""INSS"": 11, ""IRRF"": 11, ""Analise"": ""-"", ""Rubrica"": ""DIF. MINIMO MES ANTERIOR"", ""Cod Rubrica"": 77, ""Cód Natureza"": ""1000 - Salário, vencimento, soldo ou subsídio"", ""Incid./Base Legal FGTS"": ""11 - Artigo 15 da Lei n° 8.036/90"", ""Incid./Base Legal INSS"": ""11 - Artigo 28, inciso I, da Lei n° 8.212/91"", ""Incid./Base Legal IRRF"": ""11 - Artigos 3º e 7º da Lei nº 7.713/88""}",2026-03-25 15:01:09.753784,,,,,,,,,,,,,,,,,,,,,,,,,,,,,,,,,,,,,,,,,,,,
76,1,76,78,HORAS NOTURNAS 50%,1003 - Horas extraordinárias,11,11,11,-,"11 - Artigo 28, inciso I, da Lei n° 8.212/91",11 - Artigos 3º e 7º da Lei nº 7.713/88,11 - Artigo 15 da Lei n° 8.036/90,"{""FGTS"": 11, ""INSS"": 11, ""IRRF"": 11, ""Analise"": ""-"", ""Rubrica"": ""HORAS NOTURNAS 50%"", ""Cod Rubrica"": 78, ""Cód Natureza"": ""1003 - Horas extraordinárias"", ""Incid./Base Legal FGTS"": ""11 - Artigo 15 da Lei n° 8.036/90"", ""Incid./Base Legal INSS"": ""11 - Artigo 28, inciso I, da Lei n° 8.212/91"", ""Incid./Base Legal IRRF"": ""11 - Artigos 3º e 7º da Lei nº 7.713/88""}",2026-03-25 15:01:09.753784,,,,,,,,,,,,,,,,,,,,,,,,,,,,,,,,,,,,,,,,,,,,
77,1,77,79,HORAS NOTURNAS REDUZIDAS,1205 - Adicional noturno,11,11,11,-,"11 - Artigo 28, inciso I, da Lei n° 8.212/91",11 - Artigos 3º e 7º da Lei nº 7.713/88,11 - Artigo 15 da Lei n° 8.036/90,"{""FGTS"": 11, ""INSS"": 11, ""IRRF"": 11, ""Analise"": ""-"", ""Rubrica"": ""HORAS NOTURNAS REDUZIDAS"", ""Cod Rubrica"": 79, ""Cód Natureza"": ""1205 - Adicional noturno"", ""Incid./Base Legal FGTS"": ""11 - Artigo 15 da Lei n° 8.036/90"", ""Incid./Base Legal INSS"": ""11 - Artigo 28, inciso I, da Lei n° 8.212/91"", ""Incid./Base Legal IRRF"": ""11 - Artigos 3º e 7º da Lei nº 7.713/88""}",2026-03-25 15:01:09.753784,,,,,,,,,,,,,,,,,,,,,,,,,,,,,,,,,,,,,,,,,,,,
78,1,78,80,HORAS NOTURNAS REDUZIDAS 35%,1205 - Adicional noturno,11,11,11,-,"11 - Artigo 28, inciso I, da Lei n° 8.212/91",11 - Artigos 3º e 7º da Lei nº 7.713/88,11 - Artigo 15 da Lei n° 8.036/90,"{""FGTS"": 11, ""INSS"": 11, ""IRRF"": 11, ""Analise"": ""-"", ""Rubrica"": ""HORAS NOTURNAS REDUZIDAS 35%"", ""Cod Rubrica"": 80, ""Cód Natureza"": ""1205 - Adicional noturno"", ""Incid./Base Legal FGTS"": ""11 - Artigo 15 da Lei n° 8.036/90"", ""Incid./Base Legal INSS"": ""11 - Artigo 28, inciso I, da Lei n° 8.212/91"", ""Incid./Base Legal IRRF"": ""11 - Artigos 3º e 7º da Lei nº 7.713/88""}",2026-03-25 15:01:09.753784,,,,,,,,,,,,,,,,,,,,,,,,,,,,,,,,,,,,,,,,,,,,
79,1,79,81,HORAS REDUZIDAS ADIC. NOT MES ANT,1205 - Adicional noturno,11,11,11,-,"11 - Artigo 28, inciso I, da Lei n° 8.212/91",11 - Artigos 3º e 7º da Lei nº 7.713/88,11 - Artigo 15 da Lei n° 8.036/90,"{""FGTS"": 11, ""INSS"": 11, ""IRRF"": 11, ""Analise"": ""-"", ""Rubrica"": ""HORAS REDUZIDAS ADIC. NOT MES ANT"", ""Cod Rubrica"": 81, ""Cód Natureza"": ""1205 - Adicional noturno"", ""Incid./Base Legal FGTS"": ""11 - Artigo 15 da Lei n° 8.036/90"", ""Incid./Base Legal INSS"": ""11 - Artigo 28, inciso I, da Lei n° 8.212/91"", ""Incid./Base Legal IRRF"": ""11 - Artigos 3º e 7º da Lei nº 7.713/88""}",2026-03-25 15:01:09.753784,,,,,,,,,,,,,,,,,,,,,,,,,,,,,,,,,,,,,,,,,,,,
80,1,80,82,HORAS REDUZIDAS ADIC. NOTURNO,1205 - Adicional noturno,11,11,11,-,"11 - Artigo 28, inciso I, da Lei n° 8.212/91",11 - Artigos 3º e 7º da Lei nº 7.713/88,11 - Artigo 15 da Lei n° 8.036/90,"{""FGTS"": 11, ""INSS"": 11, ""IRRF"": 11, ""Analise"": ""-"", ""Rubrica"": ""HORAS REDUZIDAS ADIC. NOTURNO"", ""Cod Rubrica"": 82, ""Cód Natureza"": ""1205 - Adicional noturno"", ""Incid./Base Legal FGTS"": ""11 - Artigo 15 da Lei n° 8.036/90"", ""Incid./Base Legal INSS"": ""11 - Artigo 28, inciso I, da Lei n° 8.212/91"", ""Incid./Base Legal IRRF"": ""11 - Artigos 3º e 7º da Lei nº 7.713/88""}",2026-03-25 15:01:09.753784,,,,,,,,,,,,,,,,,,,,,,,,,,,,,,,,,,,,,,,,,,,,
81,1,81,83,HORAS REDUZIDAS MES ANTERIOR,1205 - Adicional noturno,11,11,11,-,"11 - Artigo 28, inciso I, da Lei n° 8.212/91",11 - Artigos 3º e 7º da Lei nº 7.713/88,11 - Artigo 15 da Lei n° 8.036/90,"{""FGTS"": 11, ""INSS"": 11, ""IRRF"": 11, ""Analise"": ""-"", ""Rubrica"": ""HORAS REDUZIDAS MES ANTERIOR"", ""Cod Rubrica"": 83, ""Cód Natureza"": ""1205 - Adicional noturno"", ""Incid./Base Legal FGTS"": ""11 - Artigo 15 da Lei n° 8.036/90"", ""Incid./Base Legal INSS"": ""11 - Artigo 28, inciso I, da Lei n° 8.212/91"", ""Incid./Base Legal IRRF"": ""11 - Artigos 3º e 7º da Lei nº 7.713/88""}",2026-03-25 15:01:09.753784,,,,,,,,,,,,,,,,,,,,,,,,,,,,,,,,,,,,,,,,,,,,
82,1,82,84,NONA HORA,1003 - Horas extraordinárias,11,11,11,-,"11 - Artigo 28, inciso I, da Lei n° 8.212/91",11 - Artigos 3º e 7º da Lei nº 7.713/88,11 - Artigo 15 da Lei n° 8.036/90,"{""FGTS"": 11, ""INSS"": 11, ""IRRF"": 11, ""Analise"": ""-"", ""Rubrica"": ""NONA HORA"", ""Cod Rubrica"": 84, ""Cód Natureza"": ""1003 - Horas extraordinárias"", ""Incid./Base Legal FGTS"": ""11 - Artigo 15 da Lei n° 8.036/90"", ""Incid./Base Legal INSS"": ""11 - Artigo 28, inciso I, da Lei n° 8.212/91"", ""Incid./Base Legal IRRF"": ""11 - Artigos 3º e 7º da Lei nº 7.713/88""}",2026-03-25 15:01:09.753784,,,,,,,,,,,,,,,,,,,,,,,,,,,,,,,,,,,,,,,,,,,,
83,1,83,85,HORAS EXTRAS REF.DIF 50 x100,1003 - Horas extraordinárias,11,11,11,-,"11 - Artigo 28, inciso I, da Lei n° 8.212/91",11 - Artigos 3º e 7º da Lei nº 7.713/88,11 - Artigo 15 da Lei n° 8.036/90,"{""FGTS"": 11, ""INSS"": 11, ""IRRF"": 11, ""Analise"": ""-"", ""Rubrica"": ""HORAS EXTRAS REF.DIF 50 x100"", ""Cod Rubrica"": 85, ""Cód Natureza"": ""1003 - Horas extraordinárias"", ""Incid./Base Legal FGTS"": ""11 - Artigo 15 da Lei n° 8.036/90"", ""Incid./Base Legal INSS"": ""11 - Artigo 28, inciso I, da Lei n° 8.212/91"", ""Incid./Base Legal IRRF"": ""11 - Artigos 3º e 7º da Lei nº 7.713/88""}",2026-03-25 15:01:09.753784,,,,,,,,,,,,,,,,,,,,,,,,,,,,,,,,,,,,,,,,,,,,
84,1,84,86,HORA FICTA,1006 - Intervalos intra e inter jornadas não concedidos,11,11,11,Rubrica com inconsistência de FGTS,"0 - Artigo 28, § 9º da Lei n° 8.212/91",11 - Artigos 3º e 7º da Lei nº 7.713/88; Acórdão nº 06-38308 de 25/10/2012,"0 - Artigo 15, § 6º da Lei n° 8.036/90","{""FGTS"": 11, ""INSS"": 11, ""IRRF"": 11, ""Analise"": ""Rubrica com inconsistência de FGTS"", ""Rubrica"": ""HORA FICTA"", ""Cod Rubrica"": 86, ""Cód Natureza"": ""1006 - Intervalos intra e inter jornadas não concedidos"", ""Incid./Base Legal FGTS"": ""0 - Artigo 15, § 6º da Lei n° 8.036/90"", ""Incid./Base Legal INSS"": ""0 - Artigo 28, § 9º da Lei n° 8.212/91"", ""Incid./Base Legal IRRF"": ""11 - Artigos 3º e 7º da Lei nº 7.713/88; Acórdão nº 06-38308 de 25/10/2012""}",2026-03-25 15:01:09.753784,,,,,,,,,,,,,,,,,,,,,,,,,,,,,,,,,,,,,,,,,,,,
85,1,85,11 - Solução de consulta Cosit 108/2023,,,,,,,,,,"{""Incid./Base Legal INSS"": ""11 - Solução de consulta Cosit 108/2023""}",2026-03-25 15:01:09.753784,,,,,,,,,,,,,,,,,,,,,,,,,,,,,,,,,,,,,,,,,,,,
86,1,86,87,HORA FICTA MES ANTERIOR,1006 - Intervalos intra e inter jornadas não concedidos,11,11,11,Rubrica com inconsistência de FGTS,"0 - Artigo 28, § 9º da Lei n° 8.212/91",11 - Artigos 3º e 7º da Lei nº 7.713/88; Acórdão nº 06-38308 de 25/10/2012,"0 - Artigo 15, § 6º da Lei n° 8.036/90","{""FGTS"": 11, ""INSS"": 11, ""IRRF"": 11, ""Analise"": ""Rubrica com inconsistência de FGTS"", ""Rubrica"": ""HORA FICTA MES ANTERIOR"", ""Cod Rubrica"": 87, ""Cód Natureza"": ""1006 - Intervalos intra e inter jornadas não concedidos"", ""Incid./Base Legal FGTS"": ""0 - Artigo 15, § 6º da Lei n° 8.036/90"", ""Incid./Base Legal INSS"": ""0 - Artigo 28, § 9º da Lei n° 8.212/91"", ""Incid./Base Legal IRRF"": ""11 - Artigos 3º e 7º da Lei nº 7.713/88; Acórdão nº 06-38308 de 25/10/2012""}",2026-03-25 15:01:09.753784,,,,,,,,,,,,,,,,,,,,,,,,,,,,,,,,,,,,,,,,,,,,
87,1,87,11 - Solução de consulta Cosit 108/2023,,,,,,,,,,"{""Incid./Base Legal INSS"": ""11 - Solução de consulta Cosit 108/2023""}",2026-03-25 15:01:09.753784,,,,,,,,,,,,,,,,,,,,,,,,,,,,,,,,,,,,,,,,,,,,
88,1,88,88,HORA NOTURNA REDUZIDA,1205 - Adicional noturno,11,11,11,-,"11 - Artigo 28, inciso I, da Lei n° 8.212/91",11 - Artigos 3º e 7º da Lei nº 7.713/88,11 - Artigo 15 da Lei n° 8.036/90,"{""FGTS"": 11, ""INSS"": 11, ""IRRF"": 11, ""Analise"": ""-"", ""Rubrica"": ""HORA NOTURNA REDUZIDA"", ""Cod Rubrica"": 88, ""Cód Natureza"": ""1205 - Adicional noturno"", ""Incid./Base Legal FGTS"": ""11 - Artigo 15 da Lei n° 8.036/90"", ""Incid./Base Legal INSS"": ""11 - Artigo 28, inciso I, da Lei n° 8.212/91"", ""Incid./Base Legal IRRF"": ""11 - Artigos 3º e 7º da Lei nº 7.713/88""}",2026-03-25 15:01:09.753784,,,,,,,,,,,,,,,,,,,,,,,,,,,,,,,,,,,,,,,,,,,,
89,1,89,89,HORA REDUZIDA,1205 - Adicional noturno,11,11,11,-,"11 - Artigo 28, inciso I, da Lei n° 8.212/91",11 - Artigos 3º e 7º da Lei nº 7.713/88,11 - Artigo 15 da Lei n° 8.036/90,"{""FGTS"": 11, ""INSS"": 11, ""IRRF"": 11, ""Analise"": ""-"", ""Rubrica"": ""HORA REDUZIDA"", ""Cod Rubrica"": 89, ""Cód Natureza"": ""1205 - Adicional noturno"", ""Incid./Base Legal FGTS"": ""11 - Artigo 15 da Lei n° 8.036/90"", ""Incid./Base Legal INSS"": ""11 - Artigo 28, inciso I, da Lei n° 8.212/91"", ""Incid./Base Legal IRRF"": ""11 - Artigos 3º e 7º da Lei nº 7.713/88""}",2026-03-25 15:01:09.753784,,,,,,,,,,,,,,,,,,,,,,,,,,,,,,,,,,,,,,,,,,,,
90,1,90,90,HORAS A COMPENSAR,1004 - Horas extraordinárias - Indenização de banco de horas,11,11,11,-,"11 - Artigo 28, inciso I, da Lei n° 8.212/91",11 - Artigos 3º e 7º da Lei nº 7.713/88,11 - Artigo 15 da Lei n° 8.036/90,"{""FGTS"": 11, ""INSS"": 11, ""IRRF"": 11, ""Analise"": ""-"", ""Rubrica"": ""HORAS A COMPENSAR"", ""Cod Rubrica"": 90, ""Cód Natureza"": ""1004 - Horas extraordinárias - Indenização de banco de horas"", ""Incid./Base Legal FGTS"": ""11 - Artigo 15 da Lei n° 8.036/90"", ""Incid./Base Legal INSS"": ""11 - Artigo 28, inciso I, da Lei n° 8.212/91"", ""Incid./Base Legal IRRF"": ""11 - Artigos 3º e 7º da Lei nº 7.713/88""}",2026-03-25 15:01:09.753784,,,,,,,,,,,,,,,,,,,,,,,,,,,,,,,,,,,,,,,,,,,,
91,1,91,91,HORAS A DESC. FERIAS,"1000 - Salário, vencimento, soldo ou subsídio",11,11,11,-,"11 - Artigo 28, inciso I, da Lei n° 8.212/91",11 - Artigos 3º e 7º da Lei nº 7.713/88,11 - Artigo 15 da Lei n° 8.036/90,"{""FGTS"": 11, ""INSS"": 11, ""IRRF"": 11, ""Analise"": ""-"", ""Rubrica"": ""HORAS A DESC. FERIAS"", ""Cod Rubrica"": 91, ""Cód Natureza"": ""1000 - Salário, vencimento, soldo ou subsídio"", ""Incid./Base Legal FGTS"": ""11 - Artigo 15 da Lei n° 8.036/90"", ""Incid./Base Legal INSS"": ""11 - Artigo 28, inciso I, da Lei n° 8.212/91"", ""Incid./Base Legal IRRF"": ""11 - Artigos 3º e 7º da Lei nº 7.713/88""}",2026-03-25 15:01:09.753784,,,,,,,,,,,,,,,,,,,,,,,,,,,,,,,,,,,,,,,,,,,,
92,1,92,92,HORAS ABONADAS,"1000 - Salário, vencimento, soldo ou subsídio",11,11,11,-,"11 - Artigo 28, inciso I, da Lei n° 8.212/91",11 - Artigos 3º e 7º da Lei nº 7.713/88,11 - Artigo 15 da Lei n° 8.036/90,"{""FGTS"": 11, ""INSS"": 11, ""IRRF"": 11, ""Analise"": ""-"", ""Rubrica"": ""HORAS ABONADAS"", ""Cod Rubrica"": 92, ""Cód Natureza"": ""1000 - Salário, vencimento, soldo ou subsídio"", ""Incid./Base Legal FGTS"": ""11 - Artigo 15 da Lei n° 8.036/90"", ""Incid./Base Legal INSS"": ""11 - Artigo 28, inciso I, da Lei n° 8.212/91"", ""Incid./Base Legal IRRF"": ""11 - Artigos 3º e 7º da Lei nº 7.713/88""}",2026-03-25 15:01:09.753784,,,,,,,,,,,,,,,,,,,,,,,,,,,,,,,,,,,,,,,,,,,,
93,1,93,93,F.G.T.S. MULTA,6101 - indenização compensatória - multa rescisória 20 ou 40% (CF/88),0,9,0,-,"0 - Artigo 28, § 9º da Lei n° 8.212/91",9 - Artigo 28 da Lei nº 8.036/90,"0 - Artigo 15, § 6º da Lei n° 8.036/90","{""FGTS"": 0, ""INSS"": 0, ""IRRF"": 9, ""Analise"": ""-"", ""Rubrica"": ""F.G.T.S. MULTA"", ""Cod Rubrica"": 93, ""Cód Natureza"": ""6101 - indenização compensatória - multa rescisória 20 ou 40% (CF/88)"", ""Incid./Base Legal FGTS"": ""0 - Artigo 15, § 6º da Lei n° 8.036/90"", ""Incid./Base Legal INSS"": ""0 - Artigo 28, § 9º da Lei n° 8.212/91"", ""Incid./Base Legal IRRF"": ""9 - Artigo 28 da Lei nº 8.036/90""}",2026-03-25 15:01:09.753784,,,,,,,,,,,,,,,,,,,,,,,,,,,,,,,,,,,,,,,,,,,,
94,1,94,94,H EXTRAS DIF 50% X 60%- MES ANTERIOR,1003 - Horas extraordinárias,11,11,11,-,"11 - Artigo 28, inciso I, da Lei n° 8.212/91",11 - Artigos 3º e 7º da Lei nº 7.713/88,11 - Artigo 15 da Lei n° 8.036/90,"{""FGTS"": 11, ""INSS"": 11, ""IRRF"": 11, ""Analise"": ""-"", ""Rubrica"": ""H EXTRAS DIF 50% X 60%- MES ANTERIOR"", ""Cod Rubrica"": 94, ""Cód Natureza"": ""1003 - Horas extraordinárias"", ""Incid./Base Legal FGTS"": ""11 - Artigo 15 da Lei n° 8.036/90"", ""Incid./Base Legal INSS"": ""11 - Artigo 28, inciso I, da Lei n° 8.212/91"", ""Incid./Base Legal IRRF"": ""11 - Artigos 3º e 7º da Lei nº 7.713/88""}",2026-03-25 15:01:09.753784,,,,,,,,,,,,,,,,,,,,,,,,,,,,,,,,,,,,,,,,,,,,
95,1,95,95,HORAS EXTRAS 06/2014,1003 - Horas extraordinárias,11,11,11,-,"11 - Artigo 28, inciso I, da Lei n° 8.212/91",11 - Artigos 3º e 7º da Lei nº 7.713/88,11 - Artigo 15 da Lei n° 8.036/90,"{""FGTS"": 11, ""INSS"": 11, ""IRRF"": 11, ""Analise"": ""-"", ""Rubrica"": ""HORAS EXTRAS 06/2014"", ""Cod Rubrica"": 95, ""Cód Natureza"": ""1003 - Horas extraordinárias"", ""Incid./Base Legal FGTS"": ""11 - Artigo 15 da Lei n° 8.036/90"", ""Incid./Base Legal INSS"": ""11 - Artigo 28, inciso I, da Lei n° 8.212/91"", ""Incid./Base Legal IRRF"": ""11 - Artigos 3º e 7º da Lei nº 7.713/88""}",2026-03-25 15:01:09.753784,,,,,,,,,,,,,,,,,,,,,,,,,,,,,,,,,,,,,,,,,,,,
96,1,96,96,HORAS EXTRAS 07/2014,1003 - Horas extraordinárias,11,11,11,-,"11 - Artigo 28, inciso I, da Lei n° 8.212/91",11 - Artigos 3º e 7º da Lei nº 7.713/88,11 - Artigo 15 da Lei n° 8.036/90,"{""FGTS"": 11, ""INSS"": 11, ""IRRF"": 11, ""Analise"": ""-"", ""Rubrica"": ""HORAS EXTRAS 07/2014"", ""Cod Rubrica"": 96, ""Cód Natureza"": ""1003 - Horas extraordinárias"", ""Incid./Base Legal FGTS"": ""11 - Artigo 15 da Lei n° 8.036/90"", ""Incid./Base Legal INSS"": ""11 - Artigo 28, inciso I, da Lei n° 8.212/91"", ""Incid./Base Legal IRRF"": ""11 - Artigos 3º e 7º da Lei nº 7.713/88""}",2026-03-25 15:01:09.753784,,,,,,,,,,,,,,,,,,,,,,,,,,,,,,,,,,,,,,,,,,,,
97,1,97,97,HORAS EXTRAS 08/2014,1003 - Horas extraordinárias,11,11,11,-,"11 - Artigo 28, inciso I, da Lei n° 8.212/91",11 - Artigos 3º e 7º da Lei nº 7.713/88,11 - Artigo 15 da Lei n° 8.036/90,"{""FGTS"": 11, ""INSS"": 11, ""IRRF"": 11, ""Analise"": ""-"", ""Rubrica"": ""HORAS EXTRAS 08/2014"", ""Cod Rubrica"": 97, ""Cód Natureza"": ""1003 - Horas extraordinárias"", ""Incid./Base Legal FGTS"": ""11 - Artigo 15 da Lei n° 8.036/90"", ""Incid./Base Legal INSS"": ""11 - Artigo 28, inciso I, da Lei n° 8.212/91"", ""Incid./Base Legal IRRF"": ""11 - Artigos 3º e 7º da Lei nº 7.713/88""}",2026-03-25 15:01:09.753784,,,,,,,,,,,,,,,,,,,,,,,,,,,,,,,,,,,,,,,,,,,,
98,1,98,98,HORAS EXTRAS 09/2014,1003 - Horas extraordinárias,11,11,11,-,"11 - Artigo 28, inciso I, da Lei n° 8.212/91",11 - Artigos 3º e 7º da Lei nº 7.713/88,11 - Artigo 15 da Lei n° 8.036/90,"{""FGTS"": 11, ""INSS"": 11, ""IRRF"": 11, ""Analise"": ""-"", ""Rubrica"": ""HORAS EXTRAS 09/2014"", ""Cod Rubrica"": 98, ""Cód Natureza"": ""1003 - Horas extraordinárias"", ""Incid./Base Legal FGTS"": ""11 - Artigo 15 da Lei n° 8.036/90"", ""Incid./Base Legal INSS"": ""11 - Artigo 28, inciso I, da Lei n° 8.212/91"", ""Incid./Base Legal IRRF"": ""11 - Artigos 3º e 7º da Lei nº 7.713/88""}",2026-03-25 15:01:09.753784,,,,,,,,,,,,,,,,,,,,,,,,,,,,,,,,,,,,,,,,,,,,
99,1,99,99,HORAS EXTRAS 10/2014,1003 - Horas extraordinárias,11,11,11,-,"11 - Artigo 28, inciso I, da Lei n° 8.212/91",11 - Artigos 3º e 7º da Lei nº 7.713/88,11 - Artigo 15 da Lei n° 8.036/90,"{""FGTS"": 11, ""INSS"": 11, ""IRRF"": 11, ""Analise"": ""-"", ""Rubrica"": ""HORAS EXTRAS 10/2014"", ""Cod Rubrica"": 99, ""Cód Natureza"": ""1003 - Horas extraordinárias"", ""Incid./Base Legal FGTS"": ""11 - Artigo 15 da Lei n° 8.036/90"", ""Incid./Base Legal INSS"": ""11 - Artigo 28, inciso I, da Lei n° 8.212/91"", ""Incid./Base Legal IRRF"": ""11 - Artigos 3º e 7º da Lei nº 7.713/88""}",2026-03-25 15:01:09.753784,,,,,,,,,,,,,,,,,,,,,,,,,,,,,,,,,,,,,,,,,,,,
100,1,100,100,HORAS EXTRAS 20%,1003 - Horas extraordinárias,11,11,11,-,"11 - Artigo 28, inciso I, da Lei n° 8.212/91",11 - Artigos 3º e 7º da Lei nº 7.713/88,11 - Artigo 15 da Lei n° 8.036/90,"{""FGTS"": 11, ""INSS"": 11, ""IRRF"": 11, ""Analise"": ""-"", ""Rubrica"": ""HORAS EXTRAS 20%"", ""Cod Rubrica"": 100, ""Cód Natureza"": ""1003 - Horas extraordinárias"", ""Incid./Base Legal FGTS"": ""11 - Artigo 15 da Lei n° 8.036/90"", ""Incid./Base Legal INSS"": ""11 - Artigo 28, inciso I, da Lei n° 8.212/91"", ""Incid./Base Legal IRRF"": ""11 - Artigos 3º e 7º da Lei nº 7.713/88""}",2026-03-25 15:01:09.753784,,,,,,,,,,,,,,,,,,,,,,,,,,,,,,,,,,,,,,,,,,,,
101,1,101,101,HORAS EXTRAS 35%,1003 - Horas extraordinárias,11,11,11,-,"11 - Artigo 28, inciso I, da Lei n° 8.212/91",11 - Artigos 3º e 7º da Lei nº 7.713/88,11 - Artigo 15 da Lei n° 8.036/90,"{""FGTS"": 11, ""INSS"": 11, ""IRRF"": 11, ""Analise"": ""-"", ""Rubrica"": ""HORAS EXTRAS 35%"", ""Cod Rubrica"": 101, ""Cód Natureza"": ""1003 - Horas extraordinárias"", ""Incid./Base Legal FGTS"": ""11 - Artigo 15 da Lei n° 8.036/90"", ""Incid./Base Legal INSS"": ""11 - Artigo 28, inciso I, da Lei n° 8.212/91"", ""Incid./Base Legal IRRF"": ""11 - Artigos 3º e 7º da Lei nº 7.713/88""}",2026-03-25 15:01:09.753784,,,,,,,,,,,,,,,,,,,,,,,,,,,,,,,,,,,,,,,,,,,,
102,1,102,102,HORAS EXTRAS 60%,1003 - Horas extraordinárias,11,11,11,-,"11 - Artigo 28, inciso I, da Lei n° 8.212/91",11 - Artigos 3º e 7º da Lei nº 7.713/88,11 - Artigo 15 da Lei n° 8.036/90,"{""FGTS"": 11, ""INSS"": 11, ""IRRF"": 11, ""Analise"": ""-"", ""Rubrica"": ""HORAS EXTRAS 60%"", ""Cod Rubrica"": 102, ""Cód Natureza"": ""1003 - Horas extraordinárias"", ""Incid./Base Legal FGTS"": ""11 - Artigo 15 da Lei n° 8.036/90"", ""Incid./Base Legal INSS"": ""11 - Artigo 28, inciso I, da Lei n° 8.212/91"", ""Incid./Base Legal IRRF"": ""11 - Artigos 3º e 7º da Lei nº 7.713/88""}",2026-03-25 15:01:09.753784,,,,,,,,,,,,,,,,,,,,,,,,,,,,,,,,,,,,,,,,,,,,
103,1,103,103,HORAS EXTRAS 44%,1003 - Horas extraordinárias,11,11,11,-,"11 - Artigo 28, inciso I, da Lei n° 8.212/91",11 - Artigos 3º e 7º da Lei nº 7.713/88,11 - Artigo 15 da Lei n° 8.036/90,"{""FGTS"": 11, ""INSS"": 11, ""IRRF"": 11, ""Analise"": ""-"", ""Rubrica"": ""HORAS EXTRAS 44%"", ""Cod Rubrica"": 103, ""Cód Natureza"": ""1003 - Horas extraordinárias"", ""Incid./Base Legal FGTS"": ""11 - Artigo 15 da Lei n° 8.036/90"", ""Incid./Base Legal INSS"": ""11 - Artigo 28, inciso I, da Lei n° 8.212/91"", ""Incid./Base Legal IRRF"": ""11 - Artigos 3º e 7º da Lei nº 7.713/88""}",2026-03-25 15:01:09.753784,,,,,,,,,,,,,,,,,,,,,,,,,,,,,,,,,,,,,,,,,,,,
104,1,104,104,HORAS EXTRAS 45%,1003 - Horas extraordinárias,11,11,11,-,"11 - Artigo 28, inciso I, da Lei n° 8.212/91",11 - Artigos 3º e 7º da Lei nº 7.713/88,11 - Artigo 15 da Lei n° 8.036/90,"{""FGTS"": 11, ""INSS"": 11, ""IRRF"": 11, ""Analise"": ""-"", ""Rubrica"": ""HORAS EXTRAS 45%"", ""Cod Rubrica"": 104, ""Cód Natureza"": ""1003 - Horas extraordinárias"", ""Incid./Base Legal FGTS"": ""11 - Artigo 15 da Lei n° 8.036/90"", ""Incid./Base Legal INSS"": ""11 - Artigo 28, inciso I, da Lei n° 8.212/91"", ""Incid./Base Legal IRRF"": ""11 - Artigos 3º e 7º da Lei nº 7.713/88""}",2026-03-25 15:01:09.753784,,,,,,,,,,,,,,,,,,,,,,,,,,,,,,,,,,,,,,,,,,,,
105,1,105,105,HORAS EXTRAS 50%,1003 - Horas extraordinárias,11,11,11,-,"11 - Artigo 28, inciso I, da Lei n° 8.212/91",11 - Artigos 3º e 7º da Lei nº 7.713/88,11 - Artigo 15 da Lei n° 8.036/90,"{""FGTS"": 11, ""INSS"": 11, ""IRRF"": 11, ""Analise"": ""-"", ""Rubrica"": ""HORAS EXTRAS 50%"", ""Cod Rubrica"": 105, ""Cód Natureza"": ""1003 - Horas extraordinárias"", ""Incid./Base Legal FGTS"": ""11 - Artigo 15 da Lei n° 8.036/90"", ""Incid./Base Legal INSS"": ""11 - Artigo 28, inciso I, da Lei n° 8.212/91"", ""Incid./Base Legal IRRF"": ""11 - Artigos 3º e 7º da Lei nº 7.713/88""}",2026-03-25 15:01:09.753784,,,,,,,,,,,,,,,,,,,,,,,,,,,,,,,,,,,,,,,,,,,,
106,1,106,106,HORAS EXTRAS 50% - 08/2014,1003 - Horas extraordinárias,11,11,11,-,"11 - Artigo 28, inciso I, da Lei n° 8.212/91",11 - Artigos 3º e 7º da Lei nº 7.713/88,11 - Artigo 15 da Lei n° 8.036/90,"{""FGTS"": 11, ""INSS"": 11, ""IRRF"": 11, ""Analise"": ""-"", ""Rubrica"": ""HORAS EXTRAS 50% - 08/2014"", ""Cod Rubrica"": 106, ""Cód Natureza"": ""1003 - Horas extraordinárias"", ""Incid./Base Legal FGTS"": ""11 - Artigo 15 da Lei n° 8.036/90"", ""Incid./Base Legal INSS"": ""11 - Artigo 28, inciso I, da Lei n° 8.212/91"", ""Incid./Base Legal IRRF"": ""11 - Artigos 3º e 7º da Lei nº 7.713/88""}",2026-03-25 15:01:09.753784,,,,,,,,,,,,,,,,,,,,,,,,,,,,,,,,,,,,,,,,,,,,
107,1,107,107,HORAS EXTRAS 50% - 11/2014,1003 - Horas extraordinárias,11,11,11,-,"11 - Artigo 28, inciso I, da Lei n° 8.212/91",11 - Artigos 3º e 7º da Lei nº 7.713/88,11 - Artigo 15 da Lei n° 8.036/90,"{""FGTS"": 11, ""INSS"": 11, ""IRRF"": 11, ""Analise"": ""-"", ""Rubrica"": ""HORAS EXTRAS 50% - 11/2014"", ""Cod Rubrica"": 107, ""Cód Natureza"": ""1003 - Horas extraordinárias"", ""Incid./Base Legal FGTS"": ""11 - Artigo 15 da Lei n° 8.036/90"", ""Incid./Base Legal INSS"": ""11 - Artigo 28, inciso I, da Lei n° 8.212/91"", ""Incid./Base Legal IRRF"": ""11 - Artigos 3º e 7º da Lei nº 7.713/88""}",2026-03-25 15:01:09.753784,,,,,,,,,,,,,,,,,,,,,,,,,,,,,,,,,,,,,,,,,,,,
108,1,108,108,HORAS EXTRAS 50% - MES ANTERIOR,1003 - Horas extraordinárias,11,11,11,-,"11 - Artigo 28, inciso I, da Lei n° 8.212/91",11 - Artigos 3º e 7º da Lei nº 7.713/88,11 - Artigo 15 da Lei n° 8.036/90,"{""FGTS"": 11, ""INSS"": 11, ""IRRF"": 11, ""Analise"": ""-"", ""Rubrica"": ""HORAS EXTRAS 50% - MES ANTERIOR"", ""Cod Rubrica"": 108, ""Cód Natureza"": ""1003 - Horas extraordinárias"", ""Incid./Base Legal FGTS"": ""11 - Artigo 15 da Lei n° 8.036/90"", ""Incid./Base Legal INSS"": ""11 - Artigo 28, inciso I, da Lei n° 8.212/91"", ""Incid./Base Legal IRRF"": ""11 - Artigos 3º e 7º da Lei nº 7.713/88""}",2026-03-25 15:01:09.753784,,,,,,,,,,,,,,,,,,,,,,,,,,,,,,,,,,,,,,,,,,,,
109,1,109,109,HORAS EXTRAS 50% + ADIC NOT 20,1003 - Horas extraordinárias,11,11,11,-,"11 - Artigo 28, inciso I, da Lei n° 8.212/91",11 - Artigos 3º e 7º da Lei nº 7.713/88,11 - Artigo 15 da Lei n° 8.036/90,"{""FGTS"": 11, ""INSS"": 11, ""IRRF"": 11, ""Analise"": ""-"", ""Rubrica"": ""HORAS EXTRAS 50% + ADIC NOT 20"", ""Cod Rubrica"": 109, ""Cód Natureza"": ""1003 - Horas extraordinárias"", ""Incid./Base Legal FGTS"": ""11 - Artigo 15 da Lei n° 8.036/90"", ""Incid./Base Legal INSS"": ""11 - Artigo 28, inciso I, da Lei n° 8.212/91"", ""Incid./Base Legal IRRF"": ""11 - Artigos 3º e 7º da Lei nº 7.713/88""}",2026-03-25 15:01:09.753784,,,,,,,,,,,,,,,,,,,,,,,,,,,,,,,,,,,,,,,,,,,,
110,1,110,110,HORAS EXTRAS 50% + ADIC. NOT. 35%,1003 - Horas extraordinárias,11,11,11,-,"11 - Artigo 28, inciso I, da Lei n° 8.212/91",11 - Artigos 3º e 7º da Lei nº 7.713/88,11 - Artigo 15 da Lei n° 8.036/90,"{""FGTS"": 11, ""INSS"": 11, ""IRRF"": 11, ""Analise"": ""-"", ""Rubrica"": ""HORAS EXTRAS 50% + ADIC. NOT. 35%"", ""Cod Rubrica"": 110, ""Cód Natureza"": ""1003 - Horas extraordinárias"", ""Incid./Base Legal FGTS"": ""11 - Artigo 15 da Lei n° 8.036/90"", ""Incid./Base Legal INSS"": ""11 - Artigo 28, inciso I, da Lei n° 8.212/91"", ""Incid./Base Legal IRRF"": ""11 - Artigos 3º e 7º da Lei nº 7.713/88""}",2026-03-25 15:01:09.753784,,,,,,,,,,,,,,,,,,,,,,,,,,,,,,,,,,,,,,,,,,,,
111,1,111,111,HORAS EXTRAS 55%,1003 - Horas extraordinárias,11,11,11,-,"11 - Artigo 28, inciso I, da Lei n° 8.212/91",11 - Artigos 3º e 7º da Lei nº 7.713/88,11 - Artigo 15 da Lei n° 8.036/90,"{""FGTS"": 11, ""INSS"": 11, ""IRRF"": 11, ""Analise"": ""-"", ""Rubrica"": ""HORAS EXTRAS 55%"", ""Cod Rubrica"": 111, ""Cód Natureza"": ""1003 - Horas extraordinárias"", ""Incid./Base Legal FGTS"": ""11 - Artigo 15 da Lei n° 8.036/90"", ""Incid./Base Legal INSS"": ""11 - Artigo 28, inciso I, da Lei n° 8.212/91"", ""Incid./Base Legal IRRF"": ""11 - Artigos 3º e 7º da Lei nº 7.713/88""}",2026-03-25 15:01:09.753784,,,,,,,,,,,,,,,,,,,,,,,,,,,,,,,,,,,,,,,,,,,,
112,1,112,112,HORAS EXTRAS 60%,1003 - Horas extraordinárias,11,11,11,-,"11 - Artigo 28, inciso I, da Lei n° 8.212/91",11 - Artigos 3º e 7º da Lei nº 7.713/88,11 - Artigo 15 da Lei n° 8.036/90,"{""FGTS"": 11, ""INSS"": 11, ""IRRF"": 11, ""Analise"": ""-"", ""Rubrica"": ""HORAS EXTRAS 60%"", ""Cod Rubrica"": 112, ""Cód Natureza"": ""1003 - Horas extraordinárias"", ""Incid./Base Legal FGTS"": ""11 - Artigo 15 da Lei n° 8.036/90"", ""Incid./Base Legal INSS"": ""11 - Artigo 28, inciso I, da Lei n° 8.212/91"", ""Incid./Base Legal IRRF"": ""11 - Artigos 3º e 7º da Lei nº 7.713/88""}",2026-03-25 15:01:09.753784,,,,,,,,,,,,,,,,,,,,,,,,,,,,,,,,,,,,,,,,,,,,
113,1,113,113,HORAS EXTRAS 60% - 04/2011,1003 - Horas extraordinárias,11,11,11,-,"11 - Artigo 28, inciso I, da Lei n° 8.212/91",11 - Artigos 3º e 7º da Lei nº 7.713/88,11 - Artigo 15 da Lei n° 8.036/90,"{""FGTS"": 11, ""INSS"": 11, ""IRRF"": 11, ""Analise"": ""-"", ""Rubrica"": ""HORAS EXTRAS 60% - 04/2011"", ""Cod Rubrica"": 113, ""Cód Natureza"": ""1003 - Horas extraordinárias"", ""Incid./Base Legal FGTS"": ""11 - Artigo 15 da Lei n° 8.036/90"", ""Incid./Base Legal INSS"": ""11 - Artigo 28, inciso I, da Lei n° 8.212/91"", ""Incid./Base Legal IRRF"": ""11 - Artigos 3º e 7º da Lei nº 7.713/88""}",2026-03-25 15:01:09.753784,,,,,,,,,,,,,,,,,,,,,,,,,,,,,,,,,,,,,,,,,,,,
114,1,114,114,HORAS EXTRAS 60% - 05/2011,1003 - Horas extraordinárias,11,11,11,-,"11 - Artigo 28, inciso I, da Lei n° 8.212/91",11 - Artigos 3º e 7º da Lei nº 7.713/88,11 - Artigo 15 da Lei n° 8.036/90,"{""FGTS"": 11, ""INSS"": 11, ""IRRF"": 11, ""Analise"": ""-"", ""Rubrica"": ""HORAS EXTRAS 60% - 05/2011"", ""Cod Rubrica"": 114, ""Cód Natureza"": ""1003 - Horas extraordinárias"", ""Incid./Base Legal FGTS"": ""11 - Artigo 15 da Lei n° 8.036/90"", ""Incid./Base Legal INSS"": ""11 - Artigo 28, inciso I, da Lei n° 8.212/91"", ""Incid./Base Legal IRRF"": ""11 - Artigos 3º e 7º da Lei nº 7.713/88""}",2026-03-25 15:01:09.753784,,,,,,,,,,,,,,,,,,,,,,,,,,,,,,,,,,,,,,,,,,,,
115,1,115,115,HORAS EXTRAS 60% - 09/2011,1003 - Horas extraordinárias,11,11,11,-,"11 - Artigo 28, inciso I, da Lei n° 8.212/91",11 - Artigos 3º e 7º da Lei nº 7.713/88,11 - Artigo 15 da Lei n° 8.036/90,"{""FGTS"": 11, ""INSS"": 11, ""IRRF"": 11, ""Analise"": ""-"", ""Rubrica"": ""HORAS EXTRAS 60% - 09/2011"", ""Cod Rubrica"": 115, ""Cód Natureza"": ""1003 - Horas extraordinárias"", ""Incid./Base Legal FGTS"": ""11 - Artigo 15 da Lei n° 8.036/90"", ""Incid./Base Legal INSS"": ""11 - Artigo 28, inciso I, da Lei n° 8.212/91"", ""Incid./Base Legal IRRF"": ""11 - Artigos 3º e 7º da Lei nº 7.713/88""}",2026-03-25 15:01:09.753784,,,,,,,,,,,,,,,,,,,,,,,,,,,,,,,,,,,,,,,,,,,,
116,1,116,116,HORAS EXTRAS 60% - MES ANTERIOR,1003 - Horas extraordinárias,11,11,11,-,"11 - Artigo 28, inciso I, da Lei n° 8.212/91",11 - Artigos 3º e 7º da Lei nº 7.713/88,11 - Artigo 15 da Lei n° 8.036/90,"{""FGTS"": 11, ""INSS"": 11, ""IRRF"": 11, ""Analise"": ""-"", ""Rubrica"": ""HORAS EXTRAS 60% - MES ANTERIOR"", ""Cod Rubrica"": 116, ""Cód Natureza"": ""1003 - Horas extraordinárias"", ""Incid./Base Legal FGTS"": ""11 - Artigo 15 da Lei n° 8.036/90"", ""Incid./Base Legal INSS"": ""11 - Artigo 28, inciso I, da Lei n° 8.212/91"", ""Incid./Base Legal IRRF"": ""11 - Artigos 3º e 7º da Lei nº 7.713/88""}",2026-03-25 15:01:09.753784,,,,,,,,,,,,,,,,,,,,,,,,,,,,,,,,,,,,,,,,,,,,
117,1,117,117,HORAS EXTRAS 65%,1003 - Horas extraordinárias,11,11,11,-,"11 - Artigo 28, inciso I, da Lei n° 8.212/91",11 - Artigos 3º e 7º da Lei nº 7.713/88,11 - Artigo 15 da Lei n° 8.036/90,"{""FGTS"": 11, ""INSS"": 11, ""IRRF"": 11, ""Analise"": ""-"", ""Rubrica"": ""HORAS EXTRAS 65%"", ""Cod Rubrica"": 117, ""Cód Natureza"": ""1003 - Horas extraordinárias"", ""Incid./Base Legal FGTS"": ""11 - Artigo 15 da Lei n° 8.036/90"", ""Incid./Base Legal INSS"": ""11 - Artigo 28, inciso I, da Lei n° 8.212/91"", ""Incid./Base Legal IRRF"": ""11 - Artigos 3º e 7º da Lei nº 7.713/88""}",2026-03-25 15:01:09.753784,,,,,,,,,,,,,,,,,,,,,,,,,,,,,,,,,,,,,,,,,,,,
118,1,118,118,HORAS EXTRAS 65% - MES ANTERIOR,1003 - Horas extraordinárias,11,11,11,-,"11 - Artigo 28, inciso I, da Lei n° 8.212/91",11 - Artigos 3º e 7º da Lei nº 7.713/88,11 - Artigo 15 da Lei n° 8.036/90,"{""FGTS"": 11, ""INSS"": 11, ""IRRF"": 11, ""Analise"": ""-"", ""Rubrica"": ""HORAS EXTRAS 65% - MES ANTERIOR"", ""Cod Rubrica"": 118, ""Cód Natureza"": ""1003 - Horas extraordinárias"", ""Incid./Base Legal FGTS"": ""11 - Artigo 15 da Lei n° 8.036/90"", ""Incid./Base Legal INSS"": ""11 - Artigo 28, inciso I, da Lei n° 8.212/91"", ""Incid./Base Legal IRRF"": ""11 - Artigos 3º e 7º da Lei nº 7.713/88""}",2026-03-25 15:01:09.753784,,,,,,,,,,,,,,,,,,,,,,,,,,,,,,,,,,,,,,,,,,,,
119,1,119,119,HORAS EXTRAS 70%,1003 - Horas extraordinárias,11,11,11,-,"11 - Artigo 28, inciso I, da Lei n° 8.212/91",11 - Artigos 3º e 7º da Lei nº 7.713/88,11 - Artigo 15 da Lei n° 8.036/90,"{""FGTS"": 11, ""INSS"": 11, ""IRRF"": 11, ""Analise"": ""-"", ""Rubrica"": ""HORAS EXTRAS 70%"", ""Cod Rubrica"": 119, ""Cód Natureza"": ""1003 - Horas extraordinárias"", ""Incid./Base Legal FGTS"": ""11 - Artigo 15 da Lei n° 8.036/90"", ""Incid./Base Legal INSS"": ""11 - Artigo 28, inciso I, da Lei n° 8.212/91"", ""Incid./Base Legal IRRF"": ""11 - Artigos 3º e 7º da Lei nº 7.713/88""}",2026-03-25 15:01:09.753784,,,,,,,,,,,,,,,,,,,,,,,,,,,,,,,,,,,,,,,,,,,,
120,1,120,120,HORAS EXTRAS 70% - ART. 71,1003 - Horas extraordinárias,11,11,11,-,"11 - Artigo 28, inciso I, da Lei n° 8.212/91",11 - Artigos 3º e 7º da Lei nº 7.713/88,11 - Artigo 15 da Lei n° 8.036/90,"{""FGTS"": 11, ""INSS"": 11, ""IRRF"": 11, ""Analise"": ""-"", ""Rubrica"": ""HORAS EXTRAS 70% - ART. 71"", ""Cod Rubrica"": 120, ""Cód Natureza"": ""1003 - Horas extraordinárias"", ""Incid./Base Legal FGTS"": ""11 - Artigo 15 da Lei n° 8.036/90"", ""Incid./Base Legal INSS"": ""11 - Artigo 28, inciso I, da Lei n° 8.212/91"", ""Incid./Base Legal IRRF"": ""11 - Artigos 3º e 7º da Lei nº 7.713/88""}",2026-03-25 15:01:09.753784,,,,,,,,,,,,,,,,,,,,,,,,,,,,,,,,,,,,,,,,,,,,
121,1,121,121,HORAS EXTRAS 70% + ADIC. NOT. 30%,1003 - Horas extraordinárias,11,11,11,-,"11 - Artigo 28, inciso I, da Lei n° 8.212/91",11 - Artigos 3º e 7º da Lei nº 7.713/88,11 - Artigo 15 da Lei n° 8.036/90,"{""FGTS"": 11, ""INSS"": 11, ""IRRF"": 11, ""Analise"": ""-"", ""Rubrica"": ""HORAS EXTRAS 70% + ADIC. NOT. 30%"", ""Cod Rubrica"": 121, ""Cód Natureza"": ""1003 - Horas extraordinárias"", ""Incid./Base Legal FGTS"": ""11 - Artigo 15 da Lei n° 8.036/90"", ""Incid./Base Legal INSS"": ""11 - Artigo 28, inciso I, da Lei n° 8.212/91"", ""Incid./Base Legal IRRF"": ""11 - Artigos 3º e 7º da Lei nº 7.713/88""}",2026-03-25 15:01:09.753784,,,,,,,,,,,,,,,,,,,,,,,,,,,,,,,,,,,,,,,,,,,,
122,1,122,122,HORAS EXTRAS 75%,1003 - Horas extraordinárias,11,11,11,-,"11 - Artigo 28, inciso I, da Lei n° 8.212/91",11 - Artigos 3º e 7º da Lei nº 7.713/88,11 - Artigo 15 da Lei n° 8.036/90,"{""FGTS"": 11, ""INSS"": 11, ""IRRF"": 11, ""Analise"": ""-"", ""Rubrica"": ""HORAS EXTRAS 75%"", ""Cod Rubrica"": 122, ""Cód Natureza"": ""1003 - Horas extraordinárias"", ""Incid./Base Legal FGTS"": ""11 - Artigo 15 da Lei n° 8.036/90"", ""Incid./Base Legal INSS"": ""11 - Artigo 28, inciso I, da Lei n° 8.212/91"", ""Incid./Base Legal IRRF"": ""11 - Artigos 3º e 7º da Lei nº 7.713/88""}",2026-03-25 15:01:09.753784,,,,,,,,,,,,,,,,,,,,,,,,,,,,,,,,,,,,,,,,,,,,
123,1,123,123,HORAS EXTRAS 100%,1003 - Horas extraordinárias,11,11,11,-,"11 - Artigo 28, inciso I, da Lei n° 8.212/91",11 - Artigos 3º e 7º da Lei nº 7.713/88,11 - Artigo 15 da Lei n° 8.036/90,"{""FGTS"": 11, ""INSS"": 11, ""IRRF"": 11, ""Analise"": ""-"", ""Rubrica"": ""HORAS EXTRAS 100%"", ""Cod Rubrica"": 123, ""Cód Natureza"": ""1003 - Horas extraordinárias"", ""Incid./Base Legal FGTS"": ""11 - Artigo 15 da Lei n° 8.036/90"", ""Incid./Base Legal INSS"": ""11 - Artigo 28, inciso I, da Lei n° 8.212/91"", ""Incid./Base Legal IRRF"": ""11 - Artigos 3º e 7º da Lei nº 7.713/88""}",2026-03-25 15:01:09.753784,,,,,,,,,,,,,,,,,,,,,,,,,,,,,,,,,,,,,,,,,,,,
124,1,124,124,HORAS EXTRAS 100% - DIF,1003 - Horas extraordinárias,11,11,11,-,"11 - Artigo 28, inciso I, da Lei n° 8.212/91",11 - Artigos 3º e 7º da Lei nº 7.713/88,11 - Artigo 15 da Lei n° 8.036/90,"{""FGTS"": 11, ""INSS"": 11, ""IRRF"": 11, ""Analise"": ""-"", ""Rubrica"": ""HORAS EXTRAS 100% - DIF"", ""Cod Rubrica"": 124, ""Cód Natureza"": ""1003 - Horas extraordinárias"", ""Incid./Base Legal FGTS"": ""11 - Artigo 15 da Lei n° 8.036/90"", ""Incid./Base Legal INSS"": ""11 - Artigo 28, inciso I, da Lei n° 8.212/91"", ""Incid./Base Legal IRRF"": ""11 - Artigos 3º e 7º da Lei nº 7.713/88""}",2026-03-25 15:01:09.753784,,,,,,,,,,,,,,,,,,,,,,,,,,,,,,,,,,,,,,,,,,,,
125,1,125,125,HORAS EXTRAS 100% - 09/2011,1003 - Horas extraordinárias,11,11,11,-,"11 - Artigo 28, inciso I, da Lei n° 8.212/91",11 - Artigos 3º e 7º da Lei nº 7.713/88,11 - Artigo 15 da Lei n° 8.036/90,"{""FGTS"": 11, ""INSS"": 11, ""IRRF"": 11, ""Analise"": ""-"", ""Rubrica"": ""HORAS EXTRAS 100% - 09/2011"", ""Cod Rubrica"": 125, ""Cód Natureza"": ""1003 - Horas extraordinárias"", ""Incid./Base Legal FGTS"": ""11 - Artigo 15 da Lei n° 8.036/90"", ""Incid./Base Legal INSS"": ""11 - Artigo 28, inciso I, da Lei n° 8.212/91"", ""Incid./Base Legal IRRF"": ""11 - Artigos 3º e 7º da Lei nº 7.713/88""}",2026-03-25 15:01:09.753784,,,,,,,,,,,,,,,,,,,,,,,,,,,,,,,,,,,,,,,,,,,,
126,1,126,126,HORAS EXTRAS 100% - 11/2014,1003 - Horas extraordinárias,11,11,11,-,"11 - Artigo 28, inciso I, da Lei n° 8.212/91",11 - Artigos 3º e 7º da Lei nº 7.713/88,11 - Artigo 15 da Lei n° 8.036/90,"{""FGTS"": 11, ""INSS"": 11, ""IRRF"": 11, ""Analise"": ""-"", ""Rubrica"": ""HORAS EXTRAS 100% - 11/2014"", ""Cod Rubrica"": 126, ""Cód Natureza"": ""1003 - Horas extraordinárias"", ""Incid./Base Legal FGTS"": ""11 - Artigo 15 da Lei n° 8.036/90"", ""Incid./Base Legal INSS"": ""11 - Artigo 28, inciso I, da Lei n° 8.212/91"", ""Incid./Base Legal IRRF"": ""11 - Artigos 3º e 7º da Lei nº 7.713/88""}",2026-03-25 15:01:09.753784,,,,,,,,,,,,,,,,,,,,,,,,,,,,,,,,,,,,,,,,,,,,
127,1,127,127,HORAS EXTRAS 100% - MES ANTERIOR,1003 - Horas extraordinárias,11,11,11,-,"11 - Artigo 28, inciso I, da Lei n° 8.212/91",11 - Artigos 3º e 7º da Lei nº 7.713/88,11 - Artigo 15 da Lei n° 8.036/90,"{""FGTS"": 11, ""INSS"": 11, ""IRRF"": 11, ""Analise"": ""-"", ""Rubrica"": ""HORAS EXTRAS 100% - MES ANTERIOR"", ""Cod Rubrica"": 127, ""Cód Natureza"": ""1003 - Horas extraordinárias"", ""Incid./Base Legal FGTS"": ""11 - Artigo 15 da Lei n° 8.036/90"", ""Incid./Base Legal INSS"": ""11 - Artigo 28, inciso I, da Lei n° 8.212/91"", ""Incid./Base Legal IRRF"": ""11 - Artigos 3º e 7º da Lei nº 7.713/88""}",2026-03-25 15:01:09.753784,,,,,,,,,,,,,,,,,,,,,,,,,,,,,,,,,,,,,,,,,,,,
128,1,128,128,HORAS EXTRAS 100% + ADIC. NOT. 35%,1003 - Horas extraordinárias,11,11,11,-,"11 - Artigo 28, inciso I, da Lei n° 8.212/91",11 - Artigos 3º e 7º da Lei nº 7.713/88,11 - Artigo 15 da Lei n° 8.036/90,"{""FGTS"": 11, ""INSS"": 11, ""IRRF"": 11, ""Analise"": ""-"", ""Rubrica"": ""HORAS EXTRAS 100% + ADIC. NOT. 35%"", ""Cod Rubrica"": 128, ""Cód Natureza"": ""1003 - Horas extraordinárias"", ""Incid./Base Legal FGTS"": ""11 - Artigo 15 da Lei n° 8.036/90"", ""Incid./Base Legal INSS"": ""11 - Artigo 28, inciso I, da Lei n° 8.212/91"", ""Incid./Base Legal IRRF"": ""11 - Artigos 3º e 7º da Lei nº 7.713/88""}",2026-03-25 15:01:09.753784,,,,,,,,,,,,,,,,,,,,,,,,,,,,,,,,,,,,,,,,,,,,
129,1,129,129,HORAS EXTRAS 110%,1003 - Horas extraordinárias,11,11,11,-,"11 - Artigo 28, inciso I, da Lei n° 8.212/91",11 - Artigos 3º e 7º da Lei nº 7.713/88,11 - Artigo 15 da Lei n° 8.036/90,"{""FGTS"": 11, ""INSS"": 11, ""IRRF"": 11, ""Analise"": ""-"", ""Rubrica"": ""HORAS EXTRAS 110%"", ""Cod Rubrica"": 129, ""Cód Natureza"": ""1003 - Horas extraordinárias"", ""Incid./Base Legal FGTS"": ""11 - Artigo 15 da Lei n° 8.036/90"", ""Incid./Base Legal INSS"": ""11 - Artigo 28, inciso I, da Lei n° 8.212/91"", ""Incid./Base Legal IRRF"": ""11 - Artigos 3º e 7º da Lei nº 7.713/88""}",2026-03-25 15:01:09.753784,,,,,,,,,,,,,,,,,,,,,,,,,,,,,,,,,,,,,,,,,,,,
130,1,130,130,HORAS EXTRAS 110%,1003 - Horas extraordinárias,11,11,11,-,"11 - Artigo 28, inciso I, da Lei n° 8.212/91",11 - Artigos 3º e 7º da Lei nº 7.713/88,11 - Artigo 15 da Lei n° 8.036/90,"{""FGTS"": 11, ""INSS"": 11, ""IRRF"": 11, ""Analise"": ""-"", ""Rubrica"": ""HORAS EXTRAS 110%"", ""Cod Rubrica"": 130, ""Cód Natureza"": ""1003 - Horas extraordinárias"", ""Incid./Base Legal FGTS"": ""11 - Artigo 15 da Lei n° 8.036/90"", ""Incid./Base Legal INSS"": ""11 - Artigo 28, inciso I, da Lei n° 8.212/91"", ""Incid./Base Legal IRRF"": ""11 - Artigos 3º e 7º da Lei nº 7.713/88""}",2026-03-25 15:01:09.753784,,,,,,,,,,,,,,,,,,,,,,,,,,,,,,,,,,,,,,,,,,,,
131,1,131,131,HORAS EXTRAS 122%,1003 - Horas extraordinárias,11,11,11,-,"11 - Artigo 28, inciso I, da Lei n° 8.212/91",11 - Artigos 3º e 7º da Lei nº 7.713/88,11 - Artigo 15 da Lei n° 8.036/90,"{""FGTS"": 11, ""INSS"": 11, ""IRRF"": 11, ""Analise"": ""-"", ""Rubrica"": ""HORAS EXTRAS 122%"", ""Cod Rubrica"": 131, ""Cód Natureza"": ""1003 - Horas extraordinárias"", ""Incid./Base Legal FGTS"": ""11 - Artigo 15 da Lei n° 8.036/90"", ""Incid./Base Legal INSS"": ""11 - Artigo 28, inciso I, da Lei n° 8.212/91"", ""Incid./Base Legal IRRF"": ""11 - Artigos 3º e 7º da Lei nº 7.713/88""}",2026-03-25 15:01:09.753784,,,,,,,,,,,,,,,,,,,,,,,,,,,,,,,,,,,,,,,,,,,,
132,1,132,132,HORAS EXTRAS 130%,1003 - Horas extraordinárias,11,11,11,-,"11 - Artigo 28, inciso I, da Lei n° 8.212/91",11 - Artigos 3º e 7º da Lei nº 7.713/88,11 - Artigo 15 da Lei n° 8.036/90,"{""FGTS"": 11, ""INSS"": 11, ""IRRF"": 11, ""Analise"": ""-"", ""Rubrica"": ""HORAS EXTRAS 130%"", ""Cod Rubrica"": 132, ""Cód Natureza"": ""1003 - Horas extraordinárias"", ""Incid./Base Legal FGTS"": ""11 - Artigo 15 da Lei n° 8.036/90"", ""Incid./Base Legal INSS"": ""11 - Artigo 28, inciso I, da Lei n° 8.212/91"", ""Incid./Base Legal IRRF"": ""11 - Artigos 3º e 7º da Lei nº 7.713/88""}",2026-03-25 15:01:09.753784,,,,,,,,,,,,,,,,,,,,,,,,,,,,,,,,,,,,,,,,,,,,
133,1,133,133,HORAS EXTRAS 150%,1003 - Horas extraordinárias,11,11,11,-,"11 - Artigo 28, inciso I, da Lei n° 8.212/91",11 - Artigos 3º e 7º da Lei nº 7.713/88,11 - Artigo 15 da Lei n° 8.036/90,"{""FGTS"": 11, ""INSS"": 11, ""IRRF"": 11, ""Analise"": ""-"", ""Rubrica"": ""HORAS EXTRAS 150%"", ""Cod Rubrica"": 133, ""Cód Natureza"": ""1003 - Horas extraordinárias"", ""Incid./Base Legal FGTS"": ""11 - Artigo 15 da Lei n° 8.036/90"", ""Incid./Base Legal INSS"": ""11 - Artigo 28, inciso I, da Lei n° 8.212/91"", ""Incid./Base Legal IRRF"": ""11 - Artigos 3º e 7º da Lei nº 7.713/88""}",2026-03-25 15:01:09.753784,,,,,,,,,,,,,,,,,,,,,,,,,,,,,,,,,,,,,,,,,,,,
134,1,134,134,HORAS EXTRAS 175%,1003 - Horas extraordinárias,11,11,11,-,"11 - Artigo 28, inciso I, da Lei n° 8.212/91",11 - Artigos 3º e 7º da Lei nº 7.713/88,11 - Artigo 15 da Lei n° 8.036/90,"{""FGTS"": 11, ""INSS"": 11, ""IRRF"": 11, ""Analise"": ""-"", ""Rubrica"": ""HORAS EXTRAS 175%"", ""Cod Rubrica"": 134, ""Cód Natureza"": ""1003 - Horas extraordinárias"", ""Incid./Base Legal FGTS"": ""11 - Artigo 15 da Lei n° 8.036/90"", ""Incid./Base Legal INSS"": ""11 - Artigo 28, inciso I, da Lei n° 8.212/91"", ""Incid./Base Legal IRRF"": ""11 - Artigos 3º e 7º da Lei nº 7.713/88""}",2026-03-25 15:01:09.753784,,,,,,,,,,,,,,,,,,,,,,,,,,,,,,,,,,,,,,,,,,,,
135,1,135,135,D.S.R. S/HORA EXTRA,9299 - Outros descontos,11,11,11,"Rubrica com inconsistência de INSS, IRRF e FGTS","0 - Artigo 28, § 9º da Lei n° 8.212/91",9 - Artigos 3º e 7º da Lei nº 7.713/88,"0 - Artigo 15, § 6º da Lei n° 8.036/90","{""FGTS"": 11, ""INSS"": 11, ""IRRF"": 11, ""Analise"": ""Rubrica com inconsistência de INSS, IRRF e FGTS"", ""Rubrica"": ""D.S.R. S/HORA EXTRA"", ""Cod Rubrica"": 135, ""Cód Natureza"": ""9299 - Outros descontos"", ""Incid./Base Legal FGTS"": ""0 - Artigo 15, § 6º da Lei n° 8.036/90"", ""Incid./Base Legal INSS"": ""0 - Artigo 28, § 9º da Lei n° 8.212/91"", ""Incid./Base Legal IRRF"": ""9 - Artigos 3º e 7º da Lei nº 7.713/88""}",2026-03-25 15:01:09.753784,,,,,,,,,,,,,,,,,,,,,,,,,,,,,,,,,,,,,,,,,,,,
136,1,136,136,D.S.R. S/ADICIONAL,1002 - Descanso semanal remunerado - DSR,11,11,11,-,"11 - Artigo 28, inciso I, da Lei n° 8.212/91",11 - Artigos 3º e 7º da Lei nº 7.713/88,11 - Artigo 15 da Lei n° 8.036/90,"{""FGTS"": 11, ""INSS"": 11, ""IRRF"": 11, ""Analise"": ""-"", ""Rubrica"": ""D.S.R. S/ADICIONAL"", ""Cod Rubrica"": 136, ""Cód Natureza"": ""1002 - Descanso semanal remunerado - DSR"", ""Incid./Base Legal FGTS"": ""11 - Artigo 15 da Lei n° 8.036/90"", ""Incid./Base Legal INSS"": ""11 - Artigo 28, inciso I, da Lei n° 8.212/91"", ""Incid./Base Legal IRRF"": ""11 - Artigos 3º e 7º da Lei nº 7.713/88""}",2026-03-25 15:01:09.753784,,,,,,,,,,,,,,,,,,,,,,,,,,,,,,,,,,,,,,,,,,,,
137,1,137,137,REEMB. EXAME ADMISSIONAL,2920 - Reembolsos diversos,0,9,0,Rubrica com inconsistência de IRRF,"11 - Artigo 28, inciso I, da Lei n° 8.212/91",11 - Artigos 3º e 7º da Lei nº 7.713/88,11 - Artigo 15 da Lei n° 8.036/90,"{""FGTS"": 0, ""INSS"": 0, ""IRRF"": 9, ""Analise"": ""Rubrica com inconsistência de IRRF"", ""Rubrica"": ""REEMB. EXAME ADMISSIONAL"", ""Cod Rubrica"": 137, ""Cód Natureza"": ""2920 - Reembolsos diversos"", ""Incid./Base Legal FGTS"": ""11 - Artigo 15 da Lei n° 8.036/90"", ""Incid./Base Legal INSS"": ""11 - Artigo 28, inciso I, da Lei n° 8.212/91"", ""Incid./Base Legal IRRF"": ""11 - Artigos 3º e 7º da Lei nº 7.713/88""}",2026-03-25 15:01:09.753784,,,,,,,,,,,,,,,,,,,,,,,,,,,,,,,,,,,,,,,,,,,,
138,1,138,"0 - Artigo 28, inciso I, da Lei n° 8.212/91","0 - Artigo 15, § 6º da Lei n° 8.036/90",,,,,,,,,"{""Incid./Base Legal FGTS"": ""0 - Artigo 15, § 6º da Lei n° 8.036/90"", ""Incid./Base Legal INSS"": ""0 - Artigo 28, inciso I, da Lei n° 8.212/91""}",2026-03-25 15:01:09.753784,,,,,,,,,,,,,,,,,,,,,,,,,,,,,,,,,,,,,,,,,,,,
139,1,139,138,DIA DO RODOVIARIO,1210 - Gratificação por acordo ou convenção coletiva,11,11,11,-,"11 - Artigo 28, inciso I, da Lei n° 8.212/91",11 - Artigos 3º e 7º da Lei nº 7.713/88,11 - Artigo 15 da Lei n° 8.036/90,"{""FGTS"": 11, ""INSS"": 11, ""IRRF"": 11, ""Analise"": ""-"", ""Rubrica"": ""DIA DO RODOVIARIO"", ""Cod Rubrica"": 138, ""Cód Natureza"": ""1210 - Gratificação por acordo ou convenção coletiva"", ""Incid./Base Legal FGTS"": ""11 - Artigo 15 da Lei n° 8.036/90"", ""Incid./Base Legal INSS"": ""11 - Artigo 28, inciso I, da Lei n° 8.212/91"", ""Incid./Base Legal IRRF"": ""11 - Artigos 3º e 7º da Lei nº 7.713/88""}",2026-03-25 15:01:09.753784,,,,,,,,,,,,,,,,,,,,,,,,,,,,,,,,,,,,,,,,,,,,
140,1,140,141,H E 100% - SUMULA 444,1003 - Horas extraordinárias,11,11,11,-,"11 - Artigo 28, inciso I, da Lei n° 8.212/91",11 - Artigos 3º e 7º da Lei nº 7.713/88,11 - Artigo 15 da Lei n° 8.036/90,"{""FGTS"": 11, ""INSS"": 11, ""IRRF"": 11, ""Analise"": ""-"", ""Rubrica"": ""H E 100% - SUMULA 444"", ""Cod Rubrica"": 141, ""Cód Natureza"": ""1003 - Horas extraordinárias"", ""Incid./Base Legal FGTS"": ""11 - Artigo 15 da Lei n° 8.036/90"", ""Incid./Base Legal INSS"": ""11 - Artigo 28, inciso I, da Lei n° 8.212/91"", ""Incid./Base Legal IRRF"": ""11 - Artigos 3º e 7º da Lei nº 7.713/88""}",2026-03-25 15:01:09.753784,,,,,,,,,,,,,,,,,,,,,,,,,,,,,,,,,,,,,,,,,,,,
141,1,141,142,ADIC. NOTURNO C/34%,1205 - Adicional noturno,11,11,11,-,"11 - Artigo 28, inciso I, da Lei n° 8.212/91",11 - Artigos 3º e 7º da Lei nº 7.713/88,11 - Artigo 15 da Lei n° 8.036/90,"{""FGTS"": 11, ""INSS"": 11, ""IRRF"": 11, ""Analise"": ""-"", ""Rubrica"": ""ADIC. NOTURNO C/34%"", ""Cod Rubrica"": 142, ""Cód Natureza"": ""1205 - Adicional noturno"", ""Incid./Base Legal FGTS"": ""11 - Artigo 15 da Lei n° 8.036/90"", ""Incid./Base Legal INSS"": ""11 - Artigo 28, inciso I, da Lei n° 8.212/91"", ""Incid./Base Legal IRRF"": ""11 - Artigos 3º e 7º da Lei nº 7.713/88""}",2026-03-25 15:01:09.753784,,,,,,,,,,,,,,,,,,,,,,,,,,,,,,,,,,,,,,,,,,,,
142,1,142,143,FERIAS EM DOBRO,1024 - Férias - o dobro na vigência do contrato,0,13,0,-,"0 - Artigo 28, § 9º da Lei n° 8.212/91","13 - Artigo 1º da IN RFB n° 936/2009; itens 5, 6 e 7 da Parecer PGFN/PGA nº 2.683/2008","0 - Artigo 15, § 6º da Lei n° 8.036/90","{""FGTS"": 0, ""INSS"": 0, ""IRRF"": 13, ""Analise"": ""-"", ""Rubrica"": ""FERIAS EM DOBRO"", ""Cod Rubrica"": 143, ""Cód Natureza"": ""1024 - Férias - o dobro na vigência do contrato"", ""Incid./Base Legal FGTS"": ""0 - Artigo 15, § 6º da Lei n° 8.036/90"", ""Incid./Base Legal INSS"": ""0 - Artigo 28, § 9º da Lei n° 8.212/91"", ""Incid./Base Legal IRRF"": ""13 - Artigo 1º da IN RFB n° 936/2009; itens 5, 6 e 7 da Parecer PGFN/PGA nº 2.683/2008""}",2026-03-25 15:01:09.753784,,,,,,,,,,,,,,,,,,,,,,,,,,,,,,,,,,,,,,,,,,,,
143,1,143,"75 - Artigo 1º da IN RFB n° 936/2009; itens 5, 6 e 7 da Parecer PGFN/PGA nº 2.683/2008 .",,,,,,,,,,"{""Incid./Base Legal IRRF"": ""75 - Artigo 1º da IN RFB n° 936/2009; itens 5, 6 e 7 da Parecer PGFN/PGA nº 2.683/2008 .""}",2026-03-25 15:01:09.753784,,,,,,,,,,,,,,,,,,,,,,,,,,,,,,,,,,,,,,,,,,,,
144,1,144,144,1/3 FERIAS EM DOBRO,1024 - Férias - o dobro na vigência do contrato,0,13,0,-,"0 - Artigo 28, § 9º da Lei n° 8.212/91","13 - Artigo 1º da IN RFB n° 936/2009; itens 5, 6 e 7 da Parecer PGFN/PGA nº 2.683/2008","0 - Artigo 15, § 6º da Lei n° 8.036/90","{""FGTS"": 0, ""INSS"": 0, ""IRRF"": 13, ""Analise"": ""-"", ""Rubrica"": ""1/3 FERIAS EM DOBRO"", ""Cod Rubrica"": 144, ""Cód Natureza"": ""1024 - Férias - o dobro na vigência do contrato"", ""Incid./Base Legal FGTS"": ""0 - Artigo 15, § 6º da Lei n° 8.036/90"", ""Incid./Base Legal INSS"": ""0 - Artigo 28, § 9º da Lei n° 8.212/91"", ""Incid./Base Legal IRRF"": ""13 - Artigo 1º da IN RFB n° 936/2009; itens 5, 6 e 7 da Parecer PGFN/PGA nº 2.683/2008""}",2026-03-25 15:01:09.753784,,,,,,,,,,,,,,,,,,,,,,,,,,,,,,,,,,,,,,,,,,,,
145,1,145,"75 - Artigo 1º da IN RFB n° 936/2009; itens 5, 6 e 7 da Parecer PGFN/PGA nº 2.683/2008 .",,,,,,,,,,"{""Incid./Base Legal IRRF"": ""75 - Artigo 1º da IN RFB n° 936/2009; itens 5, 6 e 7 da Parecer PGFN/PGA nº 2.683/2008 .""}",2026-03-25 15:01:09.753784,,,,,,,,,,,,,,,,,,,,,,,,,,,,,,,,,,,,,,,,,,,,
146,1,146,145,DEV. FALTAS (DIAS),"1000 - Salário, vencimento, soldo ou subsídio",11,11,11,-,"11 - Artigo 28, inciso I, da Lei n° 8.212/91",11 - Artigos 3º e 7º da Lei nº 7.713/88,11 - Artigo 15 da Lei n° 8.036/90,"{""FGTS"": 11, ""INSS"": 11, ""IRRF"": 11, ""Analise"": ""-"", ""Rubrica"": ""DEV. FALTAS (DIAS)"", ""Cod Rubrica"": 145, ""Cód Natureza"": ""1000 - Salário, vencimento, soldo ou subsídio"", ""Incid./Base Legal FGTS"": ""11 - Artigo 15 da Lei n° 8.036/90"", ""Incid./Base Legal INSS"": ""11 - Artigo 28, inciso I, da Lei n° 8.212/91"", ""Incid./Base Legal IRRF"": ""11 - Artigos 3º e 7º da Lei nº 7.713/88""}",2026-03-25 15:01:09.753784,,,,,,,,,,,,,,,,,,,,,,,,,,,,,,,,,,,,,,,,,,,,
147,1,147,146,DEV. D.S.R. S/FALTAS (DIAS),1002 - Descanso semanal remunerado - DSR,11,11,11,-,"11 - Artigo 28, inciso I, da Lei n° 8.212/91",11 - Artigos 3º e 7º da Lei nº 7.713/88,11 - Artigo 15 da Lei n° 8.036/90,"{""FGTS"": 11, ""INSS"": 11, ""IRRF"": 11, ""Analise"": ""-"", ""Rubrica"": ""DEV. D.S.R. S/FALTAS (DIAS)"", ""Cod Rubrica"": 146, ""Cód Natureza"": ""1002 - Descanso semanal remunerado - DSR"", ""Incid./Base Legal FGTS"": ""11 - Artigo 15 da Lei n° 8.036/90"", ""Incid./Base Legal INSS"": ""11 - Artigo 28, inciso I, da Lei n° 8.212/91"", ""Incid./Base Legal IRRF"": ""11 - Artigos 3º e 7º da Lei nº 7.713/88""}",2026-03-25 15:01:09.753784,,,,,,,,,,,,,,,,,,,,,,,,,,,,,,,,,,,,,,,,,,,,
148,1,148,147,REEMB. DESC. V REFEIC N UTILIZ,"1806 - Alimentação em ticket ou cartão, vinculada ao PAT",0,9,0,-,"0 - Artigo 28, inciso I, da Lei n° 8.212/91","9 - artigo 35, inciso I, alínea p do Decreto n° 9.580/2018",0 - Artigo 15 da Lei n° 8.036/90,"{""FGTS"": 0, ""INSS"": 0, ""IRRF"": 9, ""Analise"": ""-"", ""Rubrica"": ""REEMB. DESC. V REFEIC N UTILIZ"", ""Cod Rubrica"": 147, ""Cód Natureza"": ""1806 - Alimentação em ticket ou cartão, vinculada ao PAT"", ""Incid./Base Legal FGTS"": ""0 - Artigo 15 da Lei n° 8.036/90"", ""Incid./Base Legal INSS"": ""0 - Artigo 28, inciso I, da Lei n° 8.212/91"", ""Incid./Base Legal IRRF"": ""9 - artigo 35, inciso I, alínea p do Decreto n° 9.580/2018""}",2026-03-25 15:01:09.753784,,,,,,,,,,,,,,,,,,,,,,,,,,,,,,,,,,,,,,,,,,,,
149,1,149,148,MULTA CLAUSULA DECIMA CCT,6129 - Outras verbas não remuneratórias (indenizatórias ou multas),0,0,0,Rubrica com inconsistência de IRRF,"0 - Artigo 28, inciso I, da Lei n° 8.212/91","79 - Artigos 6 da Lei nº 7.713/88 e Artigo 2° da Lei n° 8.036/90, e artigo 65 do Decreto n° 9.580/2018",0 - Artigo 15 da Lei n° 8.036/90,"{""FGTS"": 0, ""INSS"": 0, ""IRRF"": 0, ""Analise"": ""Rubrica com inconsistência de IRRF"", ""Rubrica"": ""MULTA CLAUSULA DECIMA CCT"", ""Cod Rubrica"": 148, ""Cód Natureza"": ""6129 - Outras verbas não remuneratórias (indenizatórias ou multas)"", ""Incid./Base Legal FGTS"": ""0 - Artigo 15 da Lei n° 8.036/90"", ""Incid./Base Legal INSS"": ""0 - Artigo 28, inciso I, da Lei n° 8.212/91"", ""Incid./Base Legal IRRF"": ""79 - Artigos 6 da Lei nº 7.713/88 e Artigo 2° da Lei n° 8.036/90, e artigo 65 do Decreto n° 9.580/2018""}",2026-03-25 15:01:09.753784,,,,,,,,,,,,,,,,,,,,,,,,,,,,,,,,,,,,,,,,,,,,
150,1,150,149,REEMB D.S.R MES ANTERIOR,1002 - Descanso semanal remunerado - DSR,11,11,11,-,"11 - Artigo 28, inciso I, da Lei n° 8.212/91",11 - Artigos 3º e 7º da Lei nº 7.713/88,11 - Artigo 15 da Lei n° 8.036/90,"{""FGTS"": 11, ""INSS"": 11, ""IRRF"": 11, ""Analise"": ""-"", ""Rubrica"": ""REEMB D.S.R MES ANTERIOR"", ""Cod Rubrica"": 149, ""Cód Natureza"": ""1002 - Descanso semanal remunerado - DSR"", ""Incid./Base Legal FGTS"": ""11 - Artigo 15 da Lei n° 8.036/90"", ""Incid./Base Legal INSS"": ""11 - Artigo 28, inciso I, da Lei n° 8.212/91"", ""Incid./Base Legal IRRF"": ""11 - Artigos 3º e 7º da Lei nº 7.713/88""}",2026-03-25 15:01:09.753784,,,,,,,,,,,,,,,,,,,,,,,,,,,,,,,,,,,,,,,,,,,,
151,1,151,150,H E 100% - SUMULA 444 - MES ANT,1003 - Horas extraordinárias,11,11,11,-,"11 - Artigo 28, inciso I, da Lei n° 8.212/91",11 - Artigos 3º e 7º da Lei nº 7.713/88,11 - Artigo 15 da Lei n° 8.036/90,"{""FGTS"": 11, ""INSS"": 11, ""IRRF"": 11, ""Analise"": ""-"", ""Rubrica"": ""H E 100% - SUMULA 444 - MES ANT"", ""Cod Rubrica"": 150, ""Cód Natureza"": ""1003 - Horas extraordinárias"", ""Incid./Base Legal FGTS"": ""11 - Artigo 15 da Lei n° 8.036/90"", ""Incid./Base Legal INSS"": ""11 - Artigo 28, inciso I, da Lei n° 8.212/91"", ""Incid./Base Legal IRRF"": ""11 - Artigos 3º e 7º da Lei nº 7.713/88""}",2026-03-25 15:01:09.753784,,,,,,,,,,,,,,,,,,,,,,,,,,,,,,,,,,,,,,,,,,,,
152,1,152,151,REEMB. VALE TRANSPORTE MÊS ANTERIOR,9989 - Outros valores informativos,0,9,0,-,"0 - Artigo 28, inciso I, da Lei n° 8.212/91",9 - Artigo 12-A da Lei nº 7.713/88,0 - Artigo 15 da Lei n° 8.036/90,"{""FGTS"": 0, ""INSS"": 0, ""IRRF"": 9, ""Analise"": ""-"", ""Rubrica"": ""REEMB. VALE TRANSPORTE MÊS ANTERIOR"", ""Cod Rubrica"": 151, ""Cód Natureza"": ""9989 - Outros valores informativos"", ""Incid./Base Legal FGTS"": ""0 - Artigo 15 da Lei n° 8.036/90"", ""Incid./Base Legal INSS"": ""0 - Artigo 28, inciso I, da Lei n° 8.212/91"", ""Incid./Base Legal IRRF"": ""9 - Artigo 12-A da Lei nº 7.713/88""}",2026-03-25 15:01:09.753784,,,,,,,,,,,,,,,,,,,,,,,,,,,,,,,,,,,,,,,,,,,,
153,1,153,152,DIF. AD. INSALUBRIDADE REF. 12/2014 A 09/2015,1202 - Adicional de insalubridade,11,11,11,-,"11 - Artigo 28, inciso I, da Lei n° 8.212/91",11 - Artigos 3º e 7º da Lei nº 7.713/88,11 - Artigo 15 da Lei n° 8.036/90,"{""FGTS"": 11, ""INSS"": 11, ""IRRF"": 11, ""Analise"": ""-"", ""Rubrica"": ""DIF. AD. INSALUBRIDADE REF. 12/2014 A 09/2015"", ""Cod Rubrica"": 152, ""Cód Natureza"": ""1202 - Adicional de insalubridade"", ""Incid./Base Legal FGTS"": ""11 - Artigo 15 da Lei n° 8.036/90"", ""Incid./Base Legal INSS"": ""11 - Artigo 28, inciso I, da Lei n° 8.212/91"", ""Incid./Base Legal IRRF"": ""11 - Artigos 3º e 7º da Lei nº 7.713/88""}",2026-03-25 15:01:09.753784,,,,,,,,,,,,,,,,,,,,,,,,,,,,,,,,,,,,,,,,,,,,
154,1,154,153,DIF. ADIC. PERICULOSIDADE,1203 - Adicional de periculosidade,11,11,11,-,"11 - Artigo 28, inciso I, da Lei n° 8.212/91",11 - Artigos 3º e 7º da Lei nº 7.713/88,11 - Artigo 15 da Lei n° 8.036/90,"{""FGTS"": 11, ""INSS"": 11, ""IRRF"": 11, ""Analise"": ""-"", ""Rubrica"": ""DIF. ADIC. PERICULOSIDADE"", ""Cod Rubrica"": 153, ""Cód Natureza"": ""1203 - Adicional de periculosidade"", ""Incid./Base Legal FGTS"": ""11 - Artigo 15 da Lei n° 8.036/90"", ""Incid./Base Legal INSS"": ""11 - Artigo 28, inciso I, da Lei n° 8.212/91"", ""Incid./Base Legal IRRF"": ""11 - Artigos 3º e 7º da Lei nº 7.713/88""}",2026-03-25 15:01:09.753784,,,,,,,,,,,,,,,,,,,,,,,,,,,,,,,,,,,,,,,,,,,,
155,1,155,154,HORAS REDUZIDAS ADIC. NOTURNO,1205 - Adicional noturno,11,11,11,-,"11 - Artigo 28, inciso I, da Lei n° 8.212/91",11 - Artigos 3º e 7º da Lei nº 7.713/88,11 - Artigo 15 da Lei n° 8.036/90,"{""FGTS"": 11, ""INSS"": 11, ""IRRF"": 11, ""Analise"": ""-"", ""Rubrica"": ""HORAS REDUZIDAS ADIC. NOTURNO"", ""Cod Rubrica"": 154, ""Cód Natureza"": ""1205 - Adicional noturno"", ""Incid./Base Legal FGTS"": ""11 - Artigo 15 da Lei n° 8.036/90"", ""Incid./Base Legal INSS"": ""11 - Artigo 28, inciso I, da Lei n° 8.212/91"", ""Incid./Base Legal IRRF"": ""11 - Artigos 3º e 7º da Lei nº 7.713/88""}",2026-03-25 15:01:09.753784,,,,,,,,,,,,,,,,,,,,,,,,,,,,,,,,,,,,,,,,,,,,
156,1,156,155,REEMB. VALE ALIMENTACAO MES ANTERIOR,"1806 - Alimentação em ticket ou cartão, vinculada ao PAT",0,9,0,-,"0 - Artigo 28, inciso I, da Lei n° 8.212/91","9 - artigo 35, inciso I, alínea p do Decreto n° 9.580/2018",0 - Artigo 15 da Lei n° 8.036/90,"{""FGTS"": 0, ""INSS"": 0, ""IRRF"": 9, ""Analise"": ""-"", ""Rubrica"": ""REEMB. VALE ALIMENTACAO MES ANTERIOR"", ""Cod Rubrica"": 155, ""Cód Natureza"": ""1806 - Alimentação em ticket ou cartão, vinculada ao PAT"", ""Incid./Base Legal FGTS"": ""0 - Artigo 15 da Lei n° 8.036/90"", ""Incid./Base Legal INSS"": ""0 - Artigo 28, inciso I, da Lei n° 8.212/91"", ""Incid./Base Legal IRRF"": ""9 - artigo 35, inciso I, alínea p do Decreto n° 9.580/2018""}",2026-03-25 15:01:09.753784,,,,,,,,,,,,,,,,,,,,,,,,,,,,,,,,,,,,,,,,,,,,
157,1,157,156,DIF. FERIAS,6006 - Férias proporcionais,0,0,0,Rubrica com inconsistência de IRRF,"0 - Artigo 28, § 9º da Lei n° 8.212/91","74 - Artigo 6º, inciso V da Lei nº 7.713/88; artigo 682 do Decreto nº 9.580/2018; ADI SRF 14/2005","0 - Artigo 15, § 6º da Lei n° 8.036/90","{""FGTS"": 0, ""INSS"": 0, ""IRRF"": 0, ""Analise"": ""Rubrica com inconsistência de IRRF"", ""Rubrica"": ""DIF. FERIAS"", ""Cod Rubrica"": 156, ""Cód Natureza"": ""6006 - Férias proporcionais"", ""Incid./Base Legal FGTS"": ""0 - Artigo 15, § 6º da Lei n° 8.036/90"", ""Incid./Base Legal INSS"": ""0 - Artigo 28, § 9º da Lei n° 8.212/91"", ""Incid./Base Legal IRRF"": ""74 - Artigo 6º, inciso V da Lei nº 7.713/88; artigo 682 do Decreto nº 9.580/2018; ADI SRF 14/2005""}",2026-03-25 15:01:09.753784,,,,,,,,,,,,,,,,,,,,,,,,,,,,,,,,,,,,,,,,,,,,
158,1,158,157,DIF PAGTO AGO-2015,"1000 - Salário, vencimento, soldo ou subsídio",0,0,0,"Rubrica com inconsistência de INSS, IRRF e FGTS","11 - Artigo 28, inciso I, da Lei n° 8.212/91",11 - Artigos 3º e 7º da Lei nº 7.713/88,11 - Artigo 15 da Lei n° 8.036/90,"{""FGTS"": 0, ""INSS"": 0, ""IRRF"": 0, ""Analise"": ""Rubrica com inconsistência de INSS, IRRF e FGTS"", ""Rubrica"": ""DIF PAGTO AGO-2015"", ""Cod Rubrica"": 157, ""Cód Natureza"": ""1000 - Salário, vencimento, soldo ou subsídio"", ""Incid./Base Legal FGTS"": ""11 - Artigo 15 da Lei n° 8.036/90"", ""Incid./Base Legal INSS"": ""11 - Artigo 28, inciso I, da Lei n° 8.212/91"", ""Incid./Base Legal IRRF"": ""11 - Artigos 3º e 7º da Lei nº 7.713/88""}",2026-03-25 15:01:09.753784,,,,,,,,,,,,,,,,,,,,,,,,,,,,,,,,,,,,,,,,,,,,
159,1,159,158,D.S.R. S/PREMIO,1002 - Descanso semanal remunerado - DSR,11,11,11,-,"11 - Artigo 28, inciso I, da Lei n° 8.212/91",11 - Artigos 3º e 7º da Lei nº 7.713/88,11 - Artigo 15 da Lei n° 8.036/90,"{""FGTS"": 11, ""INSS"": 11, ""IRRF"": 11, ""Analise"": ""-"", ""Rubrica"": ""D.S.R. S/PREMIO"", ""Cod Rubrica"": 158, ""Cód Natureza"": ""1002 - Descanso semanal remunerado - DSR"", ""Incid./Base Legal FGTS"": ""11 - Artigo 15 da Lei n° 8.036/90"", ""Incid./Base Legal INSS"": ""11 - Artigo 28, inciso I, da Lei n° 8.212/91"", ""Incid./Base Legal IRRF"": ""11 - Artigos 3º e 7º da Lei nº 7.713/88""}",2026-03-25 15:01:09.753784,,,,,,,,,,,,,,,,,,,,,,,,,,,,,,,,,,,,,,,,,,,,
160,1,160,159,D.S.R. S/ADICIONAL,1002 - Descanso semanal remunerado - DSR,11,11,11,-,"11 - Artigo 28, inciso I, da Lei n° 8.212/91",11 - Artigos 3º e 7º da Lei nº 7.713/88,11 - Artigo 15 da Lei n° 8.036/90,"{""FGTS"": 11, ""INSS"": 11, ""IRRF"": 11, ""Analise"": ""-"", ""Rubrica"": ""D.S.R. S/ADICIONAL"", ""Cod Rubrica"": 159, ""Cód Natureza"": ""1002 - Descanso semanal remunerado - DSR"", ""Incid./Base Legal FGTS"": ""11 - Artigo 15 da Lei n° 8.036/90"", ""Incid./Base Legal INSS"": ""11 - Artigo 28, inciso I, da Lei n° 8.212/91"", ""Incid./Base Legal IRRF"": ""11 - Artigos 3º e 7º da Lei nº 7.713/88""}",2026-03-25 15:01:09.753784,,,,,,,,,,,,,,,,,,,,,,,,,,,,,,,,,,,,,,,,,,,,
161,1,161,160,D.S.R. S/HORA EXTRA,1002 - Descanso semanal remunerado - DSR,11,11,11,-,"11 - Artigo 28, inciso I, da Lei n° 8.212/91",11 - Artigos 3º e 7º da Lei nº 7.713/88,11 - Artigo 15 da Lei n° 8.036/90,"{""FGTS"": 11, ""INSS"": 11, ""IRRF"": 11, ""Analise"": ""-"", ""Rubrica"": ""D.S.R. S/HORA EXTRA"", ""Cod Rubrica"": 160, ""Cód Natureza"": ""1002 - Descanso semanal remunerado - DSR"", ""Incid./Base Legal FGTS"": ""11 - Artigo 15 da Lei n° 8.036/90"", ""Incid./Base Legal INSS"": ""11 - Artigo 28, inciso I, da Lei n° 8.212/91"", ""Incid./Base Legal IRRF"": ""11 - Artigos 3º e 7º da Lei nº 7.713/88""}",2026-03-25 15:01:09.753784,,,,,,,,,,,,,,,,,,,,,,,,,,,,,,,,,,,,,,,,,,,,
162,1,162,161,D.S.R. MES ANTERIOR,1002 - Descanso semanal remunerado - DSR,11,11,11,-,"11 - Artigo 28, inciso I, da Lei n° 8.212/91",11 - Artigos 3º e 7º da Lei nº 7.713/88,11 - Artigo 15 da Lei n° 8.036/90,"{""FGTS"": 11, ""INSS"": 11, ""IRRF"": 11, ""Analise"": ""-"", ""Rubrica"": ""D.S.R. MES ANTERIOR"", ""Cod Rubrica"": 161, ""Cód Natureza"": ""1002 - Descanso semanal remunerado - DSR"", ""Incid./Base Legal FGTS"": ""11 - Artigo 15 da Lei n° 8.036/90"", ""Incid./Base Legal INSS"": ""11 - Artigo 28, inciso I, da Lei n° 8.212/91"", ""Incid./Base Legal IRRF"": ""11 - Artigos 3º e 7º da Lei nº 7.713/88""}",2026-03-25 15:01:09.753784,,,,,,,,,,,,,,,,,,,,,,,,,,,,,,,,,,,,,,,,,,,,
163,1,163,162,D.S.R. S/FERIADO,1002 - Descanso semanal remunerado - DSR,11,11,11,-,"11 - Artigo 28, inciso I, da Lei n° 8.212/91",11 - Artigos 3º e 7º da Lei nº 7.713/88,11 - Artigo 15 da Lei n° 8.036/90,"{""FGTS"": 11, ""INSS"": 11, ""IRRF"": 11, ""Analise"": ""-"", ""Rubrica"": ""D.S.R. S/FERIADO"", ""Cod Rubrica"": 162, ""Cód Natureza"": ""1002 - Descanso semanal remunerado - DSR"", ""Incid./Base Legal FGTS"": ""11 - Artigo 15 da Lei n° 8.036/90"", ""Incid./Base Legal INSS"": ""11 - Artigo 28, inciso I, da Lei n° 8.212/91"", ""Incid./Base Legal IRRF"": ""11 - Artigos 3º e 7º da Lei nº 7.713/88""}",2026-03-25 15:01:09.753784,,,,,,,,,,,,,,,,,,,,,,,,,,,,,,,,,,,,,,,,,,,,
164,1,164,163,D.S.R. S/FERIADO - HS,1002 - Descanso semanal remunerado - DSR,11,11,11,-,"11 - Artigo 28, inciso I, da Lei n° 8.212/91",11 - Artigos 3º e 7º da Lei nº 7.713/88,11 - Artigo 15 da Lei n° 8.036/90,"{""FGTS"": 11, ""INSS"": 11, ""IRRF"": 11, ""Analise"": ""-"", ""Rubrica"": ""D.S.R. S/FERIADO - HS"", ""Cod Rubrica"": 163, ""Cód Natureza"": ""1002 - Descanso semanal remunerado - DSR"", ""Incid./Base Legal FGTS"": ""11 - Artigo 15 da Lei n° 8.036/90"", ""Incid./Base Legal INSS"": ""11 - Artigo 28, inciso I, da Lei n° 8.212/91"", ""Incid./Base Legal IRRF"": ""11 - Artigos 3º e 7º da Lei nº 7.713/88""}",2026-03-25 15:01:09.753784,,,,,,,,,,,,,,,,,,,,,,,,,,,,,,,,,,,,,,,,,,,,
165,1,165,164,D.S.R. COMPETENCIA 08/2011,1002 - Descanso semanal remunerado - DSR,11,11,11,-,"11 - Artigo 28, inciso I, da Lei n° 8.212/91",11 - Artigos 3º e 7º da Lei nº 7.713/88,11 - Artigo 15 da Lei n° 8.036/90,"{""FGTS"": 11, ""INSS"": 11, ""IRRF"": 11, ""Analise"": ""-"", ""Rubrica"": ""D.S.R. COMPETENCIA 08/2011"", ""Cod Rubrica"": 164, ""Cód Natureza"": ""1002 - Descanso semanal remunerado - DSR"", ""Incid./Base Legal FGTS"": ""11 - Artigo 15 da Lei n° 8.036/90"", ""Incid./Base Legal INSS"": ""11 - Artigo 28, inciso I, da Lei n° 8.212/91"", ""Incid./Base Legal IRRF"": ""11 - Artigos 3º e 7º da Lei nº 7.713/88""}",2026-03-25 15:01:09.753784,,,,,,,,,,,,,,,,,,,,,,,,,,,,,,,,,,,,,,,,,,,,
166,1,166,165,D.S.R. DIFERENCA,1002 - Descanso semanal remunerado - DSR,11,11,11,-,"11 - Artigo 28, inciso I, da Lei n° 8.212/91",11 - Artigos 3º e 7º da Lei nº 7.713/88,11 - Artigo 15 da Lei n° 8.036/90,"{""FGTS"": 11, ""INSS"": 11, ""IRRF"": 11, ""Analise"": ""-"", ""Rubrica"": ""D.S.R. DIFERENCA"", ""Cod Rubrica"": 165, ""Cód Natureza"": ""1002 - Descanso semanal remunerado - DSR"", ""Incid./Base Legal FGTS"": ""11 - Artigo 15 da Lei n° 8.036/90"", ""Incid./Base Legal INSS"": ""11 - Artigo 28, inciso I, da Lei n° 8.212/91"", ""Incid./Base Legal IRRF"": ""11 - Artigos 3º e 7º da Lei nº 7.713/88""}",2026-03-25 15:01:09.753784,,,,,,,,,,,,,,,,,,,,,,,,,,,,,,,,,,,,,,,,,,,,
167,1,167,166,D.S.R. COMPETENCIA 10/2011,1002 - Descanso semanal remunerado - DSR,11,11,11,-,"11 - Artigo 28, inciso I, da Lei n° 8.212/91",11 - Artigos 3º e 7º da Lei nº 7.713/88,11 - Artigo 15 da Lei n° 8.036/90,"{""FGTS"": 11, ""INSS"": 11, ""IRRF"": 11, ""Analise"": ""-"", ""Rubrica"": ""D.S.R. COMPETENCIA 10/2011"", ""Cod Rubrica"": 166, ""Cód Natureza"": ""1002 - Descanso semanal remunerado - DSR"", ""Incid./Base Legal FGTS"": ""11 - Artigo 15 da Lei n° 8.036/90"", ""Incid./Base Legal INSS"": ""11 - Artigo 28, inciso I, da Lei n° 8.212/91"", ""Incid./Base Legal IRRF"": ""11 - Artigos 3º e 7º da Lei nº 7.713/88""}",2026-03-25 15:01:09.753784,,,,,,,,,,,,,,,,,,,,,,,,,,,,,,,,,,,,,,,,,,,,
168,1,168,167,D.S.R. COMPETENCIA 11/2011,1002 - Descanso semanal remunerado - DSR,11,11,11,-,"11 - Artigo 28, inciso I, da Lei n° 8.212/91",11 - Artigos 3º e 7º da Lei nº 7.713/88,11 - Artigo 15 da Lei n° 8.036/90,"{""FGTS"": 11, ""INSS"": 11, ""IRRF"": 11, ""Analise"": ""-"", ""Rubrica"": ""D.S.R. COMPETENCIA 11/2011"", ""Cod Rubrica"": 167, ""Cód Natureza"": ""1002 - Descanso semanal remunerado - DSR"", ""Incid./Base Legal FGTS"": ""11 - Artigo 15 da Lei n° 8.036/90"", ""Incid./Base Legal INSS"": ""11 - Artigo 28, inciso I, da Lei n° 8.212/91"", ""Incid./Base Legal IRRF"": ""11 - Artigos 3º e 7º da Lei nº 7.713/88""}",2026-03-25 15:01:09.753784,,,,,,,,,,,,,,,,,,,,,,,,,,,,,,,,,,,,,,,,,,,,
169,1,169,168,D.S.R. COMPETENCIA 12/2011,1002 - Descanso semanal remunerado - DSR,11,11,11,-,"11 - Artigo 28, inciso I, da Lei n° 8.212/91",11 - Artigos 3º e 7º da Lei nº 7.713/88,11 - Artigo 15 da Lei n° 8.036/90,"{""FGTS"": 11, ""INSS"": 11, ""IRRF"": 11, ""Analise"": ""-"", ""Rubrica"": ""D.S.R. COMPETENCIA 12/2011"", ""Cod Rubrica"": 168, ""Cód Natureza"": ""1002 - Descanso semanal remunerado - DSR"", ""Incid./Base Legal FGTS"": ""11 - Artigo 15 da Lei n° 8.036/90"", ""Incid./Base Legal INSS"": ""11 - Artigo 28, inciso I, da Lei n° 8.212/91"", ""Incid./Base Legal IRRF"": ""11 - Artigos 3º e 7º da Lei nº 7.713/88""}",2026-03-25 15:01:09.753784,,,,,,,,,,,,,,,,,,,,,,,,,,,,,,,,,,,,,,,,,,,,
170,1,170,169,SABADO,1003 - Horas extraordinárias,11,11,11,-,"11 - Artigo 28, inciso I, da Lei n° 8.212/91",11 - Artigos 3º e 7º da Lei nº 7.713/88,11 - Artigo 15 da Lei n° 8.036/90,"{""FGTS"": 11, ""INSS"": 11, ""IRRF"": 11, ""Analise"": ""-"", ""Rubrica"": ""SABADO"", ""Cod Rubrica"": 169, ""Cód Natureza"": ""1003 - Horas extraordinárias"", ""Incid./Base Legal FGTS"": ""11 - Artigo 15 da Lei n° 8.036/90"", ""Incid./Base Legal INSS"": ""11 - Artigo 28, inciso I, da Lei n° 8.212/91"", ""Incid./Base Legal IRRF"": ""11 - Artigos 3º e 7º da Lei nº 7.713/88""}",2026-03-25 15:01:09.753784,,,,,,,,,,,,,,,,,,,,,,,,,,,,,,,,,,,,,,,,,,,,
171,1,171,170,D.S.R. S/COMISSAO,1002 - Descanso semanal remunerado - DSR,11,11,11,-,"11 - Artigo 28, inciso I, da Lei n° 8.212/91",11 - Artigos 3º e 7º da Lei nº 7.713/88,11 - Artigo 15 da Lei n° 8.036/90,"{""FGTS"": 11, ""INSS"": 11, ""IRRF"": 11, ""Analise"": ""-"", ""Rubrica"": ""D.S.R. S/COMISSAO"", ""Cod Rubrica"": 170, ""Cód Natureza"": ""1002 - Descanso semanal remunerado - DSR"", ""Incid./Base Legal FGTS"": ""11 - Artigo 15 da Lei n° 8.036/90"", ""Incid./Base Legal INSS"": ""11 - Artigo 28, inciso I, da Lei n° 8.212/91"", ""Incid./Base Legal IRRF"": ""11 - Artigos 3º e 7º da Lei nº 7.713/88""}",2026-03-25 15:01:09.753784,,,,,,,,,,,,,,,,,,,,,,,,,,,,,,,,,,,,,,,,,,,,
172,1,172,171,AUX. DOENÇA,"1000 - Salário, vencimento, soldo ou subsídio",11,11,11,-,"11 - Artigo 28, inciso I, da Lei n° 8.212/91",11 - Artigos 3º e 7º da Lei nº 7.713/88,11 - Artigo 15 da Lei n° 8.036/90,"{""FGTS"": 11, ""INSS"": 11, ""IRRF"": 11, ""Analise"": ""-"", ""Rubrica"": ""AUX. DOENÇA"", ""Cod Rubrica"": 171, ""Cód Natureza"": ""1000 - Salário, vencimento, soldo ou subsídio"", ""Incid./Base Legal FGTS"": ""11 - Artigo 15 da Lei n° 8.036/90"", ""Incid./Base Legal INSS"": ""11 - Artigo 28, inciso I, da Lei n° 8.212/91"", ""Incid./Base Legal IRRF"": ""11 - Artigos 3º e 7º da Lei nº 7.713/88""}",2026-03-25 15:01:09.753784,,,,,,,,,,,,,,,,,,,,,,,,,,,,,,,,,,,,,,,,,,,,
173,1,173,172,ACIDENTE DE TRABALHO (15 DIAS),"1000 - Salário, vencimento, soldo ou subsídio",11,11,11,-,"11 - Artigo 28, inciso I, da Lei n° 8.212/91",11 - Artigos 3º e 7º da Lei nº 7.713/88,11 - Artigo 15 da Lei n° 8.036/90,"{""FGTS"": 11, ""INSS"": 11, ""IRRF"": 11, ""Analise"": ""-"", ""Rubrica"": ""ACIDENTE DE TRABALHO (15 DIAS)"", ""Cod Rubrica"": 172, ""Cód Natureza"": ""1000 - Salário, vencimento, soldo ou subsídio"", ""Incid./Base Legal FGTS"": ""11 - Artigo 15 da Lei n° 8.036/90"", ""Incid./Base Legal INSS"": ""11 - Artigo 28, inciso I, da Lei n° 8.212/91"", ""Incid./Base Legal IRRF"": ""11 - Artigos 3º e 7º da Lei nº 7.713/88""}",2026-03-25 15:01:09.753784,,,,,,,,,,,,,,,,,,,,,,,,,,,,,,,,,,,,,,,,,,,,
174,1,174,173,ACIDENTE DE TRABALHO (F.G.T.S.),9932 - Auxílio - doença acidentário,0,9,11,-,"0 - Artigo 28, § 9º da Lei n° 8.212/91",9 - Artigo 48 da Lei nº 8.541/92,11 - Artigo 15 da Lei n° 8.036/90,"{""FGTS"": 11, ""INSS"": 0, ""IRRF"": 9, ""Analise"": ""-"", ""Rubrica"": ""ACIDENTE DE TRABALHO (F.G.T.S.)"", ""Cod Rubrica"": 173, ""Cód Natureza"": ""9932 - Auxílio - doença acidentário"", ""Incid./Base Legal FGTS"": ""11 - Artigo 15 da Lei n° 8.036/90"", ""Incid./Base Legal INSS"": ""0 - Artigo 28, § 9º da Lei n° 8.212/91"", ""Incid./Base Legal IRRF"": ""9 - Artigo 48 da Lei nº 8.541/92""}",2026-03-25 15:01:09.753784,,,,,,,,,,,,,,,,,,,,,,,,,,,,,,,,,,,,,,,,,,,,
175,1,175,79 - Artigo 48 da Lei nº 8.541/92,12 - Artigo 15 da Lei n° 8.036/90,,,,,,,,,"{""Incid./Base Legal FGTS"": ""12 - Artigo 15 da Lei n° 8.036/90"", ""Incid./Base Legal IRRF"": ""79 - Artigo 48 da Lei nº 8.541/92""}",2026-03-25 15:01:09.753784,,,,,,,,,,,,,,,,,,,,,,,,,,,,,,,,,,,,,,,,,,,,
176,1,176,0 - Artigo 15 da Lei n° 8.036/90,,,,,,,,,,"{""Incid./Base Legal FGTS"": ""0 - Artigo 15 da Lei n° 8.036/90""}",2026-03-25 15:01:09.753784,,,,,,,,,,,,,,,,,,,,,,,,,,,,,,,,,,,,,,,,,,,,
177,1,177,174,AUX. DOENÇA (F.G.T.S.),9989 - Outros valores informativos,0,9,0,-,"0 - Artigo 28, inciso I, da Lei n° 8.212/91",9 - Artigo 12-A da Lei nº 7.713/88,0 - Artigo 15 da Lei n° 8.036/90,"{""FGTS"": 0, ""INSS"": 0, ""IRRF"": 9, ""Analise"": ""-"", ""Rubrica"": ""AUX. DOENÇA (F.G.T.S.)"", ""Cod Rubrica"": 174, ""Cód Natureza"": ""9989 - Outros valores informativos"", ""Incid./Base Legal FGTS"": ""0 - Artigo 15 da Lei n° 8.036/90"", ""Incid./Base Legal INSS"": ""0 - Artigo 28, inciso I, da Lei n° 8.212/91"", ""Incid./Base Legal IRRF"": ""9 - Artigo 12-A da Lei nº 7.713/88""}",2026-03-25 15:01:09.753784,,,,,,,,,,,,,,,,,,,,,,,,,,,,,,,,,,,,,,,,,,,,
178,1,178,175,SAIDAS ABONADAS,"1000 - Salário, vencimento, soldo ou subsídio",11,11,11,-,"11 - Artigo 28, inciso I, da Lei n° 8.212/91",11 - Artigos 3º e 7º da Lei nº 7.713/88,11 - Artigo 15 da Lei n° 8.036/90,"{""FGTS"": 11, ""INSS"": 11, ""IRRF"": 11, ""Analise"": ""-"", ""Rubrica"": ""SAIDAS ABONADAS"", ""Cod Rubrica"": 175, ""Cód Natureza"": ""1000 - Salário, vencimento, soldo ou subsídio"", ""Incid./Base Legal FGTS"": ""11 - Artigo 15 da Lei n° 8.036/90"", ""Incid./Base Legal INSS"": ""11 - Artigo 28, inciso I, da Lei n° 8.212/91"", ""Incid./Base Legal IRRF"": ""11 - Artigos 3º e 7º da Lei nº 7.713/88""}",2026-03-25 15:01:09.753784,,,,,,,,,,,,,,,,,,,,,,,,,,,,,,,,,,,,,,,,,,,,
179,1,179,176,SALARIO MES ANTERIOR,"1000 - Salário, vencimento, soldo ou subsídio",11,11,11,-,"11 - Artigo 28, inciso I, da Lei n° 8.212/91",11 - Artigos 3º e 7º da Lei nº 7.713/88,11 - Artigo 15 da Lei n° 8.036/90,"{""FGTS"": 11, ""INSS"": 11, ""IRRF"": 11, ""Analise"": ""-"", ""Rubrica"": ""SALARIO MES ANTERIOR"", ""Cod Rubrica"": 176, ""Cód Natureza"": ""1000 - Salário, vencimento, soldo ou subsídio"", ""Incid./Base Legal FGTS"": ""11 - Artigo 15 da Lei n° 8.036/90"", ""Incid./Base Legal INSS"": ""11 - Artigo 28, inciso I, da Lei n° 8.212/91"", ""Incid./Base Legal IRRF"": ""11 - Artigos 3º e 7º da Lei nº 7.713/88""}",2026-03-25 15:01:09.753784,,,,,,,,,,,,,,,,,,,,,,,,,,,,,,,,,,,,,,,,,,,,
180,1,180,177,SALARIO SUBSTITUTO,"1000 - Salário, vencimento, soldo ou subsídio",11,11,11,-,"11 - Artigo 28, inciso I, da Lei n° 8.212/91",11 - Artigos 3º e 7º da Lei nº 7.713/88,11 - Artigo 15 da Lei n° 8.036/90,"{""FGTS"": 11, ""INSS"": 11, ""IRRF"": 11, ""Analise"": ""-"", ""Rubrica"": ""SALARIO SUBSTITUTO"", ""Cod Rubrica"": 177, ""Cód Natureza"": ""1000 - Salário, vencimento, soldo ou subsídio"", ""Incid./Base Legal FGTS"": ""11 - Artigo 15 da Lei n° 8.036/90"", ""Incid./Base Legal INSS"": ""11 - Artigo 28, inciso I, da Lei n° 8.212/91"", ""Incid./Base Legal IRRF"": ""11 - Artigos 3º e 7º da Lei nº 7.713/88""}",2026-03-25 15:01:09.753784,,,,,,,,,,,,,,,,,,,,,,,,,,,,,,,,,,,,,,,,,,,,
181,1,181,178,TRIENIO,1206 - Adicional por tempo de serviço,11,11,11,-,"11 - Artigo 28, inciso I, da Lei n° 8.212/91",11 - Artigos 3º e 7º da Lei nº 7.713/88,11 - Artigo 15 da Lei n° 8.036/90,"{""FGTS"": 11, ""INSS"": 11, ""IRRF"": 11, ""Analise"": ""-"", ""Rubrica"": ""TRIENIO"", ""Cod Rubrica"": 178, ""Cód Natureza"": ""1206 - Adicional por tempo de serviço"", ""Incid./Base Legal FGTS"": ""11 - Artigo 15 da Lei n° 8.036/90"", ""Incid./Base Legal INSS"": ""11 - Artigo 28, inciso I, da Lei n° 8.212/91"", ""Incid./Base Legal IRRF"": ""11 - Artigos 3º e 7º da Lei nº 7.713/88""}",2026-03-25 15:01:09.753784,,,,,,,,,,,,,,,,,,,,,,,,,,,,,,,,,,,,,,,,,,,,
182,1,182,179,ATESTADO MEDICO,"1000 - Salário, vencimento, soldo ou subsídio",11,11,11,-,"11 - Artigo 28, inciso I, da Lei n° 8.212/91",11 - Artigos 3º e 7º da Lei nº 7.713/88,11 - Artigo 15 da Lei n° 8.036/90,"{""FGTS"": 11, ""INSS"": 11, ""IRRF"": 11, ""Analise"": ""-"", ""Rubrica"": ""ATESTADO MEDICO"", ""Cod Rubrica"": 179, ""Cód Natureza"": ""1000 - Salário, vencimento, soldo ou subsídio"", ""Incid./Base Legal FGTS"": ""11 - Artigo 15 da Lei n° 8.036/90"", ""Incid./Base Legal INSS"": ""11 - Artigo 28, inciso I, da Lei n° 8.212/91"", ""Incid./Base Legal IRRF"": ""11 - Artigos 3º e 7º da Lei nº 7.713/88""}",2026-03-25 15:01:09.753784,,,,,,,,,,,,,,,,,,,,,,,,,,,,,,,,,,,,,,,,,,,,
183,1,183,180,LICENCA PATERNIDADE,"1000 - Salário, vencimento, soldo ou subsídio",11,11,11,-,"11 - Artigo 28, inciso I, da Lei n° 8.212/91",11 - Artigos 3º e 7º da Lei nº 7.713/88,11 - Artigo 15 da Lei n° 8.036/90,"{""FGTS"": 11, ""INSS"": 11, ""IRRF"": 11, ""Analise"": ""-"", ""Rubrica"": ""LICENCA PATERNIDADE"", ""Cod Rubrica"": 180, ""Cód Natureza"": ""1000 - Salário, vencimento, soldo ou subsídio"", ""Incid./Base Legal FGTS"": ""11 - Artigo 15 da Lei n° 8.036/90"", ""Incid./Base Legal INSS"": ""11 - Artigo 28, inciso I, da Lei n° 8.212/91"", ""Incid./Base Legal IRRF"": ""11 - Artigos 3º e 7º da Lei nº 7.713/88""}",2026-03-25 15:01:09.753784,,,,,,,,,,,,,,,,,,,,,,,,,,,,,,,,,,,,,,,,,,,,
184,1,184,181,DOMINGO,1003 - Horas extraordinárias,11,11,11,-,"11 - Artigo 28, inciso I, da Lei n° 8.212/91",11 - Artigos 3º e 7º da Lei nº 7.713/88,11 - Artigo 15 da Lei n° 8.036/90,"{""FGTS"": 11, ""INSS"": 11, ""IRRF"": 11, ""Analise"": ""-"", ""Rubrica"": ""DOMINGO"", ""Cod Rubrica"": 181, ""Cód Natureza"": ""1003 - Horas extraordinárias"", ""Incid./Base Legal FGTS"": ""11 - Artigo 15 da Lei n° 8.036/90"", ""Incid./Base Legal INSS"": ""11 - Artigo 28, inciso I, da Lei n° 8.212/91"", ""Incid./Base Legal IRRF"": ""11 - Artigos 3º e 7º da Lei nº 7.713/88""}",2026-03-25 15:01:09.753784,,,,,,,,,,,,,,,,,,,,,,,,,,,,,,,,,,,,,,,,,,,,
185,1,185,182,FALTAS ABONADAS,"1000 - Salário, vencimento, soldo ou subsídio",11,11,11,-,"11 - Artigo 28, inciso I, da Lei n° 8.212/91",11 - Artigos 3º e 7º da Lei nº 7.713/88,11 - Artigo 15 da Lei n° 8.036/90,"{""FGTS"": 11, ""INSS"": 11, ""IRRF"": 11, ""Analise"": ""-"", ""Rubrica"": ""FALTAS ABONADAS"", ""Cod Rubrica"": 182, ""Cód Natureza"": ""1000 - Salário, vencimento, soldo ou subsídio"", ""Incid./Base Legal FGTS"": ""11 - Artigo 15 da Lei n° 8.036/90"", ""Incid./Base Legal INSS"": ""11 - Artigo 28, inciso I, da Lei n° 8.212/91"", ""Incid./Base Legal IRRF"": ""11 - Artigos 3º e 7º da Lei nº 7.713/88""}",2026-03-25 15:01:09.753784,,,,,,,,,,,,,,,,,,,,,,,,,,,,,,,,,,,,,,,,,,,,
186,1,186,183,FERIADO (DIAS),1003 - Horas extraordinárias,11,11,11,-,"11 - Artigo 28, inciso I, da Lei n° 8.212/91",11 - Artigos 3º e 7º da Lei nº 7.713/88,11 - Artigo 15 da Lei n° 8.036/90,"{""FGTS"": 11, ""INSS"": 11, ""IRRF"": 11, ""Analise"": ""-"", ""Rubrica"": ""FERIADO (DIAS)"", ""Cod Rubrica"": 183, ""Cód Natureza"": ""1003 - Horas extraordinárias"", ""Incid./Base Legal FGTS"": ""11 - Artigo 15 da Lei n° 8.036/90"", ""Incid./Base Legal INSS"": ""11 - Artigo 28, inciso I, da Lei n° 8.212/91"", ""Incid./Base Legal IRRF"": ""11 - Artigos 3º e 7º da Lei nº 7.713/88""}",2026-03-25 15:01:09.753784,,,,,,,,,,,,,,,,,,,,,,,,,,,,,,,,,,,,,,,,,,,,
187,1,187,184,HORAS REDUZIDAS MES ANTERIOR,1205 - Adicional noturno,11,11,11,-,"11 - Artigo 28, inciso I, da Lei n° 8.212/91",11 - Artigos 3º e 7º da Lei nº 7.713/88,11 - Artigo 15 da Lei n° 8.036/90,"{""FGTS"": 11, ""INSS"": 11, ""IRRF"": 11, ""Analise"": ""-"", ""Rubrica"": ""HORAS REDUZIDAS MES ANTERIOR"", ""Cod Rubrica"": 184, ""Cód Natureza"": ""1205 - Adicional noturno"", ""Incid./Base Legal FGTS"": ""11 - Artigo 15 da Lei n° 8.036/90"", ""Incid./Base Legal INSS"": ""11 - Artigo 28, inciso I, da Lei n° 8.212/91"", ""Incid./Base Legal IRRF"": ""11 - Artigos 3º e 7º da Lei nº 7.713/88""}",2026-03-25 15:01:09.753784,,,,,,,,,,,,,,,,,,,,,,,,,,,,,,,,,,,,,,,,,,,,
199,1,199,197,DIF. CCT - 2016,"1000 - Salário, vencimento, soldo ou subsídio",11,11,11,-,"11 - Artigo 28, inciso I, da Lei n° 8.212/91",11 - Artigos 3º e 7º da Lei nº 7.713/88,11 - Artigo 15 da Lei n° 8.036/90,"{""FGTS"": 11, ""INSS"": 11, ""IRRF"": 11, ""Analise"": ""-"", ""Rubrica"": ""DIF. CCT - 2016"", ""Cod Rubrica"": 197, ""Cód Natureza"": ""1000 - Salário, vencimento, soldo ou subsídio"", ""Incid./Base Legal FGTS"": ""11 - Artigo 15 da Lei n° 8.036/90"", ""Incid./Base Legal INSS"": ""11 - Artigo 28, inciso I, da Lei n° 8.212/91"", ""Incid./Base Legal IRRF"": ""11 - Artigos 3º e 7º da Lei nº 7.713/88""}",2026-03-25 15:01:09.753784,,,,,,,,,,,,,,,,,,,,,,,,,,,,,,,,,,,,,,,,,,,,
188,1,188,185,INDENIZACAO LEI Nº 7.238/84,6102 - Indenização do art. 9º lei nº 7.238/84,11,11,11,"Rubrica com inconsistência de INSS, IRRF e FGTS","0 - Artigo 28, § 9º da Lei n° 8.212/91","74 - Artigo 6º, inciso V da Lei nº 7.713/88 e artigo 28 da Lei nº 8.036/90","0 - Artigo 15, § 6º da Lei n° 8.036/90","{""FGTS"": 11, ""INSS"": 11, ""IRRF"": 11, ""Analise"": ""Rubrica com inconsistência de INSS, IRRF e FGTS"", ""Rubrica"": ""INDENIZACAO LEI Nº 7.238/84"", ""Cod Rubrica"": 185, ""Cód Natureza"": ""6102 - Indenização do art. 9º lei nº 7.238/84"", ""Incid./Base Legal FGTS"": ""0 - Artigo 15, § 6º da Lei n° 8.036/90"", ""Incid./Base Legal INSS"": ""0 - Artigo 28, § 9º da Lei n° 8.212/91"", ""Incid./Base Legal IRRF"": ""74 - Artigo 6º, inciso V da Lei nº 7.713/88 e artigo 28 da Lei nº 8.036/90""}",2026-03-25 15:01:09.753784,,,,,,,,,,,,,,,,,,,,,,,,,,,,,,,,,,,,,,,,,,,,
189,1,189,187,P.L.R.,1300 - PLR - Participação nos lucros e resultados,0,14,0,-,"0 - Artigo 28, § 9º da Lei n° 8.212/91",14 - Artigo 3º da Lei nº 10.101/2000,"0 - Artigo 15, § 6º da Lei n° 8.036/90","{""FGTS"": 0, ""INSS"": 0, ""IRRF"": 14, ""Analise"": ""-"", ""Rubrica"": ""P.L.R."", ""Cod Rubrica"": 187, ""Cód Natureza"": ""1300 - PLR - Participação nos lucros e resultados"", ""Incid./Base Legal FGTS"": ""0 - Artigo 15, § 6º da Lei n° 8.036/90"", ""Incid./Base Legal INSS"": ""0 - Artigo 28, § 9º da Lei n° 8.212/91"", ""Incid./Base Legal IRRF"": ""14 - Artigo 3º da Lei nº 10.101/2000""}",2026-03-25 15:01:09.753784,,,,,,,,,,,,,,,,,,,,,,,,,,,,,,,,,,,,,,,,,,,,
190,1,190,188,P.L.R. REF.CCT 2011 TRT CPS,1300 - PLR - Participação nos lucros e resultados,0,11,11,Rubrica com inconsistência de IRRF e FGTS,"0 - Artigo 28, § 9º da Lei n° 8.212/91",14 - Artigo 3º da Lei nº 10.101/2000,"0 - Artigo 15, § 6º da Lei n° 8.036/90","{""FGTS"": 11, ""INSS"": 0, ""IRRF"": 11, ""Analise"": ""Rubrica com inconsistência de IRRF e FGTS"", ""Rubrica"": ""P.L.R. REF.CCT 2011 TRT CPS"", ""Cod Rubrica"": 188, ""Cód Natureza"": ""1300 - PLR - Participação nos lucros e resultados"", ""Incid./Base Legal FGTS"": ""0 - Artigo 15, § 6º da Lei n° 8.036/90"", ""Incid./Base Legal INSS"": ""0 - Artigo 28, § 9º da Lei n° 8.212/91"", ""Incid./Base Legal IRRF"": ""14 - Artigo 3º da Lei nº 10.101/2000""}",2026-03-25 15:01:09.753784,,,,,,,,,,,,,,,,,,,,,,,,,,,,,,,,,,,,,,,,,,,,
191,1,191,189,QUEBRA DE CAIXA,1225 - Quebra de caixa,11,11,11,-,"11 - Artigo 28, inciso I, da Lei n° 8.212/91",11 - Artigos 3º e 7º da Lei nº 7.713/88,11 - Artigo 15 da Lei n° 8.036/90,"{""FGTS"": 11, ""INSS"": 11, ""IRRF"": 11, ""Analise"": ""-"", ""Rubrica"": ""QUEBRA DE CAIXA"", ""Cod Rubrica"": 189, ""Cód Natureza"": ""1225 - Quebra de caixa"", ""Incid./Base Legal FGTS"": ""11 - Artigo 15 da Lei n° 8.036/90"", ""Incid./Base Legal INSS"": ""11 - Artigo 28, inciso I, da Lei n° 8.212/91"", ""Incid./Base Legal IRRF"": ""11 - Artigos 3º e 7º da Lei nº 7.713/88""}",2026-03-25 15:01:09.753784,,,,,,,,,,,,,,,,,,,,,,,,,,,,,,,,,,,,,,,,,,,,
192,1,192,190,REEMB. FALTAS DESC. MES ANTERIOR,"1000 - Salário, vencimento, soldo ou subsídio",11,11,11,-,"11 - Artigo 28, inciso I, da Lei n° 8.212/91",11 - Artigos 3º e 7º da Lei nº 7.713/88,11 - Artigo 15 da Lei n° 8.036/90,"{""FGTS"": 11, ""INSS"": 11, ""IRRF"": 11, ""Analise"": ""-"", ""Rubrica"": ""REEMB. FALTAS DESC. MES ANTERIOR"", ""Cod Rubrica"": 190, ""Cód Natureza"": ""1000 - Salário, vencimento, soldo ou subsídio"", ""Incid./Base Legal FGTS"": ""11 - Artigo 15 da Lei n° 8.036/90"", ""Incid./Base Legal INSS"": ""11 - Artigo 28, inciso I, da Lei n° 8.212/91"", ""Incid./Base Legal IRRF"": ""11 - Artigos 3º e 7º da Lei nº 7.713/88""}",2026-03-25 15:01:09.753784,,,,,,,,,,,,,,,,,,,,,,,,,,,,,,,,,,,,,,,,,,,,
193,1,193,191,REINTEGRAÇÃO,"1000 - Salário, vencimento, soldo ou subsídio",11,11,11,-,"11 - Artigo 28, inciso I, da Lei n° 8.212/91",11 - Artigos 3º e 7º da Lei nº 7.713/88,11 - Artigo 15 da Lei n° 8.036/90,"{""FGTS"": 11, ""INSS"": 11, ""IRRF"": 11, ""Analise"": ""-"", ""Rubrica"": ""REINTEGRAÇÃO"", ""Cod Rubrica"": 191, ""Cód Natureza"": ""1000 - Salário, vencimento, soldo ou subsídio"", ""Incid./Base Legal FGTS"": ""11 - Artigo 15 da Lei n° 8.036/90"", ""Incid./Base Legal INSS"": ""11 - Artigo 28, inciso I, da Lei n° 8.212/91"", ""Incid./Base Legal IRRF"": ""11 - Artigos 3º e 7º da Lei nº 7.713/88""}",2026-03-25 15:01:09.753784,,,,,,,,,,,,,,,,,,,,,,,,,,,,,,,,,,,,,,,,,,,,
194,1,194,192,DECLARAÇÃO JUDICIAL,"1000 - Salário, vencimento, soldo ou subsídio",11,11,11,-,"11 - Artigo 28, inciso I, da Lei n° 8.212/91",11 - Artigos 3º e 7º da Lei nº 7.713/88,11 - Artigo 15 da Lei n° 8.036/90,"{""FGTS"": 11, ""INSS"": 11, ""IRRF"": 11, ""Analise"": ""-"", ""Rubrica"": ""DECLARAÇÃO JUDICIAL"", ""Cod Rubrica"": 192, ""Cód Natureza"": ""1000 - Salário, vencimento, soldo ou subsídio"", ""Incid./Base Legal FGTS"": ""11 - Artigo 15 da Lei n° 8.036/90"", ""Incid./Base Legal INSS"": ""11 - Artigo 28, inciso I, da Lei n° 8.212/91"", ""Incid./Base Legal IRRF"": ""11 - Artigos 3º e 7º da Lei nº 7.713/88""}",2026-03-25 15:01:09.753784,,,,,,,,,,,,,,,,,,,,,,,,,,,,,,,,,,,,,,,,,,,,
195,1,195,193,F.G.T.S. PAGO,9908 - FGTS - depósito,0,9,0,-,"0 - Artigo 28, § 9º da Lei n° 8.212/91",9 - Artigo 7º da Lei nº 8.134/90,"0 - Artigo 15, § 6º da Lei n° 8.036/90","{""FGTS"": 0, ""INSS"": 0, ""IRRF"": 9, ""Analise"": ""-"", ""Rubrica"": ""F.G.T.S. PAGO"", ""Cod Rubrica"": 193, ""Cód Natureza"": ""9908 - FGTS - depósito"", ""Incid./Base Legal FGTS"": ""0 - Artigo 15, § 6º da Lei n° 8.036/90"", ""Incid./Base Legal INSS"": ""0 - Artigo 28, § 9º da Lei n° 8.212/91"", ""Incid./Base Legal IRRF"": ""9 - Artigo 7º da Lei nº 8.134/90""}",2026-03-25 15:01:09.753784,,,,,,,,,,,,,,,,,,,,,,,,,,,,,,,,,,,,,,,,,,,,
196,1,196,194,F.G.T.S. MES ANTERIOR (TEMP),9908 - FGTS - depósito,0,0,0,Rubrica com inconsistência de IRRF,"0 - Artigo 28, § 9º da Lei n° 8.212/91",9 - Artigo 7º da Lei nº 8.134/90,"0 - Artigo 15, § 6º da Lei n° 8.036/90","{""FGTS"": 0, ""INSS"": 0, ""IRRF"": 0, ""Analise"": ""Rubrica com inconsistência de IRRF"", ""Rubrica"": ""F.G.T.S. MES ANTERIOR (TEMP)"", ""Cod Rubrica"": 194, ""Cód Natureza"": ""9908 - FGTS - depósito"", ""Incid./Base Legal FGTS"": ""0 - Artigo 15, § 6º da Lei n° 8.036/90"", ""Incid./Base Legal INSS"": ""0 - Artigo 28, § 9º da Lei n° 8.212/91"", ""Incid./Base Legal IRRF"": ""9 - Artigo 7º da Lei nº 8.134/90""}",2026-03-25 15:01:09.753784,,,,,,,,,,,,,,,,,,,,,,,,,,,,,,,,,,,,,,,,,,,,
197,1,197,195,F.G.T.S. FIM DE CONTRATO,9908 - FGTS - depósito,0,0,0,Rubrica com inconsistência de IRRF,"0 - Artigo 28, § 9º da Lei n° 8.212/91",9 - Artigo 7º da Lei nº 8.134/90,"0 - Artigo 15, § 6º da Lei n° 8.036/90","{""FGTS"": 0, ""INSS"": 0, ""IRRF"": 0, ""Analise"": ""Rubrica com inconsistência de IRRF"", ""Rubrica"": ""F.G.T.S. FIM DE CONTRATO"", ""Cod Rubrica"": 195, ""Cód Natureza"": ""9908 - FGTS - depósito"", ""Incid./Base Legal FGTS"": ""0 - Artigo 15, § 6º da Lei n° 8.036/90"", ""Incid./Base Legal INSS"": ""0 - Artigo 28, § 9º da Lei n° 8.212/91"", ""Incid./Base Legal IRRF"": ""9 - Artigo 7º da Lei nº 8.134/90""}",2026-03-25 15:01:09.753784,,,,,,,,,,,,,,,,,,,,,,,,,,,,,,,,,,,,,,,,,,,,
198,1,198,196,HORAS DOBRADAS,1003 - Horas extraordinárias,11,11,11,-,"11 - Artigo 28, inciso I, da Lei n° 8.212/91",11 - Artigos 3º e 7º da Lei nº 7.713/88,11 - Artigo 15 da Lei n° 8.036/90,"{""FGTS"": 11, ""INSS"": 11, ""IRRF"": 11, ""Analise"": ""-"", ""Rubrica"": ""HORAS DOBRADAS"", ""Cod Rubrica"": 196, ""Cód Natureza"": ""1003 - Horas extraordinárias"", ""Incid./Base Legal FGTS"": ""11 - Artigo 15 da Lei n° 8.036/90"", ""Incid./Base Legal INSS"": ""11 - Artigo 28, inciso I, da Lei n° 8.212/91"", ""Incid./Base Legal IRRF"": ""11 - Artigos 3º e 7º da Lei nº 7.713/88""}",2026-03-25 15:01:09.753784,,,,,,,,,,,,,,,,,,,,,,,,,,,,,,,,,,,,,,,,,,,,
236,1,236,"0 - Artigo 28, inciso I, da Lei n° 8.212/91","0 - Artigo 15, § 6º da Lei n° 8.036/90",,,,,,,,,"{""Incid./Base Legal FGTS"": ""0 - Artigo 15, § 6º da Lei n° 8.036/90"", ""Incid./Base Legal INSS"": ""0 - Artigo 28, inciso I, da Lei n° 8.212/91""}",2026-03-25 15:01:09.753784,,,,,,,,,,,,,,,,,,,,,,,,,,,,,,,,,,,,,,,,,,,,
200,1,200,198,SALARIO MATERNIDADE,4050 - Salário maternidade,21,11,11,-,"21 - Artigo 28, inciso I, da Lei n° 8.212/91",11 - Artigos 3º e 7º da Lei nº 7.713/88,11 - Artigo 15 da Lei n° 8.036/90,"{""FGTS"": 11, ""INSS"": 21, ""IRRF"": 11, ""Analise"": ""-"", ""Rubrica"": ""SALARIO MATERNIDADE"", ""Cod Rubrica"": 198, ""Cód Natureza"": ""4050 - Salário maternidade"", ""Incid./Base Legal FGTS"": ""11 - Artigo 15 da Lei n° 8.036/90"", ""Incid./Base Legal INSS"": ""21 - Artigo 28, inciso I, da Lei n° 8.212/91"", ""Incid./Base Legal IRRF"": ""11 - Artigos 3º e 7º da Lei nº 7.713/88""}",2026-03-25 15:01:09.753784,,,,,,,,,,,,,,,,,,,,,,,,,,,,,,,,,,,,,,,,,,,,
201,1,201,15 - IN 2185/2024,,,,,,,,,,"{""Incid./Base Legal INSS"": ""15 - IN 2185/2024""}",2026-03-25 15:01:09.753784,,,,,,,,,,,,,,,,,,,,,,,,,,,,,,,,,,,,,,,,,,,,
202,1,202,199,DIF. SALARIO PISO RJ,"1000 - Salário, vencimento, soldo ou subsídio",11,11,11,-,"11 - Artigo 28, inciso I, da Lei n° 8.212/91",11 - Artigos 3º e 7º da Lei nº 7.713/88,11 - Artigo 15 da Lei n° 8.036/90,"{""FGTS"": 11, ""INSS"": 11, ""IRRF"": 11, ""Analise"": ""-"", ""Rubrica"": ""DIF. SALARIO PISO RJ"", ""Cod Rubrica"": 199, ""Cód Natureza"": ""1000 - Salário, vencimento, soldo ou subsídio"", ""Incid./Base Legal FGTS"": ""11 - Artigo 15 da Lei n° 8.036/90"", ""Incid./Base Legal INSS"": ""11 - Artigo 28, inciso I, da Lei n° 8.212/91"", ""Incid./Base Legal IRRF"": ""11 - Artigos 3º e 7º da Lei nº 7.713/88""}",2026-03-25 15:01:09.753784,,,,,,,,,,,,,,,,,,,,,,,,,,,,,,,,,,,,,,,,,,,,
203,1,203,200,ADIC. SALARIO COMP 04/2018,1211 - Gratificações,11,11,11,-,"11 - Artigo 28, inciso I, da Lei n° 8.212/91",11 - Artigos 3º e 7º da Lei nº 7.713/88,11 - Artigo 15 da Lei n° 8.036/90,"{""FGTS"": 11, ""INSS"": 11, ""IRRF"": 11, ""Analise"": ""-"", ""Rubrica"": ""ADIC. SALARIO COMP 04/2018"", ""Cod Rubrica"": 200, ""Cód Natureza"": ""1211 - Gratificações"", ""Incid./Base Legal FGTS"": ""11 - Artigo 15 da Lei n° 8.036/90"", ""Incid./Base Legal INSS"": ""11 - Artigo 28, inciso I, da Lei n° 8.212/91"", ""Incid./Base Legal IRRF"": ""11 - Artigos 3º e 7º da Lei nº 7.713/88""}",2026-03-25 15:01:09.753784,,,,,,,,,,,,,,,,,,,,,,,,,,,,,,,,,,,,,,,,,,,,
204,1,204,201,ADIC. SALARIO REF. 08/2014,1211 - Gratificações,11,11,11,-,"11 - Artigo 28, inciso I, da Lei n° 8.212/91",11 - Artigos 3º e 7º da Lei nº 7.713/88,11 - Artigo 15 da Lei n° 8.036/90,"{""FGTS"": 11, ""INSS"": 11, ""IRRF"": 11, ""Analise"": ""-"", ""Rubrica"": ""ADIC. SALARIO REF. 08/2014"", ""Cod Rubrica"": 201, ""Cód Natureza"": ""1211 - Gratificações"", ""Incid./Base Legal FGTS"": ""11 - Artigo 15 da Lei n° 8.036/90"", ""Incid./Base Legal INSS"": ""11 - Artigo 28, inciso I, da Lei n° 8.212/91"", ""Incid./Base Legal IRRF"": ""11 - Artigos 3º e 7º da Lei nº 7.713/88""}",2026-03-25 15:01:09.753784,,,,,,,,,,,,,,,,,,,,,,,,,,,,,,,,,,,,,,,,,,,,
205,1,205,202,ADIC. SALARIO REF. 09/2014,1211 - Gratificações,11,11,11,-,"11 - Artigo 28, inciso I, da Lei n° 8.212/91",11 - Artigos 3º e 7º da Lei nº 7.713/88,11 - Artigo 15 da Lei n° 8.036/90,"{""FGTS"": 11, ""INSS"": 11, ""IRRF"": 11, ""Analise"": ""-"", ""Rubrica"": ""ADIC. SALARIO REF. 09/2014"", ""Cod Rubrica"": 202, ""Cód Natureza"": ""1211 - Gratificações"", ""Incid./Base Legal FGTS"": ""11 - Artigo 15 da Lei n° 8.036/90"", ""Incid./Base Legal INSS"": ""11 - Artigo 28, inciso I, da Lei n° 8.212/91"", ""Incid./Base Legal IRRF"": ""11 - Artigos 3º e 7º da Lei nº 7.713/88""}",2026-03-25 15:01:09.753784,,,,,,,,,,,,,,,,,,,,,,,,,,,,,,,,,,,,,,,,,,,,
206,1,206,203,ADIC. SALARIO REF. 10/2014,1211 - Gratificações,11,11,11,-,"11 - Artigo 28, inciso I, da Lei n° 8.212/91",11 - Artigos 3º e 7º da Lei nº 7.713/88,11 - Artigo 15 da Lei n° 8.036/90,"{""FGTS"": 11, ""INSS"": 11, ""IRRF"": 11, ""Analise"": ""-"", ""Rubrica"": ""ADIC. SALARIO REF. 10/2014"", ""Cod Rubrica"": 203, ""Cód Natureza"": ""1211 - Gratificações"", ""Incid./Base Legal FGTS"": ""11 - Artigo 15 da Lei n° 8.036/90"", ""Incid./Base Legal INSS"": ""11 - Artigo 28, inciso I, da Lei n° 8.212/91"", ""Incid./Base Legal IRRF"": ""11 - Artigos 3º e 7º da Lei nº 7.713/88""}",2026-03-25 15:01:09.753784,,,,,,,,,,,,,,,,,,,,,,,,,,,,,,,,,,,,,,,,,,,,
207,1,207,204,DIF. SALARIO 01/2015,"1000 - Salário, vencimento, soldo ou subsídio",11,11,11,-,"11 - Artigo 28, inciso I, da Lei n° 8.212/91",11 - Artigos 3º e 7º da Lei nº 7.713/88,11 - Artigo 15 da Lei n° 8.036/90,"{""FGTS"": 11, ""INSS"": 11, ""IRRF"": 11, ""Analise"": ""-"", ""Rubrica"": ""DIF. SALARIO 01/2015"", ""Cod Rubrica"": 204, ""Cód Natureza"": ""1000 - Salário, vencimento, soldo ou subsídio"", ""Incid./Base Legal FGTS"": ""11 - Artigo 15 da Lei n° 8.036/90"", ""Incid./Base Legal INSS"": ""11 - Artigo 28, inciso I, da Lei n° 8.212/91"", ""Incid./Base Legal IRRF"": ""11 - Artigos 3º e 7º da Lei nº 7.713/88""}",2026-03-25 15:01:09.753784,,,,,,,,,,,,,,,,,,,,,,,,,,,,,,,,,,,,,,,,,,,,
208,1,208,205,DIF. SALARIO 08/2021,"1000 - Salário, vencimento, soldo ou subsídio",11,11,11,-,"11 - Artigo 28, inciso I, da Lei n° 8.212/91",11 - Artigos 3º e 7º da Lei nº 7.713/88,11 - Artigo 15 da Lei n° 8.036/90,"{""FGTS"": 11, ""INSS"": 11, ""IRRF"": 11, ""Analise"": ""-"", ""Rubrica"": ""DIF. SALARIO 08/2021"", ""Cod Rubrica"": 205, ""Cód Natureza"": ""1000 - Salário, vencimento, soldo ou subsídio"", ""Incid./Base Legal FGTS"": ""11 - Artigo 15 da Lei n° 8.036/90"", ""Incid./Base Legal INSS"": ""11 - Artigo 28, inciso I, da Lei n° 8.212/91"", ""Incid./Base Legal IRRF"": ""11 - Artigos 3º e 7º da Lei nº 7.713/88""}",2026-03-25 15:01:09.753784,,,,,,,,,,,,,,,,,,,,,,,,,,,,,,,,,,,,,,,,,,,,
209,1,209,206,DIF. SALARIO 09/2021,"1000 - Salário, vencimento, soldo ou subsídio",11,11,11,-,"11 - Artigo 28, inciso I, da Lei n° 8.212/91",11 - Artigos 3º e 7º da Lei nº 7.713/88,11 - Artigo 15 da Lei n° 8.036/90,"{""FGTS"": 11, ""INSS"": 11, ""IRRF"": 11, ""Analise"": ""-"", ""Rubrica"": ""DIF. SALARIO 09/2021"", ""Cod Rubrica"": 206, ""Cód Natureza"": ""1000 - Salário, vencimento, soldo ou subsídio"", ""Incid./Base Legal FGTS"": ""11 - Artigo 15 da Lei n° 8.036/90"", ""Incid./Base Legal INSS"": ""11 - Artigo 28, inciso I, da Lei n° 8.212/91"", ""Incid./Base Legal IRRF"": ""11 - Artigos 3º e 7º da Lei nº 7.713/88""}",2026-03-25 15:01:09.753784,,,,,,,,,,,,,,,,,,,,,,,,,,,,,,,,,,,,,,,,,,,,
210,1,210,207,DIF. SALARIO 10/2021,"1000 - Salário, vencimento, soldo ou subsídio",11,11,11,-,"11 - Artigo 28, inciso I, da Lei n° 8.212/91",11 - Artigos 3º e 7º da Lei nº 7.713/88,11 - Artigo 15 da Lei n° 8.036/90,"{""FGTS"": 11, ""INSS"": 11, ""IRRF"": 11, ""Analise"": ""-"", ""Rubrica"": ""DIF. SALARIO 10/2021"", ""Cod Rubrica"": 207, ""Cód Natureza"": ""1000 - Salário, vencimento, soldo ou subsídio"", ""Incid./Base Legal FGTS"": ""11 - Artigo 15 da Lei n° 8.036/90"", ""Incid./Base Legal INSS"": ""11 - Artigo 28, inciso I, da Lei n° 8.212/91"", ""Incid./Base Legal IRRF"": ""11 - Artigos 3º e 7º da Lei nº 7.713/88""}",2026-03-25 15:01:09.753784,,,,,,,,,,,,,,,,,,,,,,,,,,,,,,,,,,,,,,,,,,,,
211,1,211,208,DIF. SALARIO 06/2014 TEOFILO OTONI,"1000 - Salário, vencimento, soldo ou subsídio",11,11,11,-,"11 - Artigo 28, inciso I, da Lei n° 8.212/91",11 - Artigos 3º e 7º da Lei nº 7.713/88,11 - Artigo 15 da Lei n° 8.036/90,"{""FGTS"": 11, ""INSS"": 11, ""IRRF"": 11, ""Analise"": ""-"", ""Rubrica"": ""DIF. SALARIO 06/2014 TEOFILO OTONI"", ""Cod Rubrica"": 208, ""Cód Natureza"": ""1000 - Salário, vencimento, soldo ou subsídio"", ""Incid./Base Legal FGTS"": ""11 - Artigo 15 da Lei n° 8.036/90"", ""Incid./Base Legal INSS"": ""11 - Artigo 28, inciso I, da Lei n° 8.212/91"", ""Incid./Base Legal IRRF"": ""11 - Artigos 3º e 7º da Lei nº 7.713/88""}",2026-03-25 15:01:09.753784,,,,,,,,,,,,,,,,,,,,,,,,,,,,,,,,,,,,,,,,,,,,
374,1,374,"0 - Artigo 28, inciso I, da Lei n° 8.212/91",9 - valor do pagamento informar no 1015,0 - Artigo 15 da Lei n° 8.036/90,,,,,,,,"{""Incid./Base Legal FGTS"": ""0 - Artigo 15 da Lei n° 8.036/90"", ""Incid./Base Legal INSS"": ""0 - Artigo 28, inciso I, da Lei n° 8.212/91"", ""Incid./Base Legal IRRF"": ""9 - valor do pagamento informar no 1015""}",2026-03-25 15:01:09.753784,,,,,,,,,,,,,,,,,,,,,,,,,,,,,,,,,,,,,,,,,,,,
212,1,212,209,DIF. SALARIO 07/2014 TEOFILO OTONI,"1000 - Salário, vencimento, soldo ou subsídio",11,11,11,-,"11 - Artigo 28, inciso I, da Lei n° 8.212/91",11 - Artigos 3º e 7º da Lei nº 7.713/88,11 - Artigo 15 da Lei n° 8.036/90,"{""FGTS"": 11, ""INSS"": 11, ""IRRF"": 11, ""Analise"": ""-"", ""Rubrica"": ""DIF. SALARIO 07/2014 TEOFILO OTONI"", ""Cod Rubrica"": 209, ""Cód Natureza"": ""1000 - Salário, vencimento, soldo ou subsídio"", ""Incid./Base Legal FGTS"": ""11 - Artigo 15 da Lei n° 8.036/90"", ""Incid./Base Legal INSS"": ""11 - Artigo 28, inciso I, da Lei n° 8.212/91"", ""Incid./Base Legal IRRF"": ""11 - Artigos 3º e 7º da Lei nº 7.713/88""}",2026-03-25 15:01:09.753784,,,,,,,,,,,,,,,,,,,,,,,,,,,,,,,,,,,,,,,,,,,,
213,1,213,210,DIF. SALARIO 08/2014 TEOFILO OTONI,"1000 - Salário, vencimento, soldo ou subsídio",11,11,11,-,"11 - Artigo 28, inciso I, da Lei n° 8.212/91",11 - Artigos 3º e 7º da Lei nº 7.713/88,11 - Artigo 15 da Lei n° 8.036/90,"{""FGTS"": 11, ""INSS"": 11, ""IRRF"": 11, ""Analise"": ""-"", ""Rubrica"": ""DIF. SALARIO 08/2014 TEOFILO OTONI"", ""Cod Rubrica"": 210, ""Cód Natureza"": ""1000 - Salário, vencimento, soldo ou subsídio"", ""Incid./Base Legal FGTS"": ""11 - Artigo 15 da Lei n° 8.036/90"", ""Incid./Base Legal INSS"": ""11 - Artigo 28, inciso I, da Lei n° 8.212/91"", ""Incid./Base Legal IRRF"": ""11 - Artigos 3º e 7º da Lei nº 7.713/88""}",2026-03-25 15:01:09.753784,,,,,,,,,,,,,,,,,,,,,,,,,,,,,,,,,,,,,,,,,,,,
214,1,214,211,DIF. SALARIO 09/2014 TEOFILO OTONI,"1000 - Salário, vencimento, soldo ou subsídio",11,11,11,-,"11 - Artigo 28, inciso I, da Lei n° 8.212/91",11 - Artigos 3º e 7º da Lei nº 7.713/88,11 - Artigo 15 da Lei n° 8.036/90,"{""FGTS"": 11, ""INSS"": 11, ""IRRF"": 11, ""Analise"": ""-"", ""Rubrica"": ""DIF. SALARIO 09/2014 TEOFILO OTONI"", ""Cod Rubrica"": 211, ""Cód Natureza"": ""1000 - Salário, vencimento, soldo ou subsídio"", ""Incid./Base Legal FGTS"": ""11 - Artigo 15 da Lei n° 8.036/90"", ""Incid./Base Legal INSS"": ""11 - Artigo 28, inciso I, da Lei n° 8.212/91"", ""Incid./Base Legal IRRF"": ""11 - Artigos 3º e 7º da Lei nº 7.713/88""}",2026-03-25 15:01:09.753784,,,,,,,,,,,,,,,,,,,,,,,,,,,,,,,,,,,,,,,,,,,,
215,1,215,212,DIF. SALARIO 10/2014 TEOFILO OTONI,"1000 - Salário, vencimento, soldo ou subsídio",11,11,11,-,"11 - Artigo 28, inciso I, da Lei n° 8.212/91",11 - Artigos 3º e 7º da Lei nº 7.713/88,11 - Artigo 15 da Lei n° 8.036/90,"{""FGTS"": 11, ""INSS"": 11, ""IRRF"": 11, ""Analise"": ""-"", ""Rubrica"": ""DIF. SALARIO 10/2014 TEOFILO OTONI"", ""Cod Rubrica"": 212, ""Cód Natureza"": ""1000 - Salário, vencimento, soldo ou subsídio"", ""Incid./Base Legal FGTS"": ""11 - Artigo 15 da Lei n° 8.036/90"", ""Incid./Base Legal INSS"": ""11 - Artigo 28, inciso I, da Lei n° 8.212/91"", ""Incid./Base Legal IRRF"": ""11 - Artigos 3º e 7º da Lei nº 7.713/88""}",2026-03-25 15:01:09.753784,,,,,,,,,,,,,,,,,,,,,,,,,,,,,,,,,,,,,,,,,,,,
216,1,216,213,ABONO DE SALARIO,1401 - Abono,11,11,11,Rubrica com inconsistência de INSS e FGTS,"0 - Artigo 457, § 2º da CLT",11 - Artigos 3º e 7º da Lei nº 7.713/88,"0 - Artigo 457, § 2º da CLT","{""FGTS"": 11, ""INSS"": 11, ""IRRF"": 11, ""Analise"": ""Rubrica com inconsistência de INSS e FGTS"", ""Rubrica"": ""ABONO DE SALARIO"", ""Cod Rubrica"": 213, ""Cód Natureza"": ""1401 - Abono"", ""Incid./Base Legal FGTS"": ""0 - Artigo 457, § 2º da CLT"", ""Incid./Base Legal INSS"": ""0 - Artigo 457, § 2º da CLT"", ""Incid./Base Legal IRRF"": ""11 - Artigos 3º e 7º da Lei nº 7.713/88""}",2026-03-25 15:01:09.753784,,,,,,,,,,,,,,,,,,,,,,,,,,,,,,,,,,,,,,,,,,,,
217,1,217,214,ACERTO DE FOLHA,1299 - Outros adicionais,0,0,0,"Rubrica com inconsistência de INSS, IRRF e FGTS","11 - Artigo 28, inciso I, da Lei n° 8.212/91",11 - Artigos 3º e 7º da Lei nº 7.713/88,11 - Artigo 15 da Lei n° 8.036/90,"{""FGTS"": 0, ""INSS"": 0, ""IRRF"": 0, ""Analise"": ""Rubrica com inconsistência de INSS, IRRF e FGTS"", ""Rubrica"": ""ACERTO DE FOLHA"", ""Cod Rubrica"": 214, ""Cód Natureza"": ""1299 - Outros adicionais"", ""Incid./Base Legal FGTS"": ""11 - Artigo 15 da Lei n° 8.036/90"", ""Incid./Base Legal INSS"": ""11 - Artigo 28, inciso I, da Lei n° 8.212/91"", ""Incid./Base Legal IRRF"": ""11 - Artigos 3º e 7º da Lei nº 7.713/88""}",2026-03-25 15:01:09.753784,,,,,,,,,,,,,,,,,,,,,,,,,,,,,,,,,,,,,,,,,,,,
218,1,218,215,HORAS DOBRADAS - MES ANTERIOR,1003 - Horas extraordinárias,11,11,11,-,"11 - Artigo 28, inciso I, da Lei n° 8.212/91",11 - Artigos 3º e 7º da Lei nº 7.713/88,11 - Artigo 15 da Lei n° 8.036/90,"{""FGTS"": 11, ""INSS"": 11, ""IRRF"": 11, ""Analise"": ""-"", ""Rubrica"": ""HORAS DOBRADAS - MES ANTERIOR"", ""Cod Rubrica"": 215, ""Cód Natureza"": ""1003 - Horas extraordinárias"", ""Incid./Base Legal FGTS"": ""11 - Artigo 15 da Lei n° 8.036/90"", ""Incid./Base Legal INSS"": ""11 - Artigo 28, inciso I, da Lei n° 8.212/91"", ""Incid./Base Legal IRRF"": ""11 - Artigos 3º e 7º da Lei nº 7.713/88""}",2026-03-25 15:01:09.753784,,,,,,,,,,,,,,,,,,,,,,,,,,,,,,,,,,,,,,,,,,,,
219,1,219,216,REEMB. HORAS EXTRAS 01/14,1003 - Horas extraordinárias,11,11,11,-,"11 - Artigo 28, inciso I, da Lei n° 8.212/91",11 - Artigos 3º e 7º da Lei nº 7.713/88,11 - Artigo 15 da Lei n° 8.036/90,"{""FGTS"": 11, ""INSS"": 11, ""IRRF"": 11, ""Analise"": ""-"", ""Rubrica"": ""REEMB. HORAS EXTRAS 01/14"", ""Cod Rubrica"": 216, ""Cód Natureza"": ""1003 - Horas extraordinárias"", ""Incid./Base Legal FGTS"": ""11 - Artigo 15 da Lei n° 8.036/90"", ""Incid./Base Legal INSS"": ""11 - Artigo 28, inciso I, da Lei n° 8.212/91"", ""Incid./Base Legal IRRF"": ""11 - Artigos 3º e 7º da Lei nº 7.713/88""}",2026-03-25 15:01:09.753784,,,,,,,,,,,,,,,,,,,,,,,,,,,,,,,,,,,,,,,,,,,,
220,1,220,217,REEMB. HORAS EXTRAS 02/12,1003 - Horas extraordinárias,11,11,11,-,"11 - Artigo 28, inciso I, da Lei n° 8.212/91",11 - Artigos 3º e 7º da Lei nº 7.713/88,11 - Artigo 15 da Lei n° 8.036/90,"{""FGTS"": 11, ""INSS"": 11, ""IRRF"": 11, ""Analise"": ""-"", ""Rubrica"": ""REEMB. HORAS EXTRAS 02/12"", ""Cod Rubrica"": 217, ""Cód Natureza"": ""1003 - Horas extraordinárias"", ""Incid./Base Legal FGTS"": ""11 - Artigo 15 da Lei n° 8.036/90"", ""Incid./Base Legal INSS"": ""11 - Artigo 28, inciso I, da Lei n° 8.212/91"", ""Incid./Base Legal IRRF"": ""11 - Artigos 3º e 7º da Lei nº 7.713/88""}",2026-03-25 15:01:09.753784,,,,,,,,,,,,,,,,,,,,,,,,,,,,,,,,,,,,,,,,,,,,
221,1,221,218,REEMB. HORAS EXTRAS 02/14,1003 - Horas extraordinárias,11,11,11,-,"11 - Artigo 28, inciso I, da Lei n° 8.212/91",11 - Artigos 3º e 7º da Lei nº 7.713/88,11 - Artigo 15 da Lei n° 8.036/90,"{""FGTS"": 11, ""INSS"": 11, ""IRRF"": 11, ""Analise"": ""-"", ""Rubrica"": ""REEMB. HORAS EXTRAS 02/14"", ""Cod Rubrica"": 218, ""Cód Natureza"": ""1003 - Horas extraordinárias"", ""Incid./Base Legal FGTS"": ""11 - Artigo 15 da Lei n° 8.036/90"", ""Incid./Base Legal INSS"": ""11 - Artigo 28, inciso I, da Lei n° 8.212/91"", ""Incid./Base Legal IRRF"": ""11 - Artigos 3º e 7º da Lei nº 7.713/88""}",2026-03-25 15:01:09.753784,,,,,,,,,,,,,,,,,,,,,,,,,,,,,,,,,,,,,,,,,,,,
222,1,222,219,REEMB. HORAS EXTRAS 03/14,1003 - Horas extraordinárias,11,11,11,-,"11 - Artigo 28, inciso I, da Lei n° 8.212/91",11 - Artigos 3º e 7º da Lei nº 7.713/88,11 - Artigo 15 da Lei n° 8.036/90,"{""FGTS"": 11, ""INSS"": 11, ""IRRF"": 11, ""Analise"": ""-"", ""Rubrica"": ""REEMB. HORAS EXTRAS 03/14"", ""Cod Rubrica"": 219, ""Cód Natureza"": ""1003 - Horas extraordinárias"", ""Incid./Base Legal FGTS"": ""11 - Artigo 15 da Lei n° 8.036/90"", ""Incid./Base Legal INSS"": ""11 - Artigo 28, inciso I, da Lei n° 8.212/91"", ""Incid./Base Legal IRRF"": ""11 - Artigos 3º e 7º da Lei nº 7.713/88""}",2026-03-25 15:01:09.753784,,,,,,,,,,,,,,,,,,,,,,,,,,,,,,,,,,,,,,,,,,,,
223,1,223,220,REEMB. HORAS EXTRAS 04/14,1003 - Horas extraordinárias,11,11,11,-,"11 - Artigo 28, inciso I, da Lei n° 8.212/91",11 - Artigos 3º e 7º da Lei nº 7.713/88,11 - Artigo 15 da Lei n° 8.036/90,"{""FGTS"": 11, ""INSS"": 11, ""IRRF"": 11, ""Analise"": ""-"", ""Rubrica"": ""REEMB. HORAS EXTRAS 04/14"", ""Cod Rubrica"": 220, ""Cód Natureza"": ""1003 - Horas extraordinárias"", ""Incid./Base Legal FGTS"": ""11 - Artigo 15 da Lei n° 8.036/90"", ""Incid./Base Legal INSS"": ""11 - Artigo 28, inciso I, da Lei n° 8.212/91"", ""Incid./Base Legal IRRF"": ""11 - Artigos 3º e 7º da Lei nº 7.713/88""}",2026-03-25 15:01:09.753784,,,,,,,,,,,,,,,,,,,,,,,,,,,,,,,,,,,,,,,,,,,,
224,1,224,221,REEMB. HORAS EXTRAS 05/11,1003 - Horas extraordinárias,11,11,11,-,"11 - Artigo 28, inciso I, da Lei n° 8.212/91",11 - Artigos 3º e 7º da Lei nº 7.713/88,11 - Artigo 15 da Lei n° 8.036/90,"{""FGTS"": 11, ""INSS"": 11, ""IRRF"": 11, ""Analise"": ""-"", ""Rubrica"": ""REEMB. HORAS EXTRAS 05/11"", ""Cod Rubrica"": 221, ""Cód Natureza"": ""1003 - Horas extraordinárias"", ""Incid./Base Legal FGTS"": ""11 - Artigo 15 da Lei n° 8.036/90"", ""Incid./Base Legal INSS"": ""11 - Artigo 28, inciso I, da Lei n° 8.212/91"", ""Incid./Base Legal IRRF"": ""11 - Artigos 3º e 7º da Lei nº 7.713/88""}",2026-03-25 15:01:09.753784,,,,,,,,,,,,,,,,,,,,,,,,,,,,,,,,,,,,,,,,,,,,
225,1,225,222,REEMB. HORAS EXTRAS 05/14,1003 - Horas extraordinárias,11,11,11,-,"11 - Artigo 28, inciso I, da Lei n° 8.212/91",11 - Artigos 3º e 7º da Lei nº 7.713/88,11 - Artigo 15 da Lei n° 8.036/90,"{""FGTS"": 11, ""INSS"": 11, ""IRRF"": 11, ""Analise"": ""-"", ""Rubrica"": ""REEMB. HORAS EXTRAS 05/14"", ""Cod Rubrica"": 222, ""Cód Natureza"": ""1003 - Horas extraordinárias"", ""Incid./Base Legal FGTS"": ""11 - Artigo 15 da Lei n° 8.036/90"", ""Incid./Base Legal INSS"": ""11 - Artigo 28, inciso I, da Lei n° 8.212/91"", ""Incid./Base Legal IRRF"": ""11 - Artigos 3º e 7º da Lei nº 7.713/88""}",2026-03-25 15:01:09.753784,,,,,,,,,,,,,,,,,,,,,,,,,,,,,,,,,,,,,,,,,,,,
226,1,226,223,REEMB. HORAS EXTRAS 09/11,1003 - Horas extraordinárias,11,11,11,-,"11 - Artigo 28, inciso I, da Lei n° 8.212/91",11 - Artigos 3º e 7º da Lei nº 7.713/88,11 - Artigo 15 da Lei n° 8.036/90,"{""FGTS"": 11, ""INSS"": 11, ""IRRF"": 11, ""Analise"": ""-"", ""Rubrica"": ""REEMB. HORAS EXTRAS 09/11"", ""Cod Rubrica"": 223, ""Cód Natureza"": ""1003 - Horas extraordinárias"", ""Incid./Base Legal FGTS"": ""11 - Artigo 15 da Lei n° 8.036/90"", ""Incid./Base Legal INSS"": ""11 - Artigo 28, inciso I, da Lei n° 8.212/91"", ""Incid./Base Legal IRRF"": ""11 - Artigos 3º e 7º da Lei nº 7.713/88""}",2026-03-25 15:01:09.753784,,,,,,,,,,,,,,,,,,,,,,,,,,,,,,,,,,,,,,,,,,,,
227,1,227,224,REEMB. HORAS EXTRAS 10/13,1003 - Horas extraordinárias,11,11,11,-,"11 - Artigo 28, inciso I, da Lei n° 8.212/91",11 - Artigos 3º e 7º da Lei nº 7.713/88,11 - Artigo 15 da Lei n° 8.036/90,"{""FGTS"": 11, ""INSS"": 11, ""IRRF"": 11, ""Analise"": ""-"", ""Rubrica"": ""REEMB. HORAS EXTRAS 10/13"", ""Cod Rubrica"": 224, ""Cód Natureza"": ""1003 - Horas extraordinárias"", ""Incid./Base Legal FGTS"": ""11 - Artigo 15 da Lei n° 8.036/90"", ""Incid./Base Legal INSS"": ""11 - Artigo 28, inciso I, da Lei n° 8.212/91"", ""Incid./Base Legal IRRF"": ""11 - Artigos 3º e 7º da Lei nº 7.713/88""}",2026-03-25 15:01:09.753784,,,,,,,,,,,,,,,,,,,,,,,,,,,,,,,,,,,,,,,,,,,,
228,1,228,225,DIF HE CCT 2018,1099 - Outras verbas salariais/remuneratórias,11,11,11,-,"11 - Artigo 28, inciso I, da Lei n° 8.212/91",11 - Artigos 3º e 7º da Lei nº 7.713/88,"11 - Artigo 15, § 6º da Lei n° 8.036/90","{""FGTS"": 11, ""INSS"": 11, ""IRRF"": 11, ""Analise"": ""-"", ""Rubrica"": ""DIF HE CCT 2018"", ""Cod Rubrica"": 225, ""Cód Natureza"": ""1099 - Outras verbas salariais/remuneratórias"", ""Incid./Base Legal FGTS"": ""11 - Artigo 15, § 6º da Lei n° 8.036/90"", ""Incid./Base Legal INSS"": ""11 - Artigo 28, inciso I, da Lei n° 8.212/91"", ""Incid./Base Legal IRRF"": ""11 - Artigos 3º e 7º da Lei nº 7.713/88""}",2026-03-25 15:01:09.753784,,,,,,,,,,,,,,,,,,,,,,,,,,,,,,,,,,,,,,,,,,,,
229,1,229,226,REEMB. HORAS EXTRAS 12/12,1003 - Horas extraordinárias,11,11,11,-,"11 - Artigo 28, inciso I, da Lei n° 8.212/91",11 - Artigos 3º e 7º da Lei nº 7.713/88,11 - Artigo 15 da Lei n° 8.036/90,"{""FGTS"": 11, ""INSS"": 11, ""IRRF"": 11, ""Analise"": ""-"", ""Rubrica"": ""REEMB. HORAS EXTRAS 12/12"", ""Cod Rubrica"": 226, ""Cód Natureza"": ""1003 - Horas extraordinárias"", ""Incid./Base Legal FGTS"": ""11 - Artigo 15 da Lei n° 8.036/90"", ""Incid./Base Legal INSS"": ""11 - Artigo 28, inciso I, da Lei n° 8.212/91"", ""Incid./Base Legal IRRF"": ""11 - Artigos 3º e 7º da Lei nº 7.713/88""}",2026-03-25 15:01:09.753784,,,,,,,,,,,,,,,,,,,,,,,,,,,,,,,,,,,,,,,,,,,,
230,1,230,227,REEMB. HORAS EXTRAS 12/13,1003 - Horas extraordinárias,11,11,11,-,"11 - Artigo 28, inciso I, da Lei n° 8.212/91",11 - Artigos 3º e 7º da Lei nº 7.713/88,11 - Artigo 15 da Lei n° 8.036/90,"{""FGTS"": 11, ""INSS"": 11, ""IRRF"": 11, ""Analise"": ""-"", ""Rubrica"": ""REEMB. HORAS EXTRAS 12/13"", ""Cod Rubrica"": 227, ""Cód Natureza"": ""1003 - Horas extraordinárias"", ""Incid./Base Legal FGTS"": ""11 - Artigo 15 da Lei n° 8.036/90"", ""Incid./Base Legal INSS"": ""11 - Artigo 28, inciso I, da Lei n° 8.212/91"", ""Incid./Base Legal IRRF"": ""11 - Artigos 3º e 7º da Lei nº 7.713/88""}",2026-03-25 15:01:09.753784,,,,,,,,,,,,,,,,,,,,,,,,,,,,,,,,,,,,,,,,,,,,
231,1,231,228,REEMB. DESC. ASSIST. MEDICA,2920 - Reembolsos diversos,0,0,0,Rubrica com inconsistência de IRRF,"11 - Artigo 28, inciso I, da Lei n° 8.212/91",11 - Artigos 3º e 7º da Lei nº 7.713/88,11 - Artigo 15 da Lei n° 8.036/90,"{""FGTS"": 0, ""INSS"": 0, ""IRRF"": 0, ""Analise"": ""Rubrica com inconsistência de IRRF"", ""Rubrica"": ""REEMB. DESC. ASSIST. MEDICA"", ""Cod Rubrica"": 228, ""Cód Natureza"": ""2920 - Reembolsos diversos"", ""Incid./Base Legal FGTS"": ""11 - Artigo 15 da Lei n° 8.036/90"", ""Incid./Base Legal INSS"": ""11 - Artigo 28, inciso I, da Lei n° 8.212/91"", ""Incid./Base Legal IRRF"": ""11 - Artigos 3º e 7º da Lei nº 7.713/88""}",2026-03-25 15:01:09.753784,,,,,,,,,,,,,,,,,,,,,,,,,,,,,,,,,,,,,,,,,,,,
232,1,232,"0 - Artigo 28, inciso I, da Lei n° 8.212/91","0 - Artigo 15, § 6º da Lei n° 8.036/90",,,,,,,,,"{""Incid./Base Legal FGTS"": ""0 - Artigo 15, § 6º da Lei n° 8.036/90"", ""Incid./Base Legal INSS"": ""0 - Artigo 28, inciso I, da Lei n° 8.212/91""}",2026-03-25 15:01:09.753784,,,,,,,,,,,,,,,,,,,,,,,,,,,,,,,,,,,,,,,,,,,,
233,1,233,229,REEMB. CESTA PREMIO,2920 - Reembolsos diversos,0,0,0,Rubrica com inconsistência de IRRF,"11 - Artigo 28, inciso I, da Lei n° 8.212/91",11 - Artigos 3º e 7º da Lei nº 7.713/88,11 - Artigo 15 da Lei n° 8.036/90,"{""FGTS"": 0, ""INSS"": 0, ""IRRF"": 0, ""Analise"": ""Rubrica com inconsistência de IRRF"", ""Rubrica"": ""REEMB. CESTA PREMIO"", ""Cod Rubrica"": 229, ""Cód Natureza"": ""2920 - Reembolsos diversos"", ""Incid./Base Legal FGTS"": ""11 - Artigo 15 da Lei n° 8.036/90"", ""Incid./Base Legal INSS"": ""11 - Artigo 28, inciso I, da Lei n° 8.212/91"", ""Incid./Base Legal IRRF"": ""11 - Artigos 3º e 7º da Lei nº 7.713/88""}",2026-03-25 15:01:09.753784,,,,,,,,,,,,,,,,,,,,,,,,,,,,,,,,,,,,,,,,,,,,
234,1,234,"0 - Artigo 28, inciso I, da Lei n° 8.212/91","0 - Artigo 15, § 6º da Lei n° 8.036/90",,,,,,,,,"{""Incid./Base Legal FGTS"": ""0 - Artigo 15, § 6º da Lei n° 8.036/90"", ""Incid./Base Legal INSS"": ""0 - Artigo 28, inciso I, da Lei n° 8.212/91""}",2026-03-25 15:01:09.753784,,,,,,,,,,,,,,,,,,,,,,,,,,,,,,,,,,,,,,,,,,,,
235,1,235,230,REEMB. DESC. CONF./ASSI,2920 - Reembolsos diversos,0,0,0,Rubrica com inconsistência de IRRF,"11 - Artigo 28, inciso I, da Lei n° 8.212/91",11 - Artigos 3º e 7º da Lei nº 7.713/88,11 - Artigo 15 da Lei n° 8.036/90,"{""FGTS"": 0, ""INSS"": 0, ""IRRF"": 0, ""Analise"": ""Rubrica com inconsistência de IRRF"", ""Rubrica"": ""REEMB. DESC. CONF./ASSI"", ""Cod Rubrica"": 230, ""Cód Natureza"": ""2920 - Reembolsos diversos"", ""Incid./Base Legal FGTS"": ""11 - Artigo 15 da Lei n° 8.036/90"", ""Incid./Base Legal INSS"": ""11 - Artigo 28, inciso I, da Lei n° 8.212/91"", ""Incid./Base Legal IRRF"": ""11 - Artigos 3º e 7º da Lei nº 7.713/88""}",2026-03-25 15:01:09.753784,,,,,,,,,,,,,,,,,,,,,,,,,,,,,,,,,,,,,,,,,,,,
237,1,237,231,REEMB. DESPESAS,9989 - Outros valores informativos,0,9,0,-,"0 - Artigo 28, inciso I, da Lei n° 8.212/91",9 - Artigo 12-A da Lei nº 7.713/88,0 - Artigo 15 da Lei n° 8.036/90,"{""FGTS"": 0, ""INSS"": 0, ""IRRF"": 9, ""Analise"": ""-"", ""Rubrica"": ""REEMB. DESPESAS"", ""Cod Rubrica"": 231, ""Cód Natureza"": ""9989 - Outros valores informativos"", ""Incid./Base Legal FGTS"": ""0 - Artigo 15 da Lei n° 8.036/90"", ""Incid./Base Legal INSS"": ""0 - Artigo 28, inciso I, da Lei n° 8.212/91"", ""Incid./Base Legal IRRF"": ""9 - Artigo 12-A da Lei nº 7.713/88""}",2026-03-25 15:01:09.753784,,,,,,,,,,,,,,,,,,,,,,,,,,,,,,,,,,,,,,,,,,,,
238,1,238,232,REEMB. EXAME DEMISSIONAL,9989 - Outros valores informativos,0,9,0,-,"0 - Artigo 28, inciso I, da Lei n° 8.212/91",9 - Artigo 12-A da Lei nº 7.713/88,0 - Artigo 15 da Lei n° 8.036/90,"{""FGTS"": 0, ""INSS"": 0, ""IRRF"": 9, ""Analise"": ""-"", ""Rubrica"": ""REEMB. EXAME DEMISSIONAL"", ""Cod Rubrica"": 232, ""Cód Natureza"": ""9989 - Outros valores informativos"", ""Incid./Base Legal FGTS"": ""0 - Artigo 15 da Lei n° 8.036/90"", ""Incid./Base Legal INSS"": ""0 - Artigo 28, inciso I, da Lei n° 8.212/91"", ""Incid./Base Legal IRRF"": ""9 - Artigo 12-A da Lei nº 7.713/88""}",2026-03-25 15:01:09.753784,,,,,,,,,,,,,,,,,,,,,,,,,,,,,,,,,,,,,,,,,,,,
239,1,239,233,REEMB. REFEICAO,1629 - Ressarcimento de outras despesas – em caráter indenizatório patrimonial,0,0,0,Rubrica com inconsistência de IRRF,"0 - Artigo 28, § 9º da Lei n° 8.212/91",9 - Artigo 6º da Lei nº 7.713/88,"0 - Artigo 15, § 6º da Lei n° 8.036/90","{""FGTS"": 0, ""INSS"": 0, ""IRRF"": 0, ""Analise"": ""Rubrica com inconsistência de IRRF"", ""Rubrica"": ""REEMB. REFEICAO"", ""Cod Rubrica"": 233, ""Cód Natureza"": ""1629 - Ressarcimento de outras despesas – em caráter indenizatório patrimonial"", ""Incid./Base Legal FGTS"": ""0 - Artigo 15, § 6º da Lei n° 8.036/90"", ""Incid./Base Legal INSS"": ""0 - Artigo 28, § 9º da Lei n° 8.212/91"", ""Incid./Base Legal IRRF"": ""9 - Artigo 6º da Lei nº 7.713/88""}",2026-03-25 15:01:09.753784,,,,,,,,,,,,,,,,,,,,,,,,,,,,,,,,,,,,,,,,,,,,
240,1,240,234,REEMB. EXAMES MÉDICOS,1299 - Outros adicionais,0,9,0,"Rubrica com inconsistência de INSS, IRRF e FGTS","11 - Artigo 28, inciso I, da Lei n° 8.212/91",11 - Artigos 3º e 7º da Lei nº 7.713/88,11 - Artigo 15 da Lei n° 8.036/90,"{""FGTS"": 0, ""INSS"": 0, ""IRRF"": 9, ""Analise"": ""Rubrica com inconsistência de INSS, IRRF e FGTS"", ""Rubrica"": ""REEMB. EXAMES MÉDICOS"", ""Cod Rubrica"": 234, ""Cód Natureza"": ""1299 - Outros adicionais"", ""Incid./Base Legal FGTS"": ""11 - Artigo 15 da Lei n° 8.036/90"", ""Incid./Base Legal INSS"": ""11 - Artigo 28, inciso I, da Lei n° 8.212/91"", ""Incid./Base Legal IRRF"": ""11 - Artigos 3º e 7º da Lei nº 7.713/88""}",2026-03-25 15:01:09.753784,,,,,,,,,,,,,,,,,,,,,,,,,,,,,,,,,,,,,,,,,,,,
241,1,241,235,TERCO CONSTIT FERIAS,1020 - Férias - Gozadas,11,11,11,Rubrica com inconsistência de IRRF,"11 - Artigo 28, inciso I, da Lei n° 8.212/91",13 - Artigos 3º e 7º da Lei nº 7.713/88,11 - Artigo 15 da Lei n° 8.036/90,"{""FGTS"": 11, ""INSS"": 11, ""IRRF"": 11, ""Analise"": ""Rubrica com inconsistência de IRRF"", ""Rubrica"": ""TERCO CONSTIT FERIAS"", ""Cod Rubrica"": 235, ""Cód Natureza"": ""1020 - Férias - Gozadas"", ""Incid./Base Legal FGTS"": ""11 - Artigo 15 da Lei n° 8.036/90"", ""Incid./Base Legal INSS"": ""11 - Artigo 28, inciso I, da Lei n° 8.212/91"", ""Incid./Base Legal IRRF"": ""13 - Artigos 3º e 7º da Lei nº 7.713/88""}",2026-03-25 15:01:09.753784,,,,,,,,,,,,,,,,,,,,,,,,,,,,,,,,,,,,,,,,,,,,
242,1,242,"0 - Artigo 28, inciso I, da Lei n° 8.212/91",0 - Artigo 15 da Lei n° 8.036/90,,,,,,,,,"{""Incid./Base Legal FGTS"": ""0 - Artigo 15 da Lei n° 8.036/90"", ""Incid./Base Legal INSS"": ""0 - Artigo 28, inciso I, da Lei n° 8.212/91""}",2026-03-25 15:01:09.753784,,,,,,,,,,,,,,,,,,,,,,,,,,,,,,,,,,,,,,,,,,,,
243,1,243,236,REEMB. VALE REFEICAO DIF.DISSIDIO,"1806 - Alimentação em ticket ou cartão, vinculada ao PAT",0,9,0,-,"0 - Artigo 28, inciso I, da Lei n° 8.212/91","9 - artigo 35, inciso I, alínea p do Decreto n° 9.580/2018",0 - Artigo 15 da Lei n° 8.036/90,"{""FGTS"": 0, ""INSS"": 0, ""IRRF"": 9, ""Analise"": ""-"", ""Rubrica"": ""REEMB. VALE REFEICAO DIF.DISSIDIO"", ""Cod Rubrica"": 236, ""Cód Natureza"": ""1806 - Alimentação em ticket ou cartão, vinculada ao PAT"", ""Incid./Base Legal FGTS"": ""0 - Artigo 15 da Lei n° 8.036/90"", ""Incid./Base Legal INSS"": ""0 - Artigo 28, inciso I, da Lei n° 8.212/91"", ""Incid./Base Legal IRRF"": ""9 - artigo 35, inciso I, alínea p do Decreto n° 9.580/2018""}",2026-03-25 15:01:09.753784,,,,,,,,,,,,,,,,,,,,,,,,,,,,,,,,,,,,,,,,,,,,
244,1,244,237,REEMB. SERVICOS EXTRAS,2920 - Reembolsos diversos,0,0,0,Rubrica com inconsistência de IRRF,"11 - Artigo 28, inciso I, da Lei n° 8.212/91",11 - Artigos 3º e 7º da Lei nº 7.713/88,11 - Artigo 15 da Lei n° 8.036/90,"{""FGTS"": 0, ""INSS"": 0, ""IRRF"": 0, ""Analise"": ""Rubrica com inconsistência de IRRF"", ""Rubrica"": ""REEMB. SERVICOS EXTRAS"", ""Cod Rubrica"": 237, ""Cód Natureza"": ""2920 - Reembolsos diversos"", ""Incid./Base Legal FGTS"": ""11 - Artigo 15 da Lei n° 8.036/90"", ""Incid./Base Legal INSS"": ""11 - Artigo 28, inciso I, da Lei n° 8.212/91"", ""Incid./Base Legal IRRF"": ""11 - Artigos 3º e 7º da Lei nº 7.713/88""}",2026-03-25 15:01:09.753784,,,,,,,,,,,,,,,,,,,,,,,,,,,,,,,,,,,,,,,,,,,,
245,1,245,"0 - Artigo 28, inciso I, da Lei n° 8.212/91","0 - Artigo 15, § 6º da Lei n° 8.036/90",,,,,,,,,"{""Incid./Base Legal FGTS"": ""0 - Artigo 15, § 6º da Lei n° 8.036/90"", ""Incid./Base Legal INSS"": ""0 - Artigo 28, inciso I, da Lei n° 8.212/91""}",2026-03-25 15:01:09.753784,,,,,,,,,,,,,,,,,,,,,,,,,,,,,,,,,,,,,,,,,,,,
246,1,246,238,REEMB. VALE GUELTA,2920 - Reembolsos diversos,0,0,0,Rubrica com inconsistência de IRRF,"11 - Artigo 28, inciso I, da Lei n° 8.212/91",11 - Artigos 3º e 7º da Lei nº 7.713/88,11 - Artigo 15 da Lei n° 8.036/90,"{""FGTS"": 0, ""INSS"": 0, ""IRRF"": 0, ""Analise"": ""Rubrica com inconsistência de IRRF"", ""Rubrica"": ""REEMB. VALE GUELTA"", ""Cod Rubrica"": 238, ""Cód Natureza"": ""2920 - Reembolsos diversos"", ""Incid./Base Legal FGTS"": ""11 - Artigo 15 da Lei n° 8.036/90"", ""Incid./Base Legal INSS"": ""11 - Artigo 28, inciso I, da Lei n° 8.212/91"", ""Incid./Base Legal IRRF"": ""11 - Artigos 3º e 7º da Lei nº 7.713/88""}",2026-03-25 15:01:09.753784,,,,,,,,,,,,,,,,,,,,,,,,,,,,,,,,,,,,,,,,,,,,
247,1,247,"0 - Artigo 28, inciso I, da Lei n° 8.212/91","0 - Artigo 15, § 6º da Lei n° 8.036/90",,,,,,,,,"{""Incid./Base Legal FGTS"": ""0 - Artigo 15, § 6º da Lei n° 8.036/90"", ""Incid./Base Legal INSS"": ""0 - Artigo 28, inciso I, da Lei n° 8.212/91""}",2026-03-25 15:01:09.753784,,,,,,,,,,,,,,,,,,,,,,,,,,,,,,,,,,,,,,,,,,,,
248,1,248,239,REEMB. VALE REFEICAO DIF. 03/2015,"1806 - Alimentação em ticket ou cartão, vinculada ao PAT",0,9,0,-,"0 - Artigo 28, inciso I, da Lei n° 8.212/91","9 - artigo 35, inciso I, alínea p do Decreto n° 9.580/2018",0 - Artigo 15 da Lei n° 8.036/90,"{""FGTS"": 0, ""INSS"": 0, ""IRRF"": 9, ""Analise"": ""-"", ""Rubrica"": ""REEMB. VALE REFEICAO DIF. 03/2015"", ""Cod Rubrica"": 239, ""Cód Natureza"": ""1806 - Alimentação em ticket ou cartão, vinculada ao PAT"", ""Incid./Base Legal FGTS"": ""0 - Artigo 15 da Lei n° 8.036/90"", ""Incid./Base Legal INSS"": ""0 - Artigo 28, inciso I, da Lei n° 8.212/91"", ""Incid./Base Legal IRRF"": ""9 - artigo 35, inciso I, alínea p do Decreto n° 9.580/2018""}",2026-03-25 15:01:09.753784,,,,,,,,,,,,,,,,,,,,,,,,,,,,,,,,,,,,,,,,,,,,
249,1,249,240,REEMB. SALARIO FAMILIA,1409 - Salário-família,51,0,0,Rubrica com inconsistência de IRRF,"51 - Artigo 28, inciso I, da Lei n° 8.212/91","79 - Artigos 5º, inciso VII da IN 1500/2014",0 - Artigo 15 da Lei n° 8.036/90,"{""FGTS"": 0, ""INSS"": 51, ""IRRF"": 0, ""Analise"": ""Rubrica com inconsistência de IRRF"", ""Rubrica"": ""REEMB. SALARIO FAMILIA"", ""Cod Rubrica"": 240, ""Cód Natureza"": ""1409 - Salário-família"", ""Incid./Base Legal FGTS"": ""0 - Artigo 15 da Lei n° 8.036/90"", ""Incid./Base Legal INSS"": ""51 - Artigo 28, inciso I, da Lei n° 8.212/91"", ""Incid./Base Legal IRRF"": ""79 - Artigos 5º, inciso VII da IN 1500/2014""}",2026-03-25 15:01:09.753784,,,,,,,,,,,,,,,,,,,,,,,,,,,,,,,,,,,,,,,,,,,,
250,1,250,241,SALÁRIO FAMILIA MES ANTERIOR,1409 - Salário-família,51,0,0,Rubrica com inconsistência de IRRF,"51 - Artigo 28, inciso I, da Lei n° 8.212/91","79 - Artigos 5º, inciso VII da IN 1500/2014",0 - Artigo 15 da Lei n° 8.036/90,"{""FGTS"": 0, ""INSS"": 51, ""IRRF"": 0, ""Analise"": ""Rubrica com inconsistência de IRRF"", ""Rubrica"": ""SALÁRIO FAMILIA MES ANTERIOR"", ""Cod Rubrica"": 241, ""Cód Natureza"": ""1409 - Salário-família"", ""Incid./Base Legal FGTS"": ""0 - Artigo 15 da Lei n° 8.036/90"", ""Incid./Base Legal INSS"": ""51 - Artigo 28, inciso I, da Lei n° 8.212/91"", ""Incid./Base Legal IRRF"": ""79 - Artigos 5º, inciso VII da IN 1500/2014""}",2026-03-25 15:01:09.753784,,,,,,,,,,,,,,,,,,,,,,,,,,,,,,,,,,,,,,,,,,,,
251,1,251,242,REEMB. VALE REFEICAO DIF. 10/2014,"1806 - Alimentação em ticket ou cartão, vinculada ao PAT",0,9,0,-,"0 - Artigo 28, inciso I, da Lei n° 8.212/91","9 - artigo 35, inciso I, alínea p do Decreto n° 9.580/2018",0 - Artigo 15 da Lei n° 8.036/90,"{""FGTS"": 0, ""INSS"": 0, ""IRRF"": 9, ""Analise"": ""-"", ""Rubrica"": ""REEMB. VALE REFEICAO DIF. 10/2014"", ""Cod Rubrica"": 242, ""Cód Natureza"": ""1806 - Alimentação em ticket ou cartão, vinculada ao PAT"", ""Incid./Base Legal FGTS"": ""0 - Artigo 15 da Lei n° 8.036/90"", ""Incid./Base Legal INSS"": ""0 - Artigo 28, inciso I, da Lei n° 8.212/91"", ""Incid./Base Legal IRRF"": ""9 - artigo 35, inciso I, alínea p do Decreto n° 9.580/2018""}",2026-03-25 15:01:09.753784,,,,,,,,,,,,,,,,,,,,,,,,,,,,,,,,,,,,,,,,,,,,
252,1,252,243,REEMB. CONTRIB. SINDICAL,2920 - Reembolsos diversos,0,0,0,Rubrica com inconsistência de IRRF,"11 - Artigo 28, inciso I, da Lei n° 8.212/91",11 - Artigos 3º e 7º da Lei nº 7.713/88,11 - Artigo 15 da Lei n° 8.036/90,"{""FGTS"": 0, ""INSS"": 0, ""IRRF"": 0, ""Analise"": ""Rubrica com inconsistência de IRRF"", ""Rubrica"": ""REEMB. CONTRIB. SINDICAL"", ""Cod Rubrica"": 243, ""Cód Natureza"": ""2920 - Reembolsos diversos"", ""Incid./Base Legal FGTS"": ""11 - Artigo 15 da Lei n° 8.036/90"", ""Incid./Base Legal INSS"": ""11 - Artigo 28, inciso I, da Lei n° 8.212/91"", ""Incid./Base Legal IRRF"": ""11 - Artigos 3º e 7º da Lei nº 7.713/88""}",2026-03-25 15:01:09.753784,,,,,,,,,,,,,,,,,,,,,,,,,,,,,,,,,,,,,,,,,,,,
253,1,253,"0 - Artigo 28, inciso I, da Lei n° 8.212/91","0 - Artigo 15, § 6º da Lei n° 8.036/90",,,,,,,,,"{""Incid./Base Legal FGTS"": ""0 - Artigo 15, § 6º da Lei n° 8.036/90"", ""Incid./Base Legal INSS"": ""0 - Artigo 28, inciso I, da Lei n° 8.212/91""}",2026-03-25 15:01:09.753784,,,,,,,,,,,,,,,,,,,,,,,,,,,,,,,,,,,,,,,,,,,,
254,1,254,244,HORAS EXTRAS 50% - 04/2017,1003 - Horas extraordinárias,11,11,11,-,"11 - Artigo 28, inciso I, da Lei n° 8.212/91",11 - Artigos 3º e 7º da Lei nº 7.713/88,11 - Artigo 15 da Lei n° 8.036/90,"{""FGTS"": 11, ""INSS"": 11, ""IRRF"": 11, ""Analise"": ""-"", ""Rubrica"": ""HORAS EXTRAS 50% - 04/2017"", ""Cod Rubrica"": 244, ""Cód Natureza"": ""1003 - Horas extraordinárias"", ""Incid./Base Legal FGTS"": ""11 - Artigo 15 da Lei n° 8.036/90"", ""Incid./Base Legal INSS"": ""11 - Artigo 28, inciso I, da Lei n° 8.212/91"", ""Incid./Base Legal IRRF"": ""11 - Artigos 3º e 7º da Lei nº 7.713/88""}",2026-03-25 15:01:09.753784,,,,,,,,,,,,,,,,,,,,,,,,,,,,,,,,,,,,,,,,,,,,
255,1,255,245,HORAS EXTRAS 50% - 07/2016,1003 - Horas extraordinárias,11,11,11,-,"11 - Artigo 28, inciso I, da Lei n° 8.212/91",11 - Artigos 3º e 7º da Lei nº 7.713/88,11 - Artigo 15 da Lei n° 8.036/90,"{""FGTS"": 11, ""INSS"": 11, ""IRRF"": 11, ""Analise"": ""-"", ""Rubrica"": ""HORAS EXTRAS 50% - 07/2016"", ""Cod Rubrica"": 245, ""Cód Natureza"": ""1003 - Horas extraordinárias"", ""Incid./Base Legal FGTS"": ""11 - Artigo 15 da Lei n° 8.036/90"", ""Incid./Base Legal INSS"": ""11 - Artigo 28, inciso I, da Lei n° 8.212/91"", ""Incid./Base Legal IRRF"": ""11 - Artigos 3º e 7º da Lei nº 7.713/88""}",2026-03-25 15:01:09.753784,,,,,,,,,,,,,,,,,,,,,,,,,,,,,,,,,,,,,,,,,,,,
256,1,256,246,HORAS EXTRAS 50% - 09/2016,1003 - Horas extraordinárias,11,11,11,-,"11 - Artigo 28, inciso I, da Lei n° 8.212/91",11 - Artigos 3º e 7º da Lei nº 7.713/88,11 - Artigo 15 da Lei n° 8.036/90,"{""FGTS"": 11, ""INSS"": 11, ""IRRF"": 11, ""Analise"": ""-"", ""Rubrica"": ""HORAS EXTRAS 50% - 09/2016"", ""Cod Rubrica"": 246, ""Cód Natureza"": ""1003 - Horas extraordinárias"", ""Incid./Base Legal FGTS"": ""11 - Artigo 15 da Lei n° 8.036/90"", ""Incid./Base Legal INSS"": ""11 - Artigo 28, inciso I, da Lei n° 8.212/91"", ""Incid./Base Legal IRRF"": ""11 - Artigos 3º e 7º da Lei nº 7.713/88""}",2026-03-25 15:01:09.753784,,,,,,,,,,,,,,,,,,,,,,,,,,,,,,,,,,,,,,,,,,,,
257,1,257,247,DIF. SALARIO FAMILIA,1409 - Salário-família,51,0,0,Rubrica com inconsistência de IRRF,"51 - Artigo 28, inciso I, da Lei n° 8.212/91","79 - Artigos 5º, inciso VII da IN 1500/2014",0 - Artigo 15 da Lei n° 8.036/90,"{""FGTS"": 0, ""INSS"": 51, ""IRRF"": 0, ""Analise"": ""Rubrica com inconsistência de IRRF"", ""Rubrica"": ""DIF. SALARIO FAMILIA"", ""Cod Rubrica"": 247, ""Cód Natureza"": ""1409 - Salário-família"", ""Incid./Base Legal FGTS"": ""0 - Artigo 15 da Lei n° 8.036/90"", ""Incid./Base Legal INSS"": ""51 - Artigo 28, inciso I, da Lei n° 8.212/91"", ""Incid./Base Legal IRRF"": ""79 - Artigos 5º, inciso VII da IN 1500/2014""}",2026-03-25 15:01:09.753784,,,,,,,,,,,,,,,,,,,,,,,,,,,,,,,,,,,,,,,,,,,,
258,1,258,248,REEMB CONTRIB. ASSIST,2920 - Reembolsos diversos,0,0,0,Rubrica com inconsistência de IRRF,"11 - Artigo 28, inciso I, da Lei n° 8.212/91",11 - Artigos 3º e 7º da Lei nº 7.713/88,11 - Artigo 15 da Lei n° 8.036/90,"{""FGTS"": 0, ""INSS"": 0, ""IRRF"": 0, ""Analise"": ""Rubrica com inconsistência de IRRF"", ""Rubrica"": ""REEMB CONTRIB. ASSIST"", ""Cod Rubrica"": 248, ""Cód Natureza"": ""2920 - Reembolsos diversos"", ""Incid./Base Legal FGTS"": ""11 - Artigo 15 da Lei n° 8.036/90"", ""Incid./Base Legal INSS"": ""11 - Artigo 28, inciso I, da Lei n° 8.212/91"", ""Incid./Base Legal IRRF"": ""11 - Artigos 3º e 7º da Lei nº 7.713/88""}",2026-03-25 15:01:09.753784,,,,,,,,,,,,,,,,,,,,,,,,,,,,,,,,,,,,,,,,,,,,
259,1,259,"0 - Artigo 28, inciso I, da Lei n° 8.212/91","0 - Artigo 15, § 6º da Lei n° 8.036/90",,,,,,,,,"{""Incid./Base Legal FGTS"": ""0 - Artigo 15, § 6º da Lei n° 8.036/90"", ""Incid./Base Legal INSS"": ""0 - Artigo 28, inciso I, da Lei n° 8.212/91""}",2026-03-25 15:01:09.753784,,,,,,,,,,,,,,,,,,,,,,,,,,,,,,,,,,,,,,,,,,,,
260,1,260,249,REEMB. DESC. ASS. ODONTOLOGICA,2920 - Reembolsos diversos,0,0,0,Rubrica com inconsistência de IRRF,"11 - Artigo 28, inciso I, da Lei n° 8.212/91",11 - Artigos 3º e 7º da Lei nº 7.713/88,11 - Artigo 15 da Lei n° 8.036/90,"{""FGTS"": 0, ""INSS"": 0, ""IRRF"": 0, ""Analise"": ""Rubrica com inconsistência de IRRF"", ""Rubrica"": ""REEMB. DESC. ASS. ODONTOLOGICA"", ""Cod Rubrica"": 249, ""Cód Natureza"": ""2920 - Reembolsos diversos"", ""Incid./Base Legal FGTS"": ""11 - Artigo 15 da Lei n° 8.036/90"", ""Incid./Base Legal INSS"": ""11 - Artigo 28, inciso I, da Lei n° 8.212/91"", ""Incid./Base Legal IRRF"": ""11 - Artigos 3º e 7º da Lei nº 7.713/88""}",2026-03-25 15:01:09.753784,,,,,,,,,,,,,,,,,,,,,,,,,,,,,,,,,,,,,,,,,,,,
261,1,261,"0 - Artigo 28, inciso I, da Lei n° 8.212/91","0 - Artigo 15, § 6º da Lei n° 8.036/90",,,,,,,,,"{""Incid./Base Legal FGTS"": ""0 - Artigo 15, § 6º da Lei n° 8.036/90"", ""Incid./Base Legal INSS"": ""0 - Artigo 28, inciso I, da Lei n° 8.212/91""}",2026-03-25 15:01:09.753784,,,,,,,,,,,,,,,,,,,,,,,,,,,,,,,,,,,,,,,,,,,,
262,1,262,250,ADIC. NOTURNO C/100%,1205 - Adicional noturno,11,11,11,-,"11 - Artigo 28, inciso I, da Lei n° 8.212/91",11 - Artigos 3º e 7º da Lei nº 7.713/88,11 - Artigo 15 da Lei n° 8.036/90,"{""FGTS"": 11, ""INSS"": 11, ""IRRF"": 11, ""Analise"": ""-"", ""Rubrica"": ""ADIC. NOTURNO C/100%"", ""Cod Rubrica"": 250, ""Cód Natureza"": ""1205 - Adicional noturno"", ""Incid./Base Legal FGTS"": ""11 - Artigo 15 da Lei n° 8.036/90"", ""Incid./Base Legal INSS"": ""11 - Artigo 28, inciso I, da Lei n° 8.212/91"", ""Incid./Base Legal IRRF"": ""11 - Artigos 3º e 7º da Lei nº 7.713/88""}",2026-03-25 15:01:09.753784,,,,,,,,,,,,,,,,,,,,,,,,,,,,,,,,,,,,,,,,,,,,
263,1,263,251,HORAS EXTRAS 80%,1003 - Horas extraordinárias,11,11,11,-,"11 - Artigo 28, inciso I, da Lei n° 8.212/91",11 - Artigos 3º e 7º da Lei nº 7.713/88,11 - Artigo 15 da Lei n° 8.036/90,"{""FGTS"": 11, ""INSS"": 11, ""IRRF"": 11, ""Analise"": ""-"", ""Rubrica"": ""HORAS EXTRAS 80%"", ""Cod Rubrica"": 251, ""Cód Natureza"": ""1003 - Horas extraordinárias"", ""Incid./Base Legal FGTS"": ""11 - Artigo 15 da Lei n° 8.036/90"", ""Incid./Base Legal INSS"": ""11 - Artigo 28, inciso I, da Lei n° 8.212/91"", ""Incid./Base Legal IRRF"": ""11 - Artigos 3º e 7º da Lei nº 7.713/88""}",2026-03-25 15:01:09.753784,,,,,,,,,,,,,,,,,,,,,,,,,,,,,,,,,,,,,,,,,,,,
264,1,264,252,AJUDA CRECHE CCT,1406 - Auxílio-creche,0,0,0,Rubrica com inconsistência de IRRF,"0 - Artigo 28, inciso I, da Lei n° 8.212/91","79 - Ato Declaratório PGFN nº 13/2011, Parecer PGFN/CRJ nº 2.118/2011, e Solução de Consulta COSIT nº 290/2014",0 - Artigo 15 da Lei n° 8.036/90,"{""FGTS"": 0, ""INSS"": 0, ""IRRF"": 0, ""Analise"": ""Rubrica com inconsistência de IRRF"", ""Rubrica"": ""AJUDA CRECHE CCT"", ""Cod Rubrica"": 252, ""Cód Natureza"": ""1406 - Auxílio-creche"", ""Incid./Base Legal FGTS"": ""0 - Artigo 15 da Lei n° 8.036/90"", ""Incid./Base Legal INSS"": ""0 - Artigo 28, inciso I, da Lei n° 8.212/91"", ""Incid./Base Legal IRRF"": ""79 - Ato Declaratório PGFN nº 13/2011, Parecer PGFN/CRJ nº 2.118/2011, e Solução de Consulta COSIT nº 290/2014""}",2026-03-25 15:01:09.753784,,,,,,,,,,,,,,,,,,,,,,,,,,,,,,,,,,,,,,,,,,,,
265,1,265,253,DEV. ATRASO/FALTA HORAS,"1000 - Salário, vencimento, soldo ou subsídio",11,11,11,-,"11 - Artigo 28, inciso I, da Lei n° 8.212/91",11 - Artigos 3º e 7º da Lei nº 7.713/88,11 - Artigo 15 da Lei n° 8.036/90,"{""FGTS"": 11, ""INSS"": 11, ""IRRF"": 11, ""Analise"": ""-"", ""Rubrica"": ""DEV. ATRASO/FALTA HORAS"", ""Cod Rubrica"": 253, ""Cód Natureza"": ""1000 - Salário, vencimento, soldo ou subsídio"", ""Incid./Base Legal FGTS"": ""11 - Artigo 15 da Lei n° 8.036/90"", ""Incid./Base Legal INSS"": ""11 - Artigo 28, inciso I, da Lei n° 8.212/91"", ""Incid./Base Legal IRRF"": ""11 - Artigos 3º e 7º da Lei nº 7.713/88""}",2026-03-25 15:01:09.753784,,,,,,,,,,,,,,,,,,,,,,,,,,,,,,,,,,,,,,,,,,,,
266,1,266,254,REEMB. MENSALIDADE. SINDICAL,9231 - Contribuição Sindical - Associativa,0,0,0,Rubrica com inconsistência de IRRF,"0 - Artigo 28, § 9º da Lei n° 8.212/91",9 - Artigo 4º da Lei nº 9.250/95,0 - Artigo 15 da Lei n° 8.036/90,"{""FGTS"": 0, ""INSS"": 0, ""IRRF"": 0, ""Analise"": ""Rubrica com inconsistência de IRRF"", ""Rubrica"": ""REEMB. MENSALIDADE. SINDICAL"", ""Cod Rubrica"": 254, ""Cód Natureza"": ""9231 - Contribuição Sindical - Associativa"", ""Incid./Base Legal FGTS"": ""0 - Artigo 15 da Lei n° 8.036/90"", ""Incid./Base Legal INSS"": ""0 - Artigo 28, § 9º da Lei n° 8.212/91"", ""Incid./Base Legal IRRF"": ""9 - Artigo 4º da Lei nº 9.250/95""}",2026-03-25 15:01:09.753784,,,,,,,,,,,,,,,,,,,,,,,,,,,,,,,,,,,,,,,,,,,,
267,1,267,255,DIF. CCT - 2017,"1000 - Salário, vencimento, soldo ou subsídio",11,11,11,-,"11 - Artigo 28, inciso I, da Lei n° 8.212/91",11 - Artigos 3º e 7º da Lei nº 7.713/88,11 - Artigo 15 da Lei n° 8.036/90,"{""FGTS"": 11, ""INSS"": 11, ""IRRF"": 11, ""Analise"": ""-"", ""Rubrica"": ""DIF. CCT - 2017"", ""Cod Rubrica"": 255, ""Cód Natureza"": ""1000 - Salário, vencimento, soldo ou subsídio"", ""Incid./Base Legal FGTS"": ""11 - Artigo 15 da Lei n° 8.036/90"", ""Incid./Base Legal INSS"": ""11 - Artigo 28, inciso I, da Lei n° 8.212/91"", ""Incid./Base Legal IRRF"": ""11 - Artigos 3º e 7º da Lei nº 7.713/88""}",2026-03-25 15:01:09.753784,,,,,,,,,,,,,,,,,,,,,,,,,,,,,,,,,,,,,,,,,,,,
268,1,268,256,REEMB. DESC. REFEICAO (PAT),"1806 - Alimentação em ticket ou cartão, vinculada ao PAT",0,9,0,-,"0 - Artigo 28, inciso I, da Lei n° 8.212/91","9 - artigo 35, inciso I, alínea p do Decreto n° 9.580/2018",0 - Artigo 15 da Lei n° 8.036/90,"{""FGTS"": 0, ""INSS"": 0, ""IRRF"": 9, ""Analise"": ""-"", ""Rubrica"": ""REEMB. DESC. REFEICAO (PAT)"", ""Cod Rubrica"": 256, ""Cód Natureza"": ""1806 - Alimentação em ticket ou cartão, vinculada ao PAT"", ""Incid./Base Legal FGTS"": ""0 - Artigo 15 da Lei n° 8.036/90"", ""Incid./Base Legal INSS"": ""0 - Artigo 28, inciso I, da Lei n° 8.212/91"", ""Incid./Base Legal IRRF"": ""9 - artigo 35, inciso I, alínea p do Decreto n° 9.580/2018""}",2026-03-25 15:01:09.753784,,,,,,,,,,,,,,,,,,,,,,,,,,,,,,,,,,,,,,,,,,,,
269,1,269,257,ABONO DE FERIAS ARTº 143 (Ferias),1018 -,0,75,0,"Rubrica com inconsistência de INSS, IRRF e FGTS",Rubrica não encontrada,Rubrica não encontrada,Rubrica não encontrada,"{""FGTS"": 0, ""INSS"": 0, ""IRRF"": 75, ""Analise"": ""Rubrica com inconsistência de INSS, IRRF e FGTS"", ""Rubrica"": ""ABONO DE FERIAS ARTº 143 (Ferias)"", ""Cod Rubrica"": 257, ""Cód Natureza"": ""1018 -"", ""Incid./Base Legal FGTS"": ""Rubrica não encontrada"", ""Incid./Base Legal INSS"": ""Rubrica não encontrada"", ""Incid./Base Legal IRRF"": ""Rubrica não encontrada""}",2026-03-25 15:01:09.753784,,,,,,,,,,,,,,,,,,,,,,,,,,,,,,,,,,,,,,,,,,,,
270,1,270,258,1/3 S/ABONO FERIAS ARTº 143 (Ferias),1019 -,0,75,0,"Rubrica com inconsistência de INSS, IRRF e FGTS",Rubrica não encontrada,Rubrica não encontrada,Rubrica não encontrada,"{""FGTS"": 0, ""INSS"": 0, ""IRRF"": 75, ""Analise"": ""Rubrica com inconsistência de INSS, IRRF e FGTS"", ""Rubrica"": ""1/3 S/ABONO FERIAS ARTº 143 (Ferias)"", ""Cod Rubrica"": 258, ""Cód Natureza"": ""1019 -"", ""Incid./Base Legal FGTS"": ""Rubrica não encontrada"", ""Incid./Base Legal INSS"": ""Rubrica não encontrada"", ""Incid./Base Legal IRRF"": ""Rubrica não encontrada""}",2026-03-25 15:01:09.753784,,,,,,,,,,,,,,,,,,,,,,,,,,,,,,,,,,,,,,,,,,,,
271,1,271,259,GRATIFICAÇÃO - BILINGUE,1211 - Gratificações,11,11,11,-,"11 - Artigo 28, inciso I, da Lei n° 8.212/91",11 - Artigos 3º e 7º da Lei nº 7.713/88,11 - Artigo 15 da Lei n° 8.036/90,"{""FGTS"": 11, ""INSS"": 11, ""IRRF"": 11, ""Analise"": ""-"", ""Rubrica"": ""GRATIFICAÇÃO - BILINGUE"", ""Cod Rubrica"": 259, ""Cód Natureza"": ""1211 - Gratificações"", ""Incid./Base Legal FGTS"": ""11 - Artigo 15 da Lei n° 8.036/90"", ""Incid./Base Legal INSS"": ""11 - Artigo 28, inciso I, da Lei n° 8.212/91"", ""Incid./Base Legal IRRF"": ""11 - Artigos 3º e 7º da Lei nº 7.713/88""}",2026-03-25 15:01:09.753784,,,,,,,,,,,,,,,,,,,,,,,,,,,,,,,,,,,,,,,,,,,,
272,1,272,260,DIF. CCT S/FERIAS,"1000 - Salário, vencimento, soldo ou subsídio",11,11,11,-,"11 - Artigo 28, inciso I, da Lei n° 8.212/91",11 - Artigos 3º e 7º da Lei nº 7.713/88,11 - Artigo 15 da Lei n° 8.036/90,"{""FGTS"": 11, ""INSS"": 11, ""IRRF"": 11, ""Analise"": ""-"", ""Rubrica"": ""DIF. CCT S/FERIAS"", ""Cod Rubrica"": 260, ""Cód Natureza"": ""1000 - Salário, vencimento, soldo ou subsídio"", ""Incid./Base Legal FGTS"": ""11 - Artigo 15 da Lei n° 8.036/90"", ""Incid./Base Legal INSS"": ""11 - Artigo 28, inciso I, da Lei n° 8.212/91"", ""Incid./Base Legal IRRF"": ""11 - Artigos 3º e 7º da Lei nº 7.713/88""}",2026-03-25 15:01:09.753784,,,,,,,,,,,,,,,,,,,,,,,,,,,,,,,,,,,,,,,,,,,,
273,1,273,261,REEMB. CONTRIBUICOES,1629 - Ressarcimento de outras despesas – em caráter indenizatório patrimonial,0,0,0,Rubrica com inconsistência de IRRF,"0 - Artigo 28, § 9º da Lei n° 8.212/91",9 - Artigo 6º da Lei nº 7.713/88,"0 - Artigo 15, § 6º da Lei n° 8.036/90","{""FGTS"": 0, ""INSS"": 0, ""IRRF"": 0, ""Analise"": ""Rubrica com inconsistência de IRRF"", ""Rubrica"": ""REEMB. CONTRIBUICOES"", ""Cod Rubrica"": 261, ""Cód Natureza"": ""1629 - Ressarcimento de outras despesas – em caráter indenizatório patrimonial"", ""Incid./Base Legal FGTS"": ""0 - Artigo 15, § 6º da Lei n° 8.036/90"", ""Incid./Base Legal INSS"": ""0 - Artigo 28, § 9º da Lei n° 8.212/91"", ""Incid./Base Legal IRRF"": ""9 - Artigo 6º da Lei nº 7.713/88""}",2026-03-25 15:01:09.753784,,,,,,,,,,,,,,,,,,,,,,,,,,,,,,,,,,,,,,,,,,,,
274,1,274,262,HORAS EXTRAS 60% - MES 04-2017,1003 - Horas extraordinárias,11,11,11,-,"11 - Artigo 28, inciso I, da Lei n° 8.212/91",11 - Artigos 3º e 7º da Lei nº 7.713/88,11 - Artigo 15 da Lei n° 8.036/90,"{""FGTS"": 11, ""INSS"": 11, ""IRRF"": 11, ""Analise"": ""-"", ""Rubrica"": ""HORAS EXTRAS 60% - MES 04-2017"", ""Cod Rubrica"": 262, ""Cód Natureza"": ""1003 - Horas extraordinárias"", ""Incid./Base Legal FGTS"": ""11 - Artigo 15 da Lei n° 8.036/90"", ""Incid./Base Legal INSS"": ""11 - Artigo 28, inciso I, da Lei n° 8.212/91"", ""Incid./Base Legal IRRF"": ""11 - Artigos 3º e 7º da Lei nº 7.713/88""}",2026-03-25 15:01:09.753784,,,,,,,,,,,,,,,,,,,,,,,,,,,,,,,,,,,,,,,,,,,,
275,1,275,263,MULTA CLAUSULA DECIMA SEXTA CCT,2920 - Reembolsos diversos,0,0,0,Rubrica com inconsistência de IRRF,"11 - Artigo 28, inciso I, da Lei n° 8.212/91",11 - Artigos 3º e 7º da Lei nº 7.713/88,11 - Artigo 15 da Lei n° 8.036/90,"{""FGTS"": 0, ""INSS"": 0, ""IRRF"": 0, ""Analise"": ""Rubrica com inconsistência de IRRF"", ""Rubrica"": ""MULTA CLAUSULA DECIMA SEXTA CCT"", ""Cod Rubrica"": 263, ""Cód Natureza"": ""2920 - Reembolsos diversos"", ""Incid./Base Legal FGTS"": ""11 - Artigo 15 da Lei n° 8.036/90"", ""Incid./Base Legal INSS"": ""11 - Artigo 28, inciso I, da Lei n° 8.212/91"", ""Incid./Base Legal IRRF"": ""11 - Artigos 3º e 7º da Lei nº 7.713/88""}",2026-03-25 15:01:09.753784,,,,,,,,,,,,,,,,,,,,,,,,,,,,,,,,,,,,,,,,,,,,
276,1,276,"0 - Artigo 28, inciso I, da Lei n° 8.212/91","0 - Artigo 15, § 6º da Lei n° 8.036/90",,,,,,,,,"{""Incid./Base Legal FGTS"": ""0 - Artigo 15, § 6º da Lei n° 8.036/90"", ""Incid./Base Legal INSS"": ""0 - Artigo 28, inciso I, da Lei n° 8.212/91""}",2026-03-25 15:01:09.753784,,,,,,,,,,,,,,,,,,,,,,,,,,,,,,,,,,,,,,,,,,,,
277,1,277,264,MULTA VIGESIMA SETIMA CCT,2920 - Reembolsos diversos,0,0,0,Rubrica com inconsistência de IRRF,"11 - Artigo 28, inciso I, da Lei n° 8.212/91",11 - Artigos 3º e 7º da Lei nº 7.713/88,11 - Artigo 15 da Lei n° 8.036/90,"{""FGTS"": 0, ""INSS"": 0, ""IRRF"": 0, ""Analise"": ""Rubrica com inconsistência de IRRF"", ""Rubrica"": ""MULTA VIGESIMA SETIMA CCT"", ""Cod Rubrica"": 264, ""Cód Natureza"": ""2920 - Reembolsos diversos"", ""Incid./Base Legal FGTS"": ""11 - Artigo 15 da Lei n° 8.036/90"", ""Incid./Base Legal INSS"": ""11 - Artigo 28, inciso I, da Lei n° 8.212/91"", ""Incid./Base Legal IRRF"": ""11 - Artigos 3º e 7º da Lei nº 7.713/88""}",2026-03-25 15:01:09.753784,,,,,,,,,,,,,,,,,,,,,,,,,,,,,,,,,,,,,,,,,,,,
278,1,278,"0 - Artigo 28, inciso I, da Lei n° 8.212/91","0 - Artigo 15, § 6º da Lei n° 8.036/90",,,,,,,,,"{""Incid./Base Legal FGTS"": ""0 - Artigo 15, § 6º da Lei n° 8.036/90"", ""Incid./Base Legal INSS"": ""0 - Artigo 28, inciso I, da Lei n° 8.212/91""}",2026-03-25 15:01:09.753784,,,,,,,,,,,,,,,,,,,,,,,,,,,,,,,,,,,,,,,,,,,,
279,1,279,265,REEMB. EMPRESTIMO CONSIGNADO,9254 - Empréstimos consignados - desconto,0,9,0,-,"0 - Artigo 28, § 9º da Lei n° 8.212/91",9 - Artigo 7º da Lei nº 8.134/90,"0 - Artigo 15, § 6º da Lei n° 8.036/90","{""FGTS"": 0, ""INSS"": 0, ""IRRF"": 9, ""Analise"": ""-"", ""Rubrica"": ""REEMB. EMPRESTIMO CONSIGNADO"", ""Cod Rubrica"": 265, ""Cód Natureza"": ""9254 - Empréstimos consignados - desconto"", ""Incid./Base Legal FGTS"": ""0 - Artigo 15, § 6º da Lei n° 8.036/90"", ""Incid./Base Legal INSS"": ""0 - Artigo 28, § 9º da Lei n° 8.212/91"", ""Incid./Base Legal IRRF"": ""9 - Artigo 7º da Lei nº 8.134/90""}",2026-03-25 15:01:09.753784,,,,,,,,,,,,,,,,,,,,,,,,,,,,,,,,,,,,,,,,,,,,
280,1,280,266,REEMB. CURSOS / TREINAMENTO,2920 - Reembolsos diversos,0,0,0,Rubrica com inconsistência de IRRF,"11 - Artigo 28, inciso I, da Lei n° 8.212/91",11 - Artigos 3º e 7º da Lei nº 7.713/88,11 - Artigo 15 da Lei n° 8.036/90,"{""FGTS"": 0, ""INSS"": 0, ""IRRF"": 0, ""Analise"": ""Rubrica com inconsistência de IRRF"", ""Rubrica"": ""REEMB. CURSOS / TREINAMENTO"", ""Cod Rubrica"": 266, ""Cód Natureza"": ""2920 - Reembolsos diversos"", ""Incid./Base Legal FGTS"": ""11 - Artigo 15 da Lei n° 8.036/90"", ""Incid./Base Legal INSS"": ""11 - Artigo 28, inciso I, da Lei n° 8.212/91"", ""Incid./Base Legal IRRF"": ""11 - Artigos 3º e 7º da Lei nº 7.713/88""}",2026-03-25 15:01:09.753784,,,,,,,,,,,,,,,,,,,,,,,,,,,,,,,,,,,,,,,,,,,,
281,1,281,"0 - Artigo 28, inciso I, da Lei n° 8.212/91","0 - Artigo 15, § 6º da Lei n° 8.036/90",,,,,,,,,"{""Incid./Base Legal FGTS"": ""0 - Artigo 15, § 6º da Lei n° 8.036/90"", ""Incid./Base Legal INSS"": ""0 - Artigo 28, inciso I, da Lei n° 8.212/91""}",2026-03-25 15:01:09.753784,,,,,,,,,,,,,,,,,,,,,,,,,,,,,,,,,,,,,,,,,,,,
282,1,282,267,HORAS EXTRAS COMPL 60%,1003 - Horas extraordinárias,11,11,11,-,"11 - Artigo 28, inciso I, da Lei n° 8.212/91",11 - Artigos 3º e 7º da Lei nº 7.713/88,11 - Artigo 15 da Lei n° 8.036/90,"{""FGTS"": 11, ""INSS"": 11, ""IRRF"": 11, ""Analise"": ""-"", ""Rubrica"": ""HORAS EXTRAS COMPL 60%"", ""Cod Rubrica"": 267, ""Cód Natureza"": ""1003 - Horas extraordinárias"", ""Incid./Base Legal FGTS"": ""11 - Artigo 15 da Lei n° 8.036/90"", ""Incid./Base Legal INSS"": ""11 - Artigo 28, inciso I, da Lei n° 8.212/91"", ""Incid./Base Legal IRRF"": ""11 - Artigos 3º e 7º da Lei nº 7.713/88""}",2026-03-25 15:01:09.753784,,,,,,,,,,,,,,,,,,,,,,,,,,,,,,,,,,,,,,,,,,,,
283,1,283,268,DIF GRATIFICACAO MES ANT,1211 - Gratificações,11,11,11,-,"11 - Artigo 28, inciso I, da Lei n° 8.212/91",11 - Artigos 3º e 7º da Lei nº 7.713/88,11 - Artigo 15 da Lei n° 8.036/90,"{""FGTS"": 11, ""INSS"": 11, ""IRRF"": 11, ""Analise"": ""-"", ""Rubrica"": ""DIF GRATIFICACAO MES ANT"", ""Cod Rubrica"": 268, ""Cód Natureza"": ""1211 - Gratificações"", ""Incid./Base Legal FGTS"": ""11 - Artigo 15 da Lei n° 8.036/90"", ""Incid./Base Legal INSS"": ""11 - Artigo 28, inciso I, da Lei n° 8.212/91"", ""Incid./Base Legal IRRF"": ""11 - Artigos 3º e 7º da Lei nº 7.713/88""}",2026-03-25 15:01:09.753784,,,,,,,,,,,,,,,,,,,,,,,,,,,,,,,,,,,,,,,,,,,,
284,1,284,269,HORAS EXTRAS 75% MES ANTERIOR,1003 - Horas extraordinárias,11,11,11,-,"11 - Artigo 28, inciso I, da Lei n° 8.212/91",11 - Artigos 3º e 7º da Lei nº 7.713/88,11 - Artigo 15 da Lei n° 8.036/90,"{""FGTS"": 11, ""INSS"": 11, ""IRRF"": 11, ""Analise"": ""-"", ""Rubrica"": ""HORAS EXTRAS 75% MES ANTERIOR"", ""Cod Rubrica"": 269, ""Cód Natureza"": ""1003 - Horas extraordinárias"", ""Incid./Base Legal FGTS"": ""11 - Artigo 15 da Lei n° 8.036/90"", ""Incid./Base Legal INSS"": ""11 - Artigo 28, inciso I, da Lei n° 8.212/91"", ""Incid./Base Legal IRRF"": ""11 - Artigos 3º e 7º da Lei nº 7.713/88""}",2026-03-25 15:01:09.753784,,,,,,,,,,,,,,,,,,,,,,,,,,,,,,,,,,,,,,,,,,,,
285,1,285,270,H E 50% - ART. 71,1003 - Horas extraordinárias,11,11,11,-,"11 - Artigo 28, inciso I, da Lei n° 8.212/91",11 - Artigos 3º e 7º da Lei nº 7.713/88,11 - Artigo 15 da Lei n° 8.036/90,"{""FGTS"": 11, ""INSS"": 11, ""IRRF"": 11, ""Analise"": ""-"", ""Rubrica"": ""H E 50% - ART. 71"", ""Cod Rubrica"": 270, ""Cód Natureza"": ""1003 - Horas extraordinárias"", ""Incid./Base Legal FGTS"": ""11 - Artigo 15 da Lei n° 8.036/90"", ""Incid./Base Legal INSS"": ""11 - Artigo 28, inciso I, da Lei n° 8.212/91"", ""Incid./Base Legal IRRF"": ""11 - Artigos 3º e 7º da Lei nº 7.713/88""}",2026-03-25 15:01:09.753784,,,,,,,,,,,,,,,,,,,,,,,,,,,,,,,,,,,,,,,,,,,,
286,1,286,271,TRANSPORTE,2920 - Reembolsos diversos,0,0,0,Rubrica com inconsistência de IRRF,"11 - Artigo 28, inciso I, da Lei n° 8.212/91",11 - Artigos 3º e 7º da Lei nº 7.713/88,11 - Artigo 15 da Lei n° 8.036/90,"{""FGTS"": 0, ""INSS"": 0, ""IRRF"": 0, ""Analise"": ""Rubrica com inconsistência de IRRF"", ""Rubrica"": ""TRANSPORTE"", ""Cod Rubrica"": 271, ""Cód Natureza"": ""2920 - Reembolsos diversos"", ""Incid./Base Legal FGTS"": ""11 - Artigo 15 da Lei n° 8.036/90"", ""Incid./Base Legal INSS"": ""11 - Artigo 28, inciso I, da Lei n° 8.212/91"", ""Incid./Base Legal IRRF"": ""11 - Artigos 3º e 7º da Lei nº 7.713/88""}",2026-03-25 15:01:09.753784,,,,,,,,,,,,,,,,,,,,,,,,,,,,,,,,,,,,,,,,,,,,
287,1,287,"0 - Artigo 28, inciso I, da Lei n° 8.212/91","0 - Artigo 15, § 6º da Lei n° 8.036/90",,,,,,,,,"{""Incid./Base Legal FGTS"": ""0 - Artigo 15, § 6º da Lei n° 8.036/90"", ""Incid./Base Legal INSS"": ""0 - Artigo 28, inciso I, da Lei n° 8.212/91""}",2026-03-25 15:01:09.753784,,,,,,,,,,,,,,,,,,,,,,,,,,,,,,,,,,,,,,,,,,,,
288,1,288,272,TRANSPORTE OUTUBRO,2920 - Reembolsos diversos,0,0,0,Rubrica com inconsistência de IRRF,"11 - Artigo 28, inciso I, da Lei n° 8.212/91",11 - Artigos 3º e 7º da Lei nº 7.713/88,11 - Artigo 15 da Lei n° 8.036/90,"{""FGTS"": 0, ""INSS"": 0, ""IRRF"": 0, ""Analise"": ""Rubrica com inconsistência de IRRF"", ""Rubrica"": ""TRANSPORTE OUTUBRO"", ""Cod Rubrica"": 272, ""Cód Natureza"": ""2920 - Reembolsos diversos"", ""Incid./Base Legal FGTS"": ""11 - Artigo 15 da Lei n° 8.036/90"", ""Incid./Base Legal INSS"": ""11 - Artigo 28, inciso I, da Lei n° 8.212/91"", ""Incid./Base Legal IRRF"": ""11 - Artigos 3º e 7º da Lei nº 7.713/88""}",2026-03-25 15:01:09.753784,,,,,,,,,,,,,,,,,,,,,,,,,,,,,,,,,,,,,,,,,,,,
289,1,289,"0 - Artigo 28, inciso I, da Lei n° 8.212/91","0 - Artigo 15, § 6º da Lei n° 8.036/90",,,,,,,,,"{""Incid./Base Legal FGTS"": ""0 - Artigo 15, § 6º da Lei n° 8.036/90"", ""Incid./Base Legal INSS"": ""0 - Artigo 28, inciso I, da Lei n° 8.212/91""}",2026-03-25 15:01:09.753784,,,,,,,,,,,,,,,,,,,,,,,,,,,,,,,,,,,,,,,,,,,,
290,1,290,273,ARREDONDAMENTO,2999 - Arredondamentos,0,9,0,-,"0 - Artigo 28, § 9º da Lei n° 8.212/91",9 - Artigos 3º e 7º da Lei nº 7.713/88,"0 - Artigo 15, § 6º da Lei n° 8.036/90","{""FGTS"": 0, ""INSS"": 0, ""IRRF"": 9, ""Analise"": ""-"", ""Rubrica"": ""ARREDONDAMENTO"", ""Cod Rubrica"": 273, ""Cód Natureza"": ""2999 - Arredondamentos"", ""Incid./Base Legal FGTS"": ""0 - Artigo 15, § 6º da Lei n° 8.036/90"", ""Incid./Base Legal INSS"": ""0 - Artigo 28, § 9º da Lei n° 8.212/91"", ""Incid./Base Legal IRRF"": ""9 - Artigos 3º e 7º da Lei nº 7.713/88""}",2026-03-25 15:01:09.753784,,,,,,,,,,,,,,,,,,,,,,,,,,,,,,,,,,,,,,,,,,,,
291,1,291,274,TRANSPORTE SETEMBRO,2920 - Reembolsos diversos,0,0,0,Rubrica com inconsistência de IRRF,"11 - Artigo 28, inciso I, da Lei n° 8.212/91",11 - Artigos 3º e 7º da Lei nº 7.713/88,11 - Artigo 15 da Lei n° 8.036/90,"{""FGTS"": 0, ""INSS"": 0, ""IRRF"": 0, ""Analise"": ""Rubrica com inconsistência de IRRF"", ""Rubrica"": ""TRANSPORTE SETEMBRO"", ""Cod Rubrica"": 274, ""Cód Natureza"": ""2920 - Reembolsos diversos"", ""Incid./Base Legal FGTS"": ""11 - Artigo 15 da Lei n° 8.036/90"", ""Incid./Base Legal INSS"": ""11 - Artigo 28, inciso I, da Lei n° 8.212/91"", ""Incid./Base Legal IRRF"": ""11 - Artigos 3º e 7º da Lei nº 7.713/88""}",2026-03-25 15:01:09.753784,,,,,,,,,,,,,,,,,,,,,,,,,,,,,,,,,,,,,,,,,,,,
292,1,292,"0 - Artigo 28, inciso I, da Lei n° 8.212/91","0 - Artigo 15, § 6º da Lei n° 8.036/90",,,,,,,,,"{""Incid./Base Legal FGTS"": ""0 - Artigo 15, § 6º da Lei n° 8.036/90"", ""Incid./Base Legal INSS"": ""0 - Artigo 28, inciso I, da Lei n° 8.212/91""}",2026-03-25 15:01:09.753784,,,,,,,,,,,,,,,,,,,,,,,,,,,,,,,,,,,,,,,,,,,,
293,1,293,275,VALE REFEIÇÃO,"1806 - Alimentação em ticket ou cartão, vinculada ao PAT",0,9,0,-,"0 - Artigo 28, inciso I, da Lei n° 8.212/91","9 - artigo 35, inciso I, alínea p do Decreto n° 9.580/2018",0 - Artigo 15 da Lei n° 8.036/90,"{""FGTS"": 0, ""INSS"": 0, ""IRRF"": 9, ""Analise"": ""-"", ""Rubrica"": ""VALE REFEIÇÃO"", ""Cod Rubrica"": 275, ""Cód Natureza"": ""1806 - Alimentação em ticket ou cartão, vinculada ao PAT"", ""Incid./Base Legal FGTS"": ""0 - Artigo 15 da Lei n° 8.036/90"", ""Incid./Base Legal INSS"": ""0 - Artigo 28, inciso I, da Lei n° 8.212/91"", ""Incid./Base Legal IRRF"": ""9 - artigo 35, inciso I, alínea p do Decreto n° 9.580/2018""}",2026-03-25 15:01:09.753784,,,,,,,,,,,,,,,,,,,,,,,,,,,,,,,,,,,,,,,,,,,,
294,1,294,276,PAGTO. VALE-TRANSPORTE,1810 - Transporte (Servidores e Empregados Públicos),0,0,0,Rubrica com inconsistência de IRRF,"0 - Artigo 28, § 9º da Lei n° 8.212/91",9 - Artigos 5º da IN 1500/2014,0 - Precedente Administrativo nº 3,"{""FGTS"": 0, ""INSS"": 0, ""IRRF"": 0, ""Analise"": ""Rubrica com inconsistência de IRRF"", ""Rubrica"": ""PAGTO. VALE-TRANSPORTE"", ""Cod Rubrica"": 276, ""Cód Natureza"": ""1810 - Transporte (Servidores e Empregados Públicos)"", ""Incid./Base Legal FGTS"": ""0 - Precedente Administrativo nº 3"", ""Incid./Base Legal INSS"": ""0 - Artigo 28, § 9º da Lei n° 8.212/91"", ""Incid./Base Legal IRRF"": ""9 - Artigos 5º da IN 1500/2014""}",2026-03-25 15:01:09.753784,,,,,,,,,,,,,,,,,,,,,,,,,,,,,,,,,,,,,,,,,,,,
295,1,295,"11 - Precedente Administrativo nº 3, Ato Declaratório 04/2002",,,,,,,,,,"{""Incid./Base Legal FGTS"": ""11 - Precedente Administrativo nº 3, Ato Declaratório 04/2002""}",2026-03-25 15:01:09.753784,,,,,,,,,,,,,,,,,,,,,,,,,,,,,,,,,,,,,,,,,,,,
296,1,296,277,PAGTO. VALE REFEICAO,"1806 - Alimentação em ticket ou cartão, vinculada ao PAT",0,9,0,-,"0 - Artigo 28, inciso I, da Lei n° 8.212/91","9 - artigo 35, inciso I, alínea p do Decreto n° 9.580/2018",0 - Artigo 15 da Lei n° 8.036/90,"{""FGTS"": 0, ""INSS"": 0, ""IRRF"": 9, ""Analise"": ""-"", ""Rubrica"": ""PAGTO. VALE REFEICAO"", ""Cod Rubrica"": 277, ""Cód Natureza"": ""1806 - Alimentação em ticket ou cartão, vinculada ao PAT"", ""Incid./Base Legal FGTS"": ""0 - Artigo 15 da Lei n° 8.036/90"", ""Incid./Base Legal INSS"": ""0 - Artigo 28, inciso I, da Lei n° 8.212/91"", ""Incid./Base Legal IRRF"": ""9 - artigo 35, inciso I, alínea p do Decreto n° 9.580/2018""}",2026-03-25 15:01:09.753784,,,,,,,,,,,,,,,,,,,,,,,,,,,,,,,,,,,,,,,,,,,,
297,1,297,278,PAGTO. CESTA BASICA,"1808 - Alimentação concedida sob a forma de cesta básica ou refeição, por empresa vinculada ao PAT",0,9,0,-,"0 - Artigo 28, inciso I, da Lei n° 8.212/91","9 - artigo 35, inciso I, alínea p do Decreto n° 9.580/2018",0 - Artigo 15 da Lei n° 8.036/90,"{""FGTS"": 0, ""INSS"": 0, ""IRRF"": 9, ""Analise"": ""-"", ""Rubrica"": ""PAGTO. CESTA BASICA"", ""Cod Rubrica"": 278, ""Cód Natureza"": ""1808 - Alimentação concedida sob a forma de cesta básica ou refeição, por empresa vinculada ao PAT"", ""Incid./Base Legal FGTS"": ""0 - Artigo 15 da Lei n° 8.036/90"", ""Incid./Base Legal INSS"": ""0 - Artigo 28, inciso I, da Lei n° 8.212/91"", ""Incid./Base Legal IRRF"": ""9 - artigo 35, inciso I, alínea p do Decreto n° 9.580/2018""}",2026-03-25 15:01:09.753784,,,,,,,,,,,,,,,,,,,,,,,,,,,,,,,,,,,,,,,,,,,,
298,1,298,279,DEVOL DESC. ASSIST. MEDICA,1405 - Assistência médica,0,0,0,Rubrica com inconsistência de IRRF,"0 - Artigo 28, § 9º da Lei n° 8.212/91","9 - artigo 35, inciso I, alínea p do Decreto n° 9.580/2018",0 - Artigo 15 da Lei n° 8.036/90,"{""FGTS"": 0, ""INSS"": 0, ""IRRF"": 0, ""Analise"": ""Rubrica com inconsistência de IRRF"", ""Rubrica"": ""DEVOL DESC. ASSIST. MEDICA"", ""Cod Rubrica"": 279, ""Cód Natureza"": ""1405 - Assistência médica"", ""Incid./Base Legal FGTS"": ""0 - Artigo 15 da Lei n° 8.036/90"", ""Incid./Base Legal INSS"": ""0 - Artigo 28, § 9º da Lei n° 8.212/91"", ""Incid./Base Legal IRRF"": ""9 - artigo 35, inciso I, alínea p do Decreto n° 9.580/2018""}",2026-03-25 15:01:09.753784,,,,,,,,,,,,,,,,,,,,,,,,,,,,,,,,,,,,,,,,,,,,
299,1,299,280,DIF. AJUDA CRECHE CCT,2920 - Reembolsos diversos,0,0,0,Rubrica com inconsistência de IRRF,"11 - Artigo 28, inciso I, da Lei n° 8.212/91",11 - Artigos 3º e 7º da Lei nº 7.713/88,11 - Artigo 15 da Lei n° 8.036/90,"{""FGTS"": 0, ""INSS"": 0, ""IRRF"": 0, ""Analise"": ""Rubrica com inconsistência de IRRF"", ""Rubrica"": ""DIF. AJUDA CRECHE CCT"", ""Cod Rubrica"": 280, ""Cód Natureza"": ""2920 - Reembolsos diversos"", ""Incid./Base Legal FGTS"": ""11 - Artigo 15 da Lei n° 8.036/90"", ""Incid./Base Legal INSS"": ""11 - Artigo 28, inciso I, da Lei n° 8.212/91"", ""Incid./Base Legal IRRF"": ""11 - Artigos 3º e 7º da Lei nº 7.713/88""}",2026-03-25 15:01:09.753784,,,,,,,,,,,,,,,,,,,,,,,,,,,,,,,,,,,,,,,,,,,,
300,1,300,"0 - Artigo 28, inciso I, da Lei n° 8.212/91","0 - Artigo 15, § 6º da Lei n° 8.036/90",,,,,,,,,"{""Incid./Base Legal FGTS"": ""0 - Artigo 15, § 6º da Lei n° 8.036/90"", ""Incid./Base Legal INSS"": ""0 - Artigo 28, inciso I, da Lei n° 8.212/91""}",2026-03-25 15:01:09.753784,,,,,,,,,,,,,,,,,,,,,,,,,,,,,,,,,,,,,,,,,,,,
301,1,301,281,PAGTO. ASSIST. ODONTOLOGICA,1405 - Assistência médica,0,0,0,Rubrica com inconsistência de IRRF,"0 - Artigo 28, § 9º da Lei n° 8.212/91","9 - artigo 35, inciso I, alínea p do Decreto n° 9.580/2018",0 - Artigo 15 da Lei n° 8.036/90,"{""FGTS"": 0, ""INSS"": 0, ""IRRF"": 0, ""Analise"": ""Rubrica com inconsistência de IRRF"", ""Rubrica"": ""PAGTO. ASSIST. ODONTOLOGICA"", ""Cod Rubrica"": 281, ""Cód Natureza"": ""1405 - Assistência médica"", ""Incid./Base Legal FGTS"": ""0 - Artigo 15 da Lei n° 8.036/90"", ""Incid./Base Legal INSS"": ""0 - Artigo 28, § 9º da Lei n° 8.212/91"", ""Incid./Base Legal IRRF"": ""9 - artigo 35, inciso I, alínea p do Decreto n° 9.580/2018""}",2026-03-25 15:01:09.753784,,,,,,,,,,,,,,,,,,,,,,,,,,,,,,,,,,,,,,,,,,,,
302,1,302,282,ADIANTAMENTO NORMAL,5501 - Adiantamento de salários,0,11,0,-,"0 - Artigo 28, § 9º da Lei n° 8.212/91",11 - Artigos 3º e 7º da Lei nº 7.713/88,"0 - Artigo 15, § 6º da Lei n° 8.036/90","{""FGTS"": 0, ""INSS"": 0, ""IRRF"": 11, ""Analise"": ""-"", ""Rubrica"": ""ADIANTAMENTO NORMAL"", ""Cod Rubrica"": 282, ""Cód Natureza"": ""5501 - Adiantamento de salários"", ""Incid./Base Legal FGTS"": ""0 - Artigo 15, § 6º da Lei n° 8.036/90"", ""Incid./Base Legal INSS"": ""0 - Artigo 28, § 9º da Lei n° 8.212/91"", ""Incid./Base Legal IRRF"": ""11 - Artigos 3º e 7º da Lei nº 7.713/88""}",2026-03-25 15:01:09.753784,,,,,,,,,,,,,,,,,,,,,,,,,,,,,,,,,,,,,,,,,,,,
303,1,303,9 - Artigos 3º e 7º da Lei nº 7.713/88,,,,,,,,,,"{""Incid./Base Legal IRRF"": ""9 - Artigos 3º e 7º da Lei nº 7.713/88""}",2026-03-25 15:01:09.753784,,,,,,,,,,,,,,,,,,,,,,,,,,,,,,,,,,,,,,,,,,,,
304,1,304,283,1ª PARCELA 13º SALARIO NAO SUJEITO F.G.T.S.,5504 - 13º salário - Adiantamento,0,0,0,Rubrica com inconsistência de IRRF e FGTS,"0 - Artigo 28, § 9º da Lei n° 8.212/91",9 - Artigo 26 da Lei nº 7.713/88,12 - Artigo 15 da Lei n° 8.036/90,"{""FGTS"": 0, ""INSS"": 0, ""IRRF"": 0, ""Analise"": ""Rubrica com inconsistência de IRRF e FGTS"", ""Rubrica"": ""1ª PARCELA 13º SALARIO NAO SUJEITO F.G.T.S."", ""Cod Rubrica"": 283, ""Cód Natureza"": ""5504 - 13º salário - Adiantamento"", ""Incid./Base Legal FGTS"": ""12 - Artigo 15 da Lei n° 8.036/90"", ""Incid./Base Legal INSS"": ""0 - Artigo 28, § 9º da Lei n° 8.212/91"", ""Incid./Base Legal IRRF"": ""9 - Artigo 26 da Lei nº 7.713/88""}",2026-03-25 15:01:09.753784,,,,,,,,,,,,,,,,,,,,,,,,,,,,,,,,,,,,,,,,,,,,
305,1,305,284,PAGTO. VALE ALIMENTACAO,"1806 - Alimentação em ticket ou cartão, vinculada ao PAT",0,9,0,-,"0 - Artigo 28, inciso I, da Lei n° 8.212/91","9 - artigo 35, inciso I, alínea p do Decreto n° 9.580/2018",0 - Artigo 15 da Lei n° 8.036/90,"{""FGTS"": 0, ""INSS"": 0, ""IRRF"": 9, ""Analise"": ""-"", ""Rubrica"": ""PAGTO. VALE ALIMENTACAO"", ""Cod Rubrica"": 284, ""Cód Natureza"": ""1806 - Alimentação em ticket ou cartão, vinculada ao PAT"", ""Incid./Base Legal FGTS"": ""0 - Artigo 15 da Lei n° 8.036/90"", ""Incid./Base Legal INSS"": ""0 - Artigo 28, inciso I, da Lei n° 8.212/91"", ""Incid./Base Legal IRRF"": ""9 - artigo 35, inciso I, alínea p do Decreto n° 9.580/2018""}",2026-03-25 15:01:09.753784,,,,,,,,,,,,,,,,,,,,,,,,,,,,,,,,,,,,,,,,,,,,
306,1,306,285,PAGTO. OUTROS BENEFICIOS,2920 - Reembolsos diversos,0,0,0,Rubrica com inconsistência de IRRF,"11 - Artigo 28, inciso I, da Lei n° 8.212/91",11 - Artigos 3º e 7º da Lei nº 7.713/88,11 - Artigo 15 da Lei n° 8.036/90,"{""FGTS"": 0, ""INSS"": 0, ""IRRF"": 0, ""Analise"": ""Rubrica com inconsistência de IRRF"", ""Rubrica"": ""PAGTO. OUTROS BENEFICIOS"", ""Cod Rubrica"": 285, ""Cód Natureza"": ""2920 - Reembolsos diversos"", ""Incid./Base Legal FGTS"": ""11 - Artigo 15 da Lei n° 8.036/90"", ""Incid./Base Legal INSS"": ""11 - Artigo 28, inciso I, da Lei n° 8.212/91"", ""Incid./Base Legal IRRF"": ""11 - Artigos 3º e 7º da Lei nº 7.713/88""}",2026-03-25 15:01:09.753784,,,,,,,,,,,,,,,,,,,,,,,,,,,,,,,,,,,,,,,,,,,,
307,1,307,"0 - Artigo 28, inciso I, da Lei n° 8.212/91","0 - Artigo 15, § 6º da Lei n° 8.036/90",,,,,,,,,"{""Incid./Base Legal FGTS"": ""0 - Artigo 15, § 6º da Lei n° 8.036/90"", ""Incid./Base Legal INSS"": ""0 - Artigo 28, inciso I, da Lei n° 8.212/91""}",2026-03-25 15:01:09.753784,,,,,,,,,,,,,,,,,,,,,,,,,,,,,,,,,,,,,,,,,,,,
308,1,308,286,REEMB. VALE TRANSP. TREINAMENTO,1810 - Transporte (Servidores e Empregados Públicos),0,0,0,Rubrica com inconsistência de IRRF,"0 - Artigo 28, § 9º da Lei n° 8.212/91",9 - Artigos 5º da IN 1500/2014,0 - Precedente Administrativo nº 3,"{""FGTS"": 0, ""INSS"": 0, ""IRRF"": 0, ""Analise"": ""Rubrica com inconsistência de IRRF"", ""Rubrica"": ""REEMB. VALE TRANSP. TREINAMENTO"", ""Cod Rubrica"": 286, ""Cód Natureza"": ""1810 - Transporte (Servidores e Empregados Públicos)"", ""Incid./Base Legal FGTS"": ""0 - Precedente Administrativo nº 3"", ""Incid./Base Legal INSS"": ""0 - Artigo 28, § 9º da Lei n° 8.212/91"", ""Incid./Base Legal IRRF"": ""9 - Artigos 5º da IN 1500/2014""}",2026-03-25 15:01:09.753784,,,,,,,,,,,,,,,,,,,,,,,,,,,,,,,,,,,,,,,,,,,,
309,1,309,"11 - Precedente Administrativo nº 3, Ato Declaratório 04/2002",,,,,,,,,,"{""Incid./Base Legal FGTS"": ""11 - Precedente Administrativo nº 3, Ato Declaratório 04/2002""}",2026-03-25 15:01:09.753784,,,,,,,,,,,,,,,,,,,,,,,,,,,,,,,,,,,,,,,,,,,,
310,1,310,288,ANTECIPACAO 13º SALARIO,5504 - 13º salário - Adiantamento,0,9,12,-,"0 - Artigo 28, § 9º da Lei n° 8.212/91",9 - Artigo 26 da Lei nº 7.713/88,12 - Artigo 15 da Lei n° 8.036/90,"{""FGTS"": 12, ""INSS"": 0, ""IRRF"": 9, ""Analise"": ""-"", ""Rubrica"": ""ANTECIPACAO 13º SALARIO"", ""Cod Rubrica"": 288, ""Cód Natureza"": ""5504 - 13º salário - Adiantamento"", ""Incid./Base Legal FGTS"": ""12 - Artigo 15 da Lei n° 8.036/90"", ""Incid./Base Legal INSS"": ""0 - Artigo 28, § 9º da Lei n° 8.212/91"", ""Incid./Base Legal IRRF"": ""9 - Artigo 26 da Lei nº 7.713/88""}",2026-03-25 15:01:09.753784,,,,,,,,,,,,,,,,,,,,,,,,,,,,,,,,,,,,,,,,,,,,
311,1,311,289,MEDIAS ANTECIPACAO 13º SALARIO,5504 - 13º salário - Adiantamento,0,9,12,-,"0 - Artigo 28, § 9º da Lei n° 8.212/91",9 - Artigo 26 da Lei nº 7.713/88,12 - Artigo 15 da Lei n° 8.036/90,"{""FGTS"": 12, ""INSS"": 0, ""IRRF"": 9, ""Analise"": ""-"", ""Rubrica"": ""MEDIAS ANTECIPACAO 13º SALARIO"", ""Cod Rubrica"": 289, ""Cód Natureza"": ""5504 - 13º salário - Adiantamento"", ""Incid./Base Legal FGTS"": ""12 - Artigo 15 da Lei n° 8.036/90"", ""Incid./Base Legal INSS"": ""0 - Artigo 28, § 9º da Lei n° 8.212/91"", ""Incid./Base Legal IRRF"": ""9 - Artigo 26 da Lei nº 7.713/88""}",2026-03-25 15:01:09.753784,,,,,,,,,,,,,,,,,,,,,,,,,,,,,,,,,,,,,,,,,,,,
312,1,312,290,ADIC. PERICULOSIDADE S/1ª PARCELA 13º SALARIO,5504 - 13º salário - Adiantamento,0,0,12,Rubrica com inconsistência de IRRF,"0 - Artigo 28, § 9º da Lei n° 8.212/91",9 - Artigo 26 da Lei nº 7.713/88,12 - Artigo 15 da Lei n° 8.036/90,"{""FGTS"": 12, ""INSS"": 0, ""IRRF"": 0, ""Analise"": ""Rubrica com inconsistência de IRRF"", ""Rubrica"": ""ADIC. PERICULOSIDADE S/1ª PARCELA 13º SALARIO"", ""Cod Rubrica"": 290, ""Cód Natureza"": ""5504 - 13º salário - Adiantamento"", ""Incid./Base Legal FGTS"": ""12 - Artigo 15 da Lei n° 8.036/90"", ""Incid./Base Legal INSS"": ""0 - Artigo 28, § 9º da Lei n° 8.212/91"", ""Incid./Base Legal IRRF"": ""9 - Artigo 26 da Lei nº 7.713/88""}",2026-03-25 15:01:09.753784,,,,,,,,,,,,,,,,,,,,,,,,,,,,,,,,,,,,,,,,,,,,
313,1,313,291,ADIC. INSALUBRIDADE S/1ª 13º SALARIO,5504 - 13º salário - Adiantamento,0,0,12,Rubrica com inconsistência de IRRF,"0 - Artigo 28, § 9º da Lei n° 8.212/91",9 - Artigo 26 da Lei nº 7.713/88,12 - Artigo 15 da Lei n° 8.036/90,"{""FGTS"": 12, ""INSS"": 0, ""IRRF"": 0, ""Analise"": ""Rubrica com inconsistência de IRRF"", ""Rubrica"": ""ADIC. INSALUBRIDADE S/1ª 13º SALARIO"", ""Cod Rubrica"": 291, ""Cód Natureza"": ""5504 - 13º salário - Adiantamento"", ""Incid./Base Legal FGTS"": ""12 - Artigo 15 da Lei n° 8.036/90"", ""Incid./Base Legal INSS"": ""0 - Artigo 28, § 9º da Lei n° 8.212/91"", ""Incid./Base Legal IRRF"": ""9 - Artigo 26 da Lei nº 7.713/88""}",2026-03-25 15:01:09.753784,,,,,,,,,,,,,,,,,,,,,,,,,,,,,,,,,,,,,,,,,,,,
314,1,314,292,ADIC. NOT MES ANT C/30%,1205 - Adicional noturno,11,11,11,-,"11 - Artigo 28, inciso I, da Lei n° 8.212/91",11 - Artigos 3º e 7º da Lei nº 7.713/88,11 - Artigo 15 da Lei n° 8.036/90,"{""FGTS"": 11, ""INSS"": 11, ""IRRF"": 11, ""Analise"": ""-"", ""Rubrica"": ""ADIC. NOT MES ANT C/30%"", ""Cod Rubrica"": 292, ""Cód Natureza"": ""1205 - Adicional noturno"", ""Incid./Base Legal FGTS"": ""11 - Artigo 15 da Lei n° 8.036/90"", ""Incid./Base Legal INSS"": ""11 - Artigo 28, inciso I, da Lei n° 8.212/91"", ""Incid./Base Legal IRRF"": ""11 - Artigos 3º e 7º da Lei nº 7.713/88""}",2026-03-25 15:01:09.753784,,,,,,,,,,,,,,,,,,,,,,,,,,,,,,,,,,,,,,,,,,,,
315,1,315,293,F.G.T.S. S/13º SALARIO,9908 - FGTS - depósito,0,0,0,Rubrica com inconsistência de IRRF,"0 - Artigo 28, § 9º da Lei n° 8.212/91",9 - Artigo 7º da Lei nº 8.134/90,"0 - Artigo 15, § 6º da Lei n° 8.036/90","{""FGTS"": 0, ""INSS"": 0, ""IRRF"": 0, ""Analise"": ""Rubrica com inconsistência de IRRF"", ""Rubrica"": ""F.G.T.S. S/13º SALARIO"", ""Cod Rubrica"": 293, ""Cód Natureza"": ""9908 - FGTS - depósito"", ""Incid./Base Legal FGTS"": ""0 - Artigo 15, § 6º da Lei n° 8.036/90"", ""Incid./Base Legal INSS"": ""0 - Artigo 28, § 9º da Lei n° 8.212/91"", ""Incid./Base Legal IRRF"": ""9 - Artigo 7º da Lei nº 8.134/90""}",2026-03-25 15:01:09.753784,,,,,,,,,,,,,,,,,,,,,,,,,,,,,,,,,,,,,,,,,,,,
316,1,316,294,DESP DE VIAGENS,2920 - Reembolsos diversos,0,0,0,Rubrica com inconsistência de IRRF,"11 - Artigo 28, inciso I, da Lei n° 8.212/91",11 - Artigos 3º e 7º da Lei nº 7.713/88,11 - Artigo 15 da Lei n° 8.036/90,"{""FGTS"": 0, ""INSS"": 0, ""IRRF"": 0, ""Analise"": ""Rubrica com inconsistência de IRRF"", ""Rubrica"": ""DESP DE VIAGENS"", ""Cod Rubrica"": 294, ""Cód Natureza"": ""2920 - Reembolsos diversos"", ""Incid./Base Legal FGTS"": ""11 - Artigo 15 da Lei n° 8.036/90"", ""Incid./Base Legal INSS"": ""11 - Artigo 28, inciso I, da Lei n° 8.212/91"", ""Incid./Base Legal IRRF"": ""11 - Artigos 3º e 7º da Lei nº 7.713/88""}",2026-03-25 15:01:09.753784,,,,,,,,,,,,,,,,,,,,,,,,,,,,,,,,,,,,,,,,,,,,
317,1,317,"0 - Artigo 28, inciso I, da Lei n° 8.212/91","0 - Artigo 15, § 6º da Lei n° 8.036/90",,,,,,,,,"{""Incid./Base Legal FGTS"": ""0 - Artigo 15, § 6º da Lei n° 8.036/90"", ""Incid./Base Legal INSS"": ""0 - Artigo 28, inciso I, da Lei n° 8.212/91""}",2026-03-25 15:01:09.753784,,,,,,,,,,,,,,,,,,,,,,,,,,,,,,,,,,,,,,,,,,,,
318,1,318,295,REEMB. ASSIST. MEDICA,1405 - Assistência médica,0,0,0,Rubrica com inconsistência de IRRF,"0 - Artigo 28, § 9º da Lei n° 8.212/91","9 - artigo 35, inciso I, alínea p do Decreto n° 9.580/2018",0 - Artigo 15 da Lei n° 8.036/90,"{""FGTS"": 0, ""INSS"": 0, ""IRRF"": 0, ""Analise"": ""Rubrica com inconsistência de IRRF"", ""Rubrica"": ""REEMB. ASSIST. MEDICA"", ""Cod Rubrica"": 295, ""Cód Natureza"": ""1405 - Assistência médica"", ""Incid./Base Legal FGTS"": ""0 - Artigo 15 da Lei n° 8.036/90"", ""Incid./Base Legal INSS"": ""0 - Artigo 28, § 9º da Lei n° 8.212/91"", ""Incid./Base Legal IRRF"": ""9 - artigo 35, inciso I, alínea p do Decreto n° 9.580/2018""}",2026-03-25 15:01:09.753784,,,,,,,,,,,,,,,,,,,,,,,,,,,,,,,,,,,,,,,,,,,,
319,1,319,296,HORAS EXTRAS 115%,1003 - Horas extraordinárias,11,11,11,-,"11 - Artigo 28, inciso I, da Lei n° 8.212/91",11 - Artigos 3º e 7º da Lei nº 7.713/88,11 - Artigo 15 da Lei n° 8.036/90,"{""FGTS"": 11, ""INSS"": 11, ""IRRF"": 11, ""Analise"": ""-"", ""Rubrica"": ""HORAS EXTRAS 115%"", ""Cod Rubrica"": 296, ""Cód Natureza"": ""1003 - Horas extraordinárias"", ""Incid./Base Legal FGTS"": ""11 - Artigo 15 da Lei n° 8.036/90"", ""Incid./Base Legal INSS"": ""11 - Artigo 28, inciso I, da Lei n° 8.212/91"", ""Incid./Base Legal IRRF"": ""11 - Artigos 3º e 7º da Lei nº 7.713/88""}",2026-03-25 15:01:09.753784,,,,,,,,,,,,,,,,,,,,,,,,,,,,,,,,,,,,,,,,,,,,
320,1,320,297,COMPLEMENTO PREVIDENCIARIO,4010 - Complementação salarial de auxílio-doença,0,9,0,Rubrica com inconsistência de IRRF,"0 - Artigo 28, § 9º da Lei n° 8.212/91",11 - Artigos 3º e 7º da Lei nº 7.713/88,0 - Artigo 15 da Lei n° 8.036/90,"{""FGTS"": 0, ""INSS"": 0, ""IRRF"": 9, ""Analise"": ""Rubrica com inconsistência de IRRF"", ""Rubrica"": ""COMPLEMENTO PREVIDENCIARIO"", ""Cod Rubrica"": 297, ""Cód Natureza"": ""4010 - Complementação salarial de auxílio-doença"", ""Incid./Base Legal FGTS"": ""0 - Artigo 15 da Lei n° 8.036/90"", ""Incid./Base Legal INSS"": ""0 - Artigo 28, § 9º da Lei n° 8.212/91"", ""Incid./Base Legal IRRF"": ""11 - Artigos 3º e 7º da Lei nº 7.713/88""}",2026-03-25 15:01:09.753784,,,,,,,,,,,,,,,,,,,,,,,,,,,,,,,,,,,,,,,,,,,,
321,1,321,298,ADIANT. COMPLEMENTAR,5501 - Adiantamento de salários,0,0,0,Rubrica com inconsistência de IRRF,"0 - Artigo 28, § 9º da Lei n° 8.212/91",11 - Artigos 3º e 7º da Lei nº 7.713/88,"0 - Artigo 15, § 6º da Lei n° 8.036/90","{""FGTS"": 0, ""INSS"": 0, ""IRRF"": 0, ""Analise"": ""Rubrica com inconsistência de IRRF"", ""Rubrica"": ""ADIANT. COMPLEMENTAR"", ""Cod Rubrica"": 298, ""Cód Natureza"": ""5501 - Adiantamento de salários"", ""Incid./Base Legal FGTS"": ""0 - Artigo 15, § 6º da Lei n° 8.036/90"", ""Incid./Base Legal INSS"": ""0 - Artigo 28, § 9º da Lei n° 8.212/91"", ""Incid./Base Legal IRRF"": ""11 - Artigos 3º e 7º da Lei nº 7.713/88""}",2026-03-25 15:01:09.753784,,,,,,,,,,,,,,,,,,,,,,,,,,,,,,,,,,,,,,,,,,,,
322,1,322,9 - Artigos 3º e 7º da Lei nº 7.713/88,,,,,,,,,,"{""Incid./Base Legal IRRF"": ""9 - Artigos 3º e 7º da Lei nº 7.713/88""}",2026-03-25 15:01:09.753784,,,,,,,,,,,,,,,,,,,,,,,,,,,,,,,,,,,,,,,,,,,,
323,1,323,299,ADIC. SALARIO,1211 - Gratificações,11,11,11,-,"11 - Artigo 28, inciso I, da Lei n° 8.212/91",11 - Artigos 3º e 7º da Lei nº 7.713/88,11 - Artigo 15 da Lei n° 8.036/90,"{""FGTS"": 11, ""INSS"": 11, ""IRRF"": 11, ""Analise"": ""-"", ""Rubrica"": ""ADIC. SALARIO"", ""Cod Rubrica"": 299, ""Cód Natureza"": ""1211 - Gratificações"", ""Incid./Base Legal FGTS"": ""11 - Artigo 15 da Lei n° 8.036/90"", ""Incid./Base Legal INSS"": ""11 - Artigo 28, inciso I, da Lei n° 8.212/91"", ""Incid./Base Legal IRRF"": ""11 - Artigos 3º e 7º da Lei nº 7.713/88""}",2026-03-25 15:01:09.753784,,,,,,,,,,,,,,,,,,,,,,,,,,,,,,,,,,,,,,,,,,,,
324,1,324,300,ABONO IDADE TEMP SERVICO,1299 - Outros adicionais,0,0,0,"Rubrica com inconsistência de INSS, IRRF e FGTS","11 - Artigo 28, inciso I, da Lei n° 8.212/91",11 - Artigos 3º e 7º da Lei nº 7.713/88,11 - Artigo 15 da Lei n° 8.036/90,"{""FGTS"": 0, ""INSS"": 0, ""IRRF"": 0, ""Analise"": ""Rubrica com inconsistência de INSS, IRRF e FGTS"", ""Rubrica"": ""ABONO IDADE TEMP SERVICO"", ""Cod Rubrica"": 300, ""Cód Natureza"": ""1299 - Outros adicionais"", ""Incid./Base Legal FGTS"": ""11 - Artigo 15 da Lei n° 8.036/90"", ""Incid./Base Legal INSS"": ""11 - Artigo 28, inciso I, da Lei n° 8.212/91"", ""Incid./Base Legal IRRF"": ""11 - Artigos 3º e 7º da Lei nº 7.713/88""}",2026-03-25 15:01:09.753784,,,,,,,,,,,,,,,,,,,,,,,,,,,,,,,,,,,,,,,,,,,,
325,1,325,301,ACORDO JUDICIAL,2920 - Reembolsos diversos,0,0,0,Rubrica com inconsistência de IRRF,"11 - Artigo 28, inciso I, da Lei n° 8.212/91",11 - Artigos 3º e 7º da Lei nº 7.713/88,11 - Artigo 15 da Lei n° 8.036/90,"{""FGTS"": 0, ""INSS"": 0, ""IRRF"": 0, ""Analise"": ""Rubrica com inconsistência de IRRF"", ""Rubrica"": ""ACORDO JUDICIAL"", ""Cod Rubrica"": 301, ""Cód Natureza"": ""2920 - Reembolsos diversos"", ""Incid./Base Legal FGTS"": ""11 - Artigo 15 da Lei n° 8.036/90"", ""Incid./Base Legal INSS"": ""11 - Artigo 28, inciso I, da Lei n° 8.212/91"", ""Incid./Base Legal IRRF"": ""11 - Artigos 3º e 7º da Lei nº 7.713/88""}",2026-03-25 15:01:09.753784,,,,,,,,,,,,,,,,,,,,,,,,,,,,,,,,,,,,,,,,,,,,
326,1,326,"0 - Artigo 28, inciso I, da Lei n° 8.212/91","0 - Artigo 15, § 6º da Lei n° 8.036/90",,,,,,,,,"{""Incid./Base Legal FGTS"": ""0 - Artigo 15, § 6º da Lei n° 8.036/90"", ""Incid./Base Legal INSS"": ""0 - Artigo 28, inciso I, da Lei n° 8.212/91""}",2026-03-25 15:01:09.753784,,,,,,,,,,,,,,,,,,,,,,,,,,,,,,,,,,,,,,,,,,,,
327,1,327,302,REEMB. DESC.VALE TRANSPORTE,1810 - Transporte (Servidores e Empregados Públicos),0,0,0,Rubrica com inconsistência de IRRF,"0 - Artigo 28, § 9º da Lei n° 8.212/91",9 - Artigos 5º da IN 1500/2014,0 - Precedente Administrativo nº 3,"{""FGTS"": 0, ""INSS"": 0, ""IRRF"": 0, ""Analise"": ""Rubrica com inconsistência de IRRF"", ""Rubrica"": ""REEMB. DESC.VALE TRANSPORTE"", ""Cod Rubrica"": 302, ""Cód Natureza"": ""1810 - Transporte (Servidores e Empregados Públicos)"", ""Incid./Base Legal FGTS"": ""0 - Precedente Administrativo nº 3"", ""Incid./Base Legal INSS"": ""0 - Artigo 28, § 9º da Lei n° 8.212/91"", ""Incid./Base Legal IRRF"": ""9 - Artigos 5º da IN 1500/2014""}",2026-03-25 15:01:09.753784,,,,,,,,,,,,,,,,,,,,,,,,,,,,,,,,,,,,,,,,,,,,
328,1,328,"11 - Precedente Administrativo nº 3, Ato Declaratório 04/2002",,,,,,,,,,"{""Incid./Base Legal FGTS"": ""11 - Precedente Administrativo nº 3, Ato Declaratório 04/2002""}",2026-03-25 15:01:09.753784,,,,,,,,,,,,,,,,,,,,,,,,,,,,,,,,,,,,,,,,,,,,
329,1,329,303,REEMB. DESC. FALTAS E ATRASOS,"1000 - Salário, vencimento, soldo ou subsídio",11,11,11,-,"11 - Artigo 28, inciso I, da Lei n° 8.212/91",11 - Artigos 3º e 7º da Lei nº 7.713/88,11 - Artigo 15 da Lei n° 8.036/90,"{""FGTS"": 11, ""INSS"": 11, ""IRRF"": 11, ""Analise"": ""-"", ""Rubrica"": ""REEMB. DESC. FALTAS E ATRASOS"", ""Cod Rubrica"": 303, ""Cód Natureza"": ""1000 - Salário, vencimento, soldo ou subsídio"", ""Incid./Base Legal FGTS"": ""11 - Artigo 15 da Lei n° 8.036/90"", ""Incid./Base Legal INSS"": ""11 - Artigo 28, inciso I, da Lei n° 8.212/91"", ""Incid./Base Legal IRRF"": ""11 - Artigos 3º e 7º da Lei nº 7.713/88""}",2026-03-25 15:01:09.753784,,,,,,,,,,,,,,,,,,,,,,,,,,,,,,,,,,,,,,,,,,,,
330,1,330,304,REEMB. VALE REFEICAO 01 E 02/2015,"1806 - Alimentação em ticket ou cartão, vinculada ao PAT",0,9,0,-,"0 - Artigo 28, inciso I, da Lei n° 8.212/91","9 - artigo 35, inciso I, alínea p do Decreto n° 9.580/2018",0 - Artigo 15 da Lei n° 8.036/90,"{""FGTS"": 0, ""INSS"": 0, ""IRRF"": 9, ""Analise"": ""-"", ""Rubrica"": ""REEMB. VALE REFEICAO 01 E 02/2015"", ""Cod Rubrica"": 304, ""Cód Natureza"": ""1806 - Alimentação em ticket ou cartão, vinculada ao PAT"", ""Incid./Base Legal FGTS"": ""0 - Artigo 15 da Lei n° 8.036/90"", ""Incid./Base Legal INSS"": ""0 - Artigo 28, inciso I, da Lei n° 8.212/91"", ""Incid./Base Legal IRRF"": ""9 - artigo 35, inciso I, alínea p do Decreto n° 9.580/2018""}",2026-03-25 15:01:09.753784,,,,,,,,,,,,,,,,,,,,,,,,,,,,,,,,,,,,,,,,,,,,
331,1,331,305,REEMB.V.REFEICAO./ ALIM. REF. EXTRAS,"1806 - Alimentação em ticket ou cartão, vinculada ao PAT",0,9,0,-,"0 - Artigo 28, inciso I, da Lei n° 8.212/91","9 - artigo 35, inciso I, alínea p do Decreto n° 9.580/2018",0 - Artigo 15 da Lei n° 8.036/90,"{""FGTS"": 0, ""INSS"": 0, ""IRRF"": 9, ""Analise"": ""-"", ""Rubrica"": ""REEMB.V.REFEICAO./ ALIM. REF. EXTRAS"", ""Cod Rubrica"": 305, ""Cód Natureza"": ""1806 - Alimentação em ticket ou cartão, vinculada ao PAT"", ""Incid./Base Legal FGTS"": ""0 - Artigo 15 da Lei n° 8.036/90"", ""Incid./Base Legal INSS"": ""0 - Artigo 28, inciso I, da Lei n° 8.212/91"", ""Incid./Base Legal IRRF"": ""9 - artigo 35, inciso I, alínea p do Decreto n° 9.580/2018""}",2026-03-25 15:01:09.753784,,,,,,,,,,,,,,,,,,,,,,,,,,,,,,,,,,,,,,,,,,,,
332,1,332,306,REEMB. VALE-TRANSPORTE REF. EXTRAS,1810 - Transporte (Servidores e Empregados Públicos),0,0,0,Rubrica com inconsistência de IRRF,"0 - Artigo 28, § 9º da Lei n° 8.212/91",9 - Artigos 5º da IN 1500/2014,0 - Precedente Administrativo nº 3,"{""FGTS"": 0, ""INSS"": 0, ""IRRF"": 0, ""Analise"": ""Rubrica com inconsistência de IRRF"", ""Rubrica"": ""REEMB. VALE-TRANSPORTE REF. EXTRAS"", ""Cod Rubrica"": 306, ""Cód Natureza"": ""1810 - Transporte (Servidores e Empregados Públicos)"", ""Incid./Base Legal FGTS"": ""0 - Precedente Administrativo nº 3"", ""Incid./Base Legal INSS"": ""0 - Artigo 28, § 9º da Lei n° 8.212/91"", ""Incid./Base Legal IRRF"": ""9 - Artigos 5º da IN 1500/2014""}",2026-03-25 15:01:09.753784,,,,,,,,,,,,,,,,,,,,,,,,,,,,,,,,,,,,,,,,,,,,
333,1,333,"11 - Precedente Administrativo nº 3, Ato Declaratório 04/2002",,,,,,,,,,"{""Incid./Base Legal FGTS"": ""11 - Precedente Administrativo nº 3, Ato Declaratório 04/2002""}",2026-03-25 15:01:09.753784,,,,,,,,,,,,,,,,,,,,,,,,,,,,,,,,,,,,,,,,,,,,
334,1,334,307,ADIC DE SALARIO MES ANT,1211 - Gratificações,11,11,11,-,"11 - Artigo 28, inciso I, da Lei n° 8.212/91",11 - Artigos 3º e 7º da Lei nº 7.713/88,11 - Artigo 15 da Lei n° 8.036/90,"{""FGTS"": 11, ""INSS"": 11, ""IRRF"": 11, ""Analise"": ""-"", ""Rubrica"": ""ADIC DE SALARIO MES ANT"", ""Cod Rubrica"": 307, ""Cód Natureza"": ""1211 - Gratificações"", ""Incid./Base Legal FGTS"": ""11 - Artigo 15 da Lei n° 8.036/90"", ""Incid./Base Legal INSS"": ""11 - Artigo 28, inciso I, da Lei n° 8.212/91"", ""Incid./Base Legal IRRF"": ""11 - Artigos 3º e 7º da Lei nº 7.713/88""}",2026-03-25 15:01:09.753784,,,,,,,,,,,,,,,,,,,,,,,,,,,,,,,,,,,,,,,,,,,,
335,1,335,308,BENEFICIOS GERENTES,1211 - Gratificações,11,11,11,-,"11 - Artigo 28, inciso I, da Lei n° 8.212/91",11 - Artigos 3º e 7º da Lei nº 7.713/88,11 - Artigo 15 da Lei n° 8.036/90,"{""FGTS"": 11, ""INSS"": 11, ""IRRF"": 11, ""Analise"": ""-"", ""Rubrica"": ""BENEFICIOS GERENTES"", ""Cod Rubrica"": 308, ""Cód Natureza"": ""1211 - Gratificações"", ""Incid./Base Legal FGTS"": ""11 - Artigo 15 da Lei n° 8.036/90"", ""Incid./Base Legal INSS"": ""11 - Artigo 28, inciso I, da Lei n° 8.212/91"", ""Incid./Base Legal IRRF"": ""11 - Artigos 3º e 7º da Lei nº 7.713/88""}",2026-03-25 15:01:09.753784,,,,,,,,,,,,,,,,,,,,,,,,,,,,,,,,,,,,,,,,,,,,
336,1,336,309,BENEFICIOS PAGOS A MENOR,9989 - Outros valores informativos,0,9,0,-,"0 - Artigo 28, inciso I, da Lei n° 8.212/91",9 - Artigo 12-A da Lei nº 7.713/88,0 - Artigo 15 da Lei n° 8.036/90,"{""FGTS"": 0, ""INSS"": 0, ""IRRF"": 9, ""Analise"": ""-"", ""Rubrica"": ""BENEFICIOS PAGOS A MENOR"", ""Cod Rubrica"": 309, ""Cód Natureza"": ""9989 - Outros valores informativos"", ""Incid./Base Legal FGTS"": ""0 - Artigo 15 da Lei n° 8.036/90"", ""Incid./Base Legal INSS"": ""0 - Artigo 28, inciso I, da Lei n° 8.212/91"", ""Incid./Base Legal IRRF"": ""9 - Artigo 12-A da Lei nº 7.713/88""}",2026-03-25 15:01:09.753784,,,,,,,,,,,,,,,,,,,,,,,,,,,,,,,,,,,,,,,,,,,,
337,1,337,310,REEMB DESC INDEVIDO - D.S.R,1002 - Descanso semanal remunerado - DSR,11,11,11,-,"11 - Artigo 28, inciso I, da Lei n° 8.212/91",11 - Artigos 3º e 7º da Lei nº 7.713/88,11 - Artigo 15 da Lei n° 8.036/90,"{""FGTS"": 11, ""INSS"": 11, ""IRRF"": 11, ""Analise"": ""-"", ""Rubrica"": ""REEMB DESC INDEVIDO - D.S.R"", ""Cod Rubrica"": 310, ""Cód Natureza"": ""1002 - Descanso semanal remunerado - DSR"", ""Incid./Base Legal FGTS"": ""11 - Artigo 15 da Lei n° 8.036/90"", ""Incid./Base Legal INSS"": ""11 - Artigo 28, inciso I, da Lei n° 8.212/91"", ""Incid./Base Legal IRRF"": ""11 - Artigos 3º e 7º da Lei nº 7.713/88""}",2026-03-25 15:01:09.753784,,,,,,,,,,,,,,,,,,,,,,,,,,,,,,,,,,,,,,,,,,,,
338,1,338,311,COMPLEMENTO HORAS EXTRAS 50% - 08/2014,1003 - Horas extraordinárias,11,11,11,-,"11 - Artigo 28, inciso I, da Lei n° 8.212/91",11 - Artigos 3º e 7º da Lei nº 7.713/88,11 - Artigo 15 da Lei n° 8.036/90,"{""FGTS"": 11, ""INSS"": 11, ""IRRF"": 11, ""Analise"": ""-"", ""Rubrica"": ""COMPLEMENTO HORAS EXTRAS 50% - 08/2014"", ""Cod Rubrica"": 311, ""Cód Natureza"": ""1003 - Horas extraordinárias"", ""Incid./Base Legal FGTS"": ""11 - Artigo 15 da Lei n° 8.036/90"", ""Incid./Base Legal INSS"": ""11 - Artigo 28, inciso I, da Lei n° 8.212/91"", ""Incid./Base Legal IRRF"": ""11 - Artigos 3º e 7º da Lei nº 7.713/88""}",2026-03-25 15:01:09.753784,,,,,,,,,,,,,,,,,,,,,,,,,,,,,,,,,,,,,,,,,,,,
339,1,339,312,COMPLEMENTO PGTO.,"1000 - Salário, vencimento, soldo ou subsídio",11,11,11,-,"11 - Artigo 28, inciso I, da Lei n° 8.212/91",11 - Artigos 3º e 7º da Lei nº 7.713/88,11 - Artigo 15 da Lei n° 8.036/90,"{""FGTS"": 11, ""INSS"": 11, ""IRRF"": 11, ""Analise"": ""-"", ""Rubrica"": ""COMPLEMENTO PGTO."", ""Cod Rubrica"": 312, ""Cód Natureza"": ""1000 - Salário, vencimento, soldo ou subsídio"", ""Incid./Base Legal FGTS"": ""11 - Artigo 15 da Lei n° 8.036/90"", ""Incid./Base Legal INSS"": ""11 - Artigo 28, inciso I, da Lei n° 8.212/91"", ""Incid./Base Legal IRRF"": ""11 - Artigos 3º e 7º da Lei nº 7.713/88""}",2026-03-25 15:01:09.753784,,,,,,,,,,,,,,,,,,,,,,,,,,,,,,,,,,,,,,,,,,,,
340,1,340,313,DEVOLUCAO DESC. CRACHA,2920 - Reembolsos diversos,0,0,0,Rubrica com inconsistência de IRRF,"11 - Artigo 28, inciso I, da Lei n° 8.212/91",11 - Artigos 3º e 7º da Lei nº 7.713/88,11 - Artigo 15 da Lei n° 8.036/90,"{""FGTS"": 0, ""INSS"": 0, ""IRRF"": 0, ""Analise"": ""Rubrica com inconsistência de IRRF"", ""Rubrica"": ""DEVOLUCAO DESC. CRACHA"", ""Cod Rubrica"": 313, ""Cód Natureza"": ""2920 - Reembolsos diversos"", ""Incid./Base Legal FGTS"": ""11 - Artigo 15 da Lei n° 8.036/90"", ""Incid./Base Legal INSS"": ""11 - Artigo 28, inciso I, da Lei n° 8.212/91"", ""Incid./Base Legal IRRF"": ""11 - Artigos 3º e 7º da Lei nº 7.713/88""}",2026-03-25 15:01:09.753784,,,,,,,,,,,,,,,,,,,,,,,,,,,,,,,,,,,,,,,,,,,,
341,1,341,"0 - Artigo 28, inciso I, da Lei n° 8.212/91","0 - Artigo 15, § 6º da Lei n° 8.036/90",,,,,,,,,"{""Incid./Base Legal FGTS"": ""0 - Artigo 15, § 6º da Lei n° 8.036/90"", ""Incid./Base Legal INSS"": ""0 - Artigo 28, inciso I, da Lei n° 8.212/91""}",2026-03-25 15:01:09.753784,,,,,,,,,,,,,,,,,,,,,,,,,,,,,,,,,,,,,,,,,,,,
342,1,342,314,DIF. CESTA BASICA,"1808 - Alimentação concedida sob a forma de cesta básica ou refeição, por empresa vinculada ao PAT",0,9,0,-,"0 - Artigo 28, inciso I, da Lei n° 8.212/91","9 - artigo 35, inciso I, alínea p do Decreto n° 9.580/2018",0 - Artigo 15 da Lei n° 8.036/90,"{""FGTS"": 0, ""INSS"": 0, ""IRRF"": 9, ""Analise"": ""-"", ""Rubrica"": ""DIF. CESTA BASICA"", ""Cod Rubrica"": 314, ""Cód Natureza"": ""1808 - Alimentação concedida sob a forma de cesta básica ou refeição, por empresa vinculada ao PAT"", ""Incid./Base Legal FGTS"": ""0 - Artigo 15 da Lei n° 8.036/90"", ""Incid./Base Legal INSS"": ""0 - Artigo 28, inciso I, da Lei n° 8.212/91"", ""Incid./Base Legal IRRF"": ""9 - artigo 35, inciso I, alínea p do Decreto n° 9.580/2018""}",2026-03-25 15:01:09.753784,,,,,,,,,,,,,,,,,,,,,,,,,,,,,,,,,,,,,,,,,,,,
343,1,343,315,DIF. GUELTA PAGA,1208 - Gueltas ou gorjetas - repassadas por fornecedores ou clientes,0,0,0,"Rubrica com inconsistência de INSS, IRRF e FGTS","11 - Artigo 28, inciso I, da Lei n° 8.212/91",11 - Artigos 3º e 7º da Lei nº 7.713/88,11 - Artigo 15 da Lei n° 8.036/90,"{""FGTS"": 0, ""INSS"": 0, ""IRRF"": 0, ""Analise"": ""Rubrica com inconsistência de INSS, IRRF e FGTS"", ""Rubrica"": ""DIF. GUELTA PAGA"", ""Cod Rubrica"": 315, ""Cód Natureza"": ""1208 - Gueltas ou gorjetas - repassadas por fornecedores ou clientes"", ""Incid./Base Legal FGTS"": ""11 - Artigo 15 da Lei n° 8.036/90"", ""Incid./Base Legal INSS"": ""11 - Artigo 28, inciso I, da Lei n° 8.212/91"", ""Incid./Base Legal IRRF"": ""11 - Artigos 3º e 7º da Lei nº 7.713/88""}",2026-03-25 15:01:09.753784,,,,,,,,,,,,,,,,,,,,,,,,,,,,,,,,,,,,,,,,,,,,
344,1,344,316,DIF. VALE REFEICAO ANCINE 08/14,"1806 - Alimentação em ticket ou cartão, vinculada ao PAT",0,9,0,-,"0 - Artigo 28, inciso I, da Lei n° 8.212/91","9 - artigo 35, inciso I, alínea p do Decreto n° 9.580/2018",0 - Artigo 15 da Lei n° 8.036/90,"{""FGTS"": 0, ""INSS"": 0, ""IRRF"": 9, ""Analise"": ""-"", ""Rubrica"": ""DIF. VALE REFEICAO ANCINE 08/14"", ""Cod Rubrica"": 316, ""Cód Natureza"": ""1806 - Alimentação em ticket ou cartão, vinculada ao PAT"", ""Incid./Base Legal FGTS"": ""0 - Artigo 15 da Lei n° 8.036/90"", ""Incid./Base Legal INSS"": ""0 - Artigo 28, inciso I, da Lei n° 8.212/91"", ""Incid./Base Legal IRRF"": ""9 - artigo 35, inciso I, alínea p do Decreto n° 9.580/2018""}",2026-03-25 15:01:09.753784,,,,,,,,,,,,,,,,,,,,,,,,,,,,,,,,,,,,,,,,,,,,
345,1,345,317,DIF. VALE REFEICAO TJMG 01 E 02/2015,"1806 - Alimentação em ticket ou cartão, vinculada ao PAT",0,9,0,-,"0 - Artigo 28, inciso I, da Lei n° 8.212/91","9 - artigo 35, inciso I, alínea p do Decreto n° 9.580/2018",0 - Artigo 15 da Lei n° 8.036/90,"{""FGTS"": 0, ""INSS"": 0, ""IRRF"": 9, ""Analise"": ""-"", ""Rubrica"": ""DIF. VALE REFEICAO TJMG 01 E 02/2015"", ""Cod Rubrica"": 317, ""Cód Natureza"": ""1806 - Alimentação em ticket ou cartão, vinculada ao PAT"", ""Incid./Base Legal FGTS"": ""0 - Artigo 15 da Lei n° 8.036/90"", ""Incid./Base Legal INSS"": ""0 - Artigo 28, inciso I, da Lei n° 8.212/91"", ""Incid./Base Legal IRRF"": ""9 - artigo 35, inciso I, alínea p do Decreto n° 9.580/2018""}",2026-03-25 15:01:09.753784,,,,,,,,,,,,,,,,,,,,,,,,,,,,,,,,,,,,,,,,,,,,
346,1,346,318,DIF. VENDA MOVEIS MES ANTERIOR,"1207 - Comissões, percentagens ou produção",11,11,11,-,"11 - Artigo 28, inciso I, da Lei n° 8.212/91",11 - Artigos 3º e 7º da Lei nº 7.713/88,11 - Artigo 15 da Lei n° 8.036/90,"{""FGTS"": 11, ""INSS"": 11, ""IRRF"": 11, ""Analise"": ""-"", ""Rubrica"": ""DIF. VENDA MOVEIS MES ANTERIOR"", ""Cod Rubrica"": 318, ""Cód Natureza"": ""1207 - Comissões, percentagens ou produção"", ""Incid./Base Legal FGTS"": ""11 - Artigo 15 da Lei n° 8.036/90"", ""Incid./Base Legal INSS"": ""11 - Artigo 28, inciso I, da Lei n° 8.212/91"", ""Incid./Base Legal IRRF"": ""11 - Artigos 3º e 7º da Lei nº 7.713/88""}",2026-03-25 15:01:09.753784,,,,,,,,,,,,,,,,,,,,,,,,,,,,,,,,,,,,,,,,,,,,
347,1,347,319,REEMB. CONSULTA. MEDICA,1405 - Assistência médica,0,0,0,Rubrica com inconsistência de IRRF,"0 - Artigo 28, § 9º da Lei n° 8.212/91","9 - artigo 35, inciso I, alínea p do Decreto n° 9.580/2018",0 - Artigo 15 da Lei n° 8.036/90,"{""FGTS"": 0, ""INSS"": 0, ""IRRF"": 0, ""Analise"": ""Rubrica com inconsistência de IRRF"", ""Rubrica"": ""REEMB. CONSULTA. MEDICA"", ""Cod Rubrica"": 319, ""Cód Natureza"": ""1405 - Assistência médica"", ""Incid./Base Legal FGTS"": ""0 - Artigo 15 da Lei n° 8.036/90"", ""Incid./Base Legal INSS"": ""0 - Artigo 28, § 9º da Lei n° 8.212/91"", ""Incid./Base Legal IRRF"": ""9 - artigo 35, inciso I, alínea p do Decreto n° 9.580/2018""}",2026-03-25 15:01:09.753784,,,,,,,,,,,,,,,,,,,,,,,,,,,,,,,,,,,,,,,,,,,,
348,1,348,320,SOBRE AVISO,1003 - Horas extraordinárias,11,11,11,-,"11 - Artigo 28, inciso I, da Lei n° 8.212/91",11 - Artigos 3º e 7º da Lei nº 7.713/88,11 - Artigo 15 da Lei n° 8.036/90,"{""FGTS"": 11, ""INSS"": 11, ""IRRF"": 11, ""Analise"": ""-"", ""Rubrica"": ""SOBRE AVISO"", ""Cod Rubrica"": 320, ""Cód Natureza"": ""1003 - Horas extraordinárias"", ""Incid./Base Legal FGTS"": ""11 - Artigo 15 da Lei n° 8.036/90"", ""Incid./Base Legal INSS"": ""11 - Artigo 28, inciso I, da Lei n° 8.212/91"", ""Incid./Base Legal IRRF"": ""11 - Artigos 3º e 7º da Lei nº 7.713/88""}",2026-03-25 15:01:09.753784,,,,,,,,,,,,,,,,,,,,,,,,,,,,,,,,,,,,,,,,,,,,
349,1,349,321,AUXILIO LENTE,1405 - Assistência médica,0,0,0,Rubrica com inconsistência de IRRF,"0 - Artigo 28, § 9º da Lei n° 8.212/91","9 - artigo 35, inciso I, alínea p do Decreto n° 9.580/2018",0 - Artigo 15 da Lei n° 8.036/90,"{""FGTS"": 0, ""INSS"": 0, ""IRRF"": 0, ""Analise"": ""Rubrica com inconsistência de IRRF"", ""Rubrica"": ""AUXILIO LENTE"", ""Cod Rubrica"": 321, ""Cód Natureza"": ""1405 - Assistência médica"", ""Incid./Base Legal FGTS"": ""0 - Artigo 15 da Lei n° 8.036/90"", ""Incid./Base Legal INSS"": ""0 - Artigo 28, § 9º da Lei n° 8.212/91"", ""Incid./Base Legal IRRF"": ""9 - artigo 35, inciso I, alínea p do Decreto n° 9.580/2018""}",2026-03-25 15:01:09.753784,,,,,,,,,,,,,,,,,,,,,,,,,,,,,,,,,,,,,,,,,,,,
350,1,350,322,TEMPO DE ESPERA,1003 - Horas extraordinárias,11,11,11,-,"11 - Artigo 28, inciso I, da Lei n° 8.212/91",11 - Artigos 3º e 7º da Lei nº 7.713/88,11 - Artigo 15 da Lei n° 8.036/90,"{""FGTS"": 11, ""INSS"": 11, ""IRRF"": 11, ""Analise"": ""-"", ""Rubrica"": ""TEMPO DE ESPERA"", ""Cod Rubrica"": 322, ""Cód Natureza"": ""1003 - Horas extraordinárias"", ""Incid./Base Legal FGTS"": ""11 - Artigo 15 da Lei n° 8.036/90"", ""Incid./Base Legal INSS"": ""11 - Artigo 28, inciso I, da Lei n° 8.212/91"", ""Incid./Base Legal IRRF"": ""11 - Artigos 3º e 7º da Lei nº 7.713/88""}",2026-03-25 15:01:09.753784,,,,,,,,,,,,,,,,,,,,,,,,,,,,,,,,,,,,,,,,,,,,
351,1,351,323,HORA FICTA SEAC,1006 - Intervalos intra e inter jornadas não concedidos,11,11,11,Rubrica com inconsistência de FGTS,"0 - Artigo 28, § 9º da Lei n° 8.212/91",11 - Artigos 3º e 7º da Lei nº 7.713/88; Acórdão nº 06-38308 de 25/10/2012,"0 - Artigo 15, § 6º da Lei n° 8.036/90","{""FGTS"": 11, ""INSS"": 11, ""IRRF"": 11, ""Analise"": ""Rubrica com inconsistência de FGTS"", ""Rubrica"": ""HORA FICTA SEAC"", ""Cod Rubrica"": 323, ""Cód Natureza"": ""1006 - Intervalos intra e inter jornadas não concedidos"", ""Incid./Base Legal FGTS"": ""0 - Artigo 15, § 6º da Lei n° 8.036/90"", ""Incid./Base Legal INSS"": ""0 - Artigo 28, § 9º da Lei n° 8.212/91"", ""Incid./Base Legal IRRF"": ""11 - Artigos 3º e 7º da Lei nº 7.713/88; Acórdão nº 06-38308 de 25/10/2012""}",2026-03-25 15:01:09.753784,,,,,,,,,,,,,,,,,,,,,,,,,,,,,,,,,,,,,,,,,,,,
352,1,352,11 - Solução de consulta Cosit 108/2023,,,,,,,,,,"{""Incid./Base Legal INSS"": ""11 - Solução de consulta Cosit 108/2023""}",2026-03-25 15:01:09.753784,,,,,,,,,,,,,,,,,,,,,,,,,,,,,,,,,,,,,,,,,,,,
353,1,353,324,DIF. CCT - 2018,"1000 - Salário, vencimento, soldo ou subsídio",11,11,11,-,"11 - Artigo 28, inciso I, da Lei n° 8.212/91",11 - Artigos 3º e 7º da Lei nº 7.713/88,11 - Artigo 15 da Lei n° 8.036/90,"{""FGTS"": 11, ""INSS"": 11, ""IRRF"": 11, ""Analise"": ""-"", ""Rubrica"": ""DIF. CCT - 2018"", ""Cod Rubrica"": 324, ""Cód Natureza"": ""1000 - Salário, vencimento, soldo ou subsídio"", ""Incid./Base Legal FGTS"": ""11 - Artigo 15 da Lei n° 8.036/90"", ""Incid./Base Legal INSS"": ""11 - Artigo 28, inciso I, da Lei n° 8.212/91"", ""Incid./Base Legal IRRF"": ""11 - Artigos 3º e 7º da Lei nº 7.713/88""}",2026-03-25 15:01:09.753784,,,,,,,,,,,,,,,,,,,,,,,,,,,,,,,,,,,,,,,,,,,,
354,1,354,325,HORA FICTA SEAC - MES ANT,1006 - Intervalos intra e inter jornadas não concedidos,11,11,11,Rubrica com inconsistência de FGTS,"0 - Artigo 28, § 9º da Lei n° 8.212/91",11 - Artigos 3º e 7º da Lei nº 7.713/88; Acórdão nº 06-38308 de 25/10/2012,"0 - Artigo 15, § 6º da Lei n° 8.036/90","{""FGTS"": 11, ""INSS"": 11, ""IRRF"": 11, ""Analise"": ""Rubrica com inconsistência de FGTS"", ""Rubrica"": ""HORA FICTA SEAC - MES ANT"", ""Cod Rubrica"": 325, ""Cód Natureza"": ""1006 - Intervalos intra e inter jornadas não concedidos"", ""Incid./Base Legal FGTS"": ""0 - Artigo 15, § 6º da Lei n° 8.036/90"", ""Incid./Base Legal INSS"": ""0 - Artigo 28, § 9º da Lei n° 8.212/91"", ""Incid./Base Legal IRRF"": ""11 - Artigos 3º e 7º da Lei nº 7.713/88; Acórdão nº 06-38308 de 25/10/2012""}",2026-03-25 15:01:09.753784,,,,,,,,,,,,,,,,,,,,,,,,,,,,,,,,,,,,,,,,,,,,
355,1,355,11 - Solução de consulta Cosit 108/2023,,,,,,,,,,"{""Incid./Base Legal INSS"": ""11 - Solução de consulta Cosit 108/2023""}",2026-03-25 15:01:09.753784,,,,,,,,,,,,,,,,,,,,,,,,,,,,,,,,,,,,,,,,,,,,
356,1,356,330,AJUSTE AVISO PREVIO CLAUSULA 28° CCT,2920 - Reembolsos diversos,0,0,0,Rubrica com inconsistência de IRRF,"11 - Artigo 28, inciso I, da Lei n° 8.212/91",11 - Artigos 3º e 7º da Lei nº 7.713/88,11 - Artigo 15 da Lei n° 8.036/90,"{""FGTS"": 0, ""INSS"": 0, ""IRRF"": 0, ""Analise"": ""Rubrica com inconsistência de IRRF"", ""Rubrica"": ""AJUSTE AVISO PREVIO CLAUSULA 28° CCT"", ""Cod Rubrica"": 330, ""Cód Natureza"": ""2920 - Reembolsos diversos"", ""Incid./Base Legal FGTS"": ""11 - Artigo 15 da Lei n° 8.036/90"", ""Incid./Base Legal INSS"": ""11 - Artigo 28, inciso I, da Lei n° 8.212/91"", ""Incid./Base Legal IRRF"": ""11 - Artigos 3º e 7º da Lei nº 7.713/88""}",2026-03-25 15:01:09.753784,,,,,,,,,,,,,,,,,,,,,,,,,,,,,,,,,,,,,,,,,,,,
357,1,357,"0 - Artigo 28, inciso I, da Lei n° 8.212/91","0 - Artigo 15, § 6º da Lei n° 8.036/90",,,,,,,,,"{""Incid./Base Legal FGTS"": ""0 - Artigo 15, § 6º da Lei n° 8.036/90"", ""Incid./Base Legal INSS"": ""0 - Artigo 28, inciso I, da Lei n° 8.212/91""}",2026-03-25 15:01:09.753784,,,,,,,,,,,,,,,,,,,,,,,,,,,,,,,,,,,,,,,,,,,,
358,1,358,335,AVISO PREVIO INDENIZADO,9989 - Outros valores informativos,0,9,0,-,"0 - Artigo 28, inciso I, da Lei n° 8.212/91",9 - Artigo 12-A da Lei nº 7.713/88,0 - Artigo 15 da Lei n° 8.036/90,"{""FGTS"": 0, ""INSS"": 0, ""IRRF"": 9, ""Analise"": ""-"", ""Rubrica"": ""AVISO PREVIO INDENIZADO"", ""Cod Rubrica"": 335, ""Cód Natureza"": ""9989 - Outros valores informativos"", ""Incid./Base Legal FGTS"": ""0 - Artigo 15 da Lei n° 8.036/90"", ""Incid./Base Legal INSS"": ""0 - Artigo 28, inciso I, da Lei n° 8.212/91"", ""Incid./Base Legal IRRF"": ""9 - Artigo 12-A da Lei nº 7.713/88""}",2026-03-25 15:01:09.753784,,,,,,,,,,,,,,,,,,,,,,,,,,,,,,,,,,,,,,,,,,,,
359,1,359,337,D.S.R. S/VARIAVEIS,1002 - Descanso semanal remunerado - DSR,11,11,11,-,"11 - Artigo 28, inciso I, da Lei n° 8.212/91",11 - Artigos 3º e 7º da Lei nº 7.713/88,11 - Artigo 15 da Lei n° 8.036/90,"{""FGTS"": 11, ""INSS"": 11, ""IRRF"": 11, ""Analise"": ""-"", ""Rubrica"": ""D.S.R. S/VARIAVEIS"", ""Cod Rubrica"": 337, ""Cód Natureza"": ""1002 - Descanso semanal remunerado - DSR"", ""Incid./Base Legal FGTS"": ""11 - Artigo 15 da Lei n° 8.036/90"", ""Incid./Base Legal INSS"": ""11 - Artigo 28, inciso I, da Lei n° 8.212/91"", ""Incid./Base Legal IRRF"": ""11 - Artigos 3º e 7º da Lei nº 7.713/88""}",2026-03-25 15:01:09.753784,,,,,,,,,,,,,,,,,,,,,,,,,,,,,,,,,,,,,,,,,,,,
360,1,360,338,D.S.R. SOBRE HORAS EXTRAS / AD. NOTURNO,1002 - Descanso semanal remunerado - DSR,11,11,11,-,"11 - Artigo 28, inciso I, da Lei n° 8.212/91",11 - Artigos 3º e 7º da Lei nº 7.713/88,11 - Artigo 15 da Lei n° 8.036/90,"{""FGTS"": 11, ""INSS"": 11, ""IRRF"": 11, ""Analise"": ""-"", ""Rubrica"": ""D.S.R. SOBRE HORAS EXTRAS / AD. NOTURNO"", ""Cod Rubrica"": 338, ""Cód Natureza"": ""1002 - Descanso semanal remunerado - DSR"", ""Incid./Base Legal FGTS"": ""11 - Artigo 15 da Lei n° 8.036/90"", ""Incid./Base Legal INSS"": ""11 - Artigo 28, inciso I, da Lei n° 8.212/91"", ""Incid./Base Legal IRRF"": ""11 - Artigos 3º e 7º da Lei nº 7.713/88""}",2026-03-25 15:01:09.753784,,,,,,,,,,,,,,,,,,,,,,,,,,,,,,,,,,,,,,,,,,,,
361,1,361,339,DEVOLUCAO FALTAS / DSR,1002 - Descanso semanal remunerado - DSR,11,11,11,-,"11 - Artigo 28, inciso I, da Lei n° 8.212/91",11 - Artigos 3º e 7º da Lei nº 7.713/88,11 - Artigo 15 da Lei n° 8.036/90,"{""FGTS"": 11, ""INSS"": 11, ""IRRF"": 11, ""Analise"": ""-"", ""Rubrica"": ""DEVOLUCAO FALTAS / DSR"", ""Cod Rubrica"": 339, ""Cód Natureza"": ""1002 - Descanso semanal remunerado - DSR"", ""Incid./Base Legal FGTS"": ""11 - Artigo 15 da Lei n° 8.036/90"", ""Incid./Base Legal INSS"": ""11 - Artigo 28, inciso I, da Lei n° 8.212/91"", ""Incid./Base Legal IRRF"": ""11 - Artigos 3º e 7º da Lei nº 7.713/88""}",2026-03-25 15:01:09.753784,,,,,,,,,,,,,,,,,,,,,,,,,,,,,,,,,,,,,,,,,,,,
362,1,362,340,DIF. ADICIONAL NOTURNO,1205 - Adicional noturno,11,11,11,-,"11 - Artigo 28, inciso I, da Lei n° 8.212/91",11 - Artigos 3º e 7º da Lei nº 7.713/88,11 - Artigo 15 da Lei n° 8.036/90,"{""FGTS"": 11, ""INSS"": 11, ""IRRF"": 11, ""Analise"": ""-"", ""Rubrica"": ""DIF. ADICIONAL NOTURNO"", ""Cod Rubrica"": 340, ""Cód Natureza"": ""1205 - Adicional noturno"", ""Incid./Base Legal FGTS"": ""11 - Artigo 15 da Lei n° 8.036/90"", ""Incid./Base Legal INSS"": ""11 - Artigo 28, inciso I, da Lei n° 8.212/91"", ""Incid./Base Legal IRRF"": ""11 - Artigos 3º e 7º da Lei nº 7.713/88""}",2026-03-25 15:01:09.753784,,,,,,,,,,,,,,,,,,,,,,,,,,,,,,,,,,,,,,,,,,,,
363,1,363,341,DIF. CCT/2019,"1000 - Salário, vencimento, soldo ou subsídio",11,11,11,-,"11 - Artigo 28, inciso I, da Lei n° 8.212/91",11 - Artigos 3º e 7º da Lei nº 7.713/88,11 - Artigo 15 da Lei n° 8.036/90,"{""FGTS"": 11, ""INSS"": 11, ""IRRF"": 11, ""Analise"": ""-"", ""Rubrica"": ""DIF. CCT/2019"", ""Cod Rubrica"": 341, ""Cód Natureza"": ""1000 - Salário, vencimento, soldo ou subsídio"", ""Incid./Base Legal FGTS"": ""11 - Artigo 15 da Lei n° 8.036/90"", ""Incid./Base Legal INSS"": ""11 - Artigo 28, inciso I, da Lei n° 8.212/91"", ""Incid./Base Legal IRRF"": ""11 - Artigos 3º e 7º da Lei nº 7.713/88""}",2026-03-25 15:01:09.753784,,,,,,,,,,,,,,,,,,,,,,,,,,,,,,,,,,,,,,,,,,,,
364,1,364,342,DIF. CESTA BASICA CCT,2920 - Reembolsos diversos,0,0,0,Rubrica com inconsistência de IRRF,"11 - Artigo 28, inciso I, da Lei n° 8.212/91",11 - Artigos 3º e 7º da Lei nº 7.713/88,11 - Artigo 15 da Lei n° 8.036/90,"{""FGTS"": 0, ""INSS"": 0, ""IRRF"": 0, ""Analise"": ""Rubrica com inconsistência de IRRF"", ""Rubrica"": ""DIF. CESTA BASICA CCT"", ""Cod Rubrica"": 342, ""Cód Natureza"": ""2920 - Reembolsos diversos"", ""Incid./Base Legal FGTS"": ""11 - Artigo 15 da Lei n° 8.036/90"", ""Incid./Base Legal INSS"": ""11 - Artigo 28, inciso I, da Lei n° 8.212/91"", ""Incid./Base Legal IRRF"": ""11 - Artigos 3º e 7º da Lei nº 7.713/88""}",2026-03-25 15:01:09.753784,,,,,,,,,,,,,,,,,,,,,,,,,,,,,,,,,,,,,,,,,,,,
365,1,365,"0 - Artigo 28, inciso I, da Lei n° 8.212/91","0 - Artigo 15, § 6º da Lei n° 8.036/90",,,,,,,,,"{""Incid./Base Legal FGTS"": ""0 - Artigo 15, § 6º da Lei n° 8.036/90"", ""Incid./Base Legal INSS"": ""0 - Artigo 28, inciso I, da Lei n° 8.212/91""}",2026-03-25 15:01:09.753784,,,,,,,,,,,,,,,,,,,,,,,,,,,,,,,,,,,,,,,,,,,,
366,1,366,343,DIF. VALE REFEICAO CCT,"1806 - Alimentação em ticket ou cartão, vinculada ao PAT",0,9,0,-,"0 - Artigo 28, inciso I, da Lei n° 8.212/91","9 - artigo 35, inciso I, alínea p do Decreto n° 9.580/2018",0 - Artigo 15 da Lei n° 8.036/90,"{""FGTS"": 0, ""INSS"": 0, ""IRRF"": 9, ""Analise"": ""-"", ""Rubrica"": ""DIF. VALE REFEICAO CCT"", ""Cod Rubrica"": 343, ""Cód Natureza"": ""1806 - Alimentação em ticket ou cartão, vinculada ao PAT"", ""Incid./Base Legal FGTS"": ""0 - Artigo 15 da Lei n° 8.036/90"", ""Incid./Base Legal INSS"": ""0 - Artigo 28, inciso I, da Lei n° 8.212/91"", ""Incid./Base Legal IRRF"": ""9 - artigo 35, inciso I, alínea p do Decreto n° 9.580/2018""}",2026-03-25 15:01:09.753784,,,,,,,,,,,,,,,,,,,,,,,,,,,,,,,,,,,,,,,,,,,,
367,1,367,344,DIFERENCA DE DISSIDIO 07 2012,1099 - Outras verbas salariais/remuneratórias,11,11,11,-,"11 - Artigo 28, inciso I, da Lei n° 8.212/91",11 - Artigos 3º e 7º da Lei nº 7.713/88,"11 - Artigo 15, § 6º da Lei n° 8.036/90","{""FGTS"": 11, ""INSS"": 11, ""IRRF"": 11, ""Analise"": ""-"", ""Rubrica"": ""DIFERENCA DE DISSIDIO 07 2012"", ""Cod Rubrica"": 344, ""Cód Natureza"": ""1099 - Outras verbas salariais/remuneratórias"", ""Incid./Base Legal FGTS"": ""11 - Artigo 15, § 6º da Lei n° 8.036/90"", ""Incid./Base Legal INSS"": ""11 - Artigo 28, inciso I, da Lei n° 8.212/91"", ""Incid./Base Legal IRRF"": ""11 - Artigos 3º e 7º da Lei nº 7.713/88""}",2026-03-25 15:01:09.753784,,,,,,,,,,,,,,,,,,,,,,,,,,,,,,,,,,,,,,,,,,,,
368,1,368,345,DIFERENCA DE DISSIDIO 08 2012,1099 - Outras verbas salariais/remuneratórias,11,11,11,-,"11 - Artigo 28, inciso I, da Lei n° 8.212/91",11 - Artigos 3º e 7º da Lei nº 7.713/88,"11 - Artigo 15, § 6º da Lei n° 8.036/90","{""FGTS"": 11, ""INSS"": 11, ""IRRF"": 11, ""Analise"": ""-"", ""Rubrica"": ""DIFERENCA DE DISSIDIO 08 2012"", ""Cod Rubrica"": 345, ""Cód Natureza"": ""1099 - Outras verbas salariais/remuneratórias"", ""Incid./Base Legal FGTS"": ""11 - Artigo 15, § 6º da Lei n° 8.036/90"", ""Incid./Base Legal INSS"": ""11 - Artigo 28, inciso I, da Lei n° 8.212/91"", ""Incid./Base Legal IRRF"": ""11 - Artigos 3º e 7º da Lei nº 7.713/88""}",2026-03-25 15:01:09.753784,,,,,,,,,,,,,,,,,,,,,,,,,,,,,,,,,,,,,,,,,,,,
369,1,369,346,DIFERENCA DE SALARIO,"1000 - Salário, vencimento, soldo ou subsídio",11,11,11,-,"11 - Artigo 28, inciso I, da Lei n° 8.212/91",11 - Artigos 3º e 7º da Lei nº 7.713/88,11 - Artigo 15 da Lei n° 8.036/90,"{""FGTS"": 11, ""INSS"": 11, ""IRRF"": 11, ""Analise"": ""-"", ""Rubrica"": ""DIFERENCA DE SALARIO"", ""Cod Rubrica"": 346, ""Cód Natureza"": ""1000 - Salário, vencimento, soldo ou subsídio"", ""Incid./Base Legal FGTS"": ""11 - Artigo 15 da Lei n° 8.036/90"", ""Incid./Base Legal INSS"": ""11 - Artigo 28, inciso I, da Lei n° 8.212/91"", ""Incid./Base Legal IRRF"": ""11 - Artigos 3º e 7º da Lei nº 7.713/88""}",2026-03-25 15:01:09.753784,,,,,,,,,,,,,,,,,,,,,,,,,,,,,,,,,,,,,,,,,,,,
370,1,370,347,FERIAS VENCIDAS INDENIZADAS (Rescisao),6007 - Férias vencidas na rescisão,0,9,0,Rubrica com inconsistência de IRRF,"0 - Artigo 28, § 9º da Lei n° 8.212/91","74 - Artigo 6º, inciso V da Lei nº 7.713/88; artigo 682 do Decreto nº 9.580/2018; ADI SRF 14/2005","0 - Artigo 15, § 6º da Lei n° 8.036/90","{""FGTS"": 0, ""INSS"": 0, ""IRRF"": 9, ""Analise"": ""Rubrica com inconsistência de IRRF"", ""Rubrica"": ""FERIAS VENCIDAS INDENIZADAS (Rescisao)"", ""Cod Rubrica"": 347, ""Cód Natureza"": ""6007 - Férias vencidas na rescisão"", ""Incid./Base Legal FGTS"": ""0 - Artigo 15, § 6º da Lei n° 8.036/90"", ""Incid./Base Legal INSS"": ""0 - Artigo 28, § 9º da Lei n° 8.212/91"", ""Incid./Base Legal IRRF"": ""74 - Artigo 6º, inciso V da Lei nº 7.713/88; artigo 682 do Decreto nº 9.580/2018; ADI SRF 14/2005""}",2026-03-25 15:01:09.753784,,,,,,,,,,,,,,,,,,,,,,,,,,,,,,,,,,,,,,,,,,,,
371,1,371,348,1/3 FERIAS VENCIDAS INDENIZADAS (Rescisao),6007 - Férias vencidas na rescisão,0,9,0,Rubrica com inconsistência de IRRF,"0 - Artigo 28, § 9º da Lei n° 8.212/91","74 - Artigo 6º, inciso V da Lei nº 7.713/88; artigo 682 do Decreto nº 9.580/2018; ADI SRF 14/2005","0 - Artigo 15, § 6º da Lei n° 8.036/90","{""FGTS"": 0, ""INSS"": 0, ""IRRF"": 9, ""Analise"": ""Rubrica com inconsistência de IRRF"", ""Rubrica"": ""1/3 FERIAS VENCIDAS INDENIZADAS (Rescisao)"", ""Cod Rubrica"": 348, ""Cód Natureza"": ""6007 - Férias vencidas na rescisão"", ""Incid./Base Legal FGTS"": ""0 - Artigo 15, § 6º da Lei n° 8.036/90"", ""Incid./Base Legal INSS"": ""0 - Artigo 28, § 9º da Lei n° 8.212/91"", ""Incid./Base Legal IRRF"": ""74 - Artigo 6º, inciso V da Lei nº 7.713/88; artigo 682 do Decreto nº 9.580/2018; ADI SRF 14/2005""}",2026-03-25 15:01:09.753784,,,,,,,,,,,,,,,,,,,,,,,,,,,,,,,,,,,,,,,,,,,,
372,1,372,349,AVISO PREVIO INDENIZADO (Lei 12506),6003 - Indenização compensatória do aviso-prévio,0,9,21,Rubrica com inconsistência de IRRF,"0 - Artigo 28, § 9º da Lei n° 8.212/91","74 - Artigo 6º, inciso V da Lei nº 7.713/88",21 - Artigo 15 da Lei n° 8.036/90 e Súmula 305 do TST,"{""FGTS"": 21, ""INSS"": 0, ""IRRF"": 9, ""Analise"": ""Rubrica com inconsistência de IRRF"", ""Rubrica"": ""AVISO PREVIO INDENIZADO (Lei 12506)"", ""Cod Rubrica"": 349, ""Cód Natureza"": ""6003 - Indenização compensatória do aviso-prévio"", ""Incid./Base Legal FGTS"": ""21 - Artigo 15 da Lei n° 8.036/90 e Súmula 305 do TST"", ""Incid./Base Legal INSS"": ""0 - Artigo 28, § 9º da Lei n° 8.212/91"", ""Incid./Base Legal IRRF"": ""74 - Artigo 6º, inciso V da Lei nº 7.713/88""}",2026-03-25 15:01:09.753784,,,,,,,,,,,,,,,,,,,,,,,,,,,,,,,,,,,,,,,,,,,,
373,1,373,350,FERIAS NORMAIS (Ferias),1016 - Férias - Gozadas,11,13,11,-,"11 - Artigo 28, inciso I, da Lei n° 8.212/91",13 - Artigos 3º e 7º da Lei nº 7.713/88,11 - Artigo 15 da Lei n° 8.036/90,"{""FGTS"": 11, ""INSS"": 11, ""IRRF"": 13, ""Analise"": ""-"", ""Rubrica"": ""FERIAS NORMAIS (Ferias)"", ""Cod Rubrica"": 350, ""Cód Natureza"": ""1016 - Férias - Gozadas"", ""Incid./Base Legal FGTS"": ""11 - Artigo 15 da Lei n° 8.036/90"", ""Incid./Base Legal INSS"": ""11 - Artigo 28, inciso I, da Lei n° 8.212/91"", ""Incid./Base Legal IRRF"": ""13 - Artigos 3º e 7º da Lei nº 7.713/88""}",2026-03-25 15:01:09.753784,,,,,,,,,,,,,,,,,,,,,,,,,,,,,,,,,,,,,,,,,,,,
375,1,375,351,1/3 FERIAS NORMAIS (Ferias),1017 - Férias - Gozadas,11,13,11,-,"11 - Artigo 28, inciso I, da Lei n° 8.212/91",13 - Artigos 3º e 7º da Lei nº 7.713/88,11 - http://www.planalto.gov.br/ccivil_03/leis/l7713.htm,"{""FGTS"": 11, ""INSS"": 11, ""IRRF"": 13, ""Analise"": ""-"", ""Rubrica"": ""1/3 FERIAS NORMAIS (Ferias)"", ""Cod Rubrica"": 351, ""Cód Natureza"": ""1017 - Férias - Gozadas"", ""Incid./Base Legal FGTS"": ""11 - http://www.planalto.gov.br/ccivil_03/leis/l7713.htm"", ""Incid./Base Legal INSS"": ""11 - Artigo 28, inciso I, da Lei n° 8.212/91"", ""Incid./Base Legal IRRF"": ""13 - Artigos 3º e 7º da Lei nº 7.713/88""}",2026-03-25 15:01:09.753784,,,,,,,,,,,,,,,,,,,,,,,,,,,,,,,,,,,,,,,,,,,,
376,1,376,9 - valor do pagamento informar no 1015,,,,,,,,,,"{""Incid./Base Legal IRRF"": ""9 - valor do pagamento informar no 1015""}",2026-03-25 15:01:09.753784,,,,,,,,,,,,,,,,,,,,,,,,,,,,,,,,,,,,,,,,,,,,
377,1,377,352,ADIC. PERICULOSIDADE S/FERIAS NORMAIS,1020 - Férias - Gozadas,11,13,11,-,"11 - Artigo 28, inciso I, da Lei n° 8.212/91",13 - Artigos 3º e 7º da Lei nº 7.713/88,11 - Artigo 15 da Lei n° 8.036/90,"{""FGTS"": 11, ""INSS"": 11, ""IRRF"": 13, ""Analise"": ""-"", ""Rubrica"": ""ADIC. PERICULOSIDADE S/FERIAS NORMAIS"", ""Cod Rubrica"": 352, ""Cód Natureza"": ""1020 - Férias - Gozadas"", ""Incid./Base Legal FGTS"": ""11 - Artigo 15 da Lei n° 8.036/90"", ""Incid./Base Legal INSS"": ""11 - Artigo 28, inciso I, da Lei n° 8.212/91"", ""Incid./Base Legal IRRF"": ""13 - Artigos 3º e 7º da Lei nº 7.713/88""}",2026-03-25 15:01:09.753784,,,,,,,,,,,,,,,,,,,,,,,,,,,,,,,,,,,,,,,,,,,,
378,1,378,"0 - Artigo 28, inciso I, da Lei n° 8.212/91",0 - Artigo 15 da Lei n° 8.036/90,,,,,,,,,"{""Incid./Base Legal FGTS"": ""0 - Artigo 15 da Lei n° 8.036/90"", ""Incid./Base Legal INSS"": ""0 - Artigo 28, inciso I, da Lei n° 8.212/91""}",2026-03-25 15:01:09.753784,,,,,,,,,,,,,,,,,,,,,,,,,,,,,,,,,,,,,,,,,,,,
379,1,379,353,AVISO PREVIO INDENIZADO,6003 - Indenização compensatória do aviso-prévio,0,0,21,Rubrica com inconsistência de IRRF,"0 - Artigo 28, § 9º da Lei n° 8.212/91","74 - Artigo 6º, inciso V da Lei nº 7.713/88",21 - Artigo 15 da Lei n° 8.036/90 e Súmula 305 do TST,"{""FGTS"": 21, ""INSS"": 0, ""IRRF"": 0, ""Analise"": ""Rubrica com inconsistência de IRRF"", ""Rubrica"": ""AVISO PREVIO INDENIZADO"", ""Cod Rubrica"": 353, ""Cód Natureza"": ""6003 - Indenização compensatória do aviso-prévio"", ""Incid./Base Legal FGTS"": ""21 - Artigo 15 da Lei n° 8.036/90 e Súmula 305 do TST"", ""Incid./Base Legal INSS"": ""0 - Artigo 28, § 9º da Lei n° 8.212/91"", ""Incid./Base Legal IRRF"": ""74 - Artigo 6º, inciso V da Lei nº 7.713/88""}",2026-03-25 15:01:09.753784,,,,,,,,,,,,,,,,,,,,,,,,,,,,,,,,,,,,,,,,,,,,
380,1,380,354,MEDIAS S/AVISO PREVIO INDENIZADO,6003 - Indenização compensatória do aviso-prévio,0,0,21,Rubrica com inconsistência de IRRF,"0 - Artigo 28, § 9º da Lei n° 8.212/91","74 - Artigo 6º, inciso V da Lei nº 7.713/88",21 - Artigo 15 da Lei n° 8.036/90 e Súmula 305 do TST,"{""FGTS"": 21, ""INSS"": 0, ""IRRF"": 0, ""Analise"": ""Rubrica com inconsistência de IRRF"", ""Rubrica"": ""MEDIAS S/AVISO PREVIO INDENIZADO"", ""Cod Rubrica"": 354, ""Cód Natureza"": ""6003 - Indenização compensatória do aviso-prévio"", ""Incid./Base Legal FGTS"": ""21 - Artigo 15 da Lei n° 8.036/90 e Súmula 305 do TST"", ""Incid./Base Legal INSS"": ""0 - Artigo 28, § 9º da Lei n° 8.212/91"", ""Incid./Base Legal IRRF"": ""74 - Artigo 6º, inciso V da Lei nº 7.713/88""}",2026-03-25 15:01:09.753784,,,,,,,,,,,,,,,,,,,,,,,,,,,,,,,,,,,,,,,,,,,,
381,1,381,355,ADIC. FERIAS TEMP,6006 - Férias proporcionais,0,13,0,Rubrica com inconsistência de IRRF,"0 - Artigo 28, § 9º da Lei n° 8.212/91","74 - Artigo 6º, inciso V da Lei nº 7.713/88; artigo 682 do Decreto nº 9.580/2018; ADI SRF 14/2005","0 - Artigo 15, § 6º da Lei n° 8.036/90","{""FGTS"": 0, ""INSS"": 0, ""IRRF"": 13, ""Analise"": ""Rubrica com inconsistência de IRRF"", ""Rubrica"": ""ADIC. FERIAS TEMP"", ""Cod Rubrica"": 355, ""Cód Natureza"": ""6006 - Férias proporcionais"", ""Incid./Base Legal FGTS"": ""0 - Artigo 15, § 6º da Lei n° 8.036/90"", ""Incid./Base Legal INSS"": ""0 - Artigo 28, § 9º da Lei n° 8.212/91"", ""Incid./Base Legal IRRF"": ""74 - Artigo 6º, inciso V da Lei nº 7.713/88; artigo 682 do Decreto nº 9.580/2018; ADI SRF 14/2005""}",2026-03-25 15:01:09.753784,,,,,,,,,,,,,,,,,,,,,,,,,,,,,,,,,,,,,,,,,,,,
382,1,382,356,BOLSA AUXILIO (ESTAGIARIO),1350 - Bolsa de estudo - estagiário,0,11,0,-,"0 - Artigo 28, § 9º da Lei n° 8.212/91",11 - Artigos 3º e 7º da Lei nº 7.713/88,"0 - Artigo 15, § 6º da Lei n° 8.036/90","{""FGTS"": 0, ""INSS"": 0, ""IRRF"": 11, ""Analise"": ""-"", ""Rubrica"": ""BOLSA AUXILIO (ESTAGIARIO)"", ""Cod Rubrica"": 356, ""Cód Natureza"": ""1350 - Bolsa de estudo - estagiário"", ""Incid./Base Legal FGTS"": ""0 - Artigo 15, § 6º da Lei n° 8.036/90"", ""Incid./Base Legal INSS"": ""0 - Artigo 28, § 9º da Lei n° 8.212/91"", ""Incid./Base Legal IRRF"": ""11 - Artigos 3º e 7º da Lei nº 7.713/88""}",2026-03-25 15:01:09.753784,,,,,,,,,,,,,,,,,,,,,,,,,,,,,,,,,,,,,,,,,,,,
383,1,383,357,FERIAS PROPORCIONAIS (Rescisao),6006 - Férias proporcionais,0,9,0,Rubrica com inconsistência de IRRF,"0 - Artigo 28, § 9º da Lei n° 8.212/91","74 - Artigo 6º, inciso V da Lei nº 7.713/88; artigo 682 do Decreto nº 9.580/2018; ADI SRF 14/2005","0 - Artigo 15, § 6º da Lei n° 8.036/90","{""FGTS"": 0, ""INSS"": 0, ""IRRF"": 9, ""Analise"": ""Rubrica com inconsistência de IRRF"", ""Rubrica"": ""FERIAS PROPORCIONAIS (Rescisao)"", ""Cod Rubrica"": 357, ""Cód Natureza"": ""6006 - Férias proporcionais"", ""Incid./Base Legal FGTS"": ""0 - Artigo 15, § 6º da Lei n° 8.036/90"", ""Incid./Base Legal INSS"": ""0 - Artigo 28, § 9º da Lei n° 8.212/91"", ""Incid./Base Legal IRRF"": ""74 - Artigo 6º, inciso V da Lei nº 7.713/88; artigo 682 do Decreto nº 9.580/2018; ADI SRF 14/2005""}",2026-03-25 15:01:09.753784,,,,,,,,,,,,,,,,,,,,,,,,,,,,,,,,,,,,,,,,,,,,
384,1,384,358,1/3 FERIAS PROPORCIONAIS (Rescisao),6006 - Férias proporcionais,0,9,0,Rubrica com inconsistência de IRRF,"0 - Artigo 28, § 9º da Lei n° 8.212/91","74 - Artigo 6º, inciso V da Lei nº 7.713/88; artigo 682 do Decreto nº 9.580/2018; ADI SRF 14/2005","0 - Artigo 15, § 6º da Lei n° 8.036/90","{""FGTS"": 0, ""INSS"": 0, ""IRRF"": 9, ""Analise"": ""Rubrica com inconsistência de IRRF"", ""Rubrica"": ""1/3 FERIAS PROPORCIONAIS (Rescisao)"", ""Cod Rubrica"": 358, ""Cód Natureza"": ""6006 - Férias proporcionais"", ""Incid./Base Legal FGTS"": ""0 - Artigo 15, § 6º da Lei n° 8.036/90"", ""Incid./Base Legal INSS"": ""0 - Artigo 28, § 9º da Lei n° 8.212/91"", ""Incid./Base Legal IRRF"": ""74 - Artigo 6º, inciso V da Lei nº 7.713/88; artigo 682 do Decreto nº 9.580/2018; ADI SRF 14/2005""}",2026-03-25 15:01:09.753784,,,,,,,,,,,,,,,,,,,,,,,,,,,,,,,,,,,,,,,,,,,,
385,1,385,359,ADIC. FERIAS INDENIZADAS (Rescisao),6007 - Férias vencidas na rescisão,0,9,0,Rubrica com inconsistência de IRRF,"0 - Artigo 28, § 9º da Lei n° 8.212/91","74 - Artigo 6º, inciso V da Lei nº 7.713/88; artigo 682 do Decreto nº 9.580/2018; ADI SRF 14/2005","0 - Artigo 15, § 6º da Lei n° 8.036/90","{""FGTS"": 0, ""INSS"": 0, ""IRRF"": 9, ""Analise"": ""Rubrica com inconsistência de IRRF"", ""Rubrica"": ""ADIC. FERIAS INDENIZADAS (Rescisao)"", ""Cod Rubrica"": 359, ""Cód Natureza"": ""6007 - Férias vencidas na rescisão"", ""Incid./Base Legal FGTS"": ""0 - Artigo 15, § 6º da Lei n° 8.036/90"", ""Incid./Base Legal INSS"": ""0 - Artigo 28, § 9º da Lei n° 8.212/91"", ""Incid./Base Legal IRRF"": ""74 - Artigo 6º, inciso V da Lei nº 7.713/88; artigo 682 do Decreto nº 9.580/2018; ADI SRF 14/2005""}",2026-03-25 15:01:09.753784,,,,,,,,,,,,,,,,,,,,,,,,,,,,,,,,,,,,,,,,,,,,
386,1,386,360,1/3 ADIC. FERIAS INDENIZADAS (Rescisao),6007 - Férias vencidas na rescisão,0,9,0,Rubrica com inconsistência de IRRF,"0 - Artigo 28, § 9º da Lei n° 8.212/91","74 - Artigo 6º, inciso V da Lei nº 7.713/88; artigo 682 do Decreto nº 9.580/2018; ADI SRF 14/2005","0 - Artigo 15, § 6º da Lei n° 8.036/90","{""FGTS"": 0, ""INSS"": 0, ""IRRF"": 9, ""Analise"": ""Rubrica com inconsistência de IRRF"", ""Rubrica"": ""1/3 ADIC. FERIAS INDENIZADAS (Rescisao)"", ""Cod Rubrica"": 360, ""Cód Natureza"": ""6007 - Férias vencidas na rescisão"", ""Incid./Base Legal FGTS"": ""0 - Artigo 15, § 6º da Lei n° 8.036/90"", ""Incid./Base Legal INSS"": ""0 - Artigo 28, § 9º da Lei n° 8.212/91"", ""Incid./Base Legal IRRF"": ""74 - Artigo 6º, inciso V da Lei nº 7.713/88; artigo 682 do Decreto nº 9.580/2018; ADI SRF 14/2005""}",2026-03-25 15:01:09.753784,,,,,,,,,,,,,,,,,,,,,,,,,,,,,,,,,,,,,,,,,,,,
387,1,387,361,ADIC. FERIAS S/AVISO PREVIO,6007 - Férias vencidas na rescisão,0,13,0,Rubrica com inconsistência de IRRF,"0 - Artigo 28, § 9º da Lei n° 8.212/91","74 - Artigo 6º, inciso V da Lei nº 7.713/88; artigo 682 do Decreto nº 9.580/2018; ADI SRF 14/2005","0 - Artigo 15, § 6º da Lei n° 8.036/90","{""FGTS"": 0, ""INSS"": 0, ""IRRF"": 13, ""Analise"": ""Rubrica com inconsistência de IRRF"", ""Rubrica"": ""ADIC. FERIAS S/AVISO PREVIO"", ""Cod Rubrica"": 361, ""Cód Natureza"": ""6007 - Férias vencidas na rescisão"", ""Incid./Base Legal FGTS"": ""0 - Artigo 15, § 6º da Lei n° 8.036/90"", ""Incid./Base Legal INSS"": ""0 - Artigo 28, § 9º da Lei n° 8.212/91"", ""Incid./Base Legal IRRF"": ""74 - Artigo 6º, inciso V da Lei nº 7.713/88; artigo 682 do Decreto nº 9.580/2018; ADI SRF 14/2005""}",2026-03-25 15:01:09.753784,,,,,,,,,,,,,,,,,,,,,,,,,,,,,,,,,,,,,,,,,,,,
388,1,388,362,ADIC. INSALUBRIDADE S/FERIAS NORMAIS,1020 - Férias - Gozadas,11,13,11,-,"11 - Artigo 28, inciso I, da Lei n° 8.212/91",13 - Artigos 3º e 7º da Lei nº 7.713/88,11 - Artigo 15 da Lei n° 8.036/90,"{""FGTS"": 11, ""INSS"": 11, ""IRRF"": 13, ""Analise"": ""-"", ""Rubrica"": ""ADIC. INSALUBRIDADE S/FERIAS NORMAIS"", ""Cod Rubrica"": 362, ""Cód Natureza"": ""1020 - Férias - Gozadas"", ""Incid./Base Legal FGTS"": ""11 - Artigo 15 da Lei n° 8.036/90"", ""Incid./Base Legal INSS"": ""11 - Artigo 28, inciso I, da Lei n° 8.212/91"", ""Incid./Base Legal IRRF"": ""13 - Artigos 3º e 7º da Lei nº 7.713/88""}",2026-03-25 15:01:09.753784,,,,,,,,,,,,,,,,,,,,,,,,,,,,,,,,,,,,,,,,,,,,
389,1,389,"0 - Artigo 28, inciso I, da Lei n° 8.212/91",0 - Artigo 15 da Lei n° 8.036/90,,,,,,,,,"{""Incid./Base Legal FGTS"": ""0 - Artigo 15 da Lei n° 8.036/90"", ""Incid./Base Legal INSS"": ""0 - Artigo 28, inciso I, da Lei n° 8.212/91""}",2026-03-25 15:01:09.753784,,,,,,,,,,,,,,,,,,,,,,,,,,,,,,,,,,,,,,,,,,,,
390,1,390,363,EMPRESTIMO SALDO NEGATIVO,2930 - Insuficiência de saldo,0,0,0,Rubrica com inconsistência de IRRF,0 - Sem previsão legal.,9 - Sem previsão legal.,0 - Sem previsão legal.,"{""FGTS"": 0, ""INSS"": 0, ""IRRF"": 0, ""Analise"": ""Rubrica com inconsistência de IRRF"", ""Rubrica"": ""EMPRESTIMO SALDO NEGATIVO"", ""Cod Rubrica"": 363, ""Cód Natureza"": ""2930 - Insuficiência de saldo"", ""Incid./Base Legal FGTS"": ""0 - Sem previsão legal."", ""Incid./Base Legal INSS"": ""0 - Sem previsão legal."", ""Incid./Base Legal IRRF"": ""9 - Sem previsão legal.""}",2026-03-25 15:01:09.753784,,,,,,,,,,,,,,,,,,,,,,,,,,,,,,,,,,,,,,,,,,,,
391,1,391,364,ADIC. PERICULOSIDADE FERIAS INDENIZADAS,6007 - Férias vencidas na rescisão,11,11,11,"Rubrica com inconsistência de INSS, IRRF e FGTS","0 - Artigo 28, § 9º da Lei n° 8.212/91","74 - Artigo 6º, inciso V da Lei nº 7.713/88; artigo 682 do Decreto nº 9.580/2018; ADI SRF 14/2005","0 - Artigo 15, § 6º da Lei n° 8.036/90","{""FGTS"": 11, ""INSS"": 11, ""IRRF"": 11, ""Analise"": ""Rubrica com inconsistência de INSS, IRRF e FGTS"", ""Rubrica"": ""ADIC. PERICULOSIDADE FERIAS INDENIZADAS"", ""Cod Rubrica"": 364, ""Cód Natureza"": ""6007 - Férias vencidas na rescisão"", ""Incid./Base Legal FGTS"": ""0 - Artigo 15, § 6º da Lei n° 8.036/90"", ""Incid./Base Legal INSS"": ""0 - Artigo 28, § 9º da Lei n° 8.212/91"", ""Incid./Base Legal IRRF"": ""74 - Artigo 6º, inciso V da Lei nº 7.713/88; artigo 682 do Decreto nº 9.580/2018; ADI SRF 14/2005""}",2026-03-25 15:01:09.753784,,,,,,,,,,,,,,,,,,,,,,,,,,,,,,,,,,,,,,,,,,,,
392,1,392,365,ABONO APOSENTADORIA,1299 - Outros adicionais,0,0,0,"Rubrica com inconsistência de INSS, IRRF e FGTS","11 - Artigo 28, inciso I, da Lei n° 8.212/91",11 - Artigos 3º e 7º da Lei nº 7.713/88,11 - Artigo 15 da Lei n° 8.036/90,"{""FGTS"": 0, ""INSS"": 0, ""IRRF"": 0, ""Analise"": ""Rubrica com inconsistência de INSS, IRRF e FGTS"", ""Rubrica"": ""ABONO APOSENTADORIA"", ""Cod Rubrica"": 365, ""Cód Natureza"": ""1299 - Outros adicionais"", ""Incid./Base Legal FGTS"": ""11 - Artigo 15 da Lei n° 8.036/90"", ""Incid./Base Legal INSS"": ""11 - Artigo 28, inciso I, da Lei n° 8.212/91"", ""Incid./Base Legal IRRF"": ""11 - Artigos 3º e 7º da Lei nº 7.713/88""}",2026-03-25 15:01:09.753784,,,,,,,,,,,,,,,,,,,,,,,,,,,,,,,,,,,,,,,,,,,,
393,1,393,366,DEVOL. I.N.S.S.- FOLHA,1623 - Ressarcimento de provisão,0,9,0,-,"0 - Artigo 28, inciso I, da Lei n° 8.212/91","9 - artigo 35, inciso I, alínea p do Decreto n° 9.580/2018",0 - Artigo 15 da Lei n° 8.036/90,"{""FGTS"": 0, ""INSS"": 0, ""IRRF"": 9, ""Analise"": ""-"", ""Rubrica"": ""DEVOL. I.N.S.S.- FOLHA"", ""Cod Rubrica"": 366, ""Cód Natureza"": ""1623 - Ressarcimento de provisão"", ""Incid./Base Legal FGTS"": ""0 - Artigo 15 da Lei n° 8.036/90"", ""Incid./Base Legal INSS"": ""0 - Artigo 28, inciso I, da Lei n° 8.212/91"", ""Incid./Base Legal IRRF"": ""9 - artigo 35, inciso I, alínea p do Decreto n° 9.580/2018""}",2026-03-25 15:01:09.753784,,,,,,,,,,,,,,,,,,,,,,,,,,,,,,,,,,,,,,,,,,,,
394,1,394,367,13º SALARIO PROP. S/AVISO PREVIO (Lei 12506),6001 - 13º salário relativo ao aviso-prévio indenizado,12,12,21,Rubrica com inconsistência de IRRF,"12 - Artigo 28, inciso I, da Lei n° 8.212/91","74 - 1.500/2014 (art. 7º, inciso III)",21 - Artigo 15 da Lei n° 8.036/90,"{""FGTS"": 21, ""INSS"": 12, ""IRRF"": 12, ""Analise"": ""Rubrica com inconsistência de IRRF"", ""Rubrica"": ""13º SALARIO PROP. S/AVISO PREVIO (Lei 12506)"", ""Cod Rubrica"": 367, ""Cód Natureza"": ""6001 - 13º salário relativo ao aviso-prévio indenizado"", ""Incid./Base Legal FGTS"": ""21 - Artigo 15 da Lei n° 8.036/90"", ""Incid./Base Legal INSS"": ""12 - Artigo 28, inciso I, da Lei n° 8.212/91"", ""Incid./Base Legal IRRF"": ""74 - 1.500/2014 (art. 7º, inciso III)""}",2026-03-25 15:01:09.753784,,,,,,,,,,,,,,,,,,,,,,,,,,,,,,,,,,,,,,,,,,,,
395,1,395,368,FERIAS S/AVISO PREVIO INDENIZADO (Lei 12506),6007 - Férias vencidas na rescisão,0,9,0,Rubrica com inconsistência de IRRF,"0 - Artigo 28, § 9º da Lei n° 8.212/91","74 - Artigo 6º, inciso V da Lei nº 7.713/88; artigo 682 do Decreto nº 9.580/2018; ADI SRF 14/2005","0 - Artigo 15, § 6º da Lei n° 8.036/90","{""FGTS"": 0, ""INSS"": 0, ""IRRF"": 9, ""Analise"": ""Rubrica com inconsistência de IRRF"", ""Rubrica"": ""FERIAS S/AVISO PREVIO INDENIZADO (Lei 12506)"", ""Cod Rubrica"": 368, ""Cód Natureza"": ""6007 - Férias vencidas na rescisão"", ""Incid./Base Legal FGTS"": ""0 - Artigo 15, § 6º da Lei n° 8.036/90"", ""Incid./Base Legal INSS"": ""0 - Artigo 28, § 9º da Lei n° 8.212/91"", ""Incid./Base Legal IRRF"": ""74 - Artigo 6º, inciso V da Lei nº 7.713/88; artigo 682 do Decreto nº 9.580/2018; ADI SRF 14/2005""}",2026-03-25 15:01:09.753784,,,,,,,,,,,,,,,,,,,,,,,,,,,,,,,,,,,,,,,,,,,,
406,1,406,381,ADIC. INSALUBRIDADE S/13º SALARIO,5001 - 13º salário,12,12,12,-,"12 - Artigo 28, inciso I, da Lei n° 8.212/91",12 - Artigos 3º e 7º da Lei nº 7.713/88,12 - Artigo 15 da Lei n° 8.036/90,"{""FGTS"": 12, ""INSS"": 12, ""IRRF"": 12, ""Analise"": ""-"", ""Rubrica"": ""ADIC. INSALUBRIDADE S/13º SALARIO"", ""Cod Rubrica"": 381, ""Cód Natureza"": ""5001 - 13º salário"", ""Incid./Base Legal FGTS"": ""12 - Artigo 15 da Lei n° 8.036/90"", ""Incid./Base Legal INSS"": ""12 - Artigo 28, inciso I, da Lei n° 8.212/91"", ""Incid./Base Legal IRRF"": ""12 - Artigos 3º e 7º da Lei nº 7.713/88""}",2026-03-25 15:01:09.753784,,,,,,,,,,,,,,,,,,,,,,,,,,,,,,,,,,,,,,,,,,,,
396,1,396,369,1/3 FERIAS S/AVISO PREVIO INDENIZADO (Lei 12506),6007 - Férias vencidas na rescisão,0,9,0,Rubrica com inconsistência de IRRF,"0 - Artigo 28, § 9º da Lei n° 8.212/91","74 - Artigo 6º, inciso V da Lei nº 7.713/88; artigo 682 do Decreto nº 9.580/2018; ADI SRF 14/2005","0 - Artigo 15, § 6º da Lei n° 8.036/90","{""FGTS"": 0, ""INSS"": 0, ""IRRF"": 9, ""Analise"": ""Rubrica com inconsistência de IRRF"", ""Rubrica"": ""1/3 FERIAS S/AVISO PREVIO INDENIZADO (Lei 12506)"", ""Cod Rubrica"": 369, ""Cód Natureza"": ""6007 - Férias vencidas na rescisão"", ""Incid./Base Legal FGTS"": ""0 - Artigo 15, § 6º da Lei n° 8.036/90"", ""Incid./Base Legal INSS"": ""0 - Artigo 28, § 9º da Lei n° 8.212/91"", ""Incid./Base Legal IRRF"": ""74 - Artigo 6º, inciso V da Lei nº 7.713/88; artigo 682 do Decreto nº 9.580/2018; ADI SRF 14/2005""}",2026-03-25 15:01:09.753784,,,,,,,,,,,,,,,,,,,,,,,,,,,,,,,,,,,,,,,,,,,,
397,1,397,370,13º SALARIO INDENIZADO,6002 - 13° salário proporcional na rescisão,12,12,12,-,"12 - Artigo 28, inciso I, da Lei n° 8.212/91",12 - Artigos 3º e 7º da Lei nº 7.713/88,12 - Artigo 15 da Lei n° 8.036/90,"{""FGTS"": 12, ""INSS"": 12, ""IRRF"": 12, ""Analise"": ""-"", ""Rubrica"": ""13º SALARIO INDENIZADO"", ""Cod Rubrica"": 370, ""Cód Natureza"": ""6002 - 13° salário proporcional na rescisão"", ""Incid./Base Legal FGTS"": ""12 - Artigo 15 da Lei n° 8.036/90"", ""Incid./Base Legal INSS"": ""12 - Artigo 28, inciso I, da Lei n° 8.212/91"", ""Incid./Base Legal IRRF"": ""12 - Artigos 3º e 7º da Lei nº 7.713/88""}",2026-03-25 15:01:09.753784,,,,,,,,,,,,,,,,,,,,,,,,,,,,,,,,,,,,,,,,,,,,
398,1,398,371,13º SALARIO PROP. S/AVISO PREVIO,6001 - 13º salário relativo ao aviso-prévio indenizado,12,12,21,Rubrica com inconsistência de IRRF,"12 - Artigo 28, inciso I, da Lei n° 8.212/91","74 - 1.500/2014 (art. 7º, inciso III)",21 - Artigo 15 da Lei n° 8.036/90,"{""FGTS"": 21, ""INSS"": 12, ""IRRF"": 12, ""Analise"": ""Rubrica com inconsistência de IRRF"", ""Rubrica"": ""13º SALARIO PROP. S/AVISO PREVIO"", ""Cod Rubrica"": 371, ""Cód Natureza"": ""6001 - 13º salário relativo ao aviso-prévio indenizado"", ""Incid./Base Legal FGTS"": ""21 - Artigo 15 da Lei n° 8.036/90"", ""Incid./Base Legal INSS"": ""12 - Artigo 28, inciso I, da Lei n° 8.212/91"", ""Incid./Base Legal IRRF"": ""74 - 1.500/2014 (art. 7º, inciso III)""}",2026-03-25 15:01:09.753784,,,,,,,,,,,,,,,,,,,,,,,,,,,,,,,,,,,,,,,,,,,,
399,1,399,372,FERIAS S/AVISO PREVIO INDENIZADO,6006 - Férias proporcionais,0,9,0,Rubrica com inconsistência de IRRF,"0 - Artigo 28, § 9º da Lei n° 8.212/91","74 - Artigo 6º, inciso V da Lei nº 7.713/88; artigo 682 do Decreto nº 9.580/2018; ADI SRF 14/2005","0 - Artigo 15, § 6º da Lei n° 8.036/90","{""FGTS"": 0, ""INSS"": 0, ""IRRF"": 9, ""Analise"": ""Rubrica com inconsistência de IRRF"", ""Rubrica"": ""FERIAS S/AVISO PREVIO INDENIZADO"", ""Cod Rubrica"": 372, ""Cód Natureza"": ""6006 - Férias proporcionais"", ""Incid./Base Legal FGTS"": ""0 - Artigo 15, § 6º da Lei n° 8.036/90"", ""Incid./Base Legal INSS"": ""0 - Artigo 28, § 9º da Lei n° 8.212/91"", ""Incid./Base Legal IRRF"": ""74 - Artigo 6º, inciso V da Lei nº 7.713/88; artigo 682 do Decreto nº 9.580/2018; ADI SRF 14/2005""}",2026-03-25 15:01:09.753784,,,,,,,,,,,,,,,,,,,,,,,,,,,,,,,,,,,,,,,,,,,,
400,1,400,373,1/3 FERIAS S/AVISO PREVIO INDENIZADO,6006 - Férias proporcionais,0,9,0,Rubrica com inconsistência de IRRF,"0 - Artigo 28, § 9º da Lei n° 8.212/91","74 - Artigo 6º, inciso V da Lei nº 7.713/88; artigo 682 do Decreto nº 9.580/2018; ADI SRF 14/2005","0 - Artigo 15, § 6º da Lei n° 8.036/90","{""FGTS"": 0, ""INSS"": 0, ""IRRF"": 9, ""Analise"": ""Rubrica com inconsistência de IRRF"", ""Rubrica"": ""1/3 FERIAS S/AVISO PREVIO INDENIZADO"", ""Cod Rubrica"": 373, ""Cód Natureza"": ""6006 - Férias proporcionais"", ""Incid./Base Legal FGTS"": ""0 - Artigo 15, § 6º da Lei n° 8.036/90"", ""Incid./Base Legal INSS"": ""0 - Artigo 28, § 9º da Lei n° 8.212/91"", ""Incid./Base Legal IRRF"": ""74 - Artigo 6º, inciso V da Lei nº 7.713/88; artigo 682 do Decreto nº 9.580/2018; ADI SRF 14/2005""}",2026-03-25 15:01:09.753784,,,,,,,,,,,,,,,,,,,,,,,,,,,,,,,,,,,,,,,,,,,,
401,1,401,374,1/3 ADIC. FERIAS S/AVISO PREVIO,6006 - Férias proporcionais,0,9,0,Rubrica com inconsistência de IRRF,"0 - Artigo 28, § 9º da Lei n° 8.212/91","74 - Artigo 6º, inciso V da Lei nº 7.713/88; artigo 682 do Decreto nº 9.580/2018; ADI SRF 14/2005","0 - Artigo 15, § 6º da Lei n° 8.036/90","{""FGTS"": 0, ""INSS"": 0, ""IRRF"": 9, ""Analise"": ""Rubrica com inconsistência de IRRF"", ""Rubrica"": ""1/3 ADIC. FERIAS S/AVISO PREVIO"", ""Cod Rubrica"": 374, ""Cód Natureza"": ""6006 - Férias proporcionais"", ""Incid./Base Legal FGTS"": ""0 - Artigo 15, § 6º da Lei n° 8.036/90"", ""Incid./Base Legal INSS"": ""0 - Artigo 28, § 9º da Lei n° 8.212/91"", ""Incid./Base Legal IRRF"": ""74 - Artigo 6º, inciso V da Lei nº 7.713/88; artigo 682 do Decreto nº 9.580/2018; ADI SRF 14/2005""}",2026-03-25 15:01:09.753784,,,,,,,,,,,,,,,,,,,,,,,,,,,,,,,,,,,,,,,,,,,,
402,1,402,375,ADIC. 13º SALARIO S/AVISO PREVIO,6001 - 13º salário relativo ao aviso-prévio indenizado,12,12,21,Rubrica com inconsistência de IRRF,"12 - Artigo 28, inciso I, da Lei n° 8.212/91","74 - 1.500/2014 (art. 7º, inciso III)",21 - Artigo 15 da Lei n° 8.036/90,"{""FGTS"": 21, ""INSS"": 12, ""IRRF"": 12, ""Analise"": ""Rubrica com inconsistência de IRRF"", ""Rubrica"": ""ADIC. 13º SALARIO S/AVISO PREVIO"", ""Cod Rubrica"": 375, ""Cód Natureza"": ""6001 - 13º salário relativo ao aviso-prévio indenizado"", ""Incid./Base Legal FGTS"": ""21 - Artigo 15 da Lei n° 8.036/90"", ""Incid./Base Legal INSS"": ""12 - Artigo 28, inciso I, da Lei n° 8.212/91"", ""Incid./Base Legal IRRF"": ""74 - 1.500/2014 (art. 7º, inciso III)""}",2026-03-25 15:01:09.753784,,,,,,,,,,,,,,,,,,,,,,,,,,,,,,,,,,,,,,,,,,,,
403,1,403,377,PREMIO TEMPO DE SERVICO MES ANTERIOR,1206 - Adicional por tempo de serviço,11,11,11,-,"11 - Artigo 28, inciso I, da Lei n° 8.212/91",11 - Artigos 3º e 7º da Lei nº 7.713/88,11 - Artigo 15 da Lei n° 8.036/90,"{""FGTS"": 11, ""INSS"": 11, ""IRRF"": 11, ""Analise"": ""-"", ""Rubrica"": ""PREMIO TEMPO DE SERVICO MES ANTERIOR"", ""Cod Rubrica"": 377, ""Cód Natureza"": ""1206 - Adicional por tempo de serviço"", ""Incid./Base Legal FGTS"": ""11 - Artigo 15 da Lei n° 8.036/90"", ""Incid./Base Legal INSS"": ""11 - Artigo 28, inciso I, da Lei n° 8.212/91"", ""Incid./Base Legal IRRF"": ""11 - Artigos 3º e 7º da Lei nº 7.713/88""}",2026-03-25 15:01:09.753784,,,,,,,,,,,,,,,,,,,,,,,,,,,,,,,,,,,,,,,,,,,,
404,1,404,379,REEMB VALE REFEICAO/ ALIMENTACAO,"1806 - Alimentação em ticket ou cartão, vinculada ao PAT",0,9,0,-,"0 - Artigo 28, inciso I, da Lei n° 8.212/91","9 - artigo 35, inciso I, alínea p do Decreto n° 9.580/2018",0 - Artigo 15 da Lei n° 8.036/90,"{""FGTS"": 0, ""INSS"": 0, ""IRRF"": 9, ""Analise"": ""-"", ""Rubrica"": ""REEMB VALE REFEICAO/ ALIMENTACAO"", ""Cod Rubrica"": 379, ""Cód Natureza"": ""1806 - Alimentação em ticket ou cartão, vinculada ao PAT"", ""Incid./Base Legal FGTS"": ""0 - Artigo 15 da Lei n° 8.036/90"", ""Incid./Base Legal INSS"": ""0 - Artigo 28, inciso I, da Lei n° 8.212/91"", ""Incid./Base Legal IRRF"": ""9 - artigo 35, inciso I, alínea p do Decreto n° 9.580/2018""}",2026-03-25 15:01:09.753784,,,,,,,,,,,,,,,,,,,,,,,,,,,,,,,,,,,,,,,,,,,,
405,1,405,380,SALDO DE SALARIOS.,6000 - Saldo de salários na rescisão contratual,11,11,11,-,"11 - Artigo 28, inciso I, da Lei n° 8.212/91",11 - Artigos 3º e 7º da Lei nº 7.713/88,11 - Artigo 15 da Lei n° 8.036/90,"{""FGTS"": 11, ""INSS"": 11, ""IRRF"": 11, ""Analise"": ""-"", ""Rubrica"": ""SALDO DE SALARIOS."", ""Cod Rubrica"": 380, ""Cód Natureza"": ""6000 - Saldo de salários na rescisão contratual"", ""Incid./Base Legal FGTS"": ""11 - Artigo 15 da Lei n° 8.036/90"", ""Incid./Base Legal INSS"": ""11 - Artigo 28, inciso I, da Lei n° 8.212/91"", ""Incid./Base Legal IRRF"": ""11 - Artigos 3º e 7º da Lei nº 7.713/88""}",2026-03-25 15:01:09.753784,,,,,,,,,,,,,,,,,,,,,,,,,,,,,,,,,,,,,,,,,,,,
407,1,407,382,BOLSA AUXILIO (ESTAGIARIO),1350 - Bolsa de estudo - estagiário,0,11,0,-,"0 - Artigo 28, § 9º da Lei n° 8.212/91",11 - Artigos 3º e 7º da Lei nº 7.713/88,"0 - Artigo 15, § 6º da Lei n° 8.036/90","{""FGTS"": 0, ""INSS"": 0, ""IRRF"": 11, ""Analise"": ""-"", ""Rubrica"": ""BOLSA AUXILIO (ESTAGIARIO)"", ""Cod Rubrica"": 382, ""Cód Natureza"": ""1350 - Bolsa de estudo - estagiário"", ""Incid./Base Legal FGTS"": ""0 - Artigo 15, § 6º da Lei n° 8.036/90"", ""Incid./Base Legal INSS"": ""0 - Artigo 28, § 9º da Lei n° 8.212/91"", ""Incid./Base Legal IRRF"": ""11 - Artigos 3º e 7º da Lei nº 7.713/88""}",2026-03-25 15:01:09.753784,,,,,,,,,,,,,,,,,,,,,,,,,,,,,,,,,,,,,,,,,,,,
408,1,408,383,Diferenca Dissidio 2014,1099 - Outras verbas salariais/remuneratórias,11,11,11,-,"11 - Artigo 28, inciso I, da Lei n° 8.212/91",11 - Artigos 3º e 7º da Lei nº 7.713/88,"11 - Artigo 15, § 6º da Lei n° 8.036/90","{""FGTS"": 11, ""INSS"": 11, ""IRRF"": 11, ""Analise"": ""-"", ""Rubrica"": ""Diferenca Dissidio 2014"", ""Cod Rubrica"": 383, ""Cód Natureza"": ""1099 - Outras verbas salariais/remuneratórias"", ""Incid./Base Legal FGTS"": ""11 - Artigo 15, § 6º da Lei n° 8.036/90"", ""Incid./Base Legal INSS"": ""11 - Artigo 28, inciso I, da Lei n° 8.212/91"", ""Incid./Base Legal IRRF"": ""11 - Artigos 3º e 7º da Lei nº 7.713/88""}",2026-03-25 15:01:09.753784,,,,,,,,,,,,,,,,,,,,,,,,,,,,,,,,,,,,,,,,,,,,
409,1,409,384,EMPRESTIMO FOLHA,2930 - Insuficiência de saldo,0,0,0,Rubrica com inconsistência de IRRF,0 - Sem previsão legal.,9 - Sem previsão legal.,0 - Sem previsão legal.,"{""FGTS"": 0, ""INSS"": 0, ""IRRF"": 0, ""Analise"": ""Rubrica com inconsistência de IRRF"", ""Rubrica"": ""EMPRESTIMO FOLHA"", ""Cod Rubrica"": 384, ""Cód Natureza"": ""2930 - Insuficiência de saldo"", ""Incid./Base Legal FGTS"": ""0 - Sem previsão legal."", ""Incid./Base Legal INSS"": ""0 - Sem previsão legal."", ""Incid./Base Legal IRRF"": ""9 - Sem previsão legal.""}",2026-03-25 15:01:09.753784,,,,,,,,,,,,,,,,,,,,,,,,,,,,,,,,,,,,,,,,,,,,
410,1,410,387,FERIAS VENCIDAS INDENIZ.,6007 - Férias vencidas na rescisão,0,13,0,Rubrica com inconsistência de IRRF,"0 - Artigo 28, § 9º da Lei n° 8.212/91","74 - Artigo 6º, inciso V da Lei nº 7.713/88; artigo 682 do Decreto nº 9.580/2018; ADI SRF 14/2005","0 - Artigo 15, § 6º da Lei n° 8.036/90","{""FGTS"": 0, ""INSS"": 0, ""IRRF"": 13, ""Analise"": ""Rubrica com inconsistência de IRRF"", ""Rubrica"": ""FERIAS VENCIDAS INDENIZ."", ""Cod Rubrica"": 387, ""Cód Natureza"": ""6007 - Férias vencidas na rescisão"", ""Incid./Base Legal FGTS"": ""0 - Artigo 15, § 6º da Lei n° 8.036/90"", ""Incid./Base Legal INSS"": ""0 - Artigo 28, § 9º da Lei n° 8.212/91"", ""Incid./Base Legal IRRF"": ""74 - Artigo 6º, inciso V da Lei nº 7.713/88; artigo 682 do Decreto nº 9.580/2018; ADI SRF 14/2005""}",2026-03-25 15:01:09.753784,,,,,,,,,,,,,,,,,,,,,,,,,,,,,,,,,,,,,,,,,,,,
411,1,411,389,HORA EXTRA NOTURNA,1003 - Horas extraordinárias,11,11,11,-,"11 - Artigo 28, inciso I, da Lei n° 8.212/91",11 - Artigos 3º e 7º da Lei nº 7.713/88,11 - Artigo 15 da Lei n° 8.036/90,"{""FGTS"": 11, ""INSS"": 11, ""IRRF"": 11, ""Analise"": ""-"", ""Rubrica"": ""HORA EXTRA NOTURNA"", ""Cod Rubrica"": 389, ""Cód Natureza"": ""1003 - Horas extraordinárias"", ""Incid./Base Legal FGTS"": ""11 - Artigo 15 da Lei n° 8.036/90"", ""Incid./Base Legal INSS"": ""11 - Artigo 28, inciso I, da Lei n° 8.212/91"", ""Incid./Base Legal IRRF"": ""11 - Artigos 3º e 7º da Lei nº 7.713/88""}",2026-03-25 15:01:09.753784,,,,,,,,,,,,,,,,,,,,,,,,,,,,,,,,,,,,,,,,,,,,
412,1,412,390,SALARIO MATERNIDADE,4050 - Salário maternidade,21,11,11,-,"21 - Artigo 28, inciso I, da Lei n° 8.212/91",11 - Artigos 3º e 7º da Lei nº 7.713/88,11 - Artigo 15 da Lei n° 8.036/90,"{""FGTS"": 11, ""INSS"": 21, ""IRRF"": 11, ""Analise"": ""-"", ""Rubrica"": ""SALARIO MATERNIDADE"", ""Cod Rubrica"": 390, ""Cód Natureza"": ""4050 - Salário maternidade"", ""Incid./Base Legal FGTS"": ""11 - Artigo 15 da Lei n° 8.036/90"", ""Incid./Base Legal INSS"": ""21 - Artigo 28, inciso I, da Lei n° 8.212/91"", ""Incid./Base Legal IRRF"": ""11 - Artigos 3º e 7º da Lei nº 7.713/88""}",2026-03-25 15:01:09.753784,,,,,,,,,,,,,,,,,,,,,,,,,,,,,,,,,,,,,,,,,,,,
413,1,413,15 - IN 2185/2024,,,,,,,,,,"{""Incid./Base Legal INSS"": ""15 - IN 2185/2024""}",2026-03-25 15:01:09.753784,,,,,,,,,,,,,,,,,,,,,,,,,,,,,,,,,,,,,,,,,,,,
414,1,414,391,SALARIO MATERNIDADE (antigo),9930 - Salário-maternidade pago pela Previdência Social,21,11,11,Rubrica com inconsistência de INSS e IRRF,"0 - Artigo 28, § 9º da Lei n° 8.212/91",9 - Artigo 48 da Lei nº 8.541/92,0 - Artigo 15 da Lei n° 8.036/90,"{""FGTS"": 11, ""INSS"": 21, ""IRRF"": 11, ""Analise"": ""Rubrica com inconsistência de INSS e IRRF"", ""Rubrica"": ""SALARIO MATERNIDADE (antigo)"", ""Cod Rubrica"": 391, ""Cód Natureza"": ""9930 - Salário-maternidade pago pela Previdência Social"", ""Incid./Base Legal FGTS"": ""0 - Artigo 15 da Lei n° 8.036/90"", ""Incid./Base Legal INSS"": ""0 - Artigo 28, § 9º da Lei n° 8.212/91"", ""Incid./Base Legal IRRF"": ""9 - Artigo 48 da Lei nº 8.541/92""}",2026-03-25 15:01:09.753784,,,,,,,,,,,,,,,,,,,,,,,,,,,,,,,,,,,,,,,,,,,,
415,1,415,"25 - Artigo 28, inciso I, da Lei n° 8.212/91",11 - Artigo 15 da Lei n° 8.036/90,,,,,,,,,"{""Incid./Base Legal FGTS"": ""11 - Artigo 15 da Lei n° 8.036/90"", ""Incid./Base Legal INSS"": ""25 - Artigo 28, inciso I, da Lei n° 8.212/91""}",2026-03-25 15:01:09.753784,,,,,,,,,,,,,,,,,,,,,,,,,,,,,,,,,,,,,,,,,,,,
416,1,416,392,HORAS INTERJORN 50%,1003 - Horas extraordinárias,11,11,11,-,"11 - Artigo 28, inciso I, da Lei n° 8.212/91",11 - Artigos 3º e 7º da Lei nº 7.713/88,11 - Artigo 15 da Lei n° 8.036/90,"{""FGTS"": 11, ""INSS"": 11, ""IRRF"": 11, ""Analise"": ""-"", ""Rubrica"": ""HORAS INTERJORN 50%"", ""Cod Rubrica"": 392, ""Cód Natureza"": ""1003 - Horas extraordinárias"", ""Incid./Base Legal FGTS"": ""11 - Artigo 15 da Lei n° 8.036/90"", ""Incid./Base Legal INSS"": ""11 - Artigo 28, inciso I, da Lei n° 8.212/91"", ""Incid./Base Legal IRRF"": ""11 - Artigos 3º e 7º da Lei nº 7.713/88""}",2026-03-25 15:01:09.753784,,,,,,,,,,,,,,,,,,,,,,,,,,,,,,,,,,,,,,,,,,,,
417,1,417,393,F.G.T.S. S/AVISO PREVIO (Rescisao),9908 - FGTS - depósito,0,0,0,Rubrica com inconsistência de IRRF,"0 - Artigo 28, § 9º da Lei n° 8.212/91",9 - Artigo 7º da Lei nº 8.134/90,"0 - Artigo 15, § 6º da Lei n° 8.036/90","{""FGTS"": 0, ""INSS"": 0, ""IRRF"": 0, ""Analise"": ""Rubrica com inconsistência de IRRF"", ""Rubrica"": ""F.G.T.S. S/AVISO PREVIO (Rescisao)"", ""Cod Rubrica"": 393, ""Cód Natureza"": ""9908 - FGTS - depósito"", ""Incid./Base Legal FGTS"": ""0 - Artigo 15, § 6º da Lei n° 8.036/90"", ""Incid./Base Legal INSS"": ""0 - Artigo 28, § 9º da Lei n° 8.212/91"", ""Incid./Base Legal IRRF"": ""9 - Artigo 7º da Lei nº 8.134/90""}",2026-03-25 15:01:09.753784,,,,,,,,,,,,,,,,,,,,,,,,,,,,,,,,,,,,,,,,,,,,
418,1,418,394,DESC. PROGAM.QUALIFI.PROFISSIONAL - PQM,9232 - Contribuição Sindical - Assistencial,0,0,0,Rubrica com inconsistência de IRRF,"0 - Artigo 28, § 9º da Lei n° 8.212/91",9 - Artigo 4º da Lei nº 9.250/95,0 - Artigo 15 da Lei n° 8.036/90,"{""FGTS"": 0, ""INSS"": 0, ""IRRF"": 0, ""Analise"": ""Rubrica com inconsistência de IRRF"", ""Rubrica"": ""DESC. PROGAM.QUALIFI.PROFISSIONAL - PQM"", ""Cod Rubrica"": 394, ""Cód Natureza"": ""9232 - Contribuição Sindical - Assistencial"", ""Incid./Base Legal FGTS"": ""0 - Artigo 15 da Lei n° 8.036/90"", ""Incid./Base Legal INSS"": ""0 - Artigo 28, § 9º da Lei n° 8.212/91"", ""Incid./Base Legal IRRF"": ""9 - Artigo 4º da Lei nº 9.250/95""}",2026-03-25 15:01:09.753784,,,,,,,,,,,,,,,,,,,,,,,,,,,,,,,,,,,,,,,,,,,,
433,1,433,"0 - Artigo 28, inciso I, da Lei n° 8.212/91",0 - Artigo 15 da Lei n° 8.036/90,,,,,,,,,"{""Incid./Base Legal FGTS"": ""0 - Artigo 15 da Lei n° 8.036/90"", ""Incid./Base Legal INSS"": ""0 - Artigo 28, inciso I, da Lei n° 8.212/91""}",2026-03-25 15:01:09.753784,,,,,,,,,,,,,,,,,,,,,,,,,,,,,,,,,,,,,,,,,,,,
419,1,419,395,DIF - DIA DO RODOVIARIO,1210 - Gratificação por acordo ou convenção coletiva,11,11,11,-,"11 - Artigo 28, inciso I, da Lei n° 8.212/91",11 - Artigos 3º e 7º da Lei nº 7.713/88,11 - Artigo 15 da Lei n° 8.036/90,"{""FGTS"": 11, ""INSS"": 11, ""IRRF"": 11, ""Analise"": ""-"", ""Rubrica"": ""DIF - DIA DO RODOVIARIO"", ""Cod Rubrica"": 395, ""Cód Natureza"": ""1210 - Gratificação por acordo ou convenção coletiva"", ""Incid./Base Legal FGTS"": ""11 - Artigo 15 da Lei n° 8.036/90"", ""Incid./Base Legal INSS"": ""11 - Artigo 28, inciso I, da Lei n° 8.212/91"", ""Incid./Base Legal IRRF"": ""11 - Artigos 3º e 7º da Lei nº 7.713/88""}",2026-03-25 15:01:09.753784,,,,,,,,,,,,,,,,,,,,,,,,,,,,,,,,,,,,,,,,,,,,
420,1,420,396,DEVOL. I.N.S.S. - 13º SALARIO,1623 - Ressarcimento de provisão,0,11,0,Rubrica com inconsistência de IRRF,"0 - Artigo 28, inciso I, da Lei n° 8.212/91","9 - artigo 35, inciso I, alínea p do Decreto n° 9.580/2018",0 - Artigo 15 da Lei n° 8.036/90,"{""FGTS"": 0, ""INSS"": 0, ""IRRF"": 11, ""Analise"": ""Rubrica com inconsistência de IRRF"", ""Rubrica"": ""DEVOL. I.N.S.S. - 13º SALARIO"", ""Cod Rubrica"": 396, ""Cód Natureza"": ""1623 - Ressarcimento de provisão"", ""Incid./Base Legal FGTS"": ""0 - Artigo 15 da Lei n° 8.036/90"", ""Incid./Base Legal INSS"": ""0 - Artigo 28, inciso I, da Lei n° 8.212/91"", ""Incid./Base Legal IRRF"": ""9 - artigo 35, inciso I, alínea p do Decreto n° 9.580/2018""}",2026-03-25 15:01:09.753784,,,,,,,,,,,,,,,,,,,,,,,,,,,,,,,,,,,,,,,,,,,,
421,1,421,397,DIF - DESP DE VIAGENS,2920 - Reembolsos diversos,0,0,0,Rubrica com inconsistência de IRRF,"11 - Artigo 28, inciso I, da Lei n° 8.212/91",11 - Artigos 3º e 7º da Lei nº 7.713/88,11 - Artigo 15 da Lei n° 8.036/90,"{""FGTS"": 0, ""INSS"": 0, ""IRRF"": 0, ""Analise"": ""Rubrica com inconsistência de IRRF"", ""Rubrica"": ""DIF - DESP DE VIAGENS"", ""Cod Rubrica"": 397, ""Cód Natureza"": ""2920 - Reembolsos diversos"", ""Incid./Base Legal FGTS"": ""11 - Artigo 15 da Lei n° 8.036/90"", ""Incid./Base Legal INSS"": ""11 - Artigo 28, inciso I, da Lei n° 8.212/91"", ""Incid./Base Legal IRRF"": ""11 - Artigos 3º e 7º da Lei nº 7.713/88""}",2026-03-25 15:01:09.753784,,,,,,,,,,,,,,,,,,,,,,,,,,,,,,,,,,,,,,,,,,,,
422,1,422,"0 - Artigo 28, inciso I, da Lei n° 8.212/91","0 - Artigo 15, § 6º da Lei n° 8.036/90",,,,,,,,,"{""Incid./Base Legal FGTS"": ""0 - Artigo 15, § 6º da Lei n° 8.036/90"", ""Incid./Base Legal INSS"": ""0 - Artigo 28, inciso I, da Lei n° 8.212/91""}",2026-03-25 15:01:09.753784,,,,,,,,,,,,,,,,,,,,,,,,,,,,,,,,,,,,,,,,,,,,
423,1,423,398,DIF-DESC. AJUSTE DESP DE VIAGENS,9299 - Outros descontos,0,0,0,Rubrica com inconsistência de IRRF,"0 - Artigo 28, § 9º da Lei n° 8.212/91",9 - Artigos 3º e 7º da Lei nº 7.713/88,"0 - Artigo 15, § 6º da Lei n° 8.036/90","{""FGTS"": 0, ""INSS"": 0, ""IRRF"": 0, ""Analise"": ""Rubrica com inconsistência de IRRF"", ""Rubrica"": ""DIF-DESC. AJUSTE DESP DE VIAGENS"", ""Cod Rubrica"": 398, ""Cód Natureza"": ""9299 - Outros descontos"", ""Incid./Base Legal FGTS"": ""0 - Artigo 15, § 6º da Lei n° 8.036/90"", ""Incid./Base Legal INSS"": ""0 - Artigo 28, § 9º da Lei n° 8.212/91"", ""Incid./Base Legal IRRF"": ""9 - Artigos 3º e 7º da Lei nº 7.713/88""}",2026-03-25 15:01:09.753784,,,,,,,,,,,,,,,,,,,,,,,,,,,,,,,,,,,,,,,,,,,,
424,1,424,399,1/3 FERIAS NORMAIS (Ferias),1020 - Férias - Gozadas,11,13,11,-,"11 - Artigo 28, inciso I, da Lei n° 8.212/91",13 - Artigos 3º e 7º da Lei nº 7.713/88,11 - Artigo 15 da Lei n° 8.036/90,"{""FGTS"": 11, ""INSS"": 11, ""IRRF"": 13, ""Analise"": ""-"", ""Rubrica"": ""1/3 FERIAS NORMAIS (Ferias)"", ""Cod Rubrica"": 399, ""Cód Natureza"": ""1020 - Férias - Gozadas"", ""Incid./Base Legal FGTS"": ""11 - Artigo 15 da Lei n° 8.036/90"", ""Incid./Base Legal INSS"": ""11 - Artigo 28, inciso I, da Lei n° 8.212/91"", ""Incid./Base Legal IRRF"": ""13 - Artigos 3º e 7º da Lei nº 7.713/88""}",2026-03-25 15:01:09.753784,,,,,,,,,,,,,,,,,,,,,,,,,,,,,,,,,,,,,,,,,,,,
425,1,425,"0 - Artigo 28, inciso I, da Lei n° 8.212/91",0 - Artigo 15 da Lei n° 8.036/90,,,,,,,,,"{""Incid./Base Legal FGTS"": ""0 - Artigo 15 da Lei n° 8.036/90"", ""Incid./Base Legal INSS"": ""0 - Artigo 28, inciso I, da Lei n° 8.212/91""}",2026-03-25 15:01:09.753784,,,,,,,,,,,,,,,,,,,,,,,,,,,,,,,,,,,,,,,,,,,,
426,1,426,400,COMPLEMENTO FERIAS,1020 - Férias - Gozadas,11,13,11,-,"11 - Artigo 28, inciso I, da Lei n° 8.212/91",13 - Artigos 3º e 7º da Lei nº 7.713/88,11 - Artigo 15 da Lei n° 8.036/90,"{""FGTS"": 11, ""INSS"": 11, ""IRRF"": 13, ""Analise"": ""-"", ""Rubrica"": ""COMPLEMENTO FERIAS"", ""Cod Rubrica"": 400, ""Cód Natureza"": ""1020 - Férias - Gozadas"", ""Incid./Base Legal FGTS"": ""11 - Artigo 15 da Lei n° 8.036/90"", ""Incid./Base Legal INSS"": ""11 - Artigo 28, inciso I, da Lei n° 8.212/91"", ""Incid./Base Legal IRRF"": ""13 - Artigos 3º e 7º da Lei nº 7.713/88""}",2026-03-25 15:01:09.753784,,,,,,,,,,,,,,,,,,,,,,,,,,,,,,,,,,,,,,,,,,,,
427,1,427,"0 - Artigo 28, inciso I, da Lei n° 8.212/91",0 - Artigo 15 da Lei n° 8.036/90,,,,,,,,,"{""Incid./Base Legal FGTS"": ""0 - Artigo 15 da Lei n° 8.036/90"", ""Incid./Base Legal INSS"": ""0 - Artigo 28, inciso I, da Lei n° 8.212/91""}",2026-03-25 15:01:09.753784,,,,,,,,,,,,,,,,,,,,,,,,,,,,,,,,,,,,,,,,,,,,
428,1,428,401,PREMIO ASSIDUIDADE,1211 - Gratificações,11,11,11,-,"11 - Artigo 28, inciso I, da Lei n° 8.212/91",11 - Artigos 3º e 7º da Lei nº 7.713/88,11 - Artigo 15 da Lei n° 8.036/90,"{""FGTS"": 11, ""INSS"": 11, ""IRRF"": 11, ""Analise"": ""-"", ""Rubrica"": ""PREMIO ASSIDUIDADE"", ""Cod Rubrica"": 401, ""Cód Natureza"": ""1211 - Gratificações"", ""Incid./Base Legal FGTS"": ""11 - Artigo 15 da Lei n° 8.036/90"", ""Incid./Base Legal INSS"": ""11 - Artigo 28, inciso I, da Lei n° 8.212/91"", ""Incid./Base Legal IRRF"": ""11 - Artigos 3º e 7º da Lei nº 7.713/88""}",2026-03-25 15:01:09.753784,,,,,,,,,,,,,,,,,,,,,,,,,,,,,,,,,,,,,,,,,,,,
429,1,429,402,PREMIO TEMPO DE SERVICO,1206 - Adicional por tempo de serviço,11,11,11,-,"11 - Artigo 28, inciso I, da Lei n° 8.212/91",11 - Artigos 3º e 7º da Lei nº 7.713/88,11 - Artigo 15 da Lei n° 8.036/90,"{""FGTS"": 11, ""INSS"": 11, ""IRRF"": 11, ""Analise"": ""-"", ""Rubrica"": ""PREMIO TEMPO DE SERVICO"", ""Cod Rubrica"": 402, ""Cód Natureza"": ""1206 - Adicional por tempo de serviço"", ""Incid./Base Legal FGTS"": ""11 - Artigo 15 da Lei n° 8.036/90"", ""Incid./Base Legal INSS"": ""11 - Artigo 28, inciso I, da Lei n° 8.212/91"", ""Incid./Base Legal IRRF"": ""11 - Artigos 3º e 7º da Lei nº 7.713/88""}",2026-03-25 15:01:09.753784,,,,,,,,,,,,,,,,,,,,,,,,,,,,,,,,,,,,,,,,,,,,
430,1,430,403,COMPLEMENTO FERIAS (DISSIDIO),1020 - Férias - Gozadas,11,13,11,-,"11 - Artigo 28, inciso I, da Lei n° 8.212/91",13 - Artigos 3º e 7º da Lei nº 7.713/88,11 - Artigo 15 da Lei n° 8.036/90,"{""FGTS"": 11, ""INSS"": 11, ""IRRF"": 13, ""Analise"": ""-"", ""Rubrica"": ""COMPLEMENTO FERIAS (DISSIDIO)"", ""Cod Rubrica"": 403, ""Cód Natureza"": ""1020 - Férias - Gozadas"", ""Incid./Base Legal FGTS"": ""11 - Artigo 15 da Lei n° 8.036/90"", ""Incid./Base Legal INSS"": ""11 - Artigo 28, inciso I, da Lei n° 8.212/91"", ""Incid./Base Legal IRRF"": ""13 - Artigos 3º e 7º da Lei nº 7.713/88""}",2026-03-25 15:01:09.753784,,,,,,,,,,,,,,,,,,,,,,,,,,,,,,,,,,,,,,,,,,,,
431,1,431,"0 - Artigo 28, inciso I, da Lei n° 8.212/91",0 - Artigo 15 da Lei n° 8.036/90,,,,,,,,,"{""Incid./Base Legal FGTS"": ""0 - Artigo 15 da Lei n° 8.036/90"", ""Incid./Base Legal INSS"": ""0 - Artigo 28, inciso I, da Lei n° 8.212/91""}",2026-03-25 15:01:09.753784,,,,,,,,,,,,,,,,,,,,,,,,,,,,,,,,,,,,,,,,,,,,
432,1,432,404,DIF. FERIAS,1020 - Férias - Gozadas,11,13,11,-,"11 - Artigo 28, inciso I, da Lei n° 8.212/91",13 - Artigos 3º e 7º da Lei nº 7.713/88,11 - Artigo 15 da Lei n° 8.036/90,"{""FGTS"": 11, ""INSS"": 11, ""IRRF"": 13, ""Analise"": ""-"", ""Rubrica"": ""DIF. FERIAS"", ""Cod Rubrica"": 404, ""Cód Natureza"": ""1020 - Férias - Gozadas"", ""Incid./Base Legal FGTS"": ""11 - Artigo 15 da Lei n° 8.036/90"", ""Incid./Base Legal INSS"": ""11 - Artigo 28, inciso I, da Lei n° 8.212/91"", ""Incid./Base Legal IRRF"": ""13 - Artigos 3º e 7º da Lei nº 7.713/88""}",2026-03-25 15:01:09.753784,,,,,,,,,,,,,,,,,,,,,,,,,,,,,,,,,,,,,,,,,,,,
434,1,434,405,MEDIAS FERIAS (Ferias),1020 - Férias - Gozadas,11,13,11,-,"11 - Artigo 28, inciso I, da Lei n° 8.212/91",13 - Artigos 3º e 7º da Lei nº 7.713/88,11 - Artigo 15 da Lei n° 8.036/90,"{""FGTS"": 11, ""INSS"": 11, ""IRRF"": 13, ""Analise"": ""-"", ""Rubrica"": ""MEDIAS FERIAS (Ferias)"", ""Cod Rubrica"": 405, ""Cód Natureza"": ""1020 - Férias - Gozadas"", ""Incid./Base Legal FGTS"": ""11 - Artigo 15 da Lei n° 8.036/90"", ""Incid./Base Legal INSS"": ""11 - Artigo 28, inciso I, da Lei n° 8.212/91"", ""Incid./Base Legal IRRF"": ""13 - Artigos 3º e 7º da Lei nº 7.713/88""}",2026-03-25 15:01:09.753784,,,,,,,,,,,,,,,,,,,,,,,,,,,,,,,,,,,,,,,,,,,,
435,1,435,"0 - Artigo 28, inciso I, da Lei n° 8.212/91",0 - Artigo 15 da Lei n° 8.036/90,,,,,,,,,"{""Incid./Base Legal FGTS"": ""0 - Artigo 15 da Lei n° 8.036/90"", ""Incid./Base Legal INSS"": ""0 - Artigo 28, inciso I, da Lei n° 8.212/91""}",2026-03-25 15:01:09.753784,,,,,,,,,,,,,,,,,,,,,,,,,,,,,,,,,,,,,,,,,,,,
436,1,436,406,1/3 MEDIAS FERIAS (Ferias),1017 - Férias - Gozadas,11,13,11,-,"11 - Artigo 28, inciso I, da Lei n° 8.212/91",13 - Artigos 3º e 7º da Lei nº 7.713/88,11 - http://www.planalto.gov.br/ccivil_03/leis/l7713.htm,"{""FGTS"": 11, ""INSS"": 11, ""IRRF"": 13, ""Analise"": ""-"", ""Rubrica"": ""1/3 MEDIAS FERIAS (Ferias)"", ""Cod Rubrica"": 406, ""Cód Natureza"": ""1017 - Férias - Gozadas"", ""Incid./Base Legal FGTS"": ""11 - http://www.planalto.gov.br/ccivil_03/leis/l7713.htm"", ""Incid./Base Legal INSS"": ""11 - Artigo 28, inciso I, da Lei n° 8.212/91"", ""Incid./Base Legal IRRF"": ""13 - Artigos 3º e 7º da Lei nº 7.713/88""}",2026-03-25 15:01:09.753784,,,,,,,,,,,,,,,,,,,,,,,,,,,,,,,,,,,,,,,,,,,,
437,1,437,9 - valor do pagamento informar no 1015,,,,,,,,,,"{""Incid./Base Legal IRRF"": ""9 - valor do pagamento informar no 1015""}",2026-03-25 15:01:09.753784,,,,,,,,,,,,,,,,,,,,,,,,,,,,,,,,,,,,,,,,,,,,
438,1,438,407,MEDIAS FERIAS S/ABONO (Ferias),1021 - Férias - abono ou gratificação de férias superior a 20 dias,0,75,0,Rubrica com inconsistência de IRRF,"0 - Artigo 28, § 9º da Lei n° 8.212/91",11 - Artigos 3º e 7º da Lei nº 7.713/88,"0 - Artigo 15, § 6º da Lei n° 8.036/90","{""FGTS"": 0, ""INSS"": 0, ""IRRF"": 75, ""Analise"": ""Rubrica com inconsistência de IRRF"", ""Rubrica"": ""MEDIAS FERIAS S/ABONO (Ferias)"", ""Cod Rubrica"": 407, ""Cód Natureza"": ""1021 - Férias - abono ou gratificação de férias superior a 20 dias"", ""Incid./Base Legal FGTS"": ""0 - Artigo 15, § 6º da Lei n° 8.036/90"", ""Incid./Base Legal INSS"": ""0 - Artigo 28, § 9º da Lei n° 8.212/91"", ""Incid./Base Legal IRRF"": ""11 - Artigos 3º e 7º da Lei nº 7.713/88""}",2026-03-25 15:01:09.753784,,,,,,,,,,,,,,,,,,,,,,,,,,,,,,,,,,,,,,,,,,,,
439,1,439,408,1/3 MEDIAS FERIAS S/ABONO (Ferias),1021 - Férias - abono ou gratificação de férias superior a 20 dias,0,75,0,Rubrica com inconsistência de IRRF,"0 - Artigo 28, § 9º da Lei n° 8.212/91",11 - Artigos 3º e 7º da Lei nº 7.713/88,"0 - Artigo 15, § 6º da Lei n° 8.036/90","{""FGTS"": 0, ""INSS"": 0, ""IRRF"": 75, ""Analise"": ""Rubrica com inconsistência de IRRF"", ""Rubrica"": ""1/3 MEDIAS FERIAS S/ABONO (Ferias)"", ""Cod Rubrica"": 408, ""Cód Natureza"": ""1021 - Férias - abono ou gratificação de férias superior a 20 dias"", ""Incid./Base Legal FGTS"": ""0 - Artigo 15, § 6º da Lei n° 8.036/90"", ""Incid./Base Legal INSS"": ""0 - Artigo 28, § 9º da Lei n° 8.212/91"", ""Incid./Base Legal IRRF"": ""11 - Artigos 3º e 7º da Lei nº 7.713/88""}",2026-03-25 15:01:09.753784,,,,,,,,,,,,,,,,,,,,,,,,,,,,,,,,,,,,,,,,,,,,
440,1,440,409,FERIAS MES ANTERIOR,1020 - Férias - Gozadas,11,13,11,-,"11 - Artigo 28, inciso I, da Lei n° 8.212/91",13 - Artigos 3º e 7º da Lei nº 7.713/88,11 - Artigo 15 da Lei n° 8.036/90,"{""FGTS"": 11, ""INSS"": 11, ""IRRF"": 13, ""Analise"": ""-"", ""Rubrica"": ""FERIAS MES ANTERIOR"", ""Cod Rubrica"": 409, ""Cód Natureza"": ""1020 - Férias - Gozadas"", ""Incid./Base Legal FGTS"": ""11 - Artigo 15 da Lei n° 8.036/90"", ""Incid./Base Legal INSS"": ""11 - Artigo 28, inciso I, da Lei n° 8.212/91"", ""Incid./Base Legal IRRF"": ""13 - Artigos 3º e 7º da Lei nº 7.713/88""}",2026-03-25 15:01:09.753784,,,,,,,,,,,,,,,,,,,,,,,,,,,,,,,,,,,,,,,,,,,,
441,1,441,"0 - Artigo 28, inciso I, da Lei n° 8.212/91",0 - Artigo 15 da Lei n° 8.036/90,,,,,,,,,"{""Incid./Base Legal FGTS"": ""0 - Artigo 15 da Lei n° 8.036/90"", ""Incid./Base Legal INSS"": ""0 - Artigo 28, inciso I, da Lei n° 8.212/91""}",2026-03-25 15:01:09.753784,,,,,,,,,,,,,,,,,,,,,,,,,,,,,,,,,,,,,,,,,,,,
442,1,442,410,FERIAS MES SEGUINTE,1020 - Férias - Gozadas,0,0,0,Rubrica com inconsistência de IRRF,"11 - Artigo 28, inciso I, da Lei n° 8.212/91",13 - Artigos 3º e 7º da Lei nº 7.713/88,11 - Artigo 15 da Lei n° 8.036/90,"{""FGTS"": 0, ""INSS"": 0, ""IRRF"": 0, ""Analise"": ""Rubrica com inconsistência de IRRF"", ""Rubrica"": ""FERIAS MES SEGUINTE"", ""Cod Rubrica"": 410, ""Cód Natureza"": ""1020 - Férias - Gozadas"", ""Incid./Base Legal FGTS"": ""11 - Artigo 15 da Lei n° 8.036/90"", ""Incid./Base Legal INSS"": ""11 - Artigo 28, inciso I, da Lei n° 8.212/91"", ""Incid./Base Legal IRRF"": ""13 - Artigos 3º e 7º da Lei nº 7.713/88""}",2026-03-25 15:01:09.753784,,,,,,,,,,,,,,,,,,,,,,,,,,,,,,,,,,,,,,,,,,,,
443,1,443,"0 - Artigo 28, inciso I, da Lei n° 8.212/91",0 - Artigo 15 da Lei n° 8.036/90,,,,,,,,,"{""Incid./Base Legal FGTS"": ""0 - Artigo 15 da Lei n° 8.036/90"", ""Incid./Base Legal INSS"": ""0 - Artigo 28, inciso I, da Lei n° 8.212/91""}",2026-03-25 15:01:09.753784,,,,,,,,,,,,,,,,,,,,,,,,,,,,,,,,,,,,,,,,,,,,
444,1,444,411,MEDIA HORAS EXTRAS FERIAS PROP,6006 - Férias proporcionais,0,0,0,Rubrica com inconsistência de IRRF,"0 - Artigo 28, § 9º da Lei n° 8.212/91","74 - Artigo 6º, inciso V da Lei nº 7.713/88; artigo 682 do Decreto nº 9.580/2018; ADI SRF 14/2005","0 - Artigo 15, § 6º da Lei n° 8.036/90","{""FGTS"": 0, ""INSS"": 0, ""IRRF"": 0, ""Analise"": ""Rubrica com inconsistência de IRRF"", ""Rubrica"": ""MEDIA HORAS EXTRAS FERIAS PROP"", ""Cod Rubrica"": 411, ""Cód Natureza"": ""6006 - Férias proporcionais"", ""Incid./Base Legal FGTS"": ""0 - Artigo 15, § 6º da Lei n° 8.036/90"", ""Incid./Base Legal INSS"": ""0 - Artigo 28, § 9º da Lei n° 8.212/91"", ""Incid./Base Legal IRRF"": ""74 - Artigo 6º, inciso V da Lei nº 7.713/88; artigo 682 do Decreto nº 9.580/2018; ADI SRF 14/2005""}",2026-03-25 15:01:09.753784,,,,,,,,,,,,,,,,,,,,,,,,,,,,,,,,,,,,,,,,,,,,
445,1,445,412,1/3 ADIC. FERIAS MES SEGUINTE,1020 - Férias - Gozadas,0,0,0,Rubrica com inconsistência de IRRF,"11 - Artigo 28, inciso I, da Lei n° 8.212/91",13 - Artigos 3º e 7º da Lei nº 7.713/88,11 - Artigo 15 da Lei n° 8.036/90,"{""FGTS"": 0, ""INSS"": 0, ""IRRF"": 0, ""Analise"": ""Rubrica com inconsistência de IRRF"", ""Rubrica"": ""1/3 ADIC. FERIAS MES SEGUINTE"", ""Cod Rubrica"": 412, ""Cód Natureza"": ""1020 - Férias - Gozadas"", ""Incid./Base Legal FGTS"": ""11 - Artigo 15 da Lei n° 8.036/90"", ""Incid./Base Legal INSS"": ""11 - Artigo 28, inciso I, da Lei n° 8.212/91"", ""Incid./Base Legal IRRF"": ""13 - Artigos 3º e 7º da Lei nº 7.713/88""}",2026-03-25 15:01:09.753784,,,,,,,,,,,,,,,,,,,,,,,,,,,,,,,,,,,,,,,,,,,,
446,1,446,"0 - Artigo 28, inciso I, da Lei n° 8.212/91",0 - Artigo 15 da Lei n° 8.036/90,,,,,,,,,"{""Incid./Base Legal FGTS"": ""0 - Artigo 15 da Lei n° 8.036/90"", ""Incid./Base Legal INSS"": ""0 - Artigo 28, inciso I, da Lei n° 8.212/91""}",2026-03-25 15:01:09.753784,,,,,,,,,,,,,,,,,,,,,,,,,,,,,,,,,,,,,,,,,,,,
460,1,460,422,ANTECIPACAO DE PGTO.,5501 - Adiantamento de salários,0,0,0,Rubrica com inconsistência de IRRF,"0 - Artigo 28, § 9º da Lei n° 8.212/91",11 - Artigos 3º e 7º da Lei nº 7.713/88,"0 - Artigo 15, § 6º da Lei n° 8.036/90","{""FGTS"": 0, ""INSS"": 0, ""IRRF"": 0, ""Analise"": ""Rubrica com inconsistência de IRRF"", ""Rubrica"": ""ANTECIPACAO DE PGTO."", ""Cod Rubrica"": 422, ""Cód Natureza"": ""5501 - Adiantamento de salários"", ""Incid./Base Legal FGTS"": ""0 - Artigo 15, § 6º da Lei n° 8.036/90"", ""Incid./Base Legal INSS"": ""0 - Artigo 28, § 9º da Lei n° 8.212/91"", ""Incid./Base Legal IRRF"": ""11 - Artigos 3º e 7º da Lei nº 7.713/88""}",2026-03-25 15:01:09.753784,,,,,,,,,,,,,,,,,,,,,,,,,,,,,,,,,,,,,,,,,,,,
447,1,447,413,1/3 FERIAS FERIAS PROPORCIONAL,6006 - Férias proporcionais,0,9,0,Rubrica com inconsistência de IRRF,"0 - Artigo 28, § 9º da Lei n° 8.212/91","74 - Artigo 6º, inciso V da Lei nº 7.713/88; artigo 682 do Decreto nº 9.580/2018; ADI SRF 14/2005","0 - Artigo 15, § 6º da Lei n° 8.036/90","{""FGTS"": 0, ""INSS"": 0, ""IRRF"": 9, ""Analise"": ""Rubrica com inconsistência de IRRF"", ""Rubrica"": ""1/3 FERIAS FERIAS PROPORCIONAL"", ""Cod Rubrica"": 413, ""Cód Natureza"": ""6006 - Férias proporcionais"", ""Incid./Base Legal FGTS"": ""0 - Artigo 15, § 6º da Lei n° 8.036/90"", ""Incid./Base Legal INSS"": ""0 - Artigo 28, § 9º da Lei n° 8.212/91"", ""Incid./Base Legal IRRF"": ""74 - Artigo 6º, inciso V da Lei nº 7.713/88; artigo 682 do Decreto nº 9.580/2018; ADI SRF 14/2005""}",2026-03-25 15:01:09.753784,,,,,,,,,,,,,,,,,,,,,,,,,,,,,,,,,,,,,,,,,,,,
448,1,448,414,1/3 FERIAS MES SEGUINTE,6006 - Férias proporcionais,0,0,0,Rubrica com inconsistência de IRRF,"0 - Artigo 28, § 9º da Lei n° 8.212/91","74 - Artigo 6º, inciso V da Lei nº 7.713/88; artigo 682 do Decreto nº 9.580/2018; ADI SRF 14/2005","0 - Artigo 15, § 6º da Lei n° 8.036/90","{""FGTS"": 0, ""INSS"": 0, ""IRRF"": 0, ""Analise"": ""Rubrica com inconsistência de IRRF"", ""Rubrica"": ""1/3 FERIAS MES SEGUINTE"", ""Cod Rubrica"": 414, ""Cód Natureza"": ""6006 - Férias proporcionais"", ""Incid./Base Legal FGTS"": ""0 - Artigo 15, § 6º da Lei n° 8.036/90"", ""Incid./Base Legal INSS"": ""0 - Artigo 28, § 9º da Lei n° 8.212/91"", ""Incid./Base Legal IRRF"": ""74 - Artigo 6º, inciso V da Lei nº 7.713/88; artigo 682 do Decreto nº 9.580/2018; ADI SRF 14/2005""}",2026-03-25 15:01:09.753784,,,,,,,,,,,,,,,,,,,,,,,,,,,,,,,,,,,,,,,,,,,,
449,1,449,415,1/3 FERIAS S/AVISO,1020 - Férias - Gozadas,0,0,0,Rubrica com inconsistência de IRRF,"11 - Artigo 28, inciso I, da Lei n° 8.212/91",13 - Artigos 3º e 7º da Lei nº 7.713/88,11 - Artigo 15 da Lei n° 8.036/90,"{""FGTS"": 0, ""INSS"": 0, ""IRRF"": 0, ""Analise"": ""Rubrica com inconsistência de IRRF"", ""Rubrica"": ""1/3 FERIAS S/AVISO"", ""Cod Rubrica"": 415, ""Cód Natureza"": ""1020 - Férias - Gozadas"", ""Incid./Base Legal FGTS"": ""11 - Artigo 15 da Lei n° 8.036/90"", ""Incid./Base Legal INSS"": ""11 - Artigo 28, inciso I, da Lei n° 8.212/91"", ""Incid./Base Legal IRRF"": ""13 - Artigos 3º e 7º da Lei nº 7.713/88""}",2026-03-25 15:01:09.753784,,,,,,,,,,,,,,,,,,,,,,,,,,,,,,,,,,,,,,,,,,,,
450,1,450,"0 - Artigo 28, inciso I, da Lei n° 8.212/91",0 - Artigo 15 da Lei n° 8.036/90,,,,,,,,,"{""Incid./Base Legal FGTS"": ""0 - Artigo 15 da Lei n° 8.036/90"", ""Incid./Base Legal INSS"": ""0 - Artigo 28, inciso I, da Lei n° 8.212/91""}",2026-03-25 15:01:09.753784,,,,,,,,,,,,,,,,,,,,,,,,,,,,,,,,,,,,,,,,,,,,
451,1,451,416,1/3 MEDIA FERIAS PROPORCIONAL,6006 - Férias proporcionais,0,0,0,Rubrica com inconsistência de IRRF,"0 - Artigo 28, § 9º da Lei n° 8.212/91","74 - Artigo 6º, inciso V da Lei nº 7.713/88; artigo 682 do Decreto nº 9.580/2018; ADI SRF 14/2005","0 - Artigo 15, § 6º da Lei n° 8.036/90","{""FGTS"": 0, ""INSS"": 0, ""IRRF"": 0, ""Analise"": ""Rubrica com inconsistência de IRRF"", ""Rubrica"": ""1/3 MEDIA FERIAS PROPORCIONAL"", ""Cod Rubrica"": 416, ""Cód Natureza"": ""6006 - Férias proporcionais"", ""Incid./Base Legal FGTS"": ""0 - Artigo 15, § 6º da Lei n° 8.036/90"", ""Incid./Base Legal INSS"": ""0 - Artigo 28, § 9º da Lei n° 8.212/91"", ""Incid./Base Legal IRRF"": ""74 - Artigo 6º, inciso V da Lei nº 7.713/88; artigo 682 do Decreto nº 9.580/2018; ADI SRF 14/2005""}",2026-03-25 15:01:09.753784,,,,,,,,,,,,,,,,,,,,,,,,,,,,,,,,,,,,,,,,,,,,
452,1,452,417,1/3 S/ABONO DE FERIAS,1023 - Férias - abono pecuniário,0,75,0,-,"0 - Artigo 28, § 9º da Lei n° 8.212/91","75 - Artigo 1º da IN RFB n° 936/2009; itens 5, 6 e 7 da Parecer PGFN/PGA nº 2.683/2008","0 - Artigo 15, § 6º da Lei n° 8.036/90","{""FGTS"": 0, ""INSS"": 0, ""IRRF"": 75, ""Analise"": ""-"", ""Rubrica"": ""1/3 S/ABONO DE FERIAS"", ""Cod Rubrica"": 417, ""Cód Natureza"": ""1023 - Férias - abono pecuniário"", ""Incid./Base Legal FGTS"": ""0 - Artigo 15, § 6º da Lei n° 8.036/90"", ""Incid./Base Legal INSS"": ""0 - Artigo 28, § 9º da Lei n° 8.212/91"", ""Incid./Base Legal IRRF"": ""75 - Artigo 1º da IN RFB n° 936/2009; itens 5, 6 e 7 da Parecer PGFN/PGA nº 2.683/2008""}",2026-03-25 15:01:09.753784,,,,,,,,,,,,,,,,,,,,,,,,,,,,,,,,,,,,,,,,,,,,
453,1,453,13 - Solução de consulta cosit 209/2021,,,,,,,,,,"{""Incid./Base Legal IRRF"": ""13 - Solução de consulta cosit 209/2021""}",2026-03-25 15:01:09.753784,,,,,,,,,,,,,,,,,,,,,,,,,,,,,,,,,,,,,,,,,,,,
454,1,454,418,1/3 S/ADIC. ABONO FERIAS,1023 - Férias - abono pecuniário,0,75,0,-,"0 - Artigo 28, § 9º da Lei n° 8.212/91","75 - Artigo 1º da IN RFB n° 936/2009; itens 5, 6 e 7 da Parecer PGFN/PGA nº 2.683/2008","0 - Artigo 15, § 6º da Lei n° 8.036/90","{""FGTS"": 0, ""INSS"": 0, ""IRRF"": 75, ""Analise"": ""-"", ""Rubrica"": ""1/3 S/ADIC. ABONO FERIAS"", ""Cod Rubrica"": 418, ""Cód Natureza"": ""1023 - Férias - abono pecuniário"", ""Incid./Base Legal FGTS"": ""0 - Artigo 15, § 6º da Lei n° 8.036/90"", ""Incid./Base Legal INSS"": ""0 - Artigo 28, § 9º da Lei n° 8.212/91"", ""Incid./Base Legal IRRF"": ""75 - Artigo 1º da IN RFB n° 936/2009; itens 5, 6 e 7 da Parecer PGFN/PGA nº 2.683/2008""}",2026-03-25 15:01:09.753784,,,,,,,,,,,,,,,,,,,,,,,,,,,,,,,,,,,,,,,,,,,,
455,1,455,13 - Solução de consulta cosit 209/2021,,,,,,,,,,"{""Incid./Base Legal IRRF"": ""13 - Solução de consulta cosit 209/2021""}",2026-03-25 15:01:09.753784,,,,,,,,,,,,,,,,,,,,,,,,,,,,,,,,,,,,,,,,,,,,
456,1,456,419,ABONO DE FERIAS,1023 - Férias - abono pecuniário,0,75,0,-,"0 - Artigo 28, § 9º da Lei n° 8.212/91","75 - Artigo 1º da IN RFB n° 936/2009; itens 5, 6 e 7 da Parecer PGFN/PGA nº 2.683/2008","0 - Artigo 15, § 6º da Lei n° 8.036/90","{""FGTS"": 0, ""INSS"": 0, ""IRRF"": 75, ""Analise"": ""-"", ""Rubrica"": ""ABONO DE FERIAS"", ""Cod Rubrica"": 419, ""Cód Natureza"": ""1023 - Férias - abono pecuniário"", ""Incid./Base Legal FGTS"": ""0 - Artigo 15, § 6º da Lei n° 8.036/90"", ""Incid./Base Legal INSS"": ""0 - Artigo 28, § 9º da Lei n° 8.212/91"", ""Incid./Base Legal IRRF"": ""75 - Artigo 1º da IN RFB n° 936/2009; itens 5, 6 e 7 da Parecer PGFN/PGA nº 2.683/2008""}",2026-03-25 15:01:09.753784,,,,,,,,,,,,,,,,,,,,,,,,,,,,,,,,,,,,,,,,,,,,
457,1,457,13 - Solução de consulta cosit 209/2021,,,,,,,,,,"{""Incid./Base Legal IRRF"": ""13 - Solução de consulta cosit 209/2021""}",2026-03-25 15:01:09.753784,,,,,,,,,,,,,,,,,,,,,,,,,,,,,,,,,,,,,,,,,,,,
458,1,458,420,ABONO PECUNIARIO RODOVIARIOS,1018 -,0,75,0,"Rubrica com inconsistência de INSS, IRRF e FGTS",Rubrica não encontrada,Rubrica não encontrada,Rubrica não encontrada,"{""FGTS"": 0, ""INSS"": 0, ""IRRF"": 75, ""Analise"": ""Rubrica com inconsistência de INSS, IRRF e FGTS"", ""Rubrica"": ""ABONO PECUNIARIO RODOVIARIOS"", ""Cod Rubrica"": 420, ""Cód Natureza"": ""1018 -"", ""Incid./Base Legal FGTS"": ""Rubrica não encontrada"", ""Incid./Base Legal INSS"": ""Rubrica não encontrada"", ""Incid./Base Legal IRRF"": ""Rubrica não encontrada""}",2026-03-25 15:01:09.753784,,,,,,,,,,,,,,,,,,,,,,,,,,,,,,,,,,,,,,,,,,,,
459,1,459,421,AJUDA DE CUSTO,1211 - Gratificações,0,73,0,"Rubrica com inconsistência de INSS, IRRF e FGTS","11 - Artigo 28, inciso I, da Lei n° 8.212/91",11 - Artigos 3º e 7º da Lei nº 7.713/88,11 - Artigo 15 da Lei n° 8.036/90,"{""FGTS"": 0, ""INSS"": 0, ""IRRF"": 73, ""Analise"": ""Rubrica com inconsistência de INSS, IRRF e FGTS"", ""Rubrica"": ""AJUDA DE CUSTO"", ""Cod Rubrica"": 421, ""Cód Natureza"": ""1211 - Gratificações"", ""Incid./Base Legal FGTS"": ""11 - Artigo 15 da Lei n° 8.036/90"", ""Incid./Base Legal INSS"": ""11 - Artigo 28, inciso I, da Lei n° 8.212/91"", ""Incid./Base Legal IRRF"": ""11 - Artigos 3º e 7º da Lei nº 7.713/88""}",2026-03-25 15:01:09.753784,,,,,,,,,,,,,,,,,,,,,,,,,,,,,,,,,,,,,,,,,,,,
461,1,461,9 - Artigos 3º e 7º da Lei nº 7.713/88,,,,,,,,,,"{""Incid./Base Legal IRRF"": ""9 - Artigos 3º e 7º da Lei nº 7.713/88""}",2026-03-25 15:01:09.753784,,,,,,,,,,,,,,,,,,,,,,,,,,,,,,,,,,,,,,,,,,,,
462,1,462,423,AUXILIO,1211 - Gratificações,0,0,0,"Rubrica com inconsistência de INSS, IRRF e FGTS","11 - Artigo 28, inciso I, da Lei n° 8.212/91",11 - Artigos 3º e 7º da Lei nº 7.713/88,11 - Artigo 15 da Lei n° 8.036/90,"{""FGTS"": 0, ""INSS"": 0, ""IRRF"": 0, ""Analise"": ""Rubrica com inconsistência de INSS, IRRF e FGTS"", ""Rubrica"": ""AUXILIO"", ""Cod Rubrica"": 423, ""Cód Natureza"": ""1211 - Gratificações"", ""Incid./Base Legal FGTS"": ""11 - Artigo 15 da Lei n° 8.036/90"", ""Incid./Base Legal INSS"": ""11 - Artigo 28, inciso I, da Lei n° 8.212/91"", ""Incid./Base Legal IRRF"": ""11 - Artigos 3º e 7º da Lei nº 7.713/88""}",2026-03-25 15:01:09.753784,,,,,,,,,,,,,,,,,,,,,,,,,,,,,,,,,,,,,,,,,,,,
463,1,463,424,AUXILIO FUNERAL,1299 - Outros adicionais,0,0,0,"Rubrica com inconsistência de INSS, IRRF e FGTS","11 - Artigo 28, inciso I, da Lei n° 8.212/91",11 - Artigos 3º e 7º da Lei nº 7.713/88,11 - Artigo 15 da Lei n° 8.036/90,"{""FGTS"": 0, ""INSS"": 0, ""IRRF"": 0, ""Analise"": ""Rubrica com inconsistência de INSS, IRRF e FGTS"", ""Rubrica"": ""AUXILIO FUNERAL"", ""Cod Rubrica"": 424, ""Cód Natureza"": ""1299 - Outros adicionais"", ""Incid./Base Legal FGTS"": ""11 - Artigo 15 da Lei n° 8.036/90"", ""Incid./Base Legal INSS"": ""11 - Artigo 28, inciso I, da Lei n° 8.212/91"", ""Incid./Base Legal IRRF"": ""11 - Artigos 3º e 7º da Lei nº 7.713/88""}",2026-03-25 15:01:09.753784,,,,,,,,,,,,,,,,,,,,,,,,,,,,,,,,,,,,,,,,,,,,
464,1,464,425,AUXILIO MORADIA,1805 - Auxílio-moradia,0,0,0,Rubrica com inconsistência de IRRF,"0 - Artigo 28, § 9º da Lei n° 8.212/91",79 - Artigos 3º e 7º da Lei nº 7.713/88,0 - Artigo 15 da Lei n° 8.036/90,"{""FGTS"": 0, ""INSS"": 0, ""IRRF"": 0, ""Analise"": ""Rubrica com inconsistência de IRRF"", ""Rubrica"": ""AUXILIO MORADIA"", ""Cod Rubrica"": 425, ""Cód Natureza"": ""1805 - Auxílio-moradia"", ""Incid./Base Legal FGTS"": ""0 - Artigo 15 da Lei n° 8.036/90"", ""Incid./Base Legal INSS"": ""0 - Artigo 28, § 9º da Lei n° 8.212/91"", ""Incid./Base Legal IRRF"": ""79 - Artigos 3º e 7º da Lei nº 7.713/88""}",2026-03-25 15:01:09.753784,,,,,,,,,,,,,,,,,,,,,,,,,,,,,,,,,,,,,,,,,,,,
465,1,465,426,COMBUSTIVEL,1620 - Ressarcimento de despesas pelo uso de veículo próprio,0,0,0,Rubrica com inconsistência de IRRF,"0 - Artigo 28, § 9º da Lei n° 8.212/91",11 - Artigos 3º e 7º da Lei nº 7.713/88; Acórdão nº 10-39726/2012,"0 - Artigo 15, § 6º da Lei n° 8.036/90","{""FGTS"": 0, ""INSS"": 0, ""IRRF"": 0, ""Analise"": ""Rubrica com inconsistência de IRRF"", ""Rubrica"": ""COMBUSTIVEL"", ""Cod Rubrica"": 426, ""Cód Natureza"": ""1620 - Ressarcimento de despesas pelo uso de veículo próprio"", ""Incid./Base Legal FGTS"": ""0 - Artigo 15, § 6º da Lei n° 8.036/90"", ""Incid./Base Legal INSS"": ""0 - Artigo 28, § 9º da Lei n° 8.212/91"", ""Incid./Base Legal IRRF"": ""11 - Artigos 3º e 7º da Lei nº 7.713/88; Acórdão nº 10-39726/2012""}",2026-03-25 15:01:09.753784,,,,,,,,,,,,,,,,,,,,,,,,,,,,,,,,,,,,,,,,,,,,
466,1,466,427,ATUALIZACAO MONETARIA,2920 - Reembolsos diversos,0,9,0,Rubrica com inconsistência de IRRF,"11 - Artigo 28, inciso I, da Lei n° 8.212/91",11 - Artigos 3º e 7º da Lei nº 7.713/88,11 - Artigo 15 da Lei n° 8.036/90,"{""FGTS"": 0, ""INSS"": 0, ""IRRF"": 9, ""Analise"": ""Rubrica com inconsistência de IRRF"", ""Rubrica"": ""ATUALIZACAO MONETARIA"", ""Cod Rubrica"": 427, ""Cód Natureza"": ""2920 - Reembolsos diversos"", ""Incid./Base Legal FGTS"": ""11 - Artigo 15 da Lei n° 8.036/90"", ""Incid./Base Legal INSS"": ""11 - Artigo 28, inciso I, da Lei n° 8.212/91"", ""Incid./Base Legal IRRF"": ""11 - Artigos 3º e 7º da Lei nº 7.713/88""}",2026-03-25 15:01:09.753784,,,,,,,,,,,,,,,,,,,,,,,,,,,,,,,,,,,,,,,,,,,,
467,1,467,"0 - Artigo 28, inciso I, da Lei n° 8.212/91","0 - Artigo 15, § 6º da Lei n° 8.036/90",,,,,,,,,"{""Incid./Base Legal FGTS"": ""0 - Artigo 15, § 6º da Lei n° 8.036/90"", ""Incid./Base Legal INSS"": ""0 - Artigo 28, inciso I, da Lei n° 8.212/91""}",2026-03-25 15:01:09.753784,,,,,,,,,,,,,,,,,,,,,,,,,,,,,,,,,,,,,,,,,,,,
468,1,468,428,REEMBOLSO DESC. INDEVIDO,1299 - Outros adicionais,0,9,0,"Rubrica com inconsistência de INSS, IRRF e FGTS","11 - Artigo 28, inciso I, da Lei n° 8.212/91",11 - Artigos 3º e 7º da Lei nº 7.713/88,11 - Artigo 15 da Lei n° 8.036/90,"{""FGTS"": 0, ""INSS"": 0, ""IRRF"": 9, ""Analise"": ""Rubrica com inconsistência de INSS, IRRF e FGTS"", ""Rubrica"": ""REEMBOLSO DESC. INDEVIDO"", ""Cod Rubrica"": 428, ""Cód Natureza"": ""1299 - Outros adicionais"", ""Incid./Base Legal FGTS"": ""11 - Artigo 15 da Lei n° 8.036/90"", ""Incid./Base Legal INSS"": ""11 - Artigo 28, inciso I, da Lei n° 8.212/91"", ""Incid./Base Legal IRRF"": ""11 - Artigos 3º e 7º da Lei nº 7.713/88""}",2026-03-25 15:01:09.753784,,,,,,,,,,,,,,,,,,,,,,,,,,,,,,,,,,,,,,,,,,,,
469,1,469,429,DESC. INDEVIDO DE FALTAS,"1000 - Salário, vencimento, soldo ou subsídio",0,0,0,"Rubrica com inconsistência de INSS, IRRF e FGTS","11 - Artigo 28, inciso I, da Lei n° 8.212/91",11 - Artigos 3º e 7º da Lei nº 7.713/88,11 - Artigo 15 da Lei n° 8.036/90,"{""FGTS"": 0, ""INSS"": 0, ""IRRF"": 0, ""Analise"": ""Rubrica com inconsistência de INSS, IRRF e FGTS"", ""Rubrica"": ""DESC. INDEVIDO DE FALTAS"", ""Cod Rubrica"": 429, ""Cód Natureza"": ""1000 - Salário, vencimento, soldo ou subsídio"", ""Incid./Base Legal FGTS"": ""11 - Artigo 15 da Lei n° 8.036/90"", ""Incid./Base Legal INSS"": ""11 - Artigo 28, inciso I, da Lei n° 8.212/91"", ""Incid./Base Legal IRRF"": ""11 - Artigos 3º e 7º da Lei nº 7.713/88""}",2026-03-25 15:01:09.753784,,,,,,,,,,,,,,,,,,,,,,,,,,,,,,,,,,,,,,,,,,,,
470,1,470,430,DEVOLUCAO DESC. VT,2920 - Reembolsos diversos,0,0,0,Rubrica com inconsistência de IRRF,"11 - Artigo 28, inciso I, da Lei n° 8.212/91",11 - Artigos 3º e 7º da Lei nº 7.713/88,11 - Artigo 15 da Lei n° 8.036/90,"{""FGTS"": 0, ""INSS"": 0, ""IRRF"": 0, ""Analise"": ""Rubrica com inconsistência de IRRF"", ""Rubrica"": ""DEVOLUCAO DESC. VT"", ""Cod Rubrica"": 430, ""Cód Natureza"": ""2920 - Reembolsos diversos"", ""Incid./Base Legal FGTS"": ""11 - Artigo 15 da Lei n° 8.036/90"", ""Incid./Base Legal INSS"": ""11 - Artigo 28, inciso I, da Lei n° 8.212/91"", ""Incid./Base Legal IRRF"": ""11 - Artigos 3º e 7º da Lei nº 7.713/88""}",2026-03-25 15:01:09.753784,,,,,,,,,,,,,,,,,,,,,,,,,,,,,,,,,,,,,,,,,,,,
471,1,471,"0 - Artigo 28, inciso I, da Lei n° 8.212/91","0 - Artigo 15, § 6º da Lei n° 8.036/90",,,,,,,,,"{""Incid./Base Legal FGTS"": ""0 - Artigo 15, § 6º da Lei n° 8.036/90"", ""Incid./Base Legal INSS"": ""0 - Artigo 28, inciso I, da Lei n° 8.212/91""}",2026-03-25 15:01:09.753784,,,,,,,,,,,,,,,,,,,,,,,,,,,,,,,,,,,,,,,,,,,,
472,1,472,431,DEVOLUCAO DESC. MULTAS TRANSITO,2920 - Reembolsos diversos,0,0,0,Rubrica com inconsistência de IRRF,"11 - Artigo 28, inciso I, da Lei n° 8.212/91",11 - Artigos 3º e 7º da Lei nº 7.713/88,11 - Artigo 15 da Lei n° 8.036/90,"{""FGTS"": 0, ""INSS"": 0, ""IRRF"": 0, ""Analise"": ""Rubrica com inconsistência de IRRF"", ""Rubrica"": ""DEVOLUCAO DESC. MULTAS TRANSITO"", ""Cod Rubrica"": 431, ""Cód Natureza"": ""2920 - Reembolsos diversos"", ""Incid./Base Legal FGTS"": ""11 - Artigo 15 da Lei n° 8.036/90"", ""Incid./Base Legal INSS"": ""11 - Artigo 28, inciso I, da Lei n° 8.212/91"", ""Incid./Base Legal IRRF"": ""11 - Artigos 3º e 7º da Lei nº 7.713/88""}",2026-03-25 15:01:09.753784,,,,,,,,,,,,,,,,,,,,,,,,,,,,,,,,,,,,,,,,,,,,
473,1,473,"0 - Artigo 28, inciso I, da Lei n° 8.212/91","0 - Artigo 15, § 6º da Lei n° 8.036/90",,,,,,,,,"{""Incid./Base Legal FGTS"": ""0 - Artigo 15, § 6º da Lei n° 8.036/90"", ""Incid./Base Legal INSS"": ""0 - Artigo 28, inciso I, da Lei n° 8.212/91""}",2026-03-25 15:01:09.753784,,,,,,,,,,,,,,,,,,,,,,,,,,,,,,,,,,,,,,,,,,,,
549,1,549,"11 - Precedente Administrativo nº 3, Ato Declaratório 04/2002",,,,,,,,,,"{""Incid./Base Legal FGTS"": ""11 - Precedente Administrativo nº 3, Ato Declaratório 04/2002""}",2026-03-25 15:01:09.753784,,,,,,,,,,,,,,,,,,,,,,,,,,,,,,,,,,,,,,,,,,,,
474,1,474,432,DEVOLUCAO PENDEN PREST CONTAS,2920 - Reembolsos diversos,0,0,0,Rubrica com inconsistência de IRRF,"11 - Artigo 28, inciso I, da Lei n° 8.212/91",11 - Artigos 3º e 7º da Lei nº 7.713/88,11 - Artigo 15 da Lei n° 8.036/90,"{""FGTS"": 0, ""INSS"": 0, ""IRRF"": 0, ""Analise"": ""Rubrica com inconsistência de IRRF"", ""Rubrica"": ""DEVOLUCAO PENDEN PREST CONTAS"", ""Cod Rubrica"": 432, ""Cód Natureza"": ""2920 - Reembolsos diversos"", ""Incid./Base Legal FGTS"": ""11 - Artigo 15 da Lei n° 8.036/90"", ""Incid./Base Legal INSS"": ""11 - Artigo 28, inciso I, da Lei n° 8.212/91"", ""Incid./Base Legal IRRF"": ""11 - Artigos 3º e 7º da Lei nº 7.713/88""}",2026-03-25 15:01:09.753784,,,,,,,,,,,,,,,,,,,,,,,,,,,,,,,,,,,,,,,,,,,,
475,1,475,"0 - Artigo 28, inciso I, da Lei n° 8.212/91","0 - Artigo 15, § 6º da Lei n° 8.036/90",,,,,,,,,"{""Incid./Base Legal FGTS"": ""0 - Artigo 15, § 6º da Lei n° 8.036/90"", ""Incid./Base Legal INSS"": ""0 - Artigo 28, inciso I, da Lei n° 8.212/91""}",2026-03-25 15:01:09.753784,,,,,,,,,,,,,,,,,,,,,,,,,,,,,,,,,,,,,,,,,,,,
476,1,476,433,DEVOLUCAO UNIFORMES,2920 - Reembolsos diversos,0,0,0,Rubrica com inconsistência de IRRF,"11 - Artigo 28, inciso I, da Lei n° 8.212/91",11 - Artigos 3º e 7º da Lei nº 7.713/88,11 - Artigo 15 da Lei n° 8.036/90,"{""FGTS"": 0, ""INSS"": 0, ""IRRF"": 0, ""Analise"": ""Rubrica com inconsistência de IRRF"", ""Rubrica"": ""DEVOLUCAO UNIFORMES"", ""Cod Rubrica"": 433, ""Cód Natureza"": ""2920 - Reembolsos diversos"", ""Incid./Base Legal FGTS"": ""11 - Artigo 15 da Lei n° 8.036/90"", ""Incid./Base Legal INSS"": ""11 - Artigo 28, inciso I, da Lei n° 8.212/91"", ""Incid./Base Legal IRRF"": ""11 - Artigos 3º e 7º da Lei nº 7.713/88""}",2026-03-25 15:01:09.753784,,,,,,,,,,,,,,,,,,,,,,,,,,,,,,,,,,,,,,,,,,,,
477,1,477,"0 - Artigo 28, inciso I, da Lei n° 8.212/91","0 - Artigo 15, § 6º da Lei n° 8.036/90",,,,,,,,,"{""Incid./Base Legal FGTS"": ""0 - Artigo 15, § 6º da Lei n° 8.036/90"", ""Incid./Base Legal INSS"": ""0 - Artigo 28, inciso I, da Lei n° 8.212/91""}",2026-03-25 15:01:09.753784,,,,,,,,,,,,,,,,,,,,,,,,,,,,,,,,,,,,,,,,,,,,
478,1,478,434,ADIC. DE ABONO,1401 - Abono,11,11,11,Rubrica com inconsistência de INSS e FGTS,"0 - Artigo 457, § 2º da CLT",11 - Artigos 3º e 7º da Lei nº 7.713/88,"0 - Artigo 457, § 2º da CLT","{""FGTS"": 11, ""INSS"": 11, ""IRRF"": 11, ""Analise"": ""Rubrica com inconsistência de INSS e FGTS"", ""Rubrica"": ""ADIC. DE ABONO"", ""Cod Rubrica"": 434, ""Cód Natureza"": ""1401 - Abono"", ""Incid./Base Legal FGTS"": ""0 - Artigo 457, § 2º da CLT"", ""Incid./Base Legal INSS"": ""0 - Artigo 457, § 2º da CLT"", ""Incid./Base Legal IRRF"": ""11 - Artigos 3º e 7º da Lei nº 7.713/88""}",2026-03-25 15:01:09.753784,,,,,,,,,,,,,,,,,,,,,,,,,,,,,,,,,,,,,,,,,,,,
479,1,479,435,ADIC. FERIAS MES SEGUINTE,1020 - Férias - Gozadas,0,0,0,Rubrica com inconsistência de IRRF,"11 - Artigo 28, inciso I, da Lei n° 8.212/91",13 - Artigos 3º e 7º da Lei nº 7.713/88,11 - Artigo 15 da Lei n° 8.036/90,"{""FGTS"": 0, ""INSS"": 0, ""IRRF"": 0, ""Analise"": ""Rubrica com inconsistência de IRRF"", ""Rubrica"": ""ADIC. FERIAS MES SEGUINTE"", ""Cod Rubrica"": 435, ""Cód Natureza"": ""1020 - Férias - Gozadas"", ""Incid./Base Legal FGTS"": ""11 - Artigo 15 da Lei n° 8.036/90"", ""Incid./Base Legal INSS"": ""11 - Artigo 28, inciso I, da Lei n° 8.212/91"", ""Incid./Base Legal IRRF"": ""13 - Artigos 3º e 7º da Lei nº 7.713/88""}",2026-03-25 15:01:09.753784,,,,,,,,,,,,,,,,,,,,,,,,,,,,,,,,,,,,,,,,,,,,
480,1,480,"0 - Artigo 28, inciso I, da Lei n° 8.212/91",0 - Artigo 15 da Lei n° 8.036/90,,,,,,,,,"{""Incid./Base Legal FGTS"": ""0 - Artigo 15 da Lei n° 8.036/90"", ""Incid./Base Legal INSS"": ""0 - Artigo 28, inciso I, da Lei n° 8.212/91""}",2026-03-25 15:01:09.753784,,,,,,,,,,,,,,,,,,,,,,,,,,,,,,,,,,,,,,,,,,,,
481,1,481,436,ADIC. FERIAS VENCIDAS,6007 - Férias vencidas na rescisão,0,9,0,Rubrica com inconsistência de IRRF,"0 - Artigo 28, § 9º da Lei n° 8.212/91","74 - Artigo 6º, inciso V da Lei nº 7.713/88; artigo 682 do Decreto nº 9.580/2018; ADI SRF 14/2005","0 - Artigo 15, § 6º da Lei n° 8.036/90","{""FGTS"": 0, ""INSS"": 0, ""IRRF"": 9, ""Analise"": ""Rubrica com inconsistência de IRRF"", ""Rubrica"": ""ADIC. FERIAS VENCIDAS"", ""Cod Rubrica"": 436, ""Cód Natureza"": ""6007 - Férias vencidas na rescisão"", ""Incid./Base Legal FGTS"": ""0 - Artigo 15, § 6º da Lei n° 8.036/90"", ""Incid./Base Legal INSS"": ""0 - Artigo 28, § 9º da Lei n° 8.212/91"", ""Incid./Base Legal IRRF"": ""74 - Artigo 6º, inciso V da Lei nº 7.713/88; artigo 682 do Decreto nº 9.580/2018; ADI SRF 14/2005""}",2026-03-25 15:01:09.753784,,,,,,,,,,,,,,,,,,,,,,,,,,,,,,,,,,,,,,,,,,,,
482,1,482,437,ADIC. S/ABONO FERIAS,1023 - Férias - abono pecuniário,0,75,0,-,"0 - Artigo 28, § 9º da Lei n° 8.212/91","75 - Artigo 1º da IN RFB n° 936/2009; itens 5, 6 e 7 da Parecer PGFN/PGA nº 2.683/2008","0 - Artigo 15, § 6º da Lei n° 8.036/90","{""FGTS"": 0, ""INSS"": 0, ""IRRF"": 75, ""Analise"": ""-"", ""Rubrica"": ""ADIC. S/ABONO FERIAS"", ""Cod Rubrica"": 437, ""Cód Natureza"": ""1023 - Férias - abono pecuniário"", ""Incid./Base Legal FGTS"": ""0 - Artigo 15, § 6º da Lei n° 8.036/90"", ""Incid./Base Legal INSS"": ""0 - Artigo 28, § 9º da Lei n° 8.212/91"", ""Incid./Base Legal IRRF"": ""75 - Artigo 1º da IN RFB n° 936/2009; itens 5, 6 e 7 da Parecer PGFN/PGA nº 2.683/2008""}",2026-03-25 15:01:09.753784,,,,,,,,,,,,,,,,,,,,,,,,,,,,,,,,,,,,,,,,,,,,
483,1,483,13 - Solução de consulta cosit 209/2021,,,,,,,,,,"{""Incid./Base Legal IRRF"": ""13 - Solução de consulta cosit 209/2021""}",2026-03-25 15:01:09.753784,,,,,,,,,,,,,,,,,,,,,,,,,,,,,,,,,,,,,,,,,,,,
484,1,484,438,HORA EXTRA NOTURNA MES ANTERIOR,1003 - Horas extraordinárias,11,11,11,-,"11 - Artigo 28, inciso I, da Lei n° 8.212/91",11 - Artigos 3º e 7º da Lei nº 7.713/88,11 - Artigo 15 da Lei n° 8.036/90,"{""FGTS"": 11, ""INSS"": 11, ""IRRF"": 11, ""Analise"": ""-"", ""Rubrica"": ""HORA EXTRA NOTURNA MES ANTERIOR"", ""Cod Rubrica"": 438, ""Cód Natureza"": ""1003 - Horas extraordinárias"", ""Incid./Base Legal FGTS"": ""11 - Artigo 15 da Lei n° 8.036/90"", ""Incid./Base Legal INSS"": ""11 - Artigo 28, inciso I, da Lei n° 8.212/91"", ""Incid./Base Legal IRRF"": ""11 - Artigos 3º e 7º da Lei nº 7.713/88""}",2026-03-25 15:01:09.753784,,,,,,,,,,,,,,,,,,,,,,,,,,,,,,,,,,,,,,,,,,,,
485,1,485,439,HORAS EXTRAS 100% MES ANTERIOR,1003 - Horas extraordinárias,11,11,11,-,"11 - Artigo 28, inciso I, da Lei n° 8.212/91",11 - Artigos 3º e 7º da Lei nº 7.713/88,11 - Artigo 15 da Lei n° 8.036/90,"{""FGTS"": 11, ""INSS"": 11, ""IRRF"": 11, ""Analise"": ""-"", ""Rubrica"": ""HORAS EXTRAS 100% MES ANTERIOR"", ""Cod Rubrica"": 439, ""Cód Natureza"": ""1003 - Horas extraordinárias"", ""Incid./Base Legal FGTS"": ""11 - Artigo 15 da Lei n° 8.036/90"", ""Incid./Base Legal INSS"": ""11 - Artigo 28, inciso I, da Lei n° 8.212/91"", ""Incid./Base Legal IRRF"": ""11 - Artigos 3º e 7º da Lei nº 7.713/88""}",2026-03-25 15:01:09.753784,,,,,,,,,,,,,,,,,,,,,,,,,,,,,,,,,,,,,,,,,,,,
486,1,486,440,HORAS EXTRAS 140%,1003 - Horas extraordinárias,11,11,11,-,"11 - Artigo 28, inciso I, da Lei n° 8.212/91",11 - Artigos 3º e 7º da Lei nº 7.713/88,11 - Artigo 15 da Lei n° 8.036/90,"{""FGTS"": 11, ""INSS"": 11, ""IRRF"": 11, ""Analise"": ""-"", ""Rubrica"": ""HORAS EXTRAS 140%"", ""Cod Rubrica"": 440, ""Cód Natureza"": ""1003 - Horas extraordinárias"", ""Incid./Base Legal FGTS"": ""11 - Artigo 15 da Lei n° 8.036/90"", ""Incid./Base Legal INSS"": ""11 - Artigo 28, inciso I, da Lei n° 8.212/91"", ""Incid./Base Legal IRRF"": ""11 - Artigos 3º e 7º da Lei nº 7.713/88""}",2026-03-25 15:01:09.753784,,,,,,,,,,,,,,,,,,,,,,,,,,,,,,,,,,,,,,,,,,,,
487,1,487,441,HORAS EXTRAS 50% MES ANTERIOR,1003 - Horas extraordinárias,11,11,11,-,"11 - Artigo 28, inciso I, da Lei n° 8.212/91",11 - Artigos 3º e 7º da Lei nº 7.713/88,11 - Artigo 15 da Lei n° 8.036/90,"{""FGTS"": 11, ""INSS"": 11, ""IRRF"": 11, ""Analise"": ""-"", ""Rubrica"": ""HORAS EXTRAS 50% MES ANTERIOR"", ""Cod Rubrica"": 441, ""Cód Natureza"": ""1003 - Horas extraordinárias"", ""Incid./Base Legal FGTS"": ""11 - Artigo 15 da Lei n° 8.036/90"", ""Incid./Base Legal INSS"": ""11 - Artigo 28, inciso I, da Lei n° 8.212/91"", ""Incid./Base Legal IRRF"": ""11 - Artigos 3º e 7º da Lei nº 7.713/88""}",2026-03-25 15:01:09.753784,,,,,,,,,,,,,,,,,,,,,,,,,,,,,,,,,,,,,,,,,,,,
488,1,488,442,HORAS NORMAIS CREDITO,"1000 - Salário, vencimento, soldo ou subsídio",11,11,11,-,"11 - Artigo 28, inciso I, da Lei n° 8.212/91",11 - Artigos 3º e 7º da Lei nº 7.713/88,11 - Artigo 15 da Lei n° 8.036/90,"{""FGTS"": 11, ""INSS"": 11, ""IRRF"": 11, ""Analise"": ""-"", ""Rubrica"": ""HORAS NORMAIS CREDITO"", ""Cod Rubrica"": 442, ""Cód Natureza"": ""1000 - Salário, vencimento, soldo ou subsídio"", ""Incid./Base Legal FGTS"": ""11 - Artigo 15 da Lei n° 8.036/90"", ""Incid./Base Legal INSS"": ""11 - Artigo 28, inciso I, da Lei n° 8.212/91"", ""Incid./Base Legal IRRF"": ""11 - Artigos 3º e 7º da Lei nº 7.713/88""}",2026-03-25 15:01:09.753784,,,,,,,,,,,,,,,,,,,,,,,,,,,,,,,,,,,,,,,,,,,,
489,1,489,443,INDEN. ADIC. TEMPO SERVICO,1206 - Adicional por tempo de serviço,11,11,11,-,"11 - Artigo 28, inciso I, da Lei n° 8.212/91",11 - Artigos 3º e 7º da Lei nº 7.713/88,11 - Artigo 15 da Lei n° 8.036/90,"{""FGTS"": 11, ""INSS"": 11, ""IRRF"": 11, ""Analise"": ""-"", ""Rubrica"": ""INDEN. ADIC. TEMPO SERVICO"", ""Cod Rubrica"": 443, ""Cód Natureza"": ""1206 - Adicional por tempo de serviço"", ""Incid./Base Legal FGTS"": ""11 - Artigo 15 da Lei n° 8.036/90"", ""Incid./Base Legal INSS"": ""11 - Artigo 28, inciso I, da Lei n° 8.212/91"", ""Incid./Base Legal IRRF"": ""11 - Artigos 3º e 7º da Lei nº 7.713/88""}",2026-03-25 15:01:09.753784,,,,,,,,,,,,,,,,,,,,,,,,,,,,,,,,,,,,,,,,,,,,
490,1,490,444,DIF. VA E VR - CCT,"1806 - Alimentação em ticket ou cartão, vinculada ao PAT",0,9,0,-,"0 - Artigo 28, inciso I, da Lei n° 8.212/91","9 - artigo 35, inciso I, alínea p do Decreto n° 9.580/2018",0 - Artigo 15 da Lei n° 8.036/90,"{""FGTS"": 0, ""INSS"": 0, ""IRRF"": 9, ""Analise"": ""-"", ""Rubrica"": ""DIF. VA E VR - CCT"", ""Cod Rubrica"": 444, ""Cód Natureza"": ""1806 - Alimentação em ticket ou cartão, vinculada ao PAT"", ""Incid./Base Legal FGTS"": ""0 - Artigo 15 da Lei n° 8.036/90"", ""Incid./Base Legal INSS"": ""0 - Artigo 28, inciso I, da Lei n° 8.212/91"", ""Incid./Base Legal IRRF"": ""9 - artigo 35, inciso I, alínea p do Decreto n° 9.580/2018""}",2026-03-25 15:01:09.753784,,,,,,,,,,,,,,,,,,,,,,,,,,,,,,,,,,,,,,,,,,,,
491,1,491,445,DIF. OUTROS BENEFICIOS,2920 - Reembolsos diversos,0,0,0,Rubrica com inconsistência de IRRF,"11 - Artigo 28, inciso I, da Lei n° 8.212/91",11 - Artigos 3º e 7º da Lei nº 7.713/88,11 - Artigo 15 da Lei n° 8.036/90,"{""FGTS"": 0, ""INSS"": 0, ""IRRF"": 0, ""Analise"": ""Rubrica com inconsistência de IRRF"", ""Rubrica"": ""DIF. OUTROS BENEFICIOS"", ""Cod Rubrica"": 445, ""Cód Natureza"": ""2920 - Reembolsos diversos"", ""Incid./Base Legal FGTS"": ""11 - Artigo 15 da Lei n° 8.036/90"", ""Incid./Base Legal INSS"": ""11 - Artigo 28, inciso I, da Lei n° 8.212/91"", ""Incid./Base Legal IRRF"": ""11 - Artigos 3º e 7º da Lei nº 7.713/88""}",2026-03-25 15:01:09.753784,,,,,,,,,,,,,,,,,,,,,,,,,,,,,,,,,,,,,,,,,,,,
492,1,492,"0 - Artigo 28, inciso I, da Lei n° 8.212/91","0 - Artigo 15, § 6º da Lei n° 8.036/90",,,,,,,,,"{""Incid./Base Legal FGTS"": ""0 - Artigo 15, § 6º da Lei n° 8.036/90"", ""Incid./Base Legal INSS"": ""0 - Artigo 28, inciso I, da Lei n° 8.212/91""}",2026-03-25 15:01:09.753784,,,,,,,,,,,,,,,,,,,,,,,,,,,,,,,,,,,,,,,,,,,,
493,1,493,446,GRATIFICACAO,1211 - Gratificações,11,11,11,-,"11 - Artigo 28, inciso I, da Lei n° 8.212/91",11 - Artigos 3º e 7º da Lei nº 7.713/88,11 - Artigo 15 da Lei n° 8.036/90,"{""FGTS"": 11, ""INSS"": 11, ""IRRF"": 11, ""Analise"": ""-"", ""Rubrica"": ""GRATIFICACAO"", ""Cod Rubrica"": 446, ""Cód Natureza"": ""1211 - Gratificações"", ""Incid./Base Legal FGTS"": ""11 - Artigo 15 da Lei n° 8.036/90"", ""Incid./Base Legal INSS"": ""11 - Artigo 28, inciso I, da Lei n° 8.212/91"", ""Incid./Base Legal IRRF"": ""11 - Artigos 3º e 7º da Lei nº 7.713/88""}",2026-03-25 15:01:09.753784,,,,,,,,,,,,,,,,,,,,,,,,,,,,,,,,,,,,,,,,,,,,
494,1,494,447,GRATIFICACAO,1211 - Gratificações,11,11,11,-,"11 - Artigo 28, inciso I, da Lei n° 8.212/91",11 - Artigos 3º e 7º da Lei nº 7.713/88,11 - Artigo 15 da Lei n° 8.036/90,"{""FGTS"": 11, ""INSS"": 11, ""IRRF"": 11, ""Analise"": ""-"", ""Rubrica"": ""GRATIFICACAO"", ""Cod Rubrica"": 447, ""Cód Natureza"": ""1211 - Gratificações"", ""Incid./Base Legal FGTS"": ""11 - Artigo 15 da Lei n° 8.036/90"", ""Incid./Base Legal INSS"": ""11 - Artigo 28, inciso I, da Lei n° 8.212/91"", ""Incid./Base Legal IRRF"": ""11 - Artigos 3º e 7º da Lei nº 7.713/88""}",2026-03-25 15:01:09.753784,,,,,,,,,,,,,,,,,,,,,,,,,,,,,,,,,,,,,,,,,,,,
495,1,495,448,GRATIFICACAO,1211 - Gratificações,0,9,0,"Rubrica com inconsistência de INSS, IRRF e FGTS","11 - Artigo 28, inciso I, da Lei n° 8.212/91",11 - Artigos 3º e 7º da Lei nº 7.713/88,11 - Artigo 15 da Lei n° 8.036/90,"{""FGTS"": 0, ""INSS"": 0, ""IRRF"": 9, ""Analise"": ""Rubrica com inconsistência de INSS, IRRF e FGTS"", ""Rubrica"": ""GRATIFICACAO"", ""Cod Rubrica"": 448, ""Cód Natureza"": ""1211 - Gratificações"", ""Incid./Base Legal FGTS"": ""11 - Artigo 15 da Lei n° 8.036/90"", ""Incid./Base Legal INSS"": ""11 - Artigo 28, inciso I, da Lei n° 8.212/91"", ""Incid./Base Legal IRRF"": ""11 - Artigos 3º e 7º da Lei nº 7.713/88""}",2026-03-25 15:01:09.753784,,,,,,,,,,,,,,,,,,,,,,,,,,,,,,,,,,,,,,,,,,,,
496,1,496,449,GRATIFICACAO,1211 - Gratificações,11,11,11,-,"11 - Artigo 28, inciso I, da Lei n° 8.212/91",11 - Artigos 3º e 7º da Lei nº 7.713/88,11 - Artigo 15 da Lei n° 8.036/90,"{""FGTS"": 11, ""INSS"": 11, ""IRRF"": 11, ""Analise"": ""-"", ""Rubrica"": ""GRATIFICACAO"", ""Cod Rubrica"": 449, ""Cód Natureza"": ""1211 - Gratificações"", ""Incid./Base Legal FGTS"": ""11 - Artigo 15 da Lei n° 8.036/90"", ""Incid./Base Legal INSS"": ""11 - Artigo 28, inciso I, da Lei n° 8.212/91"", ""Incid./Base Legal IRRF"": ""11 - Artigos 3º e 7º da Lei nº 7.713/88""}",2026-03-25 15:01:09.753784,,,,,,,,,,,,,,,,,,,,,,,,,,,,,,,,,,,,,,,,,,,,
497,1,497,450,FERIAS MES A MES INDENIZADA (TEMP),6006 - Férias proporcionais,0,0,0,Rubrica com inconsistência de IRRF,"0 - Artigo 28, § 9º da Lei n° 8.212/91","74 - Artigo 6º, inciso V da Lei nº 7.713/88; artigo 682 do Decreto nº 9.580/2018; ADI SRF 14/2005","0 - Artigo 15, § 6º da Lei n° 8.036/90","{""FGTS"": 0, ""INSS"": 0, ""IRRF"": 0, ""Analise"": ""Rubrica com inconsistência de IRRF"", ""Rubrica"": ""FERIAS MES A MES INDENIZADA (TEMP)"", ""Cod Rubrica"": 450, ""Cód Natureza"": ""6006 - Férias proporcionais"", ""Incid./Base Legal FGTS"": ""0 - Artigo 15, § 6º da Lei n° 8.036/90"", ""Incid./Base Legal INSS"": ""0 - Artigo 28, § 9º da Lei n° 8.212/91"", ""Incid./Base Legal IRRF"": ""74 - Artigo 6º, inciso V da Lei nº 7.713/88; artigo 682 do Decreto nº 9.580/2018; ADI SRF 14/2005""}",2026-03-25 15:01:09.753784,,,,,,,,,,,,,,,,,,,,,,,,,,,,,,,,,,,,,,,,,,,,
498,1,498,451,1/3 FERIAS MES A MES INDENIZADA,6006 - Férias proporcionais,0,0,0,Rubrica com inconsistência de IRRF,"0 - Artigo 28, § 9º da Lei n° 8.212/91","74 - Artigo 6º, inciso V da Lei nº 7.713/88; artigo 682 do Decreto nº 9.580/2018; ADI SRF 14/2005","0 - Artigo 15, § 6º da Lei n° 8.036/90","{""FGTS"": 0, ""INSS"": 0, ""IRRF"": 0, ""Analise"": ""Rubrica com inconsistência de IRRF"", ""Rubrica"": ""1/3 FERIAS MES A MES INDENIZADA"", ""Cod Rubrica"": 451, ""Cód Natureza"": ""6006 - Férias proporcionais"", ""Incid./Base Legal FGTS"": ""0 - Artigo 15, § 6º da Lei n° 8.036/90"", ""Incid./Base Legal INSS"": ""0 - Artigo 28, § 9º da Lei n° 8.212/91"", ""Incid./Base Legal IRRF"": ""74 - Artigo 6º, inciso V da Lei nº 7.713/88; artigo 682 do Decreto nº 9.580/2018; ADI SRF 14/2005""}",2026-03-25 15:01:09.753784,,,,,,,,,,,,,,,,,,,,,,,,,,,,,,,,,,,,,,,,,,,,
499,1,499,452,DESC GRAT - EXECUTIVO,1211 - Gratificações,11,11,11,-,"11 - Artigo 28, inciso I, da Lei n° 8.212/91",11 - Artigos 3º e 7º da Lei nº 7.713/88,11 - Artigo 15 da Lei n° 8.036/90,"{""FGTS"": 11, ""INSS"": 11, ""IRRF"": 11, ""Analise"": ""-"", ""Rubrica"": ""DESC GRAT - EXECUTIVO"", ""Cod Rubrica"": 452, ""Cód Natureza"": ""1211 - Gratificações"", ""Incid./Base Legal FGTS"": ""11 - Artigo 15 da Lei n° 8.036/90"", ""Incid./Base Legal INSS"": ""11 - Artigo 28, inciso I, da Lei n° 8.212/91"", ""Incid./Base Legal IRRF"": ""11 - Artigos 3º e 7º da Lei nº 7.713/88""}",2026-03-25 15:01:09.753784,,,,,,,,,,,,,,,,,,,,,,,,,,,,,,,,,,,,,,,,,,,,
500,1,500,453,ANTECIPACAO 13º SALARIO,5504 - 13º salário - Adiantamento,0,0,12,Rubrica com inconsistência de IRRF,"0 - Artigo 28, § 9º da Lei n° 8.212/91",9 - Artigo 26 da Lei nº 7.713/88,12 - Artigo 15 da Lei n° 8.036/90,"{""FGTS"": 12, ""INSS"": 0, ""IRRF"": 0, ""Analise"": ""Rubrica com inconsistência de IRRF"", ""Rubrica"": ""ANTECIPACAO 13º SALARIO"", ""Cod Rubrica"": 453, ""Cód Natureza"": ""5504 - 13º salário - Adiantamento"", ""Incid./Base Legal FGTS"": ""12 - Artigo 15 da Lei n° 8.036/90"", ""Incid./Base Legal INSS"": ""0 - Artigo 28, § 9º da Lei n° 8.212/91"", ""Incid./Base Legal IRRF"": ""9 - Artigo 26 da Lei nº 7.713/88""}",2026-03-25 15:01:09.753784,,,,,,,,,,,,,,,,,,,,,,,,,,,,,,,,,,,,,,,,,,,,
501,1,501,454,DESC. AVARIA,9299 - Outros descontos,0,0,0,Rubrica com inconsistência de IRRF,"0 - Artigo 28, § 9º da Lei n° 8.212/91",9 - Artigos 3º e 7º da Lei nº 7.713/88,"0 - Artigo 15, § 6º da Lei n° 8.036/90","{""FGTS"": 0, ""INSS"": 0, ""IRRF"": 0, ""Analise"": ""Rubrica com inconsistência de IRRF"", ""Rubrica"": ""DESC. AVARIA"", ""Cod Rubrica"": 454, ""Cód Natureza"": ""9299 - Outros descontos"", ""Incid./Base Legal FGTS"": ""0 - Artigo 15, § 6º da Lei n° 8.036/90"", ""Incid./Base Legal INSS"": ""0 - Artigo 28, § 9º da Lei n° 8.212/91"", ""Incid./Base Legal IRRF"": ""9 - Artigos 3º e 7º da Lei nº 7.713/88""}",2026-03-25 15:01:09.753784,,,,,,,,,,,,,,,,,,,,,,,,,,,,,,,,,,,,,,,,,,,,
502,1,502,455,ADIC. INSAL 12092018 27022019,1202 - Adicional de insalubridade,11,11,11,-,"11 - Artigo 28, inciso I, da Lei n° 8.212/91",11 - Artigos 3º e 7º da Lei nº 7.713/88,11 - Artigo 15 da Lei n° 8.036/90,"{""FGTS"": 11, ""INSS"": 11, ""IRRF"": 11, ""Analise"": ""-"", ""Rubrica"": ""ADIC. INSAL 12092018 27022019"", ""Cod Rubrica"": 455, ""Cód Natureza"": ""1202 - Adicional de insalubridade"", ""Incid./Base Legal FGTS"": ""11 - Artigo 15 da Lei n° 8.036/90"", ""Incid./Base Legal INSS"": ""11 - Artigo 28, inciso I, da Lei n° 8.212/91"", ""Incid./Base Legal IRRF"": ""11 - Artigos 3º e 7º da Lei nº 7.713/88""}",2026-03-25 15:01:09.753784,,,,,,,,,,,,,,,,,,,,,,,,,,,,,,,,,,,,,,,,,,,,
503,1,503,456,DIF. CCT - 2020,"1000 - Salário, vencimento, soldo ou subsídio",11,11,11,-,"11 - Artigo 28, inciso I, da Lei n° 8.212/91",11 - Artigos 3º e 7º da Lei nº 7.713/88,11 - Artigo 15 da Lei n° 8.036/90,"{""FGTS"": 11, ""INSS"": 11, ""IRRF"": 11, ""Analise"": ""-"", ""Rubrica"": ""DIF. CCT - 2020"", ""Cod Rubrica"": 456, ""Cód Natureza"": ""1000 - Salário, vencimento, soldo ou subsídio"", ""Incid./Base Legal FGTS"": ""11 - Artigo 15 da Lei n° 8.036/90"", ""Incid./Base Legal INSS"": ""11 - Artigo 28, inciso I, da Lei n° 8.212/91"", ""Incid./Base Legal IRRF"": ""11 - Artigos 3º e 7º da Lei nº 7.713/88""}",2026-03-25 15:01:09.753784,,,,,,,,,,,,,,,,,,,,,,,,,,,,,,,,,,,,,,,,,,,,
504,1,504,457,ADIC. NOTURNO C/20%,1205 - Adicional noturno,11,11,11,-,"11 - Artigo 28, inciso I, da Lei n° 8.212/91",11 - Artigos 3º e 7º da Lei nº 7.713/88,11 - Artigo 15 da Lei n° 8.036/90,"{""FGTS"": 11, ""INSS"": 11, ""IRRF"": 11, ""Analise"": ""-"", ""Rubrica"": ""ADIC. NOTURNO C/20%"", ""Cod Rubrica"": 457, ""Cód Natureza"": ""1205 - Adicional noturno"", ""Incid./Base Legal FGTS"": ""11 - Artigo 15 da Lei n° 8.036/90"", ""Incid./Base Legal INSS"": ""11 - Artigo 28, inciso I, da Lei n° 8.212/91"", ""Incid./Base Legal IRRF"": ""11 - Artigos 3º e 7º da Lei nº 7.713/88""}",2026-03-25 15:01:09.753784,,,,,,,,,,,,,,,,,,,,,,,,,,,,,,,,,,,,,,,,,,,,
505,1,505,458,HORAS EXTRAS 70% MES ANT,1003 - Horas extraordinárias,11,11,11,-,"11 - Artigo 28, inciso I, da Lei n° 8.212/91",11 - Artigos 3º e 7º da Lei nº 7.713/88,11 - Artigo 15 da Lei n° 8.036/90,"{""FGTS"": 11, ""INSS"": 11, ""IRRF"": 11, ""Analise"": ""-"", ""Rubrica"": ""HORAS EXTRAS 70% MES ANT"", ""Cod Rubrica"": 458, ""Cód Natureza"": ""1003 - Horas extraordinárias"", ""Incid./Base Legal FGTS"": ""11 - Artigo 15 da Lei n° 8.036/90"", ""Incid./Base Legal INSS"": ""11 - Artigo 28, inciso I, da Lei n° 8.212/91"", ""Incid./Base Legal IRRF"": ""11 - Artigos 3º e 7º da Lei nº 7.713/88""}",2026-03-25 15:01:09.753784,,,,,,,,,,,,,,,,,,,,,,,,,,,,,,,,,,,,,,,,,,,,
506,1,506,459,13 SALARIO,5001 - 13º salário,12,12,12,-,"12 - Artigo 28, inciso I, da Lei n° 8.212/91",12 - Artigos 3º e 7º da Lei nº 7.713/88,12 - Artigo 15 da Lei n° 8.036/90,"{""FGTS"": 12, ""INSS"": 12, ""IRRF"": 12, ""Analise"": ""-"", ""Rubrica"": ""13 SALARIO"", ""Cod Rubrica"": 459, ""Cód Natureza"": ""5001 - 13º salário"", ""Incid./Base Legal FGTS"": ""12 - Artigo 15 da Lei n° 8.036/90"", ""Incid./Base Legal INSS"": ""12 - Artigo 28, inciso I, da Lei n° 8.212/91"", ""Incid./Base Legal IRRF"": ""12 - Artigos 3º e 7º da Lei nº 7.713/88""}",2026-03-25 15:01:09.753784,,,,,,,,,,,,,,,,,,,,,,,,,,,,,,,,,,,,,,,,,,,,
507,1,507,460,FERIAS PARA ABATER DESCONTO,6006 - Férias proporcionais,11,13,11,"Rubrica com inconsistência de INSS, IRRF e FGTS","0 - Artigo 28, § 9º da Lei n° 8.212/91","74 - Artigo 6º, inciso V da Lei nº 7.713/88; artigo 682 do Decreto nº 9.580/2018; ADI SRF 14/2005","0 - Artigo 15, § 6º da Lei n° 8.036/90","{""FGTS"": 11, ""INSS"": 11, ""IRRF"": 13, ""Analise"": ""Rubrica com inconsistência de INSS, IRRF e FGTS"", ""Rubrica"": ""FERIAS PARA ABATER DESCONTO"", ""Cod Rubrica"": 460, ""Cód Natureza"": ""6006 - Férias proporcionais"", ""Incid./Base Legal FGTS"": ""0 - Artigo 15, § 6º da Lei n° 8.036/90"", ""Incid./Base Legal INSS"": ""0 - Artigo 28, § 9º da Lei n° 8.212/91"", ""Incid./Base Legal IRRF"": ""74 - Artigo 6º, inciso V da Lei nº 7.713/88; artigo 682 do Decreto nº 9.580/2018; ADI SRF 14/2005""}",2026-03-25 15:01:09.753784,,,,,,,,,,,,,,,,,,,,,,,,,,,,,,,,,,,,,,,,,,,,
508,1,508,461,DESC. FERIAS PARA ABATER DESCONTO,6006 - Férias proporcionais,11,13,11,"Rubrica com inconsistência de INSS, IRRF e FGTS","0 - Artigo 28, § 9º da Lei n° 8.212/91","74 - Artigo 6º, inciso V da Lei nº 7.713/88; artigo 682 do Decreto nº 9.580/2018; ADI SRF 14/2005","0 - Artigo 15, § 6º da Lei n° 8.036/90","{""FGTS"": 11, ""INSS"": 11, ""IRRF"": 13, ""Analise"": ""Rubrica com inconsistência de INSS, IRRF e FGTS"", ""Rubrica"": ""DESC. FERIAS PARA ABATER DESCONTO"", ""Cod Rubrica"": 461, ""Cód Natureza"": ""6006 - Férias proporcionais"", ""Incid./Base Legal FGTS"": ""0 - Artigo 15, § 6º da Lei n° 8.036/90"", ""Incid./Base Legal INSS"": ""0 - Artigo 28, § 9º da Lei n° 8.212/91"", ""Incid./Base Legal IRRF"": ""74 - Artigo 6º, inciso V da Lei nº 7.713/88; artigo 682 do Decreto nº 9.580/2018; ADI SRF 14/2005""}",2026-03-25 15:01:09.753784,,,,,,,,,,,,,,,,,,,,,,,,,,,,,,,,,,,,,,,,,,,,
509,1,509,462,DESC H EXTRAS 50% - MES ANT,1003 - Horas extraordinárias,11,11,11,-,"11 - Artigo 28, inciso I, da Lei n° 8.212/91",11 - Artigos 3º e 7º da Lei nº 7.713/88,11 - Artigo 15 da Lei n° 8.036/90,"{""FGTS"": 11, ""INSS"": 11, ""IRRF"": 11, ""Analise"": ""-"", ""Rubrica"": ""DESC H EXTRAS 50% - MES ANT"", ""Cod Rubrica"": 462, ""Cód Natureza"": ""1003 - Horas extraordinárias"", ""Incid./Base Legal FGTS"": ""11 - Artigo 15 da Lei n° 8.036/90"", ""Incid./Base Legal INSS"": ""11 - Artigo 28, inciso I, da Lei n° 8.212/91"", ""Incid./Base Legal IRRF"": ""11 - Artigos 3º e 7º da Lei nº 7.713/88""}",2026-03-25 15:01:09.753784,,,,,,,,,,,,,,,,,,,,,,,,,,,,,,,,,,,,,,,,,,,,
510,1,510,463,FERIAS A COMPENSAR,1020 - Férias - Gozadas,11,13,11,-,"11 - Artigo 28, inciso I, da Lei n° 8.212/91",13 - Artigos 3º e 7º da Lei nº 7.713/88,11 - Artigo 15 da Lei n° 8.036/90,"{""FGTS"": 11, ""INSS"": 11, ""IRRF"": 13, ""Analise"": ""-"", ""Rubrica"": ""FERIAS A COMPENSAR"", ""Cod Rubrica"": 463, ""Cód Natureza"": ""1020 - Férias - Gozadas"", ""Incid./Base Legal FGTS"": ""11 - Artigo 15 da Lei n° 8.036/90"", ""Incid./Base Legal INSS"": ""11 - Artigo 28, inciso I, da Lei n° 8.212/91"", ""Incid./Base Legal IRRF"": ""13 - Artigos 3º e 7º da Lei nº 7.713/88""}",2026-03-25 15:01:09.753784,,,,,,,,,,,,,,,,,,,,,,,,,,,,,,,,,,,,,,,,,,,,
511,1,511,"0 - Artigo 28, inciso I, da Lei n° 8.212/91",0 - Artigo 15 da Lei n° 8.036/90,,,,,,,,,"{""Incid./Base Legal FGTS"": ""0 - Artigo 15 da Lei n° 8.036/90"", ""Incid./Base Legal INSS"": ""0 - Artigo 28, inciso I, da Lei n° 8.212/91""}",2026-03-25 15:01:09.753784,,,,,,,,,,,,,,,,,,,,,,,,,,,,,,,,,,,,,,,,,,,,
512,1,512,464,DIF. 13º SALARIO,5001 - 13º salário,12,12,12,-,"12 - Artigo 28, inciso I, da Lei n° 8.212/91",12 - Artigos 3º e 7º da Lei nº 7.713/88,12 - Artigo 15 da Lei n° 8.036/90,"{""FGTS"": 12, ""INSS"": 12, ""IRRF"": 12, ""Analise"": ""-"", ""Rubrica"": ""DIF. 13º SALARIO"", ""Cod Rubrica"": 464, ""Cód Natureza"": ""5001 - 13º salário"", ""Incid./Base Legal FGTS"": ""12 - Artigo 15 da Lei n° 8.036/90"", ""Incid./Base Legal INSS"": ""12 - Artigo 28, inciso I, da Lei n° 8.212/91"", ""Incid./Base Legal IRRF"": ""12 - Artigos 3º e 7º da Lei nº 7.713/88""}",2026-03-25 15:01:09.753784,,,,,,,,,,,,,,,,,,,,,,,,,,,,,,,,,,,,,,,,,,,,
513,1,513,465,DIF. 13º SALARIO,5001 - 13º salário,12,12,12,-,"12 - Artigo 28, inciso I, da Lei n° 8.212/91",12 - Artigos 3º e 7º da Lei nº 7.713/88,12 - Artigo 15 da Lei n° 8.036/90,"{""FGTS"": 12, ""INSS"": 12, ""IRRF"": 12, ""Analise"": ""-"", ""Rubrica"": ""DIF. 13º SALARIO"", ""Cod Rubrica"": 465, ""Cód Natureza"": ""5001 - 13º salário"", ""Incid./Base Legal FGTS"": ""12 - Artigo 15 da Lei n° 8.036/90"", ""Incid./Base Legal INSS"": ""12 - Artigo 28, inciso I, da Lei n° 8.212/91"", ""Incid./Base Legal IRRF"": ""12 - Artigos 3º e 7º da Lei nº 7.713/88""}",2026-03-25 15:01:09.753784,,,,,,,,,,,,,,,,,,,,,,,,,,,,,,,,,,,,,,,,,,,,
514,1,514,466,CLAUSULA 22ª CCT TRT SP 06/13,2920 - Reembolsos diversos,0,0,0,Rubrica com inconsistência de IRRF,"11 - Artigo 28, inciso I, da Lei n° 8.212/91",11 - Artigos 3º e 7º da Lei nº 7.713/88,11 - Artigo 15 da Lei n° 8.036/90,"{""FGTS"": 0, ""INSS"": 0, ""IRRF"": 0, ""Analise"": ""Rubrica com inconsistência de IRRF"", ""Rubrica"": ""CLAUSULA 22ª CCT TRT SP 06/13"", ""Cod Rubrica"": 466, ""Cód Natureza"": ""2920 - Reembolsos diversos"", ""Incid./Base Legal FGTS"": ""11 - Artigo 15 da Lei n° 8.036/90"", ""Incid./Base Legal INSS"": ""11 - Artigo 28, inciso I, da Lei n° 8.212/91"", ""Incid./Base Legal IRRF"": ""11 - Artigos 3º e 7º da Lei nº 7.713/88""}",2026-03-25 15:01:09.753784,,,,,,,,,,,,,,,,,,,,,,,,,,,,,,,,,,,,,,,,,,,,
515,1,515,"0 - Artigo 28, inciso I, da Lei n° 8.212/91","0 - Artigo 15, § 6º da Lei n° 8.036/90",,,,,,,,,"{""Incid./Base Legal FGTS"": ""0 - Artigo 15, § 6º da Lei n° 8.036/90"", ""Incid./Base Legal INSS"": ""0 - Artigo 28, inciso I, da Lei n° 8.212/91""}",2026-03-25 15:01:09.753784,,,,,,,,,,,,,,,,,,,,,,,,,,,,,,,,,,,,,,,,,,,,
516,1,516,467,CLAUSULA 22ª CCT TRT SP 07/13,2920 - Reembolsos diversos,0,0,0,Rubrica com inconsistência de IRRF,"11 - Artigo 28, inciso I, da Lei n° 8.212/91",11 - Artigos 3º e 7º da Lei nº 7.713/88,11 - Artigo 15 da Lei n° 8.036/90,"{""FGTS"": 0, ""INSS"": 0, ""IRRF"": 0, ""Analise"": ""Rubrica com inconsistência de IRRF"", ""Rubrica"": ""CLAUSULA 22ª CCT TRT SP 07/13"", ""Cod Rubrica"": 467, ""Cód Natureza"": ""2920 - Reembolsos diversos"", ""Incid./Base Legal FGTS"": ""11 - Artigo 15 da Lei n° 8.036/90"", ""Incid./Base Legal INSS"": ""11 - Artigo 28, inciso I, da Lei n° 8.212/91"", ""Incid./Base Legal IRRF"": ""11 - Artigos 3º e 7º da Lei nº 7.713/88""}",2026-03-25 15:01:09.753784,,,,,,,,,,,,,,,,,,,,,,,,,,,,,,,,,,,,,,,,,,,,
517,1,517,"0 - Artigo 28, inciso I, da Lei n° 8.212/91","0 - Artigo 15, § 6º da Lei n° 8.036/90",,,,,,,,,"{""Incid./Base Legal FGTS"": ""0 - Artigo 15, § 6º da Lei n° 8.036/90"", ""Incid./Base Legal INSS"": ""0 - Artigo 28, inciso I, da Lei n° 8.212/91""}",2026-03-25 15:01:09.753784,,,,,,,,,,,,,,,,,,,,,,,,,,,,,,,,,,,,,,,,,,,,
518,1,518,468,CLAUSULA 22ª CCT TRT SP 08/13,2920 - Reembolsos diversos,0,0,0,Rubrica com inconsistência de IRRF,"11 - Artigo 28, inciso I, da Lei n° 8.212/91",11 - Artigos 3º e 7º da Lei nº 7.713/88,11 - Artigo 15 da Lei n° 8.036/90,"{""FGTS"": 0, ""INSS"": 0, ""IRRF"": 0, ""Analise"": ""Rubrica com inconsistência de IRRF"", ""Rubrica"": ""CLAUSULA 22ª CCT TRT SP 08/13"", ""Cod Rubrica"": 468, ""Cód Natureza"": ""2920 - Reembolsos diversos"", ""Incid./Base Legal FGTS"": ""11 - Artigo 15 da Lei n° 8.036/90"", ""Incid./Base Legal INSS"": ""11 - Artigo 28, inciso I, da Lei n° 8.212/91"", ""Incid./Base Legal IRRF"": ""11 - Artigos 3º e 7º da Lei nº 7.713/88""}",2026-03-25 15:01:09.753784,,,,,,,,,,,,,,,,,,,,,,,,,,,,,,,,,,,,,,,,,,,,
519,1,519,"0 - Artigo 28, inciso I, da Lei n° 8.212/91","0 - Artigo 15, § 6º da Lei n° 8.036/90",,,,,,,,,"{""Incid./Base Legal FGTS"": ""0 - Artigo 15, § 6º da Lei n° 8.036/90"", ""Incid./Base Legal INSS"": ""0 - Artigo 28, inciso I, da Lei n° 8.212/91""}",2026-03-25 15:01:09.753784,,,,,,,,,,,,,,,,,,,,,,,,,,,,,,,,,,,,,,,,,,,,
520,1,520,469,13º SALARIO S/SALARIO MATERNIDADE,4051 - Salário maternidade - 13º salário,22,12,12,-,"22 - Artigo 28, inciso I, da Lei n° 8.212/91",12 - Artigo 26 da Lei nº 7.713/88,12 - Artigo 15 da Lei n° 8.036/90,"{""FGTS"": 12, ""INSS"": 22, ""IRRF"": 12, ""Analise"": ""-"", ""Rubrica"": ""13º SALARIO S/SALARIO MATERNIDADE"", ""Cod Rubrica"": 469, ""Cód Natureza"": ""4051 - Salário maternidade - 13º salário"", ""Incid./Base Legal FGTS"": ""12 - Artigo 15 da Lei n° 8.036/90"", ""Incid./Base Legal INSS"": ""22 - Artigo 28, inciso I, da Lei n° 8.212/91"", ""Incid./Base Legal IRRF"": ""12 - Artigo 26 da Lei nº 7.713/88""}",2026-03-25 15:01:09.753784,,,,,,,,,,,,,,,,,,,,,,,,,,,,,,,,,,,,,,,,,,,,
521,1,521,470,13º SALARIO,5001 - 13º salário,12,12,12,-,"12 - Artigo 28, inciso I, da Lei n° 8.212/91",12 - Artigos 3º e 7º da Lei nº 7.713/88,12 - Artigo 15 da Lei n° 8.036/90,"{""FGTS"": 12, ""INSS"": 12, ""IRRF"": 12, ""Analise"": ""-"", ""Rubrica"": ""13º SALARIO"", ""Cod Rubrica"": 470, ""Cód Natureza"": ""5001 - 13º salário"", ""Incid./Base Legal FGTS"": ""12 - Artigo 15 da Lei n° 8.036/90"", ""Incid./Base Legal INSS"": ""12 - Artigo 28, inciso I, da Lei n° 8.212/91"", ""Incid./Base Legal IRRF"": ""12 - Artigos 3º e 7º da Lei nº 7.713/88""}",2026-03-25 15:01:09.753784,,,,,,,,,,,,,,,,,,,,,,,,,,,,,,,,,,,,,,,,,,,,
522,1,522,471,CLAUSULA 22ª CCT TRT SP 09/13,2920 - Reembolsos diversos,0,0,0,Rubrica com inconsistência de IRRF,"11 - Artigo 28, inciso I, da Lei n° 8.212/91",11 - Artigos 3º e 7º da Lei nº 7.713/88,11 - Artigo 15 da Lei n° 8.036/90,"{""FGTS"": 0, ""INSS"": 0, ""IRRF"": 0, ""Analise"": ""Rubrica com inconsistência de IRRF"", ""Rubrica"": ""CLAUSULA 22ª CCT TRT SP 09/13"", ""Cod Rubrica"": 471, ""Cód Natureza"": ""2920 - Reembolsos diversos"", ""Incid./Base Legal FGTS"": ""11 - Artigo 15 da Lei n° 8.036/90"", ""Incid./Base Legal INSS"": ""11 - Artigo 28, inciso I, da Lei n° 8.212/91"", ""Incid./Base Legal IRRF"": ""11 - Artigos 3º e 7º da Lei nº 7.713/88""}",2026-03-25 15:01:09.753784,,,,,,,,,,,,,,,,,,,,,,,,,,,,,,,,,,,,,,,,,,,,
523,1,523,"0 - Artigo 28, inciso I, da Lei n° 8.212/91","0 - Artigo 15, § 6º da Lei n° 8.036/90",,,,,,,,,"{""Incid./Base Legal FGTS"": ""0 - Artigo 15, § 6º da Lei n° 8.036/90"", ""Incid./Base Legal INSS"": ""0 - Artigo 28, inciso I, da Lei n° 8.212/91""}",2026-03-25 15:01:09.753784,,,,,,,,,,,,,,,,,,,,,,,,,,,,,,,,,,,,,,,,,,,,
524,1,524,472,CLAUSULA 22ª CCT TRT SP 10/13,2920 - Reembolsos diversos,0,0,0,Rubrica com inconsistência de IRRF,"11 - Artigo 28, inciso I, da Lei n° 8.212/91",11 - Artigos 3º e 7º da Lei nº 7.713/88,11 - Artigo 15 da Lei n° 8.036/90,"{""FGTS"": 0, ""INSS"": 0, ""IRRF"": 0, ""Analise"": ""Rubrica com inconsistência de IRRF"", ""Rubrica"": ""CLAUSULA 22ª CCT TRT SP 10/13"", ""Cod Rubrica"": 472, ""Cód Natureza"": ""2920 - Reembolsos diversos"", ""Incid./Base Legal FGTS"": ""11 - Artigo 15 da Lei n° 8.036/90"", ""Incid./Base Legal INSS"": ""11 - Artigo 28, inciso I, da Lei n° 8.212/91"", ""Incid./Base Legal IRRF"": ""11 - Artigos 3º e 7º da Lei nº 7.713/88""}",2026-03-25 15:01:09.753784,,,,,,,,,,,,,,,,,,,,,,,,,,,,,,,,,,,,,,,,,,,,
525,1,525,"0 - Artigo 28, inciso I, da Lei n° 8.212/91","0 - Artigo 15, § 6º da Lei n° 8.036/90",,,,,,,,,"{""Incid./Base Legal FGTS"": ""0 - Artigo 15, § 6º da Lei n° 8.036/90"", ""Incid./Base Legal INSS"": ""0 - Artigo 28, inciso I, da Lei n° 8.212/91""}",2026-03-25 15:01:09.753784,,,,,,,,,,,,,,,,,,,,,,,,,,,,,,,,,,,,,,,,,,,,
526,1,526,473,ARTIGO 071,1006 - Intervalos intra e inter jornadas não concedidos,11,11,11,Rubrica com inconsistência de FGTS,"0 - Artigo 28, § 9º da Lei n° 8.212/91",11 - Artigos 3º e 7º da Lei nº 7.713/88; Acórdão nº 06-38308 de 25/10/2012,"0 - Artigo 15, § 6º da Lei n° 8.036/90","{""FGTS"": 11, ""INSS"": 11, ""IRRF"": 11, ""Analise"": ""Rubrica com inconsistência de FGTS"", ""Rubrica"": ""ARTIGO 071"", ""Cod Rubrica"": 473, ""Cód Natureza"": ""1006 - Intervalos intra e inter jornadas não concedidos"", ""Incid./Base Legal FGTS"": ""0 - Artigo 15, § 6º da Lei n° 8.036/90"", ""Incid./Base Legal INSS"": ""0 - Artigo 28, § 9º da Lei n° 8.212/91"", ""Incid./Base Legal IRRF"": ""11 - Artigos 3º e 7º da Lei nº 7.713/88; Acórdão nº 06-38308 de 25/10/2012""}",2026-03-25 15:01:09.753784,,,,,,,,,,,,,,,,,,,,,,,,,,,,,,,,,,,,,,,,,,,,
527,1,527,11 - Solução de consulta Cosit 108/2023,,,,,,,,,,"{""Incid./Base Legal INSS"": ""11 - Solução de consulta Cosit 108/2023""}",2026-03-25 15:01:09.753784,,,,,,,,,,,,,,,,,,,,,,,,,,,,,,,,,,,,,,,,,,,,
528,1,528,474,ARTIGO 071 MES ANTERIOR,1006 - Intervalos intra e inter jornadas não concedidos,11,11,11,Rubrica com inconsistência de FGTS,"0 - Artigo 28, § 9º da Lei n° 8.212/91",11 - Artigos 3º e 7º da Lei nº 7.713/88; Acórdão nº 06-38308 de 25/10/2012,"0 - Artigo 15, § 6º da Lei n° 8.036/90","{""FGTS"": 11, ""INSS"": 11, ""IRRF"": 11, ""Analise"": ""Rubrica com inconsistência de FGTS"", ""Rubrica"": ""ARTIGO 071 MES ANTERIOR"", ""Cod Rubrica"": 474, ""Cód Natureza"": ""1006 - Intervalos intra e inter jornadas não concedidos"", ""Incid./Base Legal FGTS"": ""0 - Artigo 15, § 6º da Lei n° 8.036/90"", ""Incid./Base Legal INSS"": ""0 - Artigo 28, § 9º da Lei n° 8.212/91"", ""Incid./Base Legal IRRF"": ""11 - Artigos 3º e 7º da Lei nº 7.713/88; Acórdão nº 06-38308 de 25/10/2012""}",2026-03-25 15:01:09.753784,,,,,,,,,,,,,,,,,,,,,,,,,,,,,,,,,,,,,,,,,,,,
529,1,529,11 - Solução de consulta Cosit 108/2023,,,,,,,,,,"{""Incid./Base Legal INSS"": ""11 - Solução de consulta Cosit 108/2023""}",2026-03-25 15:01:09.753784,,,,,,,,,,,,,,,,,,,,,,,,,,,,,,,,,,,,,,,,,,,,
530,1,530,475,ARTIGO 071 TRT EMERGENCIAL,1006 - Intervalos intra e inter jornadas não concedidos,11,11,11,Rubrica com inconsistência de FGTS,"0 - Artigo 28, § 9º da Lei n° 8.212/91",11 - Artigos 3º e 7º da Lei nº 7.713/88; Acórdão nº 06-38308 de 25/10/2012,"0 - Artigo 15, § 6º da Lei n° 8.036/90","{""FGTS"": 11, ""INSS"": 11, ""IRRF"": 11, ""Analise"": ""Rubrica com inconsistência de FGTS"", ""Rubrica"": ""ARTIGO 071 TRT EMERGENCIAL"", ""Cod Rubrica"": 475, ""Cód Natureza"": ""1006 - Intervalos intra e inter jornadas não concedidos"", ""Incid./Base Legal FGTS"": ""0 - Artigo 15, § 6º da Lei n° 8.036/90"", ""Incid./Base Legal INSS"": ""0 - Artigo 28, § 9º da Lei n° 8.212/91"", ""Incid./Base Legal IRRF"": ""11 - Artigos 3º e 7º da Lei nº 7.713/88; Acórdão nº 06-38308 de 25/10/2012""}",2026-03-25 15:01:09.753784,,,,,,,,,,,,,,,,,,,,,,,,,,,,,,,,,,,,,,,,,,,,
531,1,531,11 - Solução de consulta Cosit 108/2023,,,,,,,,,,"{""Incid./Base Legal INSS"": ""11 - Solução de consulta Cosit 108/2023""}",2026-03-25 15:01:09.753784,,,,,,,,,,,,,,,,,,,,,,,,,,,,,,,,,,,,,,,,,,,,
532,1,532,476,TRIBUTO S/SALARIO (NÃO UTILIZAR),2920 - Reembolsos diversos,0,0,0,Rubrica com inconsistência de IRRF,"11 - Artigo 28, inciso I, da Lei n° 8.212/91",11 - Artigos 3º e 7º da Lei nº 7.713/88,11 - Artigo 15 da Lei n° 8.036/90,"{""FGTS"": 0, ""INSS"": 0, ""IRRF"": 0, ""Analise"": ""Rubrica com inconsistência de IRRF"", ""Rubrica"": ""TRIBUTO S/SALARIO (NÃO UTILIZAR)"", ""Cod Rubrica"": 476, ""Cód Natureza"": ""2920 - Reembolsos diversos"", ""Incid./Base Legal FGTS"": ""11 - Artigo 15 da Lei n° 8.036/90"", ""Incid./Base Legal INSS"": ""11 - Artigo 28, inciso I, da Lei n° 8.212/91"", ""Incid./Base Legal IRRF"": ""11 - Artigos 3º e 7º da Lei nº 7.713/88""}",2026-03-25 15:01:09.753784,,,,,,,,,,,,,,,,,,,,,,,,,,,,,,,,,,,,,,,,,,,,
533,1,533,"0 - Artigo 28, inciso I, da Lei n° 8.212/91","0 - Artigo 15, § 6º da Lei n° 8.036/90",,,,,,,,,"{""Incid./Base Legal FGTS"": ""0 - Artigo 15, § 6º da Lei n° 8.036/90"", ""Incid./Base Legal INSS"": ""0 - Artigo 28, inciso I, da Lei n° 8.212/91""}",2026-03-25 15:01:09.753784,,,,,,,,,,,,,,,,,,,,,,,,,,,,,,,,,,,,,,,,,,,,
534,1,534,477,TRIBUTO S/BENEFICIO (NÃO UTILIZAR),2920 - Reembolsos diversos,0,0,0,Rubrica com inconsistência de IRRF,"11 - Artigo 28, inciso I, da Lei n° 8.212/91",11 - Artigos 3º e 7º da Lei nº 7.713/88,11 - Artigo 15 da Lei n° 8.036/90,"{""FGTS"": 0, ""INSS"": 0, ""IRRF"": 0, ""Analise"": ""Rubrica com inconsistência de IRRF"", ""Rubrica"": ""TRIBUTO S/BENEFICIO (NÃO UTILIZAR)"", ""Cod Rubrica"": 477, ""Cód Natureza"": ""2920 - Reembolsos diversos"", ""Incid./Base Legal FGTS"": ""11 - Artigo 15 da Lei n° 8.036/90"", ""Incid./Base Legal INSS"": ""11 - Artigo 28, inciso I, da Lei n° 8.212/91"", ""Incid./Base Legal IRRF"": ""11 - Artigos 3º e 7º da Lei nº 7.713/88""}",2026-03-25 15:01:09.753784,,,,,,,,,,,,,,,,,,,,,,,,,,,,,,,,,,,,,,,,,,,,
535,1,535,"0 - Artigo 28, inciso I, da Lei n° 8.212/91","0 - Artigo 15, § 6º da Lei n° 8.036/90",,,,,,,,,"{""Incid./Base Legal FGTS"": ""0 - Artigo 15, § 6º da Lei n° 8.036/90"", ""Incid./Base Legal INSS"": ""0 - Artigo 28, inciso I, da Lei n° 8.212/91""}",2026-03-25 15:01:09.753784,,,,,,,,,,,,,,,,,,,,,,,,,,,,,,,,,,,,,,,,,,,,
536,1,536,478,ARTIGO 477,6106 - Multa do art. 477 da CLT.,0,0,0,Rubrica com inconsistência de IRRF,"0 - Artigo 28, § 9º da Lei n° 8.212/91","74 - Artigo 6º, inciso V da Lei nº 7.713/88","0 - Artigo 15, § 6º da Lei n° 8.036/90","{""FGTS"": 0, ""INSS"": 0, ""IRRF"": 0, ""Analise"": ""Rubrica com inconsistência de IRRF"", ""Rubrica"": ""ARTIGO 477"", ""Cod Rubrica"": 478, ""Cód Natureza"": ""6106 - Multa do art. 477 da CLT."", ""Incid./Base Legal FGTS"": ""0 - Artigo 15, § 6º da Lei n° 8.036/90"", ""Incid./Base Legal INSS"": ""0 - Artigo 28, § 9º da Lei n° 8.212/91"", ""Incid./Base Legal IRRF"": ""74 - Artigo 6º, inciso V da Lei nº 7.713/88""}",2026-03-25 15:01:09.753784,,,,,,,,,,,,,,,,,,,,,,,,,,,,,,,,,,,,,,,,,,,,
537,1,537,479,INDENIZACAO ARTº 479,6104 - Indenização do art. 479 da CLT,0,0,0,Rubrica com inconsistência de IRRF,"0 - Artigo 28, § 9º da Lei n° 8.212/91","74 - Artigo 6º, inciso V da Lei nº 7.713/88 e artigo 28 da Lei nº 8.036/90","0 - Artigo 15, § 6º da Lei n° 8.036/90","{""FGTS"": 0, ""INSS"": 0, ""IRRF"": 0, ""Analise"": ""Rubrica com inconsistência de IRRF"", ""Rubrica"": ""INDENIZACAO ARTº 479"", ""Cod Rubrica"": 479, ""Cód Natureza"": ""6104 - Indenização do art. 479 da CLT"", ""Incid./Base Legal FGTS"": ""0 - Artigo 15, § 6º da Lei n° 8.036/90"", ""Incid./Base Legal INSS"": ""0 - Artigo 28, § 9º da Lei n° 8.212/91"", ""Incid./Base Legal IRRF"": ""74 - Artigo 6º, inciso V da Lei nº 7.713/88 e artigo 28 da Lei nº 8.036/90""}",2026-03-25 15:01:09.753784,,,,,,,,,,,,,,,,,,,,,,,,,,,,,,,,,,,,,,,,,,,,
538,1,538,480,ADIC. S/13º SALARIO,5001 - 13º salário,12,12,12,-,"12 - Artigo 28, inciso I, da Lei n° 8.212/91",12 - Artigos 3º e 7º da Lei nº 7.713/88,12 - Artigo 15 da Lei n° 8.036/90,"{""FGTS"": 12, ""INSS"": 12, ""IRRF"": 12, ""Analise"": ""-"", ""Rubrica"": ""ADIC. S/13º SALARIO"", ""Cod Rubrica"": 480, ""Cód Natureza"": ""5001 - 13º salário"", ""Incid./Base Legal FGTS"": ""12 - Artigo 15 da Lei n° 8.036/90"", ""Incid./Base Legal INSS"": ""12 - Artigo 28, inciso I, da Lei n° 8.212/91"", ""Incid./Base Legal IRRF"": ""12 - Artigos 3º e 7º da Lei nº 7.713/88""}",2026-03-25 15:01:09.753784,,,,,,,,,,,,,,,,,,,,,,,,,,,,,,,,,,,,,,,,,,,,
539,1,539,481,ADIC. 13º SALARIO S/AVISO PREVIO,6001 - 13º salário relativo ao aviso-prévio indenizado,12,12,21,Rubrica com inconsistência de IRRF,"12 - Artigo 28, inciso I, da Lei n° 8.212/91","74 - 1.500/2014 (art. 7º, inciso III)",21 - Artigo 15 da Lei n° 8.036/90,"{""FGTS"": 21, ""INSS"": 12, ""IRRF"": 12, ""Analise"": ""Rubrica com inconsistência de IRRF"", ""Rubrica"": ""ADIC. 13º SALARIO S/AVISO PREVIO"", ""Cod Rubrica"": 481, ""Cód Natureza"": ""6001 - 13º salário relativo ao aviso-prévio indenizado"", ""Incid./Base Legal FGTS"": ""21 - Artigo 15 da Lei n° 8.036/90"", ""Incid./Base Legal INSS"": ""12 - Artigo 28, inciso I, da Lei n° 8.212/91"", ""Incid./Base Legal IRRF"": ""74 - 1.500/2014 (art. 7º, inciso III)""}",2026-03-25 15:01:09.753784,,,,,,,,,,,,,,,,,,,,,,,,,,,,,,,,,,,,,,,,,,,,
540,1,540,482,ADIC. PERICULOSIDADE S/2ª PARCELA 13º SALARIO,5001 - 13º salário,12,12,12,-,"12 - Artigo 28, inciso I, da Lei n° 8.212/91",12 - Artigos 3º e 7º da Lei nº 7.713/88,12 - Artigo 15 da Lei n° 8.036/90,"{""FGTS"": 12, ""INSS"": 12, ""IRRF"": 12, ""Analise"": ""-"", ""Rubrica"": ""ADIC. PERICULOSIDADE S/2ª PARCELA 13º SALARIO"", ""Cod Rubrica"": 482, ""Cód Natureza"": ""5001 - 13º salário"", ""Incid./Base Legal FGTS"": ""12 - Artigo 15 da Lei n° 8.036/90"", ""Incid./Base Legal INSS"": ""12 - Artigo 28, inciso I, da Lei n° 8.212/91"", ""Incid./Base Legal IRRF"": ""12 - Artigos 3º e 7º da Lei nº 7.713/88""}",2026-03-25 15:01:09.753784,,,,,,,,,,,,,,,,,,,,,,,,,,,,,,,,,,,,,,,,,,,,
541,1,541,483,F.G.T.S. MES ANTERIOR,9908 - FGTS - depósito,0,0,0,Rubrica com inconsistência de IRRF,"0 - Artigo 28, § 9º da Lei n° 8.212/91",9 - Artigo 7º da Lei nº 8.134/90,"0 - Artigo 15, § 6º da Lei n° 8.036/90","{""FGTS"": 0, ""INSS"": 0, ""IRRF"": 0, ""Analise"": ""Rubrica com inconsistência de IRRF"", ""Rubrica"": ""F.G.T.S. MES ANTERIOR"", ""Cod Rubrica"": 483, ""Cód Natureza"": ""9908 - FGTS - depósito"", ""Incid./Base Legal FGTS"": ""0 - Artigo 15, § 6º da Lei n° 8.036/90"", ""Incid./Base Legal INSS"": ""0 - Artigo 28, § 9º da Lei n° 8.212/91"", ""Incid./Base Legal IRRF"": ""9 - Artigo 7º da Lei nº 8.134/90""}",2026-03-25 15:01:09.753784,,,,,,,,,,,,,,,,,,,,,,,,,,,,,,,,,,,,,,,,,,,,
542,1,542,484,AJUDA COMPUSORIA MP936,9989 - Outros valores informativos,0,0,0,Rubrica com inconsistência de IRRF,"0 - Artigo 28, inciso I, da Lei n° 8.212/91",9 - Artigo 12-A da Lei nº 7.713/88,0 - Artigo 15 da Lei n° 8.036/90,"{""FGTS"": 0, ""INSS"": 0, ""IRRF"": 0, ""Analise"": ""Rubrica com inconsistência de IRRF"", ""Rubrica"": ""AJUDA COMPUSORIA MP936"", ""Cod Rubrica"": 484, ""Cód Natureza"": ""9989 - Outros valores informativos"", ""Incid./Base Legal FGTS"": ""0 - Artigo 15 da Lei n° 8.036/90"", ""Incid./Base Legal INSS"": ""0 - Artigo 28, inciso I, da Lei n° 8.212/91"", ""Incid./Base Legal IRRF"": ""9 - Artigo 12-A da Lei nº 7.713/88""}",2026-03-25 15:01:09.753784,,,,,,,,,,,,,,,,,,,,,,,,,,,,,,,,,,,,,,,,,,,,
543,1,543,485,DIF. ASSISTENCIA ODONTOLOGICA,1405 - Assistência médica,0,0,0,Rubrica com inconsistência de IRRF,"0 - Artigo 28, § 9º da Lei n° 8.212/91","9 - artigo 35, inciso I, alínea p do Decreto n° 9.580/2018",0 - Artigo 15 da Lei n° 8.036/90,"{""FGTS"": 0, ""INSS"": 0, ""IRRF"": 0, ""Analise"": ""Rubrica com inconsistência de IRRF"", ""Rubrica"": ""DIF. ASSISTENCIA ODONTOLOGICA"", ""Cod Rubrica"": 485, ""Cód Natureza"": ""1405 - Assistência médica"", ""Incid./Base Legal FGTS"": ""0 - Artigo 15 da Lei n° 8.036/90"", ""Incid./Base Legal INSS"": ""0 - Artigo 28, § 9º da Lei n° 8.212/91"", ""Incid./Base Legal IRRF"": ""9 - artigo 35, inciso I, alínea p do Decreto n° 9.580/2018""}",2026-03-25 15:01:09.753784,,,,,,,,,,,,,,,,,,,,,,,,,,,,,,,,,,,,,,,,,,,,
544,1,544,486,F.G.T.S. 13º FATURADO 1 AVO,9908 - FGTS - depósito,0,0,0,Rubrica com inconsistência de IRRF,"0 - Artigo 28, § 9º da Lei n° 8.212/91",9 - Artigo 7º da Lei nº 8.134/90,"0 - Artigo 15, § 6º da Lei n° 8.036/90","{""FGTS"": 0, ""INSS"": 0, ""IRRF"": 0, ""Analise"": ""Rubrica com inconsistência de IRRF"", ""Rubrica"": ""F.G.T.S. 13º FATURADO 1 AVO"", ""Cod Rubrica"": 486, ""Cód Natureza"": ""9908 - FGTS - depósito"", ""Incid./Base Legal FGTS"": ""0 - Artigo 15, § 6º da Lei n° 8.036/90"", ""Incid./Base Legal INSS"": ""0 - Artigo 28, § 9º da Lei n° 8.212/91"", ""Incid./Base Legal IRRF"": ""9 - Artigo 7º da Lei nº 8.134/90""}",2026-03-25 15:01:09.753784,,,,,,,,,,,,,,,,,,,,,,,,,,,,,,,,,,,,,,,,,,,,
545,1,545,488,DIF. VALE REFEICAO,"1806 - Alimentação em ticket ou cartão, vinculada ao PAT",0,9,0,-,"0 - Artigo 28, inciso I, da Lei n° 8.212/91","9 - artigo 35, inciso I, alínea p do Decreto n° 9.580/2018",0 - Artigo 15 da Lei n° 8.036/90,"{""FGTS"": 0, ""INSS"": 0, ""IRRF"": 9, ""Analise"": ""-"", ""Rubrica"": ""DIF. VALE REFEICAO"", ""Cod Rubrica"": 488, ""Cód Natureza"": ""1806 - Alimentação em ticket ou cartão, vinculada ao PAT"", ""Incid./Base Legal FGTS"": ""0 - Artigo 15 da Lei n° 8.036/90"", ""Incid./Base Legal INSS"": ""0 - Artigo 28, inciso I, da Lei n° 8.212/91"", ""Incid./Base Legal IRRF"": ""9 - artigo 35, inciso I, alínea p do Decreto n° 9.580/2018""}",2026-03-25 15:01:09.753784,,,,,,,,,,,,,,,,,,,,,,,,,,,,,,,,,,,,,,,,,,,,
546,1,546,489,DIF. CESTA BASICA,"1806 - Alimentação em ticket ou cartão, vinculada ao PAT",0,9,0,-,"0 - Artigo 28, inciso I, da Lei n° 8.212/91","9 - artigo 35, inciso I, alínea p do Decreto n° 9.580/2018",0 - Artigo 15 da Lei n° 8.036/90,"{""FGTS"": 0, ""INSS"": 0, ""IRRF"": 9, ""Analise"": ""-"", ""Rubrica"": ""DIF. CESTA BASICA"", ""Cod Rubrica"": 489, ""Cód Natureza"": ""1806 - Alimentação em ticket ou cartão, vinculada ao PAT"", ""Incid./Base Legal FGTS"": ""0 - Artigo 15 da Lei n° 8.036/90"", ""Incid./Base Legal INSS"": ""0 - Artigo 28, inciso I, da Lei n° 8.212/91"", ""Incid./Base Legal IRRF"": ""9 - artigo 35, inciso I, alínea p do Decreto n° 9.580/2018""}",2026-03-25 15:01:09.753784,,,,,,,,,,,,,,,,,,,,,,,,,,,,,,,,,,,,,,,,,,,,
547,1,547,490,DIF. ASSISTENCIA MEDICA,1405 - Assistência médica,0,0,0,Rubrica com inconsistência de IRRF,"0 - Artigo 28, § 9º da Lei n° 8.212/91","9 - artigo 35, inciso I, alínea p do Decreto n° 9.580/2018",0 - Artigo 15 da Lei n° 8.036/90,"{""FGTS"": 0, ""INSS"": 0, ""IRRF"": 0, ""Analise"": ""Rubrica com inconsistência de IRRF"", ""Rubrica"": ""DIF. ASSISTENCIA MEDICA"", ""Cod Rubrica"": 490, ""Cód Natureza"": ""1405 - Assistência médica"", ""Incid./Base Legal FGTS"": ""0 - Artigo 15 da Lei n° 8.036/90"", ""Incid./Base Legal INSS"": ""0 - Artigo 28, § 9º da Lei n° 8.212/91"", ""Incid./Base Legal IRRF"": ""9 - artigo 35, inciso I, alínea p do Decreto n° 9.580/2018""}",2026-03-25 15:01:09.753784,,,,,,,,,,,,,,,,,,,,,,,,,,,,,,,,,,,,,,,,,,,,
548,1,548,499,DIF. VALE-TRANSPORTE,1810 - Transporte (Servidores e Empregados Públicos),0,0,0,Rubrica com inconsistência de IRRF,"0 - Artigo 28, § 9º da Lei n° 8.212/91",9 - Artigos 5º da IN 1500/2014,0 - Precedente Administrativo nº 3,"{""FGTS"": 0, ""INSS"": 0, ""IRRF"": 0, ""Analise"": ""Rubrica com inconsistência de IRRF"", ""Rubrica"": ""DIF. VALE-TRANSPORTE"", ""Cod Rubrica"": 499, ""Cód Natureza"": ""1810 - Transporte (Servidores e Empregados Públicos)"", ""Incid./Base Legal FGTS"": ""0 - Precedente Administrativo nº 3"", ""Incid./Base Legal INSS"": ""0 - Artigo 28, § 9º da Lei n° 8.212/91"", ""Incid./Base Legal IRRF"": ""9 - Artigos 5º da IN 1500/2014""}",2026-03-25 15:01:09.753784,,,,,,,,,,,,,,,,,,,,,,,,,,,,,,,,,,,,,,,,,,,,
550,1,550,500,DESC. FALTAS (DIAS),9209 - Faltas ou atrasos,11,11,11,-,"11 - Artigo 28, inciso I, da Lei n° 8.212/91",11 - Artigos 3º e 7º da Lei nº 7.713/88,11 - Artigo 15 da Lei n° 8.036/90,"{""FGTS"": 11, ""INSS"": 11, ""IRRF"": 11, ""Analise"": ""-"", ""Rubrica"": ""DESC. FALTAS (DIAS)"", ""Cod Rubrica"": 500, ""Cód Natureza"": ""9209 - Faltas ou atrasos"", ""Incid./Base Legal FGTS"": ""11 - Artigo 15 da Lei n° 8.036/90"", ""Incid./Base Legal INSS"": ""11 - Artigo 28, inciso I, da Lei n° 8.212/91"", ""Incid./Base Legal IRRF"": ""11 - Artigos 3º e 7º da Lei nº 7.713/88""}",2026-03-25 15:01:09.753784,,,,,,,,,,,,,,,,,,,,,,,,,,,,,,,,,,,,,,,,,,,,
551,1,551,501,DESC. FALTAS (HORAS),9209 - Faltas ou atrasos,11,11,11,-,"11 - Artigo 28, inciso I, da Lei n° 8.212/91",11 - Artigos 3º e 7º da Lei nº 7.713/88,11 - Artigo 15 da Lei n° 8.036/90,"{""FGTS"": 11, ""INSS"": 11, ""IRRF"": 11, ""Analise"": ""-"", ""Rubrica"": ""DESC. FALTAS (HORAS)"", ""Cod Rubrica"": 501, ""Cód Natureza"": ""9209 - Faltas ou atrasos"", ""Incid./Base Legal FGTS"": ""11 - Artigo 15 da Lei n° 8.036/90"", ""Incid./Base Legal INSS"": ""11 - Artigo 28, inciso I, da Lei n° 8.212/91"", ""Incid./Base Legal IRRF"": ""11 - Artigos 3º e 7º da Lei nº 7.713/88""}",2026-03-25 15:01:09.753784,,,,,,,,,,,,,,,,,,,,,,,,,,,,,,,,,,,,,,,,,,,,
552,1,552,502,DESC. ATRASO/FALTA HORAS,9209 - Faltas ou atrasos,11,11,11,-,"11 - Artigo 28, inciso I, da Lei n° 8.212/91",11 - Artigos 3º e 7º da Lei nº 7.713/88,11 - Artigo 15 da Lei n° 8.036/90,"{""FGTS"": 11, ""INSS"": 11, ""IRRF"": 11, ""Analise"": ""-"", ""Rubrica"": ""DESC. ATRASO/FALTA HORAS"", ""Cod Rubrica"": 502, ""Cód Natureza"": ""9209 - Faltas ou atrasos"", ""Incid./Base Legal FGTS"": ""11 - Artigo 15 da Lei n° 8.036/90"", ""Incid./Base Legal INSS"": ""11 - Artigo 28, inciso I, da Lei n° 8.212/91"", ""Incid./Base Legal IRRF"": ""11 - Artigos 3º e 7º da Lei nº 7.713/88""}",2026-03-25 15:01:09.753784,,,,,,,,,,,,,,,,,,,,,,,,,,,,,,,,,,,,,,,,,,,,
553,1,553,503,DESC. D.S.R. S/FALTAS (DIAS),9210 - DSR s/faltas e atrasos,11,11,11,-,"11 - Artigo 28, inciso I, da Lei n° 8.212/91",11 - Artigos 3º e 7º da Lei nº 7.713/88,11 - Artigo 15 da Lei n° 8.036/90,"{""FGTS"": 11, ""INSS"": 11, ""IRRF"": 11, ""Analise"": ""-"", ""Rubrica"": ""DESC. D.S.R. S/FALTAS (DIAS)"", ""Cod Rubrica"": 503, ""Cód Natureza"": ""9210 - DSR s/faltas e atrasos"", ""Incid./Base Legal FGTS"": ""11 - Artigo 15 da Lei n° 8.036/90"", ""Incid./Base Legal INSS"": ""11 - Artigo 28, inciso I, da Lei n° 8.212/91"", ""Incid./Base Legal IRRF"": ""11 - Artigos 3º e 7º da Lei nº 7.713/88""}",2026-03-25 15:01:09.753784,,,,,,,,,,,,,,,,,,,,,,,,,,,,,,,,,,,,,,,,,,,,
554,1,554,504,DESC. D.S.R. S/FALTAS (HORAS),9210 - DSR s/faltas e atrasos,11,11,11,-,"11 - Artigo 28, inciso I, da Lei n° 8.212/91",11 - Artigos 3º e 7º da Lei nº 7.713/88,11 - Artigo 15 da Lei n° 8.036/90,"{""FGTS"": 11, ""INSS"": 11, ""IRRF"": 11, ""Analise"": ""-"", ""Rubrica"": ""DESC. D.S.R. S/FALTAS (HORAS)"", ""Cod Rubrica"": 504, ""Cód Natureza"": ""9210 - DSR s/faltas e atrasos"", ""Incid./Base Legal FGTS"": ""11 - Artigo 15 da Lei n° 8.036/90"", ""Incid./Base Legal INSS"": ""11 - Artigo 28, inciso I, da Lei n° 8.212/91"", ""Incid./Base Legal IRRF"": ""11 - Artigos 3º e 7º da Lei nº 7.713/88""}",2026-03-25 15:01:09.753784,,,,,,,,,,,,,,,,,,,,,,,,,,,,,,,,,,,,,,,,,,,,
555,1,555,505,DESC. ATRASOS/SAIDAS ANTECIPADAS,9209 - Faltas ou atrasos,11,11,11,-,"11 - Artigo 28, inciso I, da Lei n° 8.212/91",11 - Artigos 3º e 7º da Lei nº 7.713/88,11 - Artigo 15 da Lei n° 8.036/90,"{""FGTS"": 11, ""INSS"": 11, ""IRRF"": 11, ""Analise"": ""-"", ""Rubrica"": ""DESC. ATRASOS/SAIDAS ANTECIPADAS"", ""Cod Rubrica"": 505, ""Cód Natureza"": ""9209 - Faltas ou atrasos"", ""Incid./Base Legal FGTS"": ""11 - Artigo 15 da Lei n° 8.036/90"", ""Incid./Base Legal INSS"": ""11 - Artigo 28, inciso I, da Lei n° 8.212/91"", ""Incid./Base Legal IRRF"": ""11 - Artigos 3º e 7º da Lei nº 7.713/88""}",2026-03-25 15:01:09.753784,,,,,,,,,,,,,,,,,,,,,,,,,,,,,,,,,,,,,,,,,,,,
556,1,556,506,DESC. ATRASOS/SAIDAS MES ANTERIOR,9209 - Faltas ou atrasos,11,11,11,-,"11 - Artigo 28, inciso I, da Lei n° 8.212/91",11 - Artigos 3º e 7º da Lei nº 7.713/88,11 - Artigo 15 da Lei n° 8.036/90,"{""FGTS"": 11, ""INSS"": 11, ""IRRF"": 11, ""Analise"": ""-"", ""Rubrica"": ""DESC. ATRASOS/SAIDAS MES ANTERIOR"", ""Cod Rubrica"": 506, ""Cód Natureza"": ""9209 - Faltas ou atrasos"", ""Incid./Base Legal FGTS"": ""11 - Artigo 15 da Lei n° 8.036/90"", ""Incid./Base Legal INSS"": ""11 - Artigo 28, inciso I, da Lei n° 8.212/91"", ""Incid./Base Legal IRRF"": ""11 - Artigos 3º e 7º da Lei nº 7.713/88""}",2026-03-25 15:01:09.753784,,,,,,,,,,,,,,,,,,,,,,,,,,,,,,,,,,,,,,,,,,,,
557,1,557,507,DESC. D.S.R. MES ANTERIOR,9210 - DSR s/faltas e atrasos,11,11,11,-,"11 - Artigo 28, inciso I, da Lei n° 8.212/91",11 - Artigos 3º e 7º da Lei nº 7.713/88,11 - Artigo 15 da Lei n° 8.036/90,"{""FGTS"": 11, ""INSS"": 11, ""IRRF"": 11, ""Analise"": ""-"", ""Rubrica"": ""DESC. D.S.R. MES ANTERIOR"", ""Cod Rubrica"": 507, ""Cód Natureza"": ""9210 - DSR s/faltas e atrasos"", ""Incid./Base Legal FGTS"": ""11 - Artigo 15 da Lei n° 8.036/90"", ""Incid./Base Legal INSS"": ""11 - Artigo 28, inciso I, da Lei n° 8.212/91"", ""Incid./Base Legal IRRF"": ""11 - Artigos 3º e 7º da Lei nº 7.713/88""}",2026-03-25 15:01:09.753784,,,,,,,,,,,,,,,,,,,,,,,,,,,,,,,,,,,,,,,,,,,,
558,1,558,508,DESC. D.S.R. MES ANTERIOR,9210 - DSR s/faltas e atrasos,0,0,0,"Rubrica com inconsistência de INSS, IRRF e FGTS","11 - Artigo 28, inciso I, da Lei n° 8.212/91",11 - Artigos 3º e 7º da Lei nº 7.713/88,11 - Artigo 15 da Lei n° 8.036/90,"{""FGTS"": 0, ""INSS"": 0, ""IRRF"": 0, ""Analise"": ""Rubrica com inconsistência de INSS, IRRF e FGTS"", ""Rubrica"": ""DESC. D.S.R. MES ANTERIOR"", ""Cod Rubrica"": 508, ""Cód Natureza"": ""9210 - DSR s/faltas e atrasos"", ""Incid./Base Legal FGTS"": ""11 - Artigo 15 da Lei n° 8.036/90"", ""Incid./Base Legal INSS"": ""11 - Artigo 28, inciso I, da Lei n° 8.212/91"", ""Incid./Base Legal IRRF"": ""11 - Artigos 3º e 7º da Lei nº 7.713/88""}",2026-03-25 15:01:09.753784,,,,,,,,,,,,,,,,,,,,,,,,,,,,,,,,,,,,,,,,,,,,
559,1,559,509,DESC. DEV. HE/A.N./DSR - MES ANT,9210 - DSR s/faltas e atrasos,11,11,11,-,"11 - Artigo 28, inciso I, da Lei n° 8.212/91",11 - Artigos 3º e 7º da Lei nº 7.713/88,11 - Artigo 15 da Lei n° 8.036/90,"{""FGTS"": 11, ""INSS"": 11, ""IRRF"": 11, ""Analise"": ""-"", ""Rubrica"": ""DESC. DEV. HE/A.N./DSR - MES ANT"", ""Cod Rubrica"": 509, ""Cód Natureza"": ""9210 - DSR s/faltas e atrasos"", ""Incid./Base Legal FGTS"": ""11 - Artigo 15 da Lei n° 8.036/90"", ""Incid./Base Legal INSS"": ""11 - Artigo 28, inciso I, da Lei n° 8.212/91"", ""Incid./Base Legal IRRF"": ""11 - Artigos 3º e 7º da Lei nº 7.713/88""}",2026-03-25 15:01:09.753784,,,,,,,,,,,,,,,,,,,,,,,,,,,,,,,,,,,,,,,,,,,,
560,1,560,510,DESC. DEVOL.PAGTO A MAIOR,9290 - Desconto de pagamento indevido em meses anteriores,11,11,11,-,"11 - Artigo 28, inciso I, da Lei n° 8.212/91",11 - Artigos 3º e 7º da Lei nº 7.713/88,11 - Artigo 15 da Lei n° 8.036/90,"{""FGTS"": 11, ""INSS"": 11, ""IRRF"": 11, ""Analise"": ""-"", ""Rubrica"": ""DESC. DEVOL.PAGTO A MAIOR"", ""Cod Rubrica"": 510, ""Cód Natureza"": ""9290 - Desconto de pagamento indevido em meses anteriores"", ""Incid./Base Legal FGTS"": ""11 - Artigo 15 da Lei n° 8.036/90"", ""Incid./Base Legal INSS"": ""11 - Artigo 28, inciso I, da Lei n° 8.212/91"", ""Incid./Base Legal IRRF"": ""11 - Artigos 3º e 7º da Lei nº 7.713/88""}",2026-03-25 15:01:09.753784,,,,,,,,,,,,,,,,,,,,,,,,,,,,,,,,,,,,,,,,,,,,
561,1,561,"12 - Artigo 28, § 9º da Lei n° 8.212/91",13 - Artigos 3º e 7º da Lei nº 7.713/88,0 - Artigo 15 da Lei n° 8.036/90,,,,,,,,"{""Incid./Base Legal FGTS"": ""0 - Artigo 15 da Lei n° 8.036/90"", ""Incid./Base Legal INSS"": ""12 - Artigo 28, § 9º da Lei n° 8.212/91"", ""Incid./Base Legal IRRF"": ""13 - Artigos 3º e 7º da Lei nº 7.713/88""}",2026-03-25 15:01:09.753784,,,,,,,,,,,,,,,,,,,,,,,,,,,,,,,,,,,,,,,,,,,,
562,1,562,12 - Artigos 3º e 7º da Lei nº 7.713/88,,,,,,,,,,"{""Incid./Base Legal IRRF"": ""12 - Artigos 3º e 7º da Lei nº 7.713/88""}",2026-03-25 15:01:09.753784,,,,,,,,,,,,,,,,,,,,,,,,,,,,,,,,,,,,,,,,,,,,
563,1,563,511,DESC. DIF.DISSIDIO,9290 - Desconto de pagamento indevido em meses anteriores,11,11,11,-,"11 - Artigo 28, inciso I, da Lei n° 8.212/91",11 - Artigos 3º e 7º da Lei nº 7.713/88,11 - Artigo 15 da Lei n° 8.036/90,"{""FGTS"": 11, ""INSS"": 11, ""IRRF"": 11, ""Analise"": ""-"", ""Rubrica"": ""DESC. DIF.DISSIDIO"", ""Cod Rubrica"": 511, ""Cód Natureza"": ""9290 - Desconto de pagamento indevido em meses anteriores"", ""Incid./Base Legal FGTS"": ""11 - Artigo 15 da Lei n° 8.036/90"", ""Incid./Base Legal INSS"": ""11 - Artigo 28, inciso I, da Lei n° 8.212/91"", ""Incid./Base Legal IRRF"": ""11 - Artigos 3º e 7º da Lei nº 7.713/88""}",2026-03-25 15:01:09.753784,,,,,,,,,,,,,,,,,,,,,,,,,,,,,,,,,,,,,,,,,,,,
564,1,564,"12 - Artigo 28, § 9º da Lei n° 8.212/91",13 - Artigos 3º e 7º da Lei nº 7.713/88,0 - Artigo 15 da Lei n° 8.036/90,,,,,,,,"{""Incid./Base Legal FGTS"": ""0 - Artigo 15 da Lei n° 8.036/90"", ""Incid./Base Legal INSS"": ""12 - Artigo 28, § 9º da Lei n° 8.212/91"", ""Incid./Base Legal IRRF"": ""13 - Artigos 3º e 7º da Lei nº 7.713/88""}",2026-03-25 15:01:09.753784,,,,,,,,,,,,,,,,,,,,,,,,,,,,,,,,,,,,,,,,,,,,
565,1,565,12 - Artigos 3º e 7º da Lei nº 7.713/88,,,,,,,,,,"{""Incid./Base Legal IRRF"": ""12 - Artigos 3º e 7º da Lei nº 7.713/88""}",2026-03-25 15:01:09.753784,,,,,,,,,,,,,,,,,,,,,,,,,,,,,,,,,,,,,,,,,,,,
566,1,566,512,DESC. FALTAS HORAS MES ANTERIOR,9290 - Desconto de pagamento indevido em meses anteriores,11,11,11,-,"11 - Artigo 28, inciso I, da Lei n° 8.212/91",11 - Artigos 3º e 7º da Lei nº 7.713/88,11 - Artigo 15 da Lei n° 8.036/90,"{""FGTS"": 11, ""INSS"": 11, ""IRRF"": 11, ""Analise"": ""-"", ""Rubrica"": ""DESC. FALTAS HORAS MES ANTERIOR"", ""Cod Rubrica"": 512, ""Cód Natureza"": ""9290 - Desconto de pagamento indevido em meses anteriores"", ""Incid./Base Legal FGTS"": ""11 - Artigo 15 da Lei n° 8.036/90"", ""Incid./Base Legal INSS"": ""11 - Artigo 28, inciso I, da Lei n° 8.212/91"", ""Incid./Base Legal IRRF"": ""11 - Artigos 3º e 7º da Lei nº 7.713/88""}",2026-03-25 15:01:09.753784,,,,,,,,,,,,,,,,,,,,,,,,,,,,,,,,,,,,,,,,,,,,
567,1,567,"12 - Artigo 28, § 9º da Lei n° 8.212/91",13 - Artigos 3º e 7º da Lei nº 7.713/88,0 - Artigo 15 da Lei n° 8.036/90,,,,,,,,"{""Incid./Base Legal FGTS"": ""0 - Artigo 15 da Lei n° 8.036/90"", ""Incid./Base Legal INSS"": ""12 - Artigo 28, § 9º da Lei n° 8.212/91"", ""Incid./Base Legal IRRF"": ""13 - Artigos 3º e 7º da Lei nº 7.713/88""}",2026-03-25 15:01:09.753784,,,,,,,,,,,,,,,,,,,,,,,,,,,,,,,,,,,,,,,,,,,,
568,1,568,12 - Artigos 3º e 7º da Lei nº 7.713/88,,,,,,,,,,"{""Incid./Base Legal IRRF"": ""12 - Artigos 3º e 7º da Lei nº 7.713/88""}",2026-03-25 15:01:09.753784,,,,,,,,,,,,,,,,,,,,,,,,,,,,,,,,,,,,,,,,,,,,
569,1,569,513,DESC. HE/FICTA - PAGAS A MAIOR,9290 - Desconto de pagamento indevido em meses anteriores,11,11,11,-,"11 - Artigo 28, inciso I, da Lei n° 8.212/91",11 - Artigos 3º e 7º da Lei nº 7.713/88,11 - Artigo 15 da Lei n° 8.036/90,"{""FGTS"": 11, ""INSS"": 11, ""IRRF"": 11, ""Analise"": ""-"", ""Rubrica"": ""DESC. HE/FICTA - PAGAS A MAIOR"", ""Cod Rubrica"": 513, ""Cód Natureza"": ""9290 - Desconto de pagamento indevido em meses anteriores"", ""Incid./Base Legal FGTS"": ""11 - Artigo 15 da Lei n° 8.036/90"", ""Incid./Base Legal INSS"": ""11 - Artigo 28, inciso I, da Lei n° 8.212/91"", ""Incid./Base Legal IRRF"": ""11 - Artigos 3º e 7º da Lei nº 7.713/88""}",2026-03-25 15:01:09.753784,,,,,,,,,,,,,,,,,,,,,,,,,,,,,,,,,,,,,,,,,,,,
570,1,570,"12 - Artigo 28, § 9º da Lei n° 8.212/91",13 - Artigos 3º e 7º da Lei nº 7.713/88,0 - Artigo 15 da Lei n° 8.036/90,,,,,,,,"{""Incid./Base Legal FGTS"": ""0 - Artigo 15 da Lei n° 8.036/90"", ""Incid./Base Legal INSS"": ""12 - Artigo 28, § 9º da Lei n° 8.212/91"", ""Incid./Base Legal IRRF"": ""13 - Artigos 3º e 7º da Lei nº 7.713/88""}",2026-03-25 15:01:09.753784,,,,,,,,,,,,,,,,,,,,,,,,,,,,,,,,,,,,,,,,,,,,
571,1,571,12 - Artigos 3º e 7º da Lei nº 7.713/88,,,,,,,,,,"{""Incid./Base Legal IRRF"": ""12 - Artigos 3º e 7º da Lei nº 7.713/88""}",2026-03-25 15:01:09.753784,,,,,,,,,,,,,,,,,,,,,,,,,,,,,,,,,,,,,,,,,,,,
572,1,572,514,DESC. FALTA DEVOLUCAO MATERIAL,9299 - Outros descontos,0,0,0,Rubrica com inconsistência de IRRF,"0 - Artigo 28, § 9º da Lei n° 8.212/91",9 - Artigos 3º e 7º da Lei nº 7.713/88,"0 - Artigo 15, § 6º da Lei n° 8.036/90","{""FGTS"": 0, ""INSS"": 0, ""IRRF"": 0, ""Analise"": ""Rubrica com inconsistência de IRRF"", ""Rubrica"": ""DESC. FALTA DEVOLUCAO MATERIAL"", ""Cod Rubrica"": 514, ""Cód Natureza"": ""9299 - Outros descontos"", ""Incid./Base Legal FGTS"": ""0 - Artigo 15, § 6º da Lei n° 8.036/90"", ""Incid./Base Legal INSS"": ""0 - Artigo 28, § 9º da Lei n° 8.212/91"", ""Incid./Base Legal IRRF"": ""9 - Artigos 3º e 7º da Lei nº 7.713/88""}",2026-03-25 15:01:09.753784,,,,,,,,,,,,,,,,,,,,,,,,,,,,,,,,,,,,,,,,,,,,
573,1,573,515,DESC. SAIDA ANTECIPADA,9209 - Faltas ou atrasos,11,11,11,-,"11 - Artigo 28, inciso I, da Lei n° 8.212/91",11 - Artigos 3º e 7º da Lei nº 7.713/88,11 - Artigo 15 da Lei n° 8.036/90,"{""FGTS"": 11, ""INSS"": 11, ""IRRF"": 11, ""Analise"": ""-"", ""Rubrica"": ""DESC. SAIDA ANTECIPADA"", ""Cod Rubrica"": 515, ""Cód Natureza"": ""9209 - Faltas ou atrasos"", ""Incid./Base Legal FGTS"": ""11 - Artigo 15 da Lei n° 8.036/90"", ""Incid./Base Legal INSS"": ""11 - Artigo 28, inciso I, da Lei n° 8.212/91"", ""Incid./Base Legal IRRF"": ""11 - Artigos 3º e 7º da Lei nº 7.713/88""}",2026-03-25 15:01:09.753784,,,,,,,,,,,,,,,,,,,,,,,,,,,,,,,,,,,,,,,,,,,,
574,1,574,516,DESC. ASSIST. ODONTOLOGICA DEPENDENTE,9299 - Outros descontos,0,9,0,-,"0 - Artigo 28, § 9º da Lei n° 8.212/91",9 - Artigos 3º e 7º da Lei nº 7.713/88,"0 - Artigo 15, § 6º da Lei n° 8.036/90","{""FGTS"": 0, ""INSS"": 0, ""IRRF"": 9, ""Analise"": ""-"", ""Rubrica"": ""DESC. ASSIST. ODONTOLOGICA DEPENDENTE"", ""Cod Rubrica"": 516, ""Cód Natureza"": ""9299 - Outros descontos"", ""Incid./Base Legal FGTS"": ""0 - Artigo 15, § 6º da Lei n° 8.036/90"", ""Incid./Base Legal INSS"": ""0 - Artigo 28, § 9º da Lei n° 8.212/91"", ""Incid./Base Legal IRRF"": ""9 - Artigos 3º e 7º da Lei nº 7.713/88""}",2026-03-25 15:01:09.753784,,,,,,,,,,,,,,,,,,,,,,,,,,,,,,,,,,,,,,,,,,,,
575,1,575,517,Desc Art 480,6904 - Multa prevista no art. 480 da CLT,0,9,0,-,"0 - Artigo 28, § 9º da Lei n° 8.212/91","9 - Artigo 6º, inciso V da Lei nº 7.713/88","0 - Artigo 15, § 6º da Lei n° 8.036/90","{""FGTS"": 0, ""INSS"": 0, ""IRRF"": 9, ""Analise"": ""-"", ""Rubrica"": ""Desc Art 480"", ""Cod Rubrica"": 517, ""Cód Natureza"": ""6904 - Multa prevista no art. 480 da CLT"", ""Incid./Base Legal FGTS"": ""0 - Artigo 15, § 6º da Lei n° 8.036/90"", ""Incid./Base Legal INSS"": ""0 - Artigo 28, § 9º da Lei n° 8.212/91"", ""Incid./Base Legal IRRF"": ""9 - Artigo 6º, inciso V da Lei nº 7.713/88""}",2026-03-25 15:01:09.753784,,,,,,,,,,,,,,,,,,,,,,,,,,,,,,,,,,,,,,,,,,,,
576,1,576,518,ESTORNO DE PAGAMENTO,"1000 - Salário, vencimento, soldo ou subsídio",11,11,11,-,"11 - Artigo 28, inciso I, da Lei n° 8.212/91",11 - Artigos 3º e 7º da Lei nº 7.713/88,11 - Artigo 15 da Lei n° 8.036/90,"{""FGTS"": 11, ""INSS"": 11, ""IRRF"": 11, ""Analise"": ""-"", ""Rubrica"": ""ESTORNO DE PAGAMENTO"", ""Cod Rubrica"": 518, ""Cód Natureza"": ""1000 - Salário, vencimento, soldo ou subsídio"", ""Incid./Base Legal FGTS"": ""11 - Artigo 15 da Lei n° 8.036/90"", ""Incid./Base Legal INSS"": ""11 - Artigo 28, inciso I, da Lei n° 8.212/91"", ""Incid./Base Legal IRRF"": ""11 - Artigos 3º e 7º da Lei nº 7.713/88""}",2026-03-25 15:01:09.753784,,,,,,,,,,,,,,,,,,,,,,,,,,,,,,,,,,,,,,,,,,,,
577,1,577,519,DESC. CONTRIB. ASSISTENCIAL LABORAL,9232 - Contribuição Sindical - Assistencial,0,9,0,-,"0 - Artigo 28, § 9º da Lei n° 8.212/91",9 - Artigo 4º da Lei nº 9.250/95,0 - Artigo 15 da Lei n° 8.036/90,"{""FGTS"": 0, ""INSS"": 0, ""IRRF"": 9, ""Analise"": ""-"", ""Rubrica"": ""DESC. CONTRIB. ASSISTENCIAL LABORAL"", ""Cod Rubrica"": 519, ""Cód Natureza"": ""9232 - Contribuição Sindical - Assistencial"", ""Incid./Base Legal FGTS"": ""0 - Artigo 15 da Lei n° 8.036/90"", ""Incid./Base Legal INSS"": ""0 - Artigo 28, § 9º da Lei n° 8.212/91"", ""Incid./Base Legal IRRF"": ""9 - Artigo 4º da Lei nº 9.250/95""}",2026-03-25 15:01:09.753784,,,,,,,,,,,,,,,,,,,,,,,,,,,,,,,,,,,,,,,,,,,,
578,1,578,520,DESC. AVARIA,9299 - Outros descontos,0,0,0,Rubrica com inconsistência de IRRF,"0 - Artigo 28, § 9º da Lei n° 8.212/91",9 - Artigos 3º e 7º da Lei nº 7.713/88,"0 - Artigo 15, § 6º da Lei n° 8.036/90","{""FGTS"": 0, ""INSS"": 0, ""IRRF"": 0, ""Analise"": ""Rubrica com inconsistência de IRRF"", ""Rubrica"": ""DESC. AVARIA"", ""Cod Rubrica"": 520, ""Cód Natureza"": ""9299 - Outros descontos"", ""Incid./Base Legal FGTS"": ""0 - Artigo 15, § 6º da Lei n° 8.036/90"", ""Incid./Base Legal INSS"": ""0 - Artigo 28, § 9º da Lei n° 8.212/91"", ""Incid./Base Legal IRRF"": ""9 - Artigos 3º e 7º da Lei nº 7.713/88""}",2026-03-25 15:01:09.753784,,,,,,,,,,,,,,,,,,,,,,,,,,,,,,,,,,,,,,,,,,,,
579,1,579,521,DESC. AVISO PREVIO,6901 - Desconto do aviso-prévio,0,0,0,Rubrica com inconsistência de IRRF,"0 - Artigo 28, § 9º da Lei n° 8.212/91",9 - Artigos 3º e 7º da Lei nº 7.713/88,"0 - Artigo 15, § 6º da Lei n° 8.036/90","{""FGTS"": 0, ""INSS"": 0, ""IRRF"": 0, ""Analise"": ""Rubrica com inconsistência de IRRF"", ""Rubrica"": ""DESC. AVISO PREVIO"", ""Cod Rubrica"": 521, ""Cód Natureza"": ""6901 - Desconto do aviso-prévio"", ""Incid./Base Legal FGTS"": ""0 - Artigo 15, § 6º da Lei n° 8.036/90"", ""Incid./Base Legal INSS"": ""0 - Artigo 28, § 9º da Lei n° 8.212/91"", ""Incid./Base Legal IRRF"": ""9 - Artigos 3º e 7º da Lei nº 7.713/88""}",2026-03-25 15:01:09.753784,,,,,,,,,,,,,,,,,,,,,,,,,,,,,,,,,,,,,,,,,,,,
580,1,580,522,DESC. CO PARTICIPACAO A.M.,9299 - Outros descontos,0,0,0,Rubrica com inconsistência de IRRF,"0 - Artigo 28, § 9º da Lei n° 8.212/91",9 - Artigos 3º e 7º da Lei nº 7.713/88,"0 - Artigo 15, § 6º da Lei n° 8.036/90","{""FGTS"": 0, ""INSS"": 0, ""IRRF"": 0, ""Analise"": ""Rubrica com inconsistência de IRRF"", ""Rubrica"": ""DESC. CO PARTICIPACAO A.M."", ""Cod Rubrica"": 522, ""Cód Natureza"": ""9299 - Outros descontos"", ""Incid./Base Legal FGTS"": ""0 - Artigo 15, § 6º da Lei n° 8.036/90"", ""Incid./Base Legal INSS"": ""0 - Artigo 28, § 9º da Lei n° 8.212/91"", ""Incid./Base Legal IRRF"": ""9 - Artigos 3º e 7º da Lei nº 7.713/88""}",2026-03-25 15:01:09.753784,,,,,,,,,,,,,,,,,,,,,,,,,,,,,,,,,,,,,,,,,,,,
581,1,581,523,DESC. COMISSAO,"1207 - Comissões, percentagens ou produção",0,0,0,"Rubrica com inconsistência de INSS, IRRF e FGTS","11 - Artigo 28, inciso I, da Lei n° 8.212/91",11 - Artigos 3º e 7º da Lei nº 7.713/88,11 - Artigo 15 da Lei n° 8.036/90,"{""FGTS"": 0, ""INSS"": 0, ""IRRF"": 0, ""Analise"": ""Rubrica com inconsistência de INSS, IRRF e FGTS"", ""Rubrica"": ""DESC. COMISSAO"", ""Cod Rubrica"": 523, ""Cód Natureza"": ""1207 - Comissões, percentagens ou produção"", ""Incid./Base Legal FGTS"": ""11 - Artigo 15 da Lei n° 8.036/90"", ""Incid./Base Legal INSS"": ""11 - Artigo 28, inciso I, da Lei n° 8.212/91"", ""Incid./Base Legal IRRF"": ""11 - Artigos 3º e 7º da Lei nº 7.713/88""}",2026-03-25 15:01:09.753784,,,,,,,,,,,,,,,,,,,,,,,,,,,,,,,,,,,,,,,,,,,,
582,1,582,524,DESC. DIF. SALARIO,9290 - Desconto de pagamento indevido em meses anteriores,0,0,0,Rubrica com inconsistência de INSS e IRRF,"11 - Artigo 28, inciso I, da Lei n° 8.212/91",11 - Artigos 3º e 7º da Lei nº 7.713/88,11 - Artigo 15 da Lei n° 8.036/90,"{""FGTS"": 0, ""INSS"": 0, ""IRRF"": 0, ""Analise"": ""Rubrica com inconsistência de INSS e IRRF"", ""Rubrica"": ""DESC. DIF. SALARIO"", ""Cod Rubrica"": 524, ""Cód Natureza"": ""9290 - Desconto de pagamento indevido em meses anteriores"", ""Incid./Base Legal FGTS"": ""11 - Artigo 15 da Lei n° 8.036/90"", ""Incid./Base Legal INSS"": ""11 - Artigo 28, inciso I, da Lei n° 8.212/91"", ""Incid./Base Legal IRRF"": ""11 - Artigos 3º e 7º da Lei nº 7.713/88""}",2026-03-25 15:01:09.753784,,,,,,,,,,,,,,,,,,,,,,,,,,,,,,,,,,,,,,,,,,,,
583,1,583,"12 - Artigo 28, § 9º da Lei n° 8.212/91",13 - Artigos 3º e 7º da Lei nº 7.713/88,0 - Artigo 15 da Lei n° 8.036/90,,,,,,,,"{""Incid./Base Legal FGTS"": ""0 - Artigo 15 da Lei n° 8.036/90"", ""Incid./Base Legal INSS"": ""12 - Artigo 28, § 9º da Lei n° 8.212/91"", ""Incid./Base Legal IRRF"": ""13 - Artigos 3º e 7º da Lei nº 7.713/88""}",2026-03-25 15:01:09.753784,,,,,,,,,,,,,,,,,,,,,,,,,,,,,,,,,,,,,,,,,,,,
584,1,584,12 - Artigos 3º e 7º da Lei nº 7.713/88,,,,,,,,,,"{""Incid./Base Legal IRRF"": ""12 - Artigos 3º e 7º da Lei nº 7.713/88""}",2026-03-25 15:01:09.753784,,,,,,,,,,,,,,,,,,,,,,,,,,,,,,,,,,,,,,,,,,,,
585,1,585,525,DESC. PGTO. ANTECIPADO,9200 - Desconto de Adiantamentos,0,9,0,-,"0 - Artigo 28, § 9º da Lei n° 8.212/91",9 - Artigos 3º e 7º da Lei nº 7.713/88,"0 - Artigo 15, § 6º da Lei n° 8.036/90","{""FGTS"": 0, ""INSS"": 0, ""IRRF"": 9, ""Analise"": ""-"", ""Rubrica"": ""DESC. PGTO. ANTECIPADO"", ""Cod Rubrica"": 525, ""Cód Natureza"": ""9200 - Desconto de Adiantamentos"", ""Incid./Base Legal FGTS"": ""0 - Artigo 15, § 6º da Lei n° 8.036/90"", ""Incid./Base Legal INSS"": ""0 - Artigo 28, § 9º da Lei n° 8.212/91"", ""Incid./Base Legal IRRF"": ""9 - Artigos 3º e 7º da Lei nº 7.713/88""}",2026-03-25 15:01:09.753784,,,,,,,,,,,,,,,,,,,,,,,,,,,,,,,,,,,,,,,,,,,,
586,1,586,11 - Artigos 3º e 7º da Lei nº 7.713/88,,,,,,,,,,"{""Incid./Base Legal IRRF"": ""11 - Artigos 3º e 7º da Lei nº 7.713/88""}",2026-03-25 15:01:09.753784,,,,,,,,,,,,,,,,,,,,,,,,,,,,,,,,,,,,,,,,,,,,
587,1,587,526,DESC. PLR,9200 - Desconto de Adiantamentos,0,0,0,Rubrica com inconsistência de IRRF,"0 - Artigo 28, § 9º da Lei n° 8.212/91",9 - Artigos 3º e 7º da Lei nº 7.713/88,"0 - Artigo 15, § 6º da Lei n° 8.036/90","{""FGTS"": 0, ""INSS"": 0, ""IRRF"": 0, ""Analise"": ""Rubrica com inconsistência de IRRF"", ""Rubrica"": ""DESC. PLR"", ""Cod Rubrica"": 526, ""Cód Natureza"": ""9200 - Desconto de Adiantamentos"", ""Incid./Base Legal FGTS"": ""0 - Artigo 15, § 6º da Lei n° 8.036/90"", ""Incid./Base Legal INSS"": ""0 - Artigo 28, § 9º da Lei n° 8.212/91"", ""Incid./Base Legal IRRF"": ""9 - Artigos 3º e 7º da Lei nº 7.713/88""}",2026-03-25 15:01:09.753784,,,,,,,,,,,,,,,,,,,,,,,,,,,,,,,,,,,,,,,,,,,,
588,1,588,11 - Artigos 3º e 7º da Lei nº 7.713/88,,,,,,,,,,"{""Incid./Base Legal IRRF"": ""11 - Artigos 3º e 7º da Lei nº 7.713/88""}",2026-03-25 15:01:09.753784,,,,,,,,,,,,,,,,,,,,,,,,,,,,,,,,,,,,,,,,,,,,
589,1,589,527,DESC. PROGRAMA ASSIST. FAMILIAR (PAF),9232 - Contribuição Sindical - Assistencial,0,0,0,Rubrica com inconsistência de IRRF,"0 - Artigo 28, § 9º da Lei n° 8.212/91",9 - Artigo 4º da Lei nº 9.250/95,0 - Artigo 15 da Lei n° 8.036/90,"{""FGTS"": 0, ""INSS"": 0, ""IRRF"": 0, ""Analise"": ""Rubrica com inconsistência de IRRF"", ""Rubrica"": ""DESC. PROGRAMA ASSIST. FAMILIAR (PAF)"", ""Cod Rubrica"": 527, ""Cód Natureza"": ""9232 - Contribuição Sindical - Assistencial"", ""Incid./Base Legal FGTS"": ""0 - Artigo 15 da Lei n° 8.036/90"", ""Incid./Base Legal INSS"": ""0 - Artigo 28, § 9º da Lei n° 8.212/91"", ""Incid./Base Legal IRRF"": ""9 - Artigo 4º da Lei nº 9.250/95""}",2026-03-25 15:01:09.753784,,,,,,,,,,,,,,,,,,,,,,,,,,,,,,,,,,,,,,,,,,,,
590,1,590,528,DESC. QUEBRA CAIXA (FALTA DE CAIXA),6107 - Indenização por quebra de estabilidade,0,0,0,Rubrica com inconsistência de IRRF,"0 - Artigo 28, § 9º da Lei n° 8.212/91","74 - Artigo 35 do Decreto nº 9.580/2018, Solução Cosit nº 048/2015","0 - Artigo 15, § 6º da Lei n° 8.036/90","{""FGTS"": 0, ""INSS"": 0, ""IRRF"": 0, ""Analise"": ""Rubrica com inconsistência de IRRF"", ""Rubrica"": ""DESC. QUEBRA CAIXA (FALTA DE CAIXA)"", ""Cod Rubrica"": 528, ""Cód Natureza"": ""6107 - Indenização por quebra de estabilidade"", ""Incid./Base Legal FGTS"": ""0 - Artigo 15, § 6º da Lei n° 8.036/90"", ""Incid./Base Legal INSS"": ""0 - Artigo 28, § 9º da Lei n° 8.212/91"", ""Incid./Base Legal IRRF"": ""74 - Artigo 35 do Decreto nº 9.580/2018, Solução Cosit nº 048/2015""}",2026-03-25 15:01:09.753784,,,,,,,,,,,,,,,,,,,,,,,,,,,,,,,,,,,,,,,,,,,,
591,1,591,529,DESC. BENEFICIO SOC. FAMILIAR - 02/2015,9232 - Contribuição Sindical - Assistencial,0,0,0,Rubrica com inconsistência de IRRF,"0 - Artigo 28, § 9º da Lei n° 8.212/91",9 - Artigo 4º da Lei nº 9.250/95,0 - Artigo 15 da Lei n° 8.036/90,"{""FGTS"": 0, ""INSS"": 0, ""IRRF"": 0, ""Analise"": ""Rubrica com inconsistência de IRRF"", ""Rubrica"": ""DESC. BENEFICIO SOC. FAMILIAR - 02/2015"", ""Cod Rubrica"": 529, ""Cód Natureza"": ""9232 - Contribuição Sindical - Assistencial"", ""Incid./Base Legal FGTS"": ""0 - Artigo 15 da Lei n° 8.036/90"", ""Incid./Base Legal INSS"": ""0 - Artigo 28, § 9º da Lei n° 8.212/91"", ""Incid./Base Legal IRRF"": ""9 - Artigo 4º da Lei nº 9.250/95""}",2026-03-25 15:01:09.753784,,,,,,,,,,,,,,,,,,,,,,,,,,,,,,,,,,,,,,,,,,,,
592,1,592,530,DESC. VALE-TRANSP DISSIDIO 6%,9216 - Desconto de vale transporte,0,0,0,Rubrica com inconsistência de IRRF,"0 - Artigo 28, § 9º da Lei n° 8.212/91",9 - Artigos 3º e 7º da Lei nº 7.713/88,"0 - Artigo 15, § 6º da Lei n° 8.036/90","{""FGTS"": 0, ""INSS"": 0, ""IRRF"": 0, ""Analise"": ""Rubrica com inconsistência de IRRF"", ""Rubrica"": ""DESC. VALE-TRANSP DISSIDIO 6%"", ""Cod Rubrica"": 530, ""Cód Natureza"": ""9216 - Desconto de vale transporte"", ""Incid./Base Legal FGTS"": ""0 - Artigo 15, § 6º da Lei n° 8.036/90"", ""Incid./Base Legal INSS"": ""0 - Artigo 28, § 9º da Lei n° 8.212/91"", ""Incid./Base Legal IRRF"": ""9 - Artigos 3º e 7º da Lei nº 7.713/88""}",2026-03-25 15:01:09.753784,,,,,,,,,,,,,,,,,,,,,,,,,,,,,,,,,,,,,,,,,,,,
593,1,593,531,DESC. VA/ VR NAO UTILIZADO ATESTADO,"9243 - Cesta básica ou refeição, vinculada ao PAT - Desconto",0,9,0,-,"0 - Artigo 28, §9º da Lei n° 8.212/91",9 - Artigos 3º e 7º da Lei nº 7.713/88,0 - Artigo 15 da Lei n° 8.036/90,"{""FGTS"": 0, ""INSS"": 0, ""IRRF"": 9, ""Analise"": ""-"", ""Rubrica"": ""DESC. VA/ VR NAO UTILIZADO ATESTADO"", ""Cod Rubrica"": 531, ""Cód Natureza"": ""9243 - Cesta básica ou refeição, vinculada ao PAT - Desconto"", ""Incid./Base Legal FGTS"": ""0 - Artigo 15 da Lei n° 8.036/90"", ""Incid./Base Legal INSS"": ""0 - Artigo 28, §9º da Lei n° 8.212/91"", ""Incid./Base Legal IRRF"": ""9 - Artigos 3º e 7º da Lei nº 7.713/88""}",2026-03-25 15:01:09.753784,,,,,,,,,,,,,,,,,,,,,,,,,,,,,,,,,,,,,,,,,,,,
594,1,594,532,DESC. CONTRIB. COFEDERATIVA LABORAL,9233 - Contribuição sindical - Confederativa,0,0,0,Rubrica com inconsistência de IRRF,"0 - Artigo 28, § 9º da Lei n° 8.212/91",9 - Artigo 4º da Lei nº 9.250/95,0 - Artigo 15 da Lei n° 8.036/90,"{""FGTS"": 0, ""INSS"": 0, ""IRRF"": 0, ""Analise"": ""Rubrica com inconsistência de IRRF"", ""Rubrica"": ""DESC. CONTRIB. COFEDERATIVA LABORAL"", ""Cod Rubrica"": 532, ""Cód Natureza"": ""9233 - Contribuição sindical - Confederativa"", ""Incid./Base Legal FGTS"": ""0 - Artigo 15 da Lei n° 8.036/90"", ""Incid./Base Legal INSS"": ""0 - Artigo 28, § 9º da Lei n° 8.212/91"", ""Incid./Base Legal IRRF"": ""9 - Artigo 4º da Lei nº 9.250/95""}",2026-03-25 15:01:09.753784,,,,,,,,,,,,,,,,,,,,,,,,,,,,,,,,,,,,,,,,,,,,
595,1,595,533,DESC. BENEFICIO SOCIAL FAMILIAR,9232 - Contribuição Sindical - Assistencial,0,0,0,Rubrica com inconsistência de IRRF,"0 - Artigo 28, § 9º da Lei n° 8.212/91",9 - Artigo 4º da Lei nº 9.250/95,0 - Artigo 15 da Lei n° 8.036/90,"{""FGTS"": 0, ""INSS"": 0, ""IRRF"": 0, ""Analise"": ""Rubrica com inconsistência de IRRF"", ""Rubrica"": ""DESC. BENEFICIO SOCIAL FAMILIAR"", ""Cod Rubrica"": 533, ""Cód Natureza"": ""9232 - Contribuição Sindical - Assistencial"", ""Incid./Base Legal FGTS"": ""0 - Artigo 15 da Lei n° 8.036/90"", ""Incid./Base Legal INSS"": ""0 - Artigo 28, § 9º da Lei n° 8.212/91"", ""Incid./Base Legal IRRF"": ""9 - Artigo 4º da Lei nº 9.250/95""}",2026-03-25 15:01:09.753784,,,,,,,,,,,,,,,,,,,,,,,,,,,,,,,,,,,,,,,,,,,,
596,1,596,534,DESC. BENEFICIO SOCIAL FAMILIAR,9299 - Outros descontos,0,0,0,Rubrica com inconsistência de IRRF,"0 - Artigo 28, § 9º da Lei n° 8.212/91",9 - Artigos 3º e 7º da Lei nº 7.713/88,"0 - Artigo 15, § 6º da Lei n° 8.036/90","{""FGTS"": 0, ""INSS"": 0, ""IRRF"": 0, ""Analise"": ""Rubrica com inconsistência de IRRF"", ""Rubrica"": ""DESC. BENEFICIO SOCIAL FAMILIAR"", ""Cod Rubrica"": 534, ""Cód Natureza"": ""9299 - Outros descontos"", ""Incid./Base Legal FGTS"": ""0 - Artigo 15, § 6º da Lei n° 8.036/90"", ""Incid./Base Legal INSS"": ""0 - Artigo 28, § 9º da Lei n° 8.212/91"", ""Incid./Base Legal IRRF"": ""9 - Artigos 3º e 7º da Lei nº 7.713/88""}",2026-03-25 15:01:09.753784,,,,,,,,,,,,,,,,,,,,,,,,,,,,,,,,,,,,,,,,,,,,
597,1,597,535,DESC. CONTRIB. COLABORATIVA LABORAL,9233 - Contribuição sindical - Confederativa,0,0,0,Rubrica com inconsistência de IRRF,"0 - Artigo 28, § 9º da Lei n° 8.212/91",9 - Artigo 4º da Lei nº 9.250/95,0 - Artigo 15 da Lei n° 8.036/90,"{""FGTS"": 0, ""INSS"": 0, ""IRRF"": 0, ""Analise"": ""Rubrica com inconsistência de IRRF"", ""Rubrica"": ""DESC. CONTRIB. COLABORATIVA LABORAL"", ""Cod Rubrica"": 535, ""Cód Natureza"": ""9233 - Contribuição sindical - Confederativa"", ""Incid./Base Legal FGTS"": ""0 - Artigo 15 da Lei n° 8.036/90"", ""Incid./Base Legal INSS"": ""0 - Artigo 28, § 9º da Lei n° 8.212/91"", ""Incid./Base Legal IRRF"": ""9 - Artigo 4º da Lei nº 9.250/95""}",2026-03-25 15:01:09.753784,,,,,,,,,,,,,,,,,,,,,,,,,,,,,,,,,,,,,,,,,,,,
598,1,598,536,DESC. BENEFICIO SOCIAL FAMILIAR,9232 - Contribuição Sindical - Assistencial,0,0,0,Rubrica com inconsistência de IRRF,"0 - Artigo 28, § 9º da Lei n° 8.212/91",9 - Artigo 4º da Lei nº 9.250/95,0 - Artigo 15 da Lei n° 8.036/90,"{""FGTS"": 0, ""INSS"": 0, ""IRRF"": 0, ""Analise"": ""Rubrica com inconsistência de IRRF"", ""Rubrica"": ""DESC. BENEFICIO SOCIAL FAMILIAR"", ""Cod Rubrica"": 536, ""Cód Natureza"": ""9232 - Contribuição Sindical - Assistencial"", ""Incid./Base Legal FGTS"": ""0 - Artigo 15 da Lei n° 8.036/90"", ""Incid./Base Legal INSS"": ""0 - Artigo 28, § 9º da Lei n° 8.212/91"", ""Incid./Base Legal IRRF"": ""9 - Artigo 4º da Lei nº 9.250/95""}",2026-03-25 15:01:09.753784,,,,,,,,,,,,,,,,,,,,,,,,,,,,,,,,,,,,,,,,,,,,
599,1,599,537,DESC. ASSIST. MEDICA,9299 - Outros descontos,0,0,0,Rubrica com inconsistência de IRRF,"0 - Artigo 28, § 9º da Lei n° 8.212/91",9 - Artigos 3º e 7º da Lei nº 7.713/88,"0 - Artigo 15, § 6º da Lei n° 8.036/90","{""FGTS"": 0, ""INSS"": 0, ""IRRF"": 0, ""Analise"": ""Rubrica com inconsistência de IRRF"", ""Rubrica"": ""DESC. ASSIST. MEDICA"", ""Cod Rubrica"": 537, ""Cód Natureza"": ""9299 - Outros descontos"", ""Incid./Base Legal FGTS"": ""0 - Artigo 15, § 6º da Lei n° 8.036/90"", ""Incid./Base Legal INSS"": ""0 - Artigo 28, § 9º da Lei n° 8.212/91"", ""Incid./Base Legal IRRF"": ""9 - Artigos 3º e 7º da Lei nº 7.713/88""}",2026-03-25 15:01:09.753784,,,,,,,,,,,,,,,,,,,,,,,,,,,,,,,,,,,,,,,,,,,,
600,1,600,538,DESC. BENEFICIO SOCIAL FAMILIAR,9232 - Contribuição Sindical - Assistencial,0,0,0,Rubrica com inconsistência de IRRF,"0 - Artigo 28, § 9º da Lei n° 8.212/91",9 - Artigo 4º da Lei nº 9.250/95,0 - Artigo 15 da Lei n° 8.036/90,"{""FGTS"": 0, ""INSS"": 0, ""IRRF"": 0, ""Analise"": ""Rubrica com inconsistência de IRRF"", ""Rubrica"": ""DESC. BENEFICIO SOCIAL FAMILIAR"", ""Cod Rubrica"": 538, ""Cód Natureza"": ""9232 - Contribuição Sindical - Assistencial"", ""Incid./Base Legal FGTS"": ""0 - Artigo 15 da Lei n° 8.036/90"", ""Incid./Base Legal INSS"": ""0 - Artigo 28, § 9º da Lei n° 8.212/91"", ""Incid./Base Legal IRRF"": ""9 - Artigo 4º da Lei nº 9.250/95""}",2026-03-25 15:01:09.753784,,,,,,,,,,,,,,,,,,,,,,,,,,,,,,,,,,,,,,,,,,,,
624,1,624,560,DESC. FERIAS PAGAS,9299 - Outros descontos,0,9,0,-,"0 - Artigo 28, § 9º da Lei n° 8.212/91",9 - Artigos 3º e 7º da Lei nº 7.713/88,"0 - Artigo 15, § 6º da Lei n° 8.036/90","{""FGTS"": 0, ""INSS"": 0, ""IRRF"": 9, ""Analise"": ""-"", ""Rubrica"": ""DESC. FERIAS PAGAS"", ""Cod Rubrica"": 560, ""Cód Natureza"": ""9299 - Outros descontos"", ""Incid./Base Legal FGTS"": ""0 - Artigo 15, § 6º da Lei n° 8.036/90"", ""Incid./Base Legal INSS"": ""0 - Artigo 28, § 9º da Lei n° 8.212/91"", ""Incid./Base Legal IRRF"": ""9 - Artigos 3º e 7º da Lei nº 7.713/88""}",2026-03-25 15:01:09.753784,,,,,,,,,,,,,,,,,,,,,,,,,,,,,,,,,,,,,,,,,,,,
601,1,601,539,DESC. BENEFICIO SOCIAL FAMILIAR,9232 - Contribuição Sindical - Assistencial,0,0,0,Rubrica com inconsistência de IRRF,"0 - Artigo 28, § 9º da Lei n° 8.212/91",9 - Artigo 4º da Lei nº 9.250/95,0 - Artigo 15 da Lei n° 8.036/90,"{""FGTS"": 0, ""INSS"": 0, ""IRRF"": 0, ""Analise"": ""Rubrica com inconsistência de IRRF"", ""Rubrica"": ""DESC. BENEFICIO SOCIAL FAMILIAR"", ""Cod Rubrica"": 539, ""Cód Natureza"": ""9232 - Contribuição Sindical - Assistencial"", ""Incid./Base Legal FGTS"": ""0 - Artigo 15 da Lei n° 8.036/90"", ""Incid./Base Legal INSS"": ""0 - Artigo 28, § 9º da Lei n° 8.212/91"", ""Incid./Base Legal IRRF"": ""9 - Artigo 4º da Lei nº 9.250/95""}",2026-03-25 15:01:09.753784,,,,,,,,,,,,,,,,,,,,,,,,,,,,,,,,,,,,,,,,,,,,
602,1,602,540,DESC. SALDO NEGATIVO,2930 - Insuficiência de saldo,0,9,0,-,0 - Sem previsão legal.,9 - Sem previsão legal.,0 - Sem previsão legal.,"{""FGTS"": 0, ""INSS"": 0, ""IRRF"": 9, ""Analise"": ""-"", ""Rubrica"": ""DESC. SALDO NEGATIVO"", ""Cod Rubrica"": 540, ""Cód Natureza"": ""2930 - Insuficiência de saldo"", ""Incid./Base Legal FGTS"": ""0 - Sem previsão legal."", ""Incid./Base Legal INSS"": ""0 - Sem previsão legal."", ""Incid./Base Legal IRRF"": ""9 - Sem previsão legal.""}",2026-03-25 15:01:09.753784,,,,,,,,,,,,,,,,,,,,,,,,,,,,,,,,,,,,,,,,,,,,
603,1,603,541,DESC. ARREDONDAMENTO,2999 - Arredondamentos,0,9,0,-,"0 - Artigo 28, § 9º da Lei n° 8.212/91",9 - Artigos 3º e 7º da Lei nº 7.713/88,"0 - Artigo 15, § 6º da Lei n° 8.036/90","{""FGTS"": 0, ""INSS"": 0, ""IRRF"": 9, ""Analise"": ""-"", ""Rubrica"": ""DESC. ARREDONDAMENTO"", ""Cod Rubrica"": 541, ""Cód Natureza"": ""2999 - Arredondamentos"", ""Incid./Base Legal FGTS"": ""0 - Artigo 15, § 6º da Lei n° 8.036/90"", ""Incid./Base Legal INSS"": ""0 - Artigo 28, § 9º da Lei n° 8.212/91"", ""Incid./Base Legal IRRF"": ""9 - Artigos 3º e 7º da Lei nº 7.713/88""}",2026-03-25 15:01:09.753784,,,,,,,,,,,,,,,,,,,,,,,,,,,,,,,,,,,,,,,,,,,,
604,1,604,542,DESC. ADIANT. NORMAL(DENTRO DO MES),9200 - Desconto de Adiantamentos,0,11,0,-,"0 - Artigo 28, § 9º da Lei n° 8.212/91",9 - Artigos 3º e 7º da Lei nº 7.713/88,"0 - Artigo 15, § 6º da Lei n° 8.036/90","{""FGTS"": 0, ""INSS"": 0, ""IRRF"": 11, ""Analise"": ""-"", ""Rubrica"": ""DESC. ADIANT. NORMAL(DENTRO DO MES)"", ""Cod Rubrica"": 542, ""Cód Natureza"": ""9200 - Desconto de Adiantamentos"", ""Incid./Base Legal FGTS"": ""0 - Artigo 15, § 6º da Lei n° 8.036/90"", ""Incid./Base Legal INSS"": ""0 - Artigo 28, § 9º da Lei n° 8.212/91"", ""Incid./Base Legal IRRF"": ""9 - Artigos 3º e 7º da Lei nº 7.713/88""}",2026-03-25 15:01:09.753784,,,,,,,,,,,,,,,,,,,,,,,,,,,,,,,,,,,,,,,,,,,,
605,1,605,11 - Artigos 3º e 7º da Lei nº 7.713/88,,,,,,,,,,"{""Incid./Base Legal IRRF"": ""11 - Artigos 3º e 7º da Lei nº 7.713/88""}",2026-03-25 15:01:09.753784,,,,,,,,,,,,,,,,,,,,,,,,,,,,,,,,,,,,,,,,,,,,
606,1,606,543,DESC. VALE-TRANSP - CCT,9216 - Desconto de vale transporte,0,0,0,Rubrica com inconsistência de IRRF,"0 - Artigo 28, § 9º da Lei n° 8.212/91",9 - Artigos 3º e 7º da Lei nº 7.713/88,"0 - Artigo 15, § 6º da Lei n° 8.036/90","{""FGTS"": 0, ""INSS"": 0, ""IRRF"": 0, ""Analise"": ""Rubrica com inconsistência de IRRF"", ""Rubrica"": ""DESC. VALE-TRANSP - CCT"", ""Cod Rubrica"": 543, ""Cód Natureza"": ""9216 - Desconto de vale transporte"", ""Incid./Base Legal FGTS"": ""0 - Artigo 15, § 6º da Lei n° 8.036/90"", ""Incid./Base Legal INSS"": ""0 - Artigo 28, § 9º da Lei n° 8.212/91"", ""Incid./Base Legal IRRF"": ""9 - Artigos 3º e 7º da Lei nº 7.713/88""}",2026-03-25 15:01:09.753784,,,,,,,,,,,,,,,,,,,,,,,,,,,,,,,,,,,,,,,,,,,,
607,1,607,544,DESC. DIVERSOS,9299 - Outros descontos,0,0,0,Rubrica com inconsistência de IRRF,"0 - Artigo 28, § 9º da Lei n° 8.212/91",9 - Artigos 3º e 7º da Lei nº 7.713/88,"0 - Artigo 15, § 6º da Lei n° 8.036/90","{""FGTS"": 0, ""INSS"": 0, ""IRRF"": 0, ""Analise"": ""Rubrica com inconsistência de IRRF"", ""Rubrica"": ""DESC. DIVERSOS"", ""Cod Rubrica"": 544, ""Cód Natureza"": ""9299 - Outros descontos"", ""Incid./Base Legal FGTS"": ""0 - Artigo 15, § 6º da Lei n° 8.036/90"", ""Incid./Base Legal INSS"": ""0 - Artigo 28, § 9º da Lei n° 8.212/91"", ""Incid./Base Legal IRRF"": ""9 - Artigos 3º e 7º da Lei nº 7.713/88""}",2026-03-25 15:01:09.753784,,,,,,,,,,,,,,,,,,,,,,,,,,,,,,,,,,,,,,,,,,,,
608,1,608,545,DESC. EMPRESTIMO,9254 - Empréstimos consignados - desconto,0,0,0,Rubrica com inconsistência de IRRF,"0 - Artigo 28, § 9º da Lei n° 8.212/91",9 - Artigo 7º da Lei nº 8.134/90,"0 - Artigo 15, § 6º da Lei n° 8.036/90","{""FGTS"": 0, ""INSS"": 0, ""IRRF"": 0, ""Analise"": ""Rubrica com inconsistência de IRRF"", ""Rubrica"": ""DESC. EMPRESTIMO"", ""Cod Rubrica"": 545, ""Cód Natureza"": ""9254 - Empréstimos consignados - desconto"", ""Incid./Base Legal FGTS"": ""0 - Artigo 15, § 6º da Lei n° 8.036/90"", ""Incid./Base Legal INSS"": ""0 - Artigo 28, § 9º da Lei n° 8.212/91"", ""Incid./Base Legal IRRF"": ""9 - Artigo 7º da Lei nº 8.134/90""}",2026-03-25 15:01:09.753784,,,,,,,,,,,,,,,,,,,,,,,,,,,,,,,,,,,,,,,,,,,,
609,1,609,546,DESC. ADIANT. NORMAL (FORAMES),9200 - Desconto de Adiantamentos,0,11,0,-,"0 - Artigo 28, § 9º da Lei n° 8.212/91",9 - Artigos 3º e 7º da Lei nº 7.713/88,"0 - Artigo 15, § 6º da Lei n° 8.036/90","{""FGTS"": 0, ""INSS"": 0, ""IRRF"": 11, ""Analise"": ""-"", ""Rubrica"": ""DESC. ADIANT. NORMAL (FORAMES)"", ""Cod Rubrica"": 546, ""Cód Natureza"": ""9200 - Desconto de Adiantamentos"", ""Incid./Base Legal FGTS"": ""0 - Artigo 15, § 6º da Lei n° 8.036/90"", ""Incid./Base Legal INSS"": ""0 - Artigo 28, § 9º da Lei n° 8.212/91"", ""Incid./Base Legal IRRF"": ""9 - Artigos 3º e 7º da Lei nº 7.713/88""}",2026-03-25 15:01:09.753784,,,,,,,,,,,,,,,,,,,,,,,,,,,,,,,,,,,,,,,,,,,,
610,1,610,11 - Artigos 3º e 7º da Lei nº 7.713/88,,,,,,,,,,"{""Incid./Base Legal IRRF"": ""11 - Artigos 3º e 7º da Lei nº 7.713/88""}",2026-03-25 15:01:09.753784,,,,,,,,,,,,,,,,,,,,,,,,,,,,,,,,,,,,,,,,,,,,
611,1,611,547,DESC. ESTACIONAMENTO,9299 - Outros descontos,0,0,0,Rubrica com inconsistência de IRRF,"0 - Artigo 28, § 9º da Lei n° 8.212/91",9 - Artigos 3º e 7º da Lei nº 7.713/88,"0 - Artigo 15, § 6º da Lei n° 8.036/90","{""FGTS"": 0, ""INSS"": 0, ""IRRF"": 0, ""Analise"": ""Rubrica com inconsistência de IRRF"", ""Rubrica"": ""DESC. ESTACIONAMENTO"", ""Cod Rubrica"": 547, ""Cód Natureza"": ""9299 - Outros descontos"", ""Incid./Base Legal FGTS"": ""0 - Artigo 15, § 6º da Lei n° 8.036/90"", ""Incid./Base Legal INSS"": ""0 - Artigo 28, § 9º da Lei n° 8.212/91"", ""Incid./Base Legal IRRF"": ""9 - Artigos 3º e 7º da Lei nº 7.713/88""}",2026-03-25 15:01:09.753784,,,,,,,,,,,,,,,,,,,,,,,,,,,,,,,,,,,,,,,,,,,,
612,1,612,548,DESC. VR NAO UTILIZADO,"9243 - Cesta básica ou refeição, vinculada ao PAT - Desconto",0,9,0,-,"0 - Artigo 28, §9º da Lei n° 8.212/91",9 - Artigos 3º e 7º da Lei nº 7.713/88,0 - Artigo 15 da Lei n° 8.036/90,"{""FGTS"": 0, ""INSS"": 0, ""IRRF"": 9, ""Analise"": ""-"", ""Rubrica"": ""DESC. VR NAO UTILIZADO"", ""Cod Rubrica"": 548, ""Cód Natureza"": ""9243 - Cesta básica ou refeição, vinculada ao PAT - Desconto"", ""Incid./Base Legal FGTS"": ""0 - Artigo 15 da Lei n° 8.036/90"", ""Incid./Base Legal INSS"": ""0 - Artigo 28, §9º da Lei n° 8.212/91"", ""Incid./Base Legal IRRF"": ""9 - Artigos 3º e 7º da Lei nº 7.713/88""}",2026-03-25 15:01:09.753784,,,,,,,,,,,,,,,,,,,,,,,,,,,,,,,,,,,,,,,,,,,,
613,1,613,549,DESC. EXTRAVIO MAT EMPRESA,9299 - Outros descontos,0,0,0,Rubrica com inconsistência de IRRF,"0 - Artigo 28, § 9º da Lei n° 8.212/91",9 - Artigos 3º e 7º da Lei nº 7.713/88,"0 - Artigo 15, § 6º da Lei n° 8.036/90","{""FGTS"": 0, ""INSS"": 0, ""IRRF"": 0, ""Analise"": ""Rubrica com inconsistência de IRRF"", ""Rubrica"": ""DESC. EXTRAVIO MAT EMPRESA"", ""Cod Rubrica"": 549, ""Cód Natureza"": ""9299 - Outros descontos"", ""Incid./Base Legal FGTS"": ""0 - Artigo 15, § 6º da Lei n° 8.036/90"", ""Incid./Base Legal INSS"": ""0 - Artigo 28, § 9º da Lei n° 8.212/91"", ""Incid./Base Legal IRRF"": ""9 - Artigos 3º e 7º da Lei nº 7.713/88""}",2026-03-25 15:01:09.753784,,,,,,,,,,,,,,,,,,,,,,,,,,,,,,,,,,,,,,,,,,,,
614,1,614,550,DESC. PAGTO. INDEVIDO,9299 - Outros descontos,0,0,0,Rubrica com inconsistência de IRRF,"0 - Artigo 28, § 9º da Lei n° 8.212/91",9 - Artigos 3º e 7º da Lei nº 7.713/88,"0 - Artigo 15, § 6º da Lei n° 8.036/90","{""FGTS"": 0, ""INSS"": 0, ""IRRF"": 0, ""Analise"": ""Rubrica com inconsistência de IRRF"", ""Rubrica"": ""DESC. PAGTO. INDEVIDO"", ""Cod Rubrica"": 550, ""Cód Natureza"": ""9299 - Outros descontos"", ""Incid./Base Legal FGTS"": ""0 - Artigo 15, § 6º da Lei n° 8.036/90"", ""Incid./Base Legal INSS"": ""0 - Artigo 28, § 9º da Lei n° 8.212/91"", ""Incid./Base Legal IRRF"": ""9 - Artigos 3º e 7º da Lei nº 7.713/88""}",2026-03-25 15:01:09.753784,,,,,,,,,,,,,,,,,,,,,,,,,,,,,,,,,,,,,,,,,,,,
615,1,615,551,DESC. ANTECIPACAO 13º SALARIO,9214 - 13° salário - desconto de adiantamento,0,0,0,Rubrica com inconsistência de IRRF e FGTS,"0 - Artigo 28, § 9º, da Lei n° 8.212/91",9 - Artigos 26 da Lei nº 7.713/88,12 - Artigo 15 da Lei n° 8.036/90,"{""FGTS"": 0, ""INSS"": 0, ""IRRF"": 0, ""Analise"": ""Rubrica com inconsistência de IRRF e FGTS"", ""Rubrica"": ""DESC. ANTECIPACAO 13º SALARIO"", ""Cod Rubrica"": 551, ""Cód Natureza"": ""9214 - 13° salário - desconto de adiantamento"", ""Incid./Base Legal FGTS"": ""12 - Artigo 15 da Lei n° 8.036/90"", ""Incid./Base Legal INSS"": ""0 - Artigo 28, § 9º, da Lei n° 8.212/91"", ""Incid./Base Legal IRRF"": ""9 - Artigos 26 da Lei nº 7.713/88""}",2026-03-25 15:01:09.753784,,,,,,,,,,,,,,,,,,,,,,,,,,,,,,,,,,,,,,,,,,,,
616,1,616,552,DESC. CONTRIB. ASSISTENCIAL LABORAL,9232 - Contribuição Sindical - Assistencial,0,0,0,Rubrica com inconsistência de IRRF,"0 - Artigo 28, § 9º da Lei n° 8.212/91",9 - Artigo 4º da Lei nº 9.250/95,0 - Artigo 15 da Lei n° 8.036/90,"{""FGTS"": 0, ""INSS"": 0, ""IRRF"": 0, ""Analise"": ""Rubrica com inconsistência de IRRF"", ""Rubrica"": ""DESC. CONTRIB. ASSISTENCIAL LABORAL"", ""Cod Rubrica"": 552, ""Cód Natureza"": ""9232 - Contribuição Sindical - Assistencial"", ""Incid./Base Legal FGTS"": ""0 - Artigo 15 da Lei n° 8.036/90"", ""Incid./Base Legal INSS"": ""0 - Artigo 28, § 9º da Lei n° 8.212/91"", ""Incid./Base Legal IRRF"": ""9 - Artigo 4º da Lei nº 9.250/95""}",2026-03-25 15:01:09.753784,,,,,,,,,,,,,,,,,,,,,,,,,,,,,,,,,,,,,,,,,,,,
617,1,617,553,DESC. 13º SALARIO PAGO,9214 - 13° salário - desconto de adiantamento,0,0,0,Rubrica com inconsistência de IRRF e FGTS,"0 - Artigo 28, § 9º, da Lei n° 8.212/91",9 - Artigos 26 da Lei nº 7.713/88,12 - Artigo 15 da Lei n° 8.036/90,"{""FGTS"": 0, ""INSS"": 0, ""IRRF"": 0, ""Analise"": ""Rubrica com inconsistência de IRRF e FGTS"", ""Rubrica"": ""DESC. 13º SALARIO PAGO"", ""Cod Rubrica"": 553, ""Cód Natureza"": ""9214 - 13° salário - desconto de adiantamento"", ""Incid./Base Legal FGTS"": ""12 - Artigo 15 da Lei n° 8.036/90"", ""Incid./Base Legal INSS"": ""0 - Artigo 28, § 9º, da Lei n° 8.212/91"", ""Incid./Base Legal IRRF"": ""9 - Artigos 26 da Lei nº 7.713/88""}",2026-03-25 15:01:09.753784,,,,,,,,,,,,,,,,,,,,,,,,,,,,,,,,,,,,,,,,,,,,
618,1,618,554,DESC. 13º SALARIO,9214 - 13° salário - desconto de adiantamento,12,12,12,Rubrica com inconsistência de INSS e IRRF,"0 - Artigo 28, § 9º, da Lei n° 8.212/91",9 - Artigos 26 da Lei nº 7.713/88,12 - Artigo 15 da Lei n° 8.036/90,"{""FGTS"": 12, ""INSS"": 12, ""IRRF"": 12, ""Analise"": ""Rubrica com inconsistência de INSS e IRRF"", ""Rubrica"": ""DESC. 13º SALARIO"", ""Cod Rubrica"": 554, ""Cód Natureza"": ""9214 - 13° salário - desconto de adiantamento"", ""Incid./Base Legal FGTS"": ""12 - Artigo 15 da Lei n° 8.036/90"", ""Incid./Base Legal INSS"": ""0 - Artigo 28, § 9º, da Lei n° 8.212/91"", ""Incid./Base Legal IRRF"": ""9 - Artigos 26 da Lei nº 7.713/88""}",2026-03-25 15:01:09.753784,,,,,,,,,,,,,,,,,,,,,,,,,,,,,,,,,,,,,,,,,,,,
619,1,619,555,DESC. 13º SALARIO ANTECIPADO,9214 - 13° salário - desconto de adiantamento,0,0,12,Rubrica com inconsistência de IRRF,"0 - Artigo 28, § 9º, da Lei n° 8.212/91",9 - Artigos 26 da Lei nº 7.713/88,12 - Artigo 15 da Lei n° 8.036/90,"{""FGTS"": 12, ""INSS"": 0, ""IRRF"": 0, ""Analise"": ""Rubrica com inconsistência de IRRF"", ""Rubrica"": ""DESC. 13º SALARIO ANTECIPADO"", ""Cod Rubrica"": 555, ""Cód Natureza"": ""9214 - 13° salário - desconto de adiantamento"", ""Incid./Base Legal FGTS"": ""12 - Artigo 15 da Lei n° 8.036/90"", ""Incid./Base Legal INSS"": ""0 - Artigo 28, § 9º, da Lei n° 8.212/91"", ""Incid./Base Legal IRRF"": ""9 - Artigos 26 da Lei nº 7.713/88""}",2026-03-25 15:01:09.753784,,,,,,,,,,,,,,,,,,,,,,,,,,,,,,,,,,,,,,,,,,,,
620,1,620,556,DESC. MEDIAS ANTECIPACAO 13º SALARIO,9214 - 13° salário - desconto de adiantamento,0,0,12,Rubrica com inconsistência de IRRF,"0 - Artigo 28, § 9º, da Lei n° 8.212/91",9 - Artigos 26 da Lei nº 7.713/88,12 - Artigo 15 da Lei n° 8.036/90,"{""FGTS"": 12, ""INSS"": 0, ""IRRF"": 0, ""Analise"": ""Rubrica com inconsistência de IRRF"", ""Rubrica"": ""DESC. MEDIAS ANTECIPACAO 13º SALARIO"", ""Cod Rubrica"": 556, ""Cód Natureza"": ""9214 - 13° salário - desconto de adiantamento"", ""Incid./Base Legal FGTS"": ""12 - Artigo 15 da Lei n° 8.036/90"", ""Incid./Base Legal INSS"": ""0 - Artigo 28, § 9º, da Lei n° 8.212/91"", ""Incid./Base Legal IRRF"": ""9 - Artigos 26 da Lei nº 7.713/88""}",2026-03-25 15:01:09.753784,,,,,,,,,,,,,,,,,,,,,,,,,,,,,,,,,,,,,,,,,,,,
621,1,621,557,DESC. ADIC. PERICULOSIDADE S/1ª PARCEL 13ª SALARIO,9214 - 13° salário - desconto de adiantamento,0,0,12,Rubrica com inconsistência de IRRF,"0 - Artigo 28, § 9º, da Lei n° 8.212/91",9 - Artigos 26 da Lei nº 7.713/88,12 - Artigo 15 da Lei n° 8.036/90,"{""FGTS"": 12, ""INSS"": 0, ""IRRF"": 0, ""Analise"": ""Rubrica com inconsistência de IRRF"", ""Rubrica"": ""DESC. ADIC. PERICULOSIDADE S/1ª PARCEL 13ª SALARIO"", ""Cod Rubrica"": 557, ""Cód Natureza"": ""9214 - 13° salário - desconto de adiantamento"", ""Incid./Base Legal FGTS"": ""12 - Artigo 15 da Lei n° 8.036/90"", ""Incid./Base Legal INSS"": ""0 - Artigo 28, § 9º, da Lei n° 8.212/91"", ""Incid./Base Legal IRRF"": ""9 - Artigos 26 da Lei nº 7.713/88""}",2026-03-25 15:01:09.753784,,,,,,,,,,,,,,,,,,,,,,,,,,,,,,,,,,,,,,,,,,,,
622,1,622,558,DESC. ANTEC. ADIC. INSALUBRIDADE S/13º 1ª PARCELA,9214 - 13° salário - desconto de adiantamento,0,0,12,Rubrica com inconsistência de IRRF,"0 - Artigo 28, § 9º, da Lei n° 8.212/91",9 - Artigos 26 da Lei nº 7.713/88,12 - Artigo 15 da Lei n° 8.036/90,"{""FGTS"": 12, ""INSS"": 0, ""IRRF"": 0, ""Analise"": ""Rubrica com inconsistência de IRRF"", ""Rubrica"": ""DESC. ANTEC. ADIC. INSALUBRIDADE S/13º 1ª PARCELA"", ""Cod Rubrica"": 558, ""Cód Natureza"": ""9214 - 13° salário - desconto de adiantamento"", ""Incid./Base Legal FGTS"": ""12 - Artigo 15 da Lei n° 8.036/90"", ""Incid./Base Legal INSS"": ""0 - Artigo 28, § 9º, da Lei n° 8.212/91"", ""Incid./Base Legal IRRF"": ""9 - Artigos 26 da Lei nº 7.713/88""}",2026-03-25 15:01:09.753784,,,,,,,,,,,,,,,,,,,,,,,,,,,,,,,,,,,,,,,,,,,,
623,1,623,559,DESC. BENEFICIO SOCIAL FAMILIAR,9232 - Contribuição Sindical - Assistencial,0,0,0,Rubrica com inconsistência de IRRF,"0 - Artigo 28, § 9º da Lei n° 8.212/91",9 - Artigo 4º da Lei nº 9.250/95,0 - Artigo 15 da Lei n° 8.036/90,"{""FGTS"": 0, ""INSS"": 0, ""IRRF"": 0, ""Analise"": ""Rubrica com inconsistência de IRRF"", ""Rubrica"": ""DESC. BENEFICIO SOCIAL FAMILIAR"", ""Cod Rubrica"": 559, ""Cód Natureza"": ""9232 - Contribuição Sindical - Assistencial"", ""Incid./Base Legal FGTS"": ""0 - Artigo 15 da Lei n° 8.036/90"", ""Incid./Base Legal INSS"": ""0 - Artigo 28, § 9º da Lei n° 8.212/91"", ""Incid./Base Legal IRRF"": ""9 - Artigo 4º da Lei nº 9.250/95""}",2026-03-25 15:01:09.753784,,,,,,,,,,,,,,,,,,,,,,,,,,,,,,,,,,,,,,,,,,,,
828,1,828,11 - Artigos 3º e 7º da Lei nº 7.713/88,,,,,,,,,,"{""Incid./Base Legal IRRF"": ""11 - Artigos 3º e 7º da Lei nº 7.713/88""}",2026-03-25 15:01:09.753784,,,,,,,,,,,,,,,,,,,,,,,,,,,,,,,,,,,,,,,,,,,,
625,1,625,561,DESC. ANTECIPACAO 13º SALARIO (FERIAS) PARA ABATER,9214 - 13° salário - desconto de adiantamento,0,0,0,Rubrica com inconsistência de IRRF e FGTS,"0 - Artigo 28, § 9º, da Lei n° 8.212/91",9 - Artigos 26 da Lei nº 7.713/88,12 - Artigo 15 da Lei n° 8.036/90,"{""FGTS"": 0, ""INSS"": 0, ""IRRF"": 0, ""Analise"": ""Rubrica com inconsistência de IRRF e FGTS"", ""Rubrica"": ""DESC. ANTECIPACAO 13º SALARIO (FERIAS) PARA ABATER"", ""Cod Rubrica"": 561, ""Cód Natureza"": ""9214 - 13° salário - desconto de adiantamento"", ""Incid./Base Legal FGTS"": ""12 - Artigo 15 da Lei n° 8.036/90"", ""Incid./Base Legal INSS"": ""0 - Artigo 28, § 9º, da Lei n° 8.212/91"", ""Incid./Base Legal IRRF"": ""9 - Artigos 26 da Lei nº 7.713/88""}",2026-03-25 15:01:09.753784,,,,,,,,,,,,,,,,,,,,,,,,,,,,,,,,,,,,,,,,,,,,
626,1,626,562,DESC. EXTRAVIO CELULAR,9299 - Outros descontos,0,0,0,Rubrica com inconsistência de IRRF,"0 - Artigo 28, § 9º da Lei n° 8.212/91",9 - Artigos 3º e 7º da Lei nº 7.713/88,"0 - Artigo 15, § 6º da Lei n° 8.036/90","{""FGTS"": 0, ""INSS"": 0, ""IRRF"": 0, ""Analise"": ""Rubrica com inconsistência de IRRF"", ""Rubrica"": ""DESC. EXTRAVIO CELULAR"", ""Cod Rubrica"": 562, ""Cód Natureza"": ""9299 - Outros descontos"", ""Incid./Base Legal FGTS"": ""0 - Artigo 15, § 6º da Lei n° 8.036/90"", ""Incid./Base Legal INSS"": ""0 - Artigo 28, § 9º da Lei n° 8.212/91"", ""Incid./Base Legal IRRF"": ""9 - Artigos 3º e 7º da Lei nº 7.713/88""}",2026-03-25 15:01:09.753784,,,,,,,,,,,,,,,,,,,,,,,,,,,,,,,,,,,,,,,,,,,,
627,1,627,563,LIQUIDO EM INDEVIDO,9299 - Outros descontos,0,0,0,Rubrica com inconsistência de IRRF,"0 - Artigo 28, § 9º da Lei n° 8.212/91",9 - Artigos 3º e 7º da Lei nº 7.713/88,"0 - Artigo 15, § 6º da Lei n° 8.036/90","{""FGTS"": 0, ""INSS"": 0, ""IRRF"": 0, ""Analise"": ""Rubrica com inconsistência de IRRF"", ""Rubrica"": ""LIQUIDO EM INDEVIDO"", ""Cod Rubrica"": 563, ""Cód Natureza"": ""9299 - Outros descontos"", ""Incid./Base Legal FGTS"": ""0 - Artigo 15, § 6º da Lei n° 8.036/90"", ""Incid./Base Legal INSS"": ""0 - Artigo 28, § 9º da Lei n° 8.212/91"", ""Incid./Base Legal IRRF"": ""9 - Artigos 3º e 7º da Lei nº 7.713/88""}",2026-03-25 15:01:09.753784,,,,,,,,,,,,,,,,,,,,,,,,,,,,,,,,,,,,,,,,,,,,
628,1,628,564,DESC. 2ª VIA CARTAO ALIMENTACAO,9299 - Outros descontos,0,9,0,-,"0 - Artigo 28, § 9º da Lei n° 8.212/91",9 - Artigos 3º e 7º da Lei nº 7.713/88,"0 - Artigo 15, § 6º da Lei n° 8.036/90","{""FGTS"": 0, ""INSS"": 0, ""IRRF"": 9, ""Analise"": ""-"", ""Rubrica"": ""DESC. 2ª VIA CARTAO ALIMENTACAO"", ""Cod Rubrica"": 564, ""Cód Natureza"": ""9299 - Outros descontos"", ""Incid./Base Legal FGTS"": ""0 - Artigo 15, § 6º da Lei n° 8.036/90"", ""Incid./Base Legal INSS"": ""0 - Artigo 28, § 9º da Lei n° 8.212/91"", ""Incid./Base Legal IRRF"": ""9 - Artigos 3º e 7º da Lei nº 7.713/88""}",2026-03-25 15:01:09.753784,,,,,,,,,,,,,,,,,,,,,,,,,,,,,,,,,,,,,,,,,,,,
629,1,629,565,DESC. H E 60% - MES ANTERIOR,1003 - Horas extraordinárias,11,11,11,-,"11 - Artigo 28, inciso I, da Lei n° 8.212/91",11 - Artigos 3º e 7º da Lei nº 7.713/88,11 - Artigo 15 da Lei n° 8.036/90,"{""FGTS"": 11, ""INSS"": 11, ""IRRF"": 11, ""Analise"": ""-"", ""Rubrica"": ""DESC. H E 60% - MES ANTERIOR"", ""Cod Rubrica"": 565, ""Cód Natureza"": ""1003 - Horas extraordinárias"", ""Incid./Base Legal FGTS"": ""11 - Artigo 15 da Lei n° 8.036/90"", ""Incid./Base Legal INSS"": ""11 - Artigo 28, inciso I, da Lei n° 8.212/91"", ""Incid./Base Legal IRRF"": ""11 - Artigos 3º e 7º da Lei nº 7.713/88""}",2026-03-25 15:01:09.753784,,,,,,,,,,,,,,,,,,,,,,,,,,,,,,,,,,,,,,,,,,,,
630,1,630,566,DESC. I.N.S.S.,9201 - Contribuição Previdenciária,31,11,0,Rubrica com inconsistência de IRRF,"31 - Artigo 28, § 9º da Lei n° 8.212/91","41 - Artigo 4º, inciso IV, da Lei nº 9.250/95",0 - Artigo 15 da Lei n° 8.036/90,"{""FGTS"": 0, ""INSS"": 31, ""IRRF"": 11, ""Analise"": ""Rubrica com inconsistência de IRRF"", ""Rubrica"": ""DESC. I.N.S.S."", ""Cod Rubrica"": 566, ""Cód Natureza"": ""9201 - Contribuição Previdenciária"", ""Incid./Base Legal FGTS"": ""0 - Artigo 15 da Lei n° 8.036/90"", ""Incid./Base Legal INSS"": ""31 - Artigo 28, § 9º da Lei n° 8.212/91"", ""Incid./Base Legal IRRF"": ""41 - Artigo 4º, inciso IV, da Lei nº 9.250/95""}",2026-03-25 15:01:09.753784,,,,,,,,,,,,,,,,,,,,,,,,,,,,,,,,,,,,,,,,,,,,
631,1,631,"32 - Artigo 28, § 9º da Lei n° 8.212/91","42 - Artigo 4º, inciso IV, da Lei nº 9.250/95",,,,,,,,,"{""Incid./Base Legal INSS"": ""32 - Artigo 28, § 9º da Lei n° 8.212/91"", ""Incid./Base Legal IRRF"": ""42 - Artigo 4º, inciso IV, da Lei nº 9.250/95""}",2026-03-25 15:01:09.753784,,,,,,,,,,,,,,,,,,,,,,,,,,,,,,,,,,,,,,,,,,,,
632,1,632,"9 - Artigo 4º, inciso IV, da Lei nº 9.250/95",,,,,,,,,,"{""Incid./Base Legal IRRF"": ""9 - Artigo 4º, inciso IV, da Lei nº 9.250/95""}",2026-03-25 15:01:09.753784,,,,,,,,,,,,,,,,,,,,,,,,,,,,,,,,,,,,,,,,,,,,
633,1,633,567,LIQ EM DUPLIC 07-2015 13ºSAL,9299 - Outros descontos,0,0,0,Rubrica com inconsistência de IRRF,"0 - Artigo 28, § 9º da Lei n° 8.212/91",9 - Artigos 3º e 7º da Lei nº 7.713/88,"0 - Artigo 15, § 6º da Lei n° 8.036/90","{""FGTS"": 0, ""INSS"": 0, ""IRRF"": 0, ""Analise"": ""Rubrica com inconsistência de IRRF"", ""Rubrica"": ""LIQ EM DUPLIC 07-2015 13ºSAL"", ""Cod Rubrica"": 567, ""Cód Natureza"": ""9299 - Outros descontos"", ""Incid./Base Legal FGTS"": ""0 - Artigo 15, § 6º da Lei n° 8.036/90"", ""Incid./Base Legal INSS"": ""0 - Artigo 28, § 9º da Lei n° 8.212/91"", ""Incid./Base Legal IRRF"": ""9 - Artigos 3º e 7º da Lei nº 7.713/88""}",2026-03-25 15:01:09.753784,,,,,,,,,,,,,,,,,,,,,,,,,,,,,,,,,,,,,,,,,,,,
634,1,634,568,DESC. PAGTO DIF VALE ALIMENTACAO,"9241 - Alimentação em ticket ou cartão, vinculada ao PAT - Desconto",0,9,0,-,"0 - Artigo 28, §9º da Lei n° 8.212/91",9 - Artigos 3º e 7º da Lei nº 7.713/88,0 - Artigo 15 da Lei n° 8.036/90,"{""FGTS"": 0, ""INSS"": 0, ""IRRF"": 9, ""Analise"": ""-"", ""Rubrica"": ""DESC. PAGTO DIF VALE ALIMENTACAO"", ""Cod Rubrica"": 568, ""Cód Natureza"": ""9241 - Alimentação em ticket ou cartão, vinculada ao PAT - Desconto"", ""Incid./Base Legal FGTS"": ""0 - Artigo 15 da Lei n° 8.036/90"", ""Incid./Base Legal INSS"": ""0 - Artigo 28, §9º da Lei n° 8.212/91"", ""Incid./Base Legal IRRF"": ""9 - Artigos 3º e 7º da Lei nº 7.713/88""}",2026-03-25 15:01:09.753784,,,,,,,,,,,,,,,,,,,,,,,,,,,,,,,,,,,,,,,,,,,,
635,1,635,569,DESC. I.R.F. S/ PARTICIPACAO NOS LUCROS,9203 - Imposto de renda retido na fonte,0,0,0,Rubrica com inconsistência de IRRF,"0 - Artigo 28, § 9º da Lei n° 8.212/91",31 - Artigos 26 da Lei nº 7.713/88 e artigo 16 da Lei nº 8.134/90,"0 - Artigo 15, § 6º da Lei n° 8.036/90","{""FGTS"": 0, ""INSS"": 0, ""IRRF"": 0, ""Analise"": ""Rubrica com inconsistência de IRRF"", ""Rubrica"": ""DESC. I.R.F. S/ PARTICIPACAO NOS LUCROS"", ""Cod Rubrica"": 569, ""Cód Natureza"": ""9203 - Imposto de renda retido na fonte"", ""Incid./Base Legal FGTS"": ""0 - Artigo 15, § 6º da Lei n° 8.036/90"", ""Incid./Base Legal INSS"": ""0 - Artigo 28, § 9º da Lei n° 8.212/91"", ""Incid./Base Legal IRRF"": ""31 - Artigos 26 da Lei nº 7.713/88 e artigo 16 da Lei nº 8.134/90""}",2026-03-25 15:01:09.753784,,,,,,,,,,,,,,,,,,,,,,,,,,,,,,,,,,,,,,,,,,,,
636,1,636,33 - Artigos 3° inciso II e § 4º da Lei nº 7.713/88 e Ato Declaratório PGFN nº 06/2008,,,,,,,,,,"{""Incid./Base Legal IRRF"": ""33 - Artigos 3° inciso II e § 4º da Lei nº 7.713/88 e Ato Declaratório PGFN nº 06/2008""}",2026-03-25 15:01:09.753784,,,,,,,,,,,,,,,,,,,,,,,,,,,,,,,,,,,,,,,,,,,,
637,1,637,32 - Artigos 26 da Lei nº 7.713/88 e artigo 16 da Lei nº 8.134/90,,,,,,,,,,"{""Incid./Base Legal IRRF"": ""32 - Artigos 26 da Lei nº 7.713/88 e artigo 16 da Lei nº 8.134/90""}",2026-03-25 15:01:09.753784,,,,,,,,,,,,,,,,,,,,,,,,,,,,,,,,,,,,,,,,,,,,
638,1,638,"34 - Artigo 2º, §§ 5º a 7º, da Lei nº 10.101/2000",,,,,,,,,,"{""Incid./Base Legal IRRF"": ""34 - Artigo 2º, §§ 5º a 7º, da Lei nº 10.101/2000""}",2026-03-25 15:01:09.753784,,,,,,,,,,,,,,,,,,,,,,,,,,,,,,,,,,,,,,,,,,,,
639,1,639,570,DESC. I.R.F.,9203 - Imposto de renda retido na fonte,0,31,0,-,"0 - Artigo 28, § 9º da Lei n° 8.212/91",31 - Artigos 26 da Lei nº 7.713/88 e artigo 16 da Lei nº 8.134/90,"0 - Artigo 15, § 6º da Lei n° 8.036/90","{""FGTS"": 0, ""INSS"": 0, ""IRRF"": 31, ""Analise"": ""-"", ""Rubrica"": ""DESC. I.R.F."", ""Cod Rubrica"": 570, ""Cód Natureza"": ""9203 - Imposto de renda retido na fonte"", ""Incid./Base Legal FGTS"": ""0 - Artigo 15, § 6º da Lei n° 8.036/90"", ""Incid./Base Legal INSS"": ""0 - Artigo 28, § 9º da Lei n° 8.212/91"", ""Incid./Base Legal IRRF"": ""31 - Artigos 26 da Lei nº 7.713/88 e artigo 16 da Lei nº 8.134/90""}",2026-03-25 15:01:09.753784,,,,,,,,,,,,,,,,,,,,,,,,,,,,,,,,,,,,,,,,,,,,
640,1,640,33 - Artigos 3° inciso II e § 4º da Lei nº 7.713/88 e Ato Declaratório PGFN nº 06/2008,,,,,,,,,,"{""Incid./Base Legal IRRF"": ""33 - Artigos 3° inciso II e § 4º da Lei nº 7.713/88 e Ato Declaratório PGFN nº 06/2008""}",2026-03-25 15:01:09.753784,,,,,,,,,,,,,,,,,,,,,,,,,,,,,,,,,,,,,,,,,,,,
641,1,641,32 - Artigos 26 da Lei nº 7.713/88 e artigo 16 da Lei nº 8.134/90,,,,,,,,,,"{""Incid./Base Legal IRRF"": ""32 - Artigos 26 da Lei nº 7.713/88 e artigo 16 da Lei nº 8.134/90""}",2026-03-25 15:01:09.753784,,,,,,,,,,,,,,,,,,,,,,,,,,,,,,,,,,,,,,,,,,,,
642,1,642,"34 - Artigo 2º, §§ 5º a 7º, da Lei nº 10.101/2000",,,,,,,,,,"{""Incid./Base Legal IRRF"": ""34 - Artigo 2º, §§ 5º a 7º, da Lei nº 10.101/2000""}",2026-03-25 15:01:09.753784,,,,,,,,,,,,,,,,,,,,,,,,,,,,,,,,,,,,,,,,,,,,
643,1,643,571,DESC. I.R.F. S/FERIAS,9203 - Imposto de renda retido na fonte,0,33,0,-,"0 - Artigo 28, § 9º da Lei n° 8.212/91",31 - Artigos 26 da Lei nº 7.713/88 e artigo 16 da Lei nº 8.134/90,"0 - Artigo 15, § 6º da Lei n° 8.036/90","{""FGTS"": 0, ""INSS"": 0, ""IRRF"": 33, ""Analise"": ""-"", ""Rubrica"": ""DESC. I.R.F. S/FERIAS"", ""Cod Rubrica"": 571, ""Cód Natureza"": ""9203 - Imposto de renda retido na fonte"", ""Incid./Base Legal FGTS"": ""0 - Artigo 15, § 6º da Lei n° 8.036/90"", ""Incid./Base Legal INSS"": ""0 - Artigo 28, § 9º da Lei n° 8.212/91"", ""Incid./Base Legal IRRF"": ""31 - Artigos 26 da Lei nº 7.713/88 e artigo 16 da Lei nº 8.134/90""}",2026-03-25 15:01:09.753784,,,,,,,,,,,,,,,,,,,,,,,,,,,,,,,,,,,,,,,,,,,,
644,1,644,33 - Artigos 3° inciso II e § 4º da Lei nº 7.713/88 e Ato Declaratório PGFN nº 06/2008,,,,,,,,,,"{""Incid./Base Legal IRRF"": ""33 - Artigos 3° inciso II e § 4º da Lei nº 7.713/88 e Ato Declaratório PGFN nº 06/2008""}",2026-03-25 15:01:09.753784,,,,,,,,,,,,,,,,,,,,,,,,,,,,,,,,,,,,,,,,,,,,
645,1,645,32 - Artigos 26 da Lei nº 7.713/88 e artigo 16 da Lei nº 8.134/90,,,,,,,,,,"{""Incid./Base Legal IRRF"": ""32 - Artigos 26 da Lei nº 7.713/88 e artigo 16 da Lei nº 8.134/90""}",2026-03-25 15:01:09.753784,,,,,,,,,,,,,,,,,,,,,,,,,,,,,,,,,,,,,,,,,,,,
646,1,646,"34 - Artigo 2º, §§ 5º a 7º, da Lei nº 10.101/2000",,,,,,,,,,"{""Incid./Base Legal IRRF"": ""34 - Artigo 2º, §§ 5º a 7º, da Lei nº 10.101/2000""}",2026-03-25 15:01:09.753784,,,,,,,,,,,,,,,,,,,,,,,,,,,,,,,,,,,,,,,,,,,,
647,1,647,572,DESC. I.R.F. S/13º SALARIO,9203 - Imposto de renda retido na fonte,0,32,0,-,"0 - Artigo 28, § 9º da Lei n° 8.212/91",31 - Artigos 26 da Lei nº 7.713/88 e artigo 16 da Lei nº 8.134/90,"0 - Artigo 15, § 6º da Lei n° 8.036/90","{""FGTS"": 0, ""INSS"": 0, ""IRRF"": 32, ""Analise"": ""-"", ""Rubrica"": ""DESC. I.R.F. S/13º SALARIO"", ""Cod Rubrica"": 572, ""Cód Natureza"": ""9203 - Imposto de renda retido na fonte"", ""Incid./Base Legal FGTS"": ""0 - Artigo 15, § 6º da Lei n° 8.036/90"", ""Incid./Base Legal INSS"": ""0 - Artigo 28, § 9º da Lei n° 8.212/91"", ""Incid./Base Legal IRRF"": ""31 - Artigos 26 da Lei nº 7.713/88 e artigo 16 da Lei nº 8.134/90""}",2026-03-25 15:01:09.753784,,,,,,,,,,,,,,,,,,,,,,,,,,,,,,,,,,,,,,,,,,,,
648,1,648,33 - Artigos 3° inciso II e § 4º da Lei nº 7.713/88 e Ato Declaratório PGFN nº 06/2008,,,,,,,,,,"{""Incid./Base Legal IRRF"": ""33 - Artigos 3° inciso II e § 4º da Lei nº 7.713/88 e Ato Declaratório PGFN nº 06/2008""}",2026-03-25 15:01:09.753784,,,,,,,,,,,,,,,,,,,,,,,,,,,,,,,,,,,,,,,,,,,,
649,1,649,32 - Artigos 26 da Lei nº 7.713/88 e artigo 16 da Lei nº 8.134/90,,,,,,,,,,"{""Incid./Base Legal IRRF"": ""32 - Artigos 26 da Lei nº 7.713/88 e artigo 16 da Lei nº 8.134/90""}",2026-03-25 15:01:09.753784,,,,,,,,,,,,,,,,,,,,,,,,,,,,,,,,,,,,,,,,,,,,
650,1,650,"34 - Artigo 2º, §§ 5º a 7º, da Lei nº 10.101/2000",,,,,,,,,,"{""Incid./Base Legal IRRF"": ""34 - Artigo 2º, §§ 5º a 7º, da Lei nº 10.101/2000""}",2026-03-25 15:01:09.753784,,,,,,,,,,,,,,,,,,,,,,,,,,,,,,,,,,,,,,,,,,,,
651,1,651,573,DESC. I.R.F. S/ PARTICIPACAO NOS LUCROS,9203 - Imposto de renda retido na fonte,0,34,0,-,"0 - Artigo 28, § 9º da Lei n° 8.212/91",31 - Artigos 26 da Lei nº 7.713/88 e artigo 16 da Lei nº 8.134/90,"0 - Artigo 15, § 6º da Lei n° 8.036/90","{""FGTS"": 0, ""INSS"": 0, ""IRRF"": 34, ""Analise"": ""-"", ""Rubrica"": ""DESC. I.R.F. S/ PARTICIPACAO NOS LUCROS"", ""Cod Rubrica"": 573, ""Cód Natureza"": ""9203 - Imposto de renda retido na fonte"", ""Incid./Base Legal FGTS"": ""0 - Artigo 15, § 6º da Lei n° 8.036/90"", ""Incid./Base Legal INSS"": ""0 - Artigo 28, § 9º da Lei n° 8.212/91"", ""Incid./Base Legal IRRF"": ""31 - Artigos 26 da Lei nº 7.713/88 e artigo 16 da Lei nº 8.134/90""}",2026-03-25 15:01:09.753784,,,,,,,,,,,,,,,,,,,,,,,,,,,,,,,,,,,,,,,,,,,,
652,1,652,33 - Artigos 3° inciso II e § 4º da Lei nº 7.713/88 e Ato Declaratório PGFN nº 06/2008,,,,,,,,,,"{""Incid./Base Legal IRRF"": ""33 - Artigos 3° inciso II e § 4º da Lei nº 7.713/88 e Ato Declaratório PGFN nº 06/2008""}",2026-03-25 15:01:09.753784,,,,,,,,,,,,,,,,,,,,,,,,,,,,,,,,,,,,,,,,,,,,
653,1,653,32 - Artigos 26 da Lei nº 7.713/88 e artigo 16 da Lei nº 8.134/90,,,,,,,,,,"{""Incid./Base Legal IRRF"": ""32 - Artigos 26 da Lei nº 7.713/88 e artigo 16 da Lei nº 8.134/90""}",2026-03-25 15:01:09.753784,,,,,,,,,,,,,,,,,,,,,,,,,,,,,,,,,,,,,,,,,,,,
654,1,654,"34 - Artigo 2º, §§ 5º a 7º, da Lei nº 10.101/2000",,,,,,,,,,"{""Incid./Base Legal IRRF"": ""34 - Artigo 2º, §§ 5º a 7º, da Lei nº 10.101/2000""}",2026-03-25 15:01:09.753784,,,,,,,,,,,,,,,,,,,,,,,,,,,,,,,,,,,,,,,,,,,,
655,1,655,574,DESC. DIF. I.R.F.,9203 - Imposto de renda retido na fonte,0,0,0,Rubrica com inconsistência de IRRF,"0 - Artigo 28, § 9º da Lei n° 8.212/91",31 - Artigos 26 da Lei nº 7.713/88 e artigo 16 da Lei nº 8.134/90,"0 - Artigo 15, § 6º da Lei n° 8.036/90","{""FGTS"": 0, ""INSS"": 0, ""IRRF"": 0, ""Analise"": ""Rubrica com inconsistência de IRRF"", ""Rubrica"": ""DESC. DIF. I.R.F."", ""Cod Rubrica"": 574, ""Cód Natureza"": ""9203 - Imposto de renda retido na fonte"", ""Incid./Base Legal FGTS"": ""0 - Artigo 15, § 6º da Lei n° 8.036/90"", ""Incid./Base Legal INSS"": ""0 - Artigo 28, § 9º da Lei n° 8.212/91"", ""Incid./Base Legal IRRF"": ""31 - Artigos 26 da Lei nº 7.713/88 e artigo 16 da Lei nº 8.134/90""}",2026-03-25 15:01:09.753784,,,,,,,,,,,,,,,,,,,,,,,,,,,,,,,,,,,,,,,,,,,,
656,1,656,33 - Artigos 3° inciso II e § 4º da Lei nº 7.713/88 e Ato Declaratório PGFN nº 06/2008,,,,,,,,,,"{""Incid./Base Legal IRRF"": ""33 - Artigos 3° inciso II e § 4º da Lei nº 7.713/88 e Ato Declaratório PGFN nº 06/2008""}",2026-03-25 15:01:09.753784,,,,,,,,,,,,,,,,,,,,,,,,,,,,,,,,,,,,,,,,,,,,
657,1,657,32 - Artigos 26 da Lei nº 7.713/88 e artigo 16 da Lei nº 8.134/90,,,,,,,,,,"{""Incid./Base Legal IRRF"": ""32 - Artigos 26 da Lei nº 7.713/88 e artigo 16 da Lei nº 8.134/90""}",2026-03-25 15:01:09.753784,,,,,,,,,,,,,,,,,,,,,,,,,,,,,,,,,,,,,,,,,,,,
658,1,658,"34 - Artigo 2º, §§ 5º a 7º, da Lei nº 10.101/2000",,,,,,,,,,"{""Incid./Base Legal IRRF"": ""34 - Artigo 2º, §§ 5º a 7º, da Lei nº 10.101/2000""}",2026-03-25 15:01:09.753784,,,,,,,,,,,,,,,,,,,,,,,,,,,,,,,,,,,,,,,,,,,,
659,1,659,575,DESC. CONTRIB. ASSISTENCIAL - SINDMAN,9232 - Contribuição Sindical - Assistencial,0,0,0,Rubrica com inconsistência de IRRF,"0 - Artigo 28, § 9º da Lei n° 8.212/91",9 - Artigo 4º da Lei nº 9.250/95,0 - Artigo 15 da Lei n° 8.036/90,"{""FGTS"": 0, ""INSS"": 0, ""IRRF"": 0, ""Analise"": ""Rubrica com inconsistência de IRRF"", ""Rubrica"": ""DESC. CONTRIB. ASSISTENCIAL - SINDMAN"", ""Cod Rubrica"": 575, ""Cód Natureza"": ""9232 - Contribuição Sindical - Assistencial"", ""Incid./Base Legal FGTS"": ""0 - Artigo 15 da Lei n° 8.036/90"", ""Incid./Base Legal INSS"": ""0 - Artigo 28, § 9º da Lei n° 8.212/91"", ""Incid./Base Legal IRRF"": ""9 - Artigo 4º da Lei nº 9.250/95""}",2026-03-25 15:01:09.753784,,,,,,,,,,,,,,,,,,,,,,,,,,,,,,,,,,,,,,,,,,,,
660,1,660,576,DESC. VALE TRANSP. NAO UTILIZADO PROX MES,9216 - Desconto de vale transporte,0,0,0,Rubrica com inconsistência de IRRF,"0 - Artigo 28, § 9º da Lei n° 8.212/91",9 - Artigos 3º e 7º da Lei nº 7.713/88,"0 - Artigo 15, § 6º da Lei n° 8.036/90","{""FGTS"": 0, ""INSS"": 0, ""IRRF"": 0, ""Analise"": ""Rubrica com inconsistência de IRRF"", ""Rubrica"": ""DESC. VALE TRANSP. NAO UTILIZADO PROX MES"", ""Cod Rubrica"": 576, ""Cód Natureza"": ""9216 - Desconto de vale transporte"", ""Incid./Base Legal FGTS"": ""0 - Artigo 15, § 6º da Lei n° 8.036/90"", ""Incid./Base Legal INSS"": ""0 - Artigo 28, § 9º da Lei n° 8.212/91"", ""Incid./Base Legal IRRF"": ""9 - Artigos 3º e 7º da Lei nº 7.713/88""}",2026-03-25 15:01:09.753784,,,,,,,,,,,,,,,,,,,,,,,,,,,,,,,,,,,,,,,,,,,,
661,1,661,577,DESC. VA NAO UTILIZADO MES ANTERIOR,"9243 - Cesta básica ou refeição, vinculada ao PAT - Desconto",0,9,0,-,"0 - Artigo 28, §9º da Lei n° 8.212/91",9 - Artigos 3º e 7º da Lei nº 7.713/88,0 - Artigo 15 da Lei n° 8.036/90,"{""FGTS"": 0, ""INSS"": 0, ""IRRF"": 9, ""Analise"": ""-"", ""Rubrica"": ""DESC. VA NAO UTILIZADO MES ANTERIOR"", ""Cod Rubrica"": 577, ""Cód Natureza"": ""9243 - Cesta básica ou refeição, vinculada ao PAT - Desconto"", ""Incid./Base Legal FGTS"": ""0 - Artigo 15 da Lei n° 8.036/90"", ""Incid./Base Legal INSS"": ""0 - Artigo 28, §9º da Lei n° 8.212/91"", ""Incid./Base Legal IRRF"": ""9 - Artigos 3º e 7º da Lei nº 7.713/88""}",2026-03-25 15:01:09.753784,,,,,,,,,,,,,,,,,,,,,,,,,,,,,,,,,,,,,,,,,,,,
662,1,662,578,DESC. VALE LANCHE NAO UTILIZADO,"9243 - Cesta básica ou refeição, vinculada ao PAT - Desconto",0,9,0,-,"0 - Artigo 28, §9º da Lei n° 8.212/91",9 - Artigos 3º e 7º da Lei nº 7.713/88,0 - Artigo 15 da Lei n° 8.036/90,"{""FGTS"": 0, ""INSS"": 0, ""IRRF"": 9, ""Analise"": ""-"", ""Rubrica"": ""DESC. VALE LANCHE NAO UTILIZADO"", ""Cod Rubrica"": 578, ""Cód Natureza"": ""9243 - Cesta básica ou refeição, vinculada ao PAT - Desconto"", ""Incid./Base Legal FGTS"": ""0 - Artigo 15 da Lei n° 8.036/90"", ""Incid./Base Legal INSS"": ""0 - Artigo 28, §9º da Lei n° 8.212/91"", ""Incid./Base Legal IRRF"": ""9 - Artigos 3º e 7º da Lei nº 7.713/88""}",2026-03-25 15:01:09.753784,,,,,,,,,,,,,,,,,,,,,,,,,,,,,,,,,,,,,,,,,,,,
663,1,663,579,DESC. FALTAS (DIAS) MES ANTERIOR,9209 - Faltas ou atrasos,11,11,11,-,"11 - Artigo 28, inciso I, da Lei n° 8.212/91",11 - Artigos 3º e 7º da Lei nº 7.713/88,11 - Artigo 15 da Lei n° 8.036/90,"{""FGTS"": 11, ""INSS"": 11, ""IRRF"": 11, ""Analise"": ""-"", ""Rubrica"": ""DESC. FALTAS (DIAS) MES ANTERIOR"", ""Cod Rubrica"": 579, ""Cód Natureza"": ""9209 - Faltas ou atrasos"", ""Incid./Base Legal FGTS"": ""11 - Artigo 15 da Lei n° 8.036/90"", ""Incid./Base Legal INSS"": ""11 - Artigo 28, inciso I, da Lei n° 8.212/91"", ""Incid./Base Legal IRRF"": ""11 - Artigos 3º e 7º da Lei nº 7.713/88""}",2026-03-25 15:01:09.753784,,,,,,,,,,,,,,,,,,,,,,,,,,,,,,,,,,,,,,,,,,,,
664,1,664,580,INDENIZACAO ARTº 480,6904 - Multa prevista no art. 480 da CLT,0,0,0,Rubrica com inconsistência de IRRF,"0 - Artigo 28, § 9º da Lei n° 8.212/91","9 - Artigo 6º, inciso V da Lei nº 7.713/88","0 - Artigo 15, § 6º da Lei n° 8.036/90","{""FGTS"": 0, ""INSS"": 0, ""IRRF"": 0, ""Analise"": ""Rubrica com inconsistência de IRRF"", ""Rubrica"": ""INDENIZACAO ARTº 480"", ""Cod Rubrica"": 580, ""Cód Natureza"": ""6904 - Multa prevista no art. 480 da CLT"", ""Incid./Base Legal FGTS"": ""0 - Artigo 15, § 6º da Lei n° 8.036/90"", ""Incid./Base Legal INSS"": ""0 - Artigo 28, § 9º da Lei n° 8.212/91"", ""Incid./Base Legal IRRF"": ""9 - Artigo 6º, inciso V da Lei nº 7.713/88""}",2026-03-25 15:01:09.753784,,,,,,,,,,,,,,,,,,,,,,,,,,,,,,,,,,,,,,,,,,,,
665,1,665,581,DESC. CONTRIB. ASS. LAB. SETUHCAM,9232 - Contribuição Sindical - Assistencial,0,0,0,Rubrica com inconsistência de IRRF,"0 - Artigo 28, § 9º da Lei n° 8.212/91",9 - Artigo 4º da Lei nº 9.250/95,0 - Artigo 15 da Lei n° 8.036/90,"{""FGTS"": 0, ""INSS"": 0, ""IRRF"": 0, ""Analise"": ""Rubrica com inconsistência de IRRF"", ""Rubrica"": ""DESC. CONTRIB. ASS. LAB. SETUHCAM"", ""Cod Rubrica"": 581, ""Cód Natureza"": ""9232 - Contribuição Sindical - Assistencial"", ""Incid./Base Legal FGTS"": ""0 - Artigo 15 da Lei n° 8.036/90"", ""Incid./Base Legal INSS"": ""0 - Artigo 28, § 9º da Lei n° 8.212/91"", ""Incid./Base Legal IRRF"": ""9 - Artigo 4º da Lei nº 9.250/95""}",2026-03-25 15:01:09.753784,,,,,,,,,,,,,,,,,,,,,,,,,,,,,,,,,,,,,,,,,,,,
666,1,666,582,DESC. CONTRIB. COL. LAB. SINTACLUNS,9232 - Contribuição Sindical - Assistencial,0,0,0,Rubrica com inconsistência de IRRF,"0 - Artigo 28, § 9º da Lei n° 8.212/91",9 - Artigo 4º da Lei nº 9.250/95,0 - Artigo 15 da Lei n° 8.036/90,"{""FGTS"": 0, ""INSS"": 0, ""IRRF"": 0, ""Analise"": ""Rubrica com inconsistência de IRRF"", ""Rubrica"": ""DESC. CONTRIB. COL. LAB. SINTACLUNS"", ""Cod Rubrica"": 582, ""Cód Natureza"": ""9232 - Contribuição Sindical - Assistencial"", ""Incid./Base Legal FGTS"": ""0 - Artigo 15 da Lei n° 8.036/90"", ""Incid./Base Legal INSS"": ""0 - Artigo 28, § 9º da Lei n° 8.212/91"", ""Incid./Base Legal IRRF"": ""9 - Artigo 4º da Lei nº 9.250/95""}",2026-03-25 15:01:09.753784,,,,,,,,,,,,,,,,,,,,,,,,,,,,,,,,,,,,,,,,,,,,
667,1,667,583,DESC. CONTRIB. COL. LAB. SIEEACON,9232 - Contribuição Sindical - Assistencial,0,0,0,Rubrica com inconsistência de IRRF,"0 - Artigo 28, § 9º da Lei n° 8.212/91",9 - Artigo 4º da Lei nº 9.250/95,0 - Artigo 15 da Lei n° 8.036/90,"{""FGTS"": 0, ""INSS"": 0, ""IRRF"": 0, ""Analise"": ""Rubrica com inconsistência de IRRF"", ""Rubrica"": ""DESC. CONTRIB. COL. LAB. SIEEACON"", ""Cod Rubrica"": 583, ""Cód Natureza"": ""9232 - Contribuição Sindical - Assistencial"", ""Incid./Base Legal FGTS"": ""0 - Artigo 15 da Lei n° 8.036/90"", ""Incid./Base Legal INSS"": ""0 - Artigo 28, § 9º da Lei n° 8.212/91"", ""Incid./Base Legal IRRF"": ""9 - Artigo 4º da Lei nº 9.250/95""}",2026-03-25 15:01:09.753784,,,,,,,,,,,,,,,,,,,,,,,,,,,,,,,,,,,,,,,,,,,,
668,1,668,584,DESC. MENS. SINDICAL,9231 - Contribuição Sindical - Associativa,0,9,0,-,"0 - Artigo 28, § 9º da Lei n° 8.212/91",9 - Artigo 4º da Lei nº 9.250/95,0 - Artigo 15 da Lei n° 8.036/90,"{""FGTS"": 0, ""INSS"": 0, ""IRRF"": 9, ""Analise"": ""-"", ""Rubrica"": ""DESC. MENS. SINDICAL"", ""Cod Rubrica"": 584, ""Cód Natureza"": ""9231 - Contribuição Sindical - Associativa"", ""Incid./Base Legal FGTS"": ""0 - Artigo 15 da Lei n° 8.036/90"", ""Incid./Base Legal INSS"": ""0 - Artigo 28, § 9º da Lei n° 8.212/91"", ""Incid./Base Legal IRRF"": ""9 - Artigo 4º da Lei nº 9.250/95""}",2026-03-25 15:01:09.753784,,,,,,,,,,,,,,,,,,,,,,,,,,,,,,,,,,,,,,,,,,,,
669,1,669,585,DESC. MENS. SINDICAL MES ANTERIOR,9231 - Contribuição Sindical - Associativa,0,0,0,Rubrica com inconsistência de IRRF,"0 - Artigo 28, § 9º da Lei n° 8.212/91",9 - Artigo 4º da Lei nº 9.250/95,0 - Artigo 15 da Lei n° 8.036/90,"{""FGTS"": 0, ""INSS"": 0, ""IRRF"": 0, ""Analise"": ""Rubrica com inconsistência de IRRF"", ""Rubrica"": ""DESC. MENS. SINDICAL MES ANTERIOR"", ""Cod Rubrica"": 585, ""Cód Natureza"": ""9231 - Contribuição Sindical - Associativa"", ""Incid./Base Legal FGTS"": ""0 - Artigo 15 da Lei n° 8.036/90"", ""Incid./Base Legal INSS"": ""0 - Artigo 28, § 9º da Lei n° 8.212/91"", ""Incid./Base Legal IRRF"": ""9 - Artigo 4º da Lei nº 9.250/95""}",2026-03-25 15:01:09.753784,,,,,,,,,,,,,,,,,,,,,,,,,,,,,,,,,,,,,,,,,,,,
670,1,670,586,DESC. CONTRIB. SINDICAL,9230 - Contribuição Sindical - Compulsória,0,0,0,Rubrica com inconsistência de IRRF,"0 - Artigo 28, § 9º da Lei n° 8.212/91","9 - Artigo 4º, inciso II, da Lei nº 9.250/95",0 - Artigo 15 da Lei n° 8.036/90,"{""FGTS"": 0, ""INSS"": 0, ""IRRF"": 0, ""Analise"": ""Rubrica com inconsistência de IRRF"", ""Rubrica"": ""DESC. CONTRIB. SINDICAL"", ""Cod Rubrica"": 586, ""Cód Natureza"": ""9230 - Contribuição Sindical - Compulsória"", ""Incid./Base Legal FGTS"": ""0 - Artigo 15 da Lei n° 8.036/90"", ""Incid./Base Legal INSS"": ""0 - Artigo 28, § 9º da Lei n° 8.212/91"", ""Incid./Base Legal IRRF"": ""9 - Artigo 4º, inciso II, da Lei nº 9.250/95""}",2026-03-25 15:01:09.753784,,,,,,,,,,,,,,,,,,,,,,,,,,,,,,,,,,,,,,,,,,,,
671,1,671,587,DESC. CONTRIB. CONFEDERATIVA,9233 - Contribuição sindical - Confederativa,0,0,0,Rubrica com inconsistência de IRRF,"0 - Artigo 28, § 9º da Lei n° 8.212/91",9 - Artigo 4º da Lei nº 9.250/95,0 - Artigo 15 da Lei n° 8.036/90,"{""FGTS"": 0, ""INSS"": 0, ""IRRF"": 0, ""Analise"": ""Rubrica com inconsistência de IRRF"", ""Rubrica"": ""DESC. CONTRIB. CONFEDERATIVA"", ""Cod Rubrica"": 587, ""Cód Natureza"": ""9233 - Contribuição sindical - Confederativa"", ""Incid./Base Legal FGTS"": ""0 - Artigo 15 da Lei n° 8.036/90"", ""Incid./Base Legal INSS"": ""0 - Artigo 28, § 9º da Lei n° 8.212/91"", ""Incid./Base Legal IRRF"": ""9 - Artigo 4º da Lei nº 9.250/95""}",2026-03-25 15:01:09.753784,,,,,,,,,,,,,,,,,,,,,,,,,,,,,,,,,,,,,,,,,,,,
672,1,672,588,DESC. CONTRIB. CONFEDERATIVA ASSISTENCIAL BH 2015,9233 - Contribuição sindical - Confederativa,0,0,0,Rubrica com inconsistência de IRRF,"0 - Artigo 28, § 9º da Lei n° 8.212/91",9 - Artigo 4º da Lei nº 9.250/95,0 - Artigo 15 da Lei n° 8.036/90,"{""FGTS"": 0, ""INSS"": 0, ""IRRF"": 0, ""Analise"": ""Rubrica com inconsistência de IRRF"", ""Rubrica"": ""DESC. CONTRIB. CONFEDERATIVA ASSISTENCIAL BH 2015"", ""Cod Rubrica"": 588, ""Cód Natureza"": ""9233 - Contribuição sindical - Confederativa"", ""Incid./Base Legal FGTS"": ""0 - Artigo 15 da Lei n° 8.036/90"", ""Incid./Base Legal INSS"": ""0 - Artigo 28, § 9º da Lei n° 8.212/91"", ""Incid./Base Legal IRRF"": ""9 - Artigo 4º da Lei nº 9.250/95""}",2026-03-25 15:01:09.753784,,,,,,,,,,,,,,,,,,,,,,,,,,,,,,,,,,,,,,,,,,,,
673,1,673,589,DESC. CONTRIB. CONFEDERATIVA LABORAL,9233 - Contribuição sindical - Confederativa,0,0,0,Rubrica com inconsistência de IRRF,"0 - Artigo 28, § 9º da Lei n° 8.212/91",9 - Artigo 4º da Lei nº 9.250/95,0 - Artigo 15 da Lei n° 8.036/90,"{""FGTS"": 0, ""INSS"": 0, ""IRRF"": 0, ""Analise"": ""Rubrica com inconsistência de IRRF"", ""Rubrica"": ""DESC. CONTRIB. CONFEDERATIVA LABORAL"", ""Cod Rubrica"": 589, ""Cód Natureza"": ""9233 - Contribuição sindical - Confederativa"", ""Incid./Base Legal FGTS"": ""0 - Artigo 15 da Lei n° 8.036/90"", ""Incid./Base Legal INSS"": ""0 - Artigo 28, § 9º da Lei n° 8.212/91"", ""Incid./Base Legal IRRF"": ""9 - Artigo 4º da Lei nº 9.250/95""}",2026-03-25 15:01:09.753784,,,,,,,,,,,,,,,,,,,,,,,,,,,,,,,,,,,,,,,,,,,,
674,1,674,590,DESC. CONTRIB. ASSISTENCIAL MES ANTERIOR,9232 - Contribuição Sindical - Assistencial,0,0,0,Rubrica com inconsistência de IRRF,"0 - Artigo 28, § 9º da Lei n° 8.212/91",9 - Artigo 4º da Lei nº 9.250/95,0 - Artigo 15 da Lei n° 8.036/90,"{""FGTS"": 0, ""INSS"": 0, ""IRRF"": 0, ""Analise"": ""Rubrica com inconsistência de IRRF"", ""Rubrica"": ""DESC. CONTRIB. ASSISTENCIAL MES ANTERIOR"", ""Cod Rubrica"": 590, ""Cód Natureza"": ""9232 - Contribuição Sindical - Assistencial"", ""Incid./Base Legal FGTS"": ""0 - Artigo 15 da Lei n° 8.036/90"", ""Incid./Base Legal INSS"": ""0 - Artigo 28, § 9º da Lei n° 8.212/91"", ""Incid./Base Legal IRRF"": ""9 - Artigo 4º da Lei nº 9.250/95""}",2026-03-25 15:01:09.753784,,,,,,,,,,,,,,,,,,,,,,,,,,,,,,,,,,,,,,,,,,,,
675,1,675,591,DESC. CONTRIB. COLABORATIVA LABORAL,9232 - Contribuição Sindical - Assistencial,0,9,0,-,"0 - Artigo 28, § 9º da Lei n° 8.212/91",9 - Artigo 4º da Lei nº 9.250/95,0 - Artigo 15 da Lei n° 8.036/90,"{""FGTS"": 0, ""INSS"": 0, ""IRRF"": 9, ""Analise"": ""-"", ""Rubrica"": ""DESC. CONTRIB. COLABORATIVA LABORAL"", ""Cod Rubrica"": 591, ""Cód Natureza"": ""9232 - Contribuição Sindical - Assistencial"", ""Incid./Base Legal FGTS"": ""0 - Artigo 15 da Lei n° 8.036/90"", ""Incid./Base Legal INSS"": ""0 - Artigo 28, § 9º da Lei n° 8.212/91"", ""Incid./Base Legal IRRF"": ""9 - Artigo 4º da Lei nº 9.250/95""}",2026-03-25 15:01:09.753784,,,,,,,,,,,,,,,,,,,,,,,,,,,,,,,,,,,,,,,,,,,,
676,1,676,592,DESC. CONTRIB. ASSISTENCIAL,9232 - Contribuição Sindical - Assistencial,0,9,0,-,"0 - Artigo 28, § 9º da Lei n° 8.212/91",9 - Artigo 4º da Lei nº 9.250/95,0 - Artigo 15 da Lei n° 8.036/90,"{""FGTS"": 0, ""INSS"": 0, ""IRRF"": 9, ""Analise"": ""-"", ""Rubrica"": ""DESC. CONTRIB. ASSISTENCIAL"", ""Cod Rubrica"": 592, ""Cód Natureza"": ""9232 - Contribuição Sindical - Assistencial"", ""Incid./Base Legal FGTS"": ""0 - Artigo 15 da Lei n° 8.036/90"", ""Incid./Base Legal INSS"": ""0 - Artigo 28, § 9º da Lei n° 8.212/91"", ""Incid./Base Legal IRRF"": ""9 - Artigo 4º da Lei nº 9.250/95""}",2026-03-25 15:01:09.753784,,,,,,,,,,,,,,,,,,,,,,,,,,,,,,,,,,,,,,,,,,,,
677,1,677,593,DESC. CONTRIB. ASSISTENCIAL 13º,9232 - Contribuição Sindical - Assistencial,0,0,0,Rubrica com inconsistência de IRRF,"0 - Artigo 28, § 9º da Lei n° 8.212/91",9 - Artigo 4º da Lei nº 9.250/95,0 - Artigo 15 da Lei n° 8.036/90,"{""FGTS"": 0, ""INSS"": 0, ""IRRF"": 0, ""Analise"": ""Rubrica com inconsistência de IRRF"", ""Rubrica"": ""DESC. CONTRIB. ASSISTENCIAL 13º"", ""Cod Rubrica"": 593, ""Cód Natureza"": ""9232 - Contribuição Sindical - Assistencial"", ""Incid./Base Legal FGTS"": ""0 - Artigo 15 da Lei n° 8.036/90"", ""Incid./Base Legal INSS"": ""0 - Artigo 28, § 9º da Lei n° 8.212/91"", ""Incid./Base Legal IRRF"": ""9 - Artigo 4º da Lei nº 9.250/95""}",2026-03-25 15:01:09.753784,,,,,,,,,,,,,,,,,,,,,,,,,,,,,,,,,,,,,,,,,,,,
678,1,678,594,DESC. CONTRIB. SOC. LABORAL ANCINE,9232 - Contribuição Sindical - Assistencial,0,0,0,Rubrica com inconsistência de IRRF,"0 - Artigo 28, § 9º da Lei n° 8.212/91",9 - Artigo 4º da Lei nº 9.250/95,0 - Artigo 15 da Lei n° 8.036/90,"{""FGTS"": 0, ""INSS"": 0, ""IRRF"": 0, ""Analise"": ""Rubrica com inconsistência de IRRF"", ""Rubrica"": ""DESC. CONTRIB. SOC. LABORAL ANCINE"", ""Cod Rubrica"": 594, ""Cód Natureza"": ""9232 - Contribuição Sindical - Assistencial"", ""Incid./Base Legal FGTS"": ""0 - Artigo 15 da Lei n° 8.036/90"", ""Incid./Base Legal INSS"": ""0 - Artigo 28, § 9º da Lei n° 8.212/91"", ""Incid./Base Legal IRRF"": ""9 - Artigo 4º da Lei nº 9.250/95""}",2026-03-25 15:01:09.753784,,,,,,,,,,,,,,,,,,,,,,,,,,,,,,,,,,,,,,,,,,,,
679,1,679,595,DESC. CONTRIB. NEGOCIAL,9233 - Contribuição sindical - Confederativa,0,79,0,Rubrica com inconsistência de IRRF,"0 - Artigo 28, § 9º da Lei n° 8.212/91",9 - Artigo 4º da Lei nº 9.250/95,0 - Artigo 15 da Lei n° 8.036/90,"{""FGTS"": 0, ""INSS"": 0, ""IRRF"": 79, ""Analise"": ""Rubrica com inconsistência de IRRF"", ""Rubrica"": ""DESC. CONTRIB. NEGOCIAL"", ""Cod Rubrica"": 595, ""Cód Natureza"": ""9233 - Contribuição sindical - Confederativa"", ""Incid./Base Legal FGTS"": ""0 - Artigo 15 da Lei n° 8.036/90"", ""Incid./Base Legal INSS"": ""0 - Artigo 28, § 9º da Lei n° 8.212/91"", ""Incid./Base Legal IRRF"": ""9 - Artigo 4º da Lei nº 9.250/95""}",2026-03-25 15:01:09.753784,,,,,,,,,,,,,,,,,,,,,,,,,,,,,,,,,,,,,,,,,,,,
680,1,680,596,DESC. I.N.S.S. S/13º SALARIO,9201 - Contribuição Previdenciária,32,12,0,Rubrica com inconsistência de IRRF,"31 - Artigo 28, § 9º da Lei n° 8.212/91","41 - Artigo 4º, inciso IV, da Lei nº 9.250/95",0 - Artigo 15 da Lei n° 8.036/90,"{""FGTS"": 0, ""INSS"": 32, ""IRRF"": 12, ""Analise"": ""Rubrica com inconsistência de IRRF"", ""Rubrica"": ""DESC. I.N.S.S. S/13º SALARIO"", ""Cod Rubrica"": 596, ""Cód Natureza"": ""9201 - Contribuição Previdenciária"", ""Incid./Base Legal FGTS"": ""0 - Artigo 15 da Lei n° 8.036/90"", ""Incid./Base Legal INSS"": ""31 - Artigo 28, § 9º da Lei n° 8.212/91"", ""Incid./Base Legal IRRF"": ""41 - Artigo 4º, inciso IV, da Lei nº 9.250/95""}",2026-03-25 15:01:09.753784,,,,,,,,,,,,,,,,,,,,,,,,,,,,,,,,,,,,,,,,,,,,
681,1,681,"32 - Artigo 28, § 9º da Lei n° 8.212/91","42 - Artigo 4º, inciso IV, da Lei nº 9.250/95",,,,,,,,,"{""Incid./Base Legal INSS"": ""32 - Artigo 28, § 9º da Lei n° 8.212/91"", ""Incid./Base Legal IRRF"": ""42 - Artigo 4º, inciso IV, da Lei nº 9.250/95""}",2026-03-25 15:01:09.753784,,,,,,,,,,,,,,,,,,,,,,,,,,,,,,,,,,,,,,,,,,,,
682,1,682,"9 - Artigo 4º, inciso IV, da Lei nº 9.250/95",,,,,,,,,,"{""Incid./Base Legal IRRF"": ""9 - Artigo 4º, inciso IV, da Lei nº 9.250/95""}",2026-03-25 15:01:09.753784,,,,,,,,,,,,,,,,,,,,,,,,,,,,,,,,,,,,,,,,,,,,
683,1,683,597,DESC. D.S.R. S/FALTAS (DIAS) MES ANTERIOR,1002 - Descanso semanal remunerado - DSR,11,11,11,-,"11 - Artigo 28, inciso I, da Lei n° 8.212/91",11 - Artigos 3º e 7º da Lei nº 7.713/88,11 - Artigo 15 da Lei n° 8.036/90,"{""FGTS"": 11, ""INSS"": 11, ""IRRF"": 11, ""Analise"": ""-"", ""Rubrica"": ""DESC. D.S.R. S/FALTAS (DIAS) MES ANTERIOR"", ""Cod Rubrica"": 597, ""Cód Natureza"": ""1002 - Descanso semanal remunerado - DSR"", ""Incid./Base Legal FGTS"": ""11 - Artigo 15 da Lei n° 8.036/90"", ""Incid./Base Legal INSS"": ""11 - Artigo 28, inciso I, da Lei n° 8.212/91"", ""Incid./Base Legal IRRF"": ""11 - Artigos 3º e 7º da Lei nº 7.713/88""}",2026-03-25 15:01:09.753784,,,,,,,,,,,,,,,,,,,,,,,,,,,,,,,,,,,,,,,,,,,,
684,1,684,598,DESC PAGTO A MAIOR AD NOT,9299 - Outros descontos,0,9,0,-,"0 - Artigo 28, § 9º da Lei n° 8.212/91",9 - Artigos 3º e 7º da Lei nº 7.713/88,"0 - Artigo 15, § 6º da Lei n° 8.036/90","{""FGTS"": 0, ""INSS"": 0, ""IRRF"": 9, ""Analise"": ""-"", ""Rubrica"": ""DESC PAGTO A MAIOR AD NOT"", ""Cod Rubrica"": 598, ""Cód Natureza"": ""9299 - Outros descontos"", ""Incid./Base Legal FGTS"": ""0 - Artigo 15, § 6º da Lei n° 8.036/90"", ""Incid./Base Legal INSS"": ""0 - Artigo 28, § 9º da Lei n° 8.212/91"", ""Incid./Base Legal IRRF"": ""9 - Artigos 3º e 7º da Lei nº 7.713/88""}",2026-03-25 15:01:09.753784,,,,,,,,,,,,,,,,,,,,,,,,,,,,,,,,,,,,,,,,,,,,
685,1,685,599,DESC H.E PAGO MAIOR,1003 - Horas extraordinárias,11,11,11,-,"11 - Artigo 28, inciso I, da Lei n° 8.212/91",11 - Artigos 3º e 7º da Lei nº 7.713/88,11 - Artigo 15 da Lei n° 8.036/90,"{""FGTS"": 11, ""INSS"": 11, ""IRRF"": 11, ""Analise"": ""-"", ""Rubrica"": ""DESC H.E PAGO MAIOR"", ""Cod Rubrica"": 599, ""Cód Natureza"": ""1003 - Horas extraordinárias"", ""Incid./Base Legal FGTS"": ""11 - Artigo 15 da Lei n° 8.036/90"", ""Incid./Base Legal INSS"": ""11 - Artigo 28, inciso I, da Lei n° 8.212/91"", ""Incid./Base Legal IRRF"": ""11 - Artigos 3º e 7º da Lei nº 7.713/88""}",2026-03-25 15:01:09.753784,,,,,,,,,,,,,,,,,,,,,,,,,,,,,,,,,,,,,,,,,,,,
686,1,686,600,DESC. ACIDENTE DE TRABALHO (F.G.T.S.),9932 - Auxílio - doença acidentário,0,0,0,Rubrica com inconsistência de IRRF,"0 - Artigo 28, § 9º da Lei n° 8.212/91",9 - Artigo 48 da Lei nº 8.541/92,11 - Artigo 15 da Lei n° 8.036/90,"{""FGTS"": 0, ""INSS"": 0, ""IRRF"": 0, ""Analise"": ""Rubrica com inconsistência de IRRF"", ""Rubrica"": ""DESC. ACIDENTE DE TRABALHO (F.G.T.S.)"", ""Cod Rubrica"": 600, ""Cód Natureza"": ""9932 - Auxílio - doença acidentário"", ""Incid./Base Legal FGTS"": ""11 - Artigo 15 da Lei n° 8.036/90"", ""Incid./Base Legal INSS"": ""0 - Artigo 28, § 9º da Lei n° 8.212/91"", ""Incid./Base Legal IRRF"": ""9 - Artigo 48 da Lei nº 8.541/92""}",2026-03-25 15:01:09.753784,,,,,,,,,,,,,,,,,,,,,,,,,,,,,,,,,,,,,,,,,,,,
687,1,687,79 - Artigo 48 da Lei nº 8.541/92,12 - Artigo 15 da Lei n° 8.036/90,,,,,,,,,"{""Incid./Base Legal FGTS"": ""12 - Artigo 15 da Lei n° 8.036/90"", ""Incid./Base Legal IRRF"": ""79 - Artigo 48 da Lei nº 8.541/92""}",2026-03-25 15:01:09.753784,,,,,,,,,,,,,,,,,,,,,,,,,,,,,,,,,,,,,,,,,,,,
688,1,688,0 - Artigo 15 da Lei n° 8.036/90,,,,,,,,,,"{""Incid./Base Legal FGTS"": ""0 - Artigo 15 da Lei n° 8.036/90""}",2026-03-25 15:01:09.753784,,,,,,,,,,,,,,,,,,,,,,,,,,,,,,,,,,,,,,,,,,,,
689,1,689,601,DESC. AUXILIO DOENCA,9933 - Auxílio-doença,0,9,0,-,"0 - Artigo 28, § 9º da Lei n° 8.212/91",9 - Artigos 3º e 7º da Lei nº 7.713/88,0 - Artigo 15 da Lei n° 8.036/90,"{""FGTS"": 0, ""INSS"": 0, ""IRRF"": 9, ""Analise"": ""-"", ""Rubrica"": ""DESC. AUXILIO DOENCA"", ""Cod Rubrica"": 601, ""Cód Natureza"": ""9933 - Auxílio-doença"", ""Incid./Base Legal FGTS"": ""0 - Artigo 15 da Lei n° 8.036/90"", ""Incid./Base Legal INSS"": ""0 - Artigo 28, § 9º da Lei n° 8.212/91"", ""Incid./Base Legal IRRF"": ""9 - Artigos 3º e 7º da Lei nº 7.713/88""}",2026-03-25 15:01:09.753784,,,,,,,,,,,,,,,,,,,,,,,,,,,,,,,,,,,,,,,,,,,,
690,1,690,602,DESC. BENEFICIO SOCIAL FAMILIAR,9232 - Contribuição Sindical - Assistencial,0,0,0,Rubrica com inconsistência de IRRF,"0 - Artigo 28, § 9º da Lei n° 8.212/91",9 - Artigo 4º da Lei nº 9.250/95,0 - Artigo 15 da Lei n° 8.036/90,"{""FGTS"": 0, ""INSS"": 0, ""IRRF"": 0, ""Analise"": ""Rubrica com inconsistência de IRRF"", ""Rubrica"": ""DESC. BENEFICIO SOCIAL FAMILIAR"", ""Cod Rubrica"": 602, ""Cód Natureza"": ""9232 - Contribuição Sindical - Assistencial"", ""Incid./Base Legal FGTS"": ""0 - Artigo 15 da Lei n° 8.036/90"", ""Incid./Base Legal INSS"": ""0 - Artigo 28, § 9º da Lei n° 8.212/91"", ""Incid./Base Legal IRRF"": ""9 - Artigo 4º da Lei nº 9.250/95""}",2026-03-25 15:01:09.753784,,,,,,,,,,,,,,,,,,,,,,,,,,,,,,,,,,,,,,,,,,,,
691,1,691,603,DESC. ASS. MÉDICA BACEN,9219 - Desconto de assistência médica ou odontológica - Plano coletivo empresarial,0,0,0,Rubrica com inconsistência de IRRF,"0 - Artigo 28, § 9º da Lei n° 8.212/91",67 - Artigos 3º e 7º da Lei nº 7.713/88,"0 - Artigo 15, § 6º da Lei n° 8.036/90","{""FGTS"": 0, ""INSS"": 0, ""IRRF"": 0, ""Analise"": ""Rubrica com inconsistência de IRRF"", ""Rubrica"": ""DESC. ASS. MÉDICA BACEN"", ""Cod Rubrica"": 603, ""Cód Natureza"": ""9219 - Desconto de assistência médica ou odontológica - Plano coletivo empresarial"", ""Incid./Base Legal FGTS"": ""0 - Artigo 15, § 6º da Lei n° 8.036/90"", ""Incid./Base Legal INSS"": ""0 - Artigo 28, § 9º da Lei n° 8.212/91"", ""Incid./Base Legal IRRF"": ""67 - Artigos 3º e 7º da Lei nº 7.713/88""}",2026-03-25 15:01:09.753784,,,,,,,,,,,,,,,,,,,,,,,,,,,,,,,,,,,,,,,,,,,,
692,1,692,605,DESC. ASSIST. ODONTO. DEPENDENTE,9299 - Outros descontos,0,0,0,Rubrica com inconsistência de IRRF,"0 - Artigo 28, § 9º da Lei n° 8.212/91",9 - Artigos 3º e 7º da Lei nº 7.713/88,"0 - Artigo 15, § 6º da Lei n° 8.036/90","{""FGTS"": 0, ""INSS"": 0, ""IRRF"": 0, ""Analise"": ""Rubrica com inconsistência de IRRF"", ""Rubrica"": ""DESC. ASSIST. ODONTO. DEPENDENTE"", ""Cod Rubrica"": 605, ""Cód Natureza"": ""9299 - Outros descontos"", ""Incid./Base Legal FGTS"": ""0 - Artigo 15, § 6º da Lei n° 8.036/90"", ""Incid./Base Legal INSS"": ""0 - Artigo 28, § 9º da Lei n° 8.212/91"", ""Incid./Base Legal IRRF"": ""9 - Artigos 3º e 7º da Lei nº 7.713/88""}",2026-03-25 15:01:09.753784,,,,,,,,,,,,,,,,,,,,,,,,,,,,,,,,,,,,,,,,,,,,
693,1,693,606,DESC. ASSIST. ODONTO. DEPENDENTE,9299 - Outros descontos,0,9,0,-,"0 - Artigo 28, § 9º da Lei n° 8.212/91",9 - Artigos 3º e 7º da Lei nº 7.713/88,"0 - Artigo 15, § 6º da Lei n° 8.036/90","{""FGTS"": 0, ""INSS"": 0, ""IRRF"": 9, ""Analise"": ""-"", ""Rubrica"": ""DESC. ASSIST. ODONTO. DEPENDENTE"", ""Cod Rubrica"": 606, ""Cód Natureza"": ""9299 - Outros descontos"", ""Incid./Base Legal FGTS"": ""0 - Artigo 15, § 6º da Lei n° 8.036/90"", ""Incid./Base Legal INSS"": ""0 - Artigo 28, § 9º da Lei n° 8.212/91"", ""Incid./Base Legal IRRF"": ""9 - Artigos 3º e 7º da Lei nº 7.713/88""}",2026-03-25 15:01:09.753784,,,,,,,,,,,,,,,,,,,,,,,,,,,,,,,,,,,,,,,,,,,,
694,1,694,607,DESC. ASSIST. MEDICA,9219 - Desconto de assistência médica ou odontológica - Plano coletivo empresarial,0,0,0,Rubrica com inconsistência de IRRF,"0 - Artigo 28, § 9º da Lei n° 8.212/91",67 - Artigos 3º e 7º da Lei nº 7.713/88,"0 - Artigo 15, § 6º da Lei n° 8.036/90","{""FGTS"": 0, ""INSS"": 0, ""IRRF"": 0, ""Analise"": ""Rubrica com inconsistência de IRRF"", ""Rubrica"": ""DESC. ASSIST. MEDICA"", ""Cod Rubrica"": 607, ""Cód Natureza"": ""9219 - Desconto de assistência médica ou odontológica - Plano coletivo empresarial"", ""Incid./Base Legal FGTS"": ""0 - Artigo 15, § 6º da Lei n° 8.036/90"", ""Incid./Base Legal INSS"": ""0 - Artigo 28, § 9º da Lei n° 8.212/91"", ""Incid./Base Legal IRRF"": ""67 - Artigos 3º e 7º da Lei nº 7.713/88""}",2026-03-25 15:01:09.753784,,,,,,,,,,,,,,,,,,,,,,,,,,,,,,,,,,,,,,,,,,,,
695,1,695,608,DESC. CONTRIB. COLABORATIVA LABORAL,9233 - Contribuição sindical - Confederativa,0,0,0,Rubrica com inconsistência de IRRF,"0 - Artigo 28, § 9º da Lei n° 8.212/91",9 - Artigo 4º da Lei nº 9.250/95,0 - Artigo 15 da Lei n° 8.036/90,"{""FGTS"": 0, ""INSS"": 0, ""IRRF"": 0, ""Analise"": ""Rubrica com inconsistência de IRRF"", ""Rubrica"": ""DESC. CONTRIB. COLABORATIVA LABORAL"", ""Cod Rubrica"": 608, ""Cód Natureza"": ""9233 - Contribuição sindical - Confederativa"", ""Incid./Base Legal FGTS"": ""0 - Artigo 15 da Lei n° 8.036/90"", ""Incid./Base Legal INSS"": ""0 - Artigo 28, § 9º da Lei n° 8.212/91"", ""Incid./Base Legal IRRF"": ""9 - Artigo 4º da Lei nº 9.250/95""}",2026-03-25 15:01:09.753784,,,,,,,,,,,,,,,,,,,,,,,,,,,,,,,,,,,,,,,,,,,,
696,1,696,609,DESC. HORAS MÊS ANTERIOR,9209 - Faltas ou atrasos,11,11,11,-,"11 - Artigo 28, inciso I, da Lei n° 8.212/91",11 - Artigos 3º e 7º da Lei nº 7.713/88,11 - Artigo 15 da Lei n° 8.036/90,"{""FGTS"": 11, ""INSS"": 11, ""IRRF"": 11, ""Analise"": ""-"", ""Rubrica"": ""DESC. HORAS MÊS ANTERIOR"", ""Cod Rubrica"": 609, ""Cód Natureza"": ""9209 - Faltas ou atrasos"", ""Incid./Base Legal FGTS"": ""11 - Artigo 15 da Lei n° 8.036/90"", ""Incid./Base Legal INSS"": ""11 - Artigo 28, inciso I, da Lei n° 8.212/91"", ""Incid./Base Legal IRRF"": ""11 - Artigos 3º e 7º da Lei nº 7.713/88""}",2026-03-25 15:01:09.753784,,,,,,,,,,,,,,,,,,,,,,,,,,,,,,,,,,,,,,,,,,,,
697,1,697,610,DESC. VT NAO UTILIZADO MES ANTERIOR,9216 - Desconto de vale transporte,0,0,0,Rubrica com inconsistência de IRRF,"0 - Artigo 28, § 9º da Lei n° 8.212/91",9 - Artigos 3º e 7º da Lei nº 7.713/88,"0 - Artigo 15, § 6º da Lei n° 8.036/90","{""FGTS"": 0, ""INSS"": 0, ""IRRF"": 0, ""Analise"": ""Rubrica com inconsistência de IRRF"", ""Rubrica"": ""DESC. VT NAO UTILIZADO MES ANTERIOR"", ""Cod Rubrica"": 610, ""Cód Natureza"": ""9216 - Desconto de vale transporte"", ""Incid./Base Legal FGTS"": ""0 - Artigo 15, § 6º da Lei n° 8.036/90"", ""Incid./Base Legal INSS"": ""0 - Artigo 28, § 9º da Lei n° 8.212/91"", ""Incid./Base Legal IRRF"": ""9 - Artigos 3º e 7º da Lei nº 7.713/88""}",2026-03-25 15:01:09.753784,,,,,,,,,,,,,,,,,,,,,,,,,,,,,,,,,,,,,,,,,,,,
698,1,698,611,DESC. VALE ALIMENTACAO - CCT,"9243 - Cesta básica ou refeição, vinculada ao PAT - Desconto",0,9,0,-,"0 - Artigo 28, §9º da Lei n° 8.212/91",9 - Artigos 3º e 7º da Lei nº 7.713/88,0 - Artigo 15 da Lei n° 8.036/90,"{""FGTS"": 0, ""INSS"": 0, ""IRRF"": 9, ""Analise"": ""-"", ""Rubrica"": ""DESC. VALE ALIMENTACAO - CCT"", ""Cod Rubrica"": 611, ""Cód Natureza"": ""9243 - Cesta básica ou refeição, vinculada ao PAT - Desconto"", ""Incid./Base Legal FGTS"": ""0 - Artigo 15 da Lei n° 8.036/90"", ""Incid./Base Legal INSS"": ""0 - Artigo 28, §9º da Lei n° 8.212/91"", ""Incid./Base Legal IRRF"": ""9 - Artigos 3º e 7º da Lei nº 7.713/88""}",2026-03-25 15:01:09.753784,,,,,,,,,,,,,,,,,,,,,,,,,,,,,,,,,,,,,,,,,,,,
699,1,699,612,DESC. PENSAO ALIMENTICIA SALARIO,9213 - Pensão alimentícia,0,51,0,-,"0 - Artigo 28, § 9º da Lei n° 8.212/91","51 - Artigo 4º, inciso IV, da Lei nº 9.250/95","0 - Artigo 15, § 6º da Lei n° 8.036/90","{""FGTS"": 0, ""INSS"": 0, ""IRRF"": 51, ""Analise"": ""-"", ""Rubrica"": ""DESC. PENSAO ALIMENTICIA SALARIO"", ""Cod Rubrica"": 612, ""Cód Natureza"": ""9213 - Pensão alimentícia"", ""Incid./Base Legal FGTS"": ""0 - Artigo 15, § 6º da Lei n° 8.036/90"", ""Incid./Base Legal INSS"": ""0 - Artigo 28, § 9º da Lei n° 8.212/91"", ""Incid./Base Legal IRRF"": ""51 - Artigo 4º, inciso IV, da Lei nº 9.250/95""}",2026-03-25 15:01:09.753784,,,,,,,,,,,,,,,,,,,,,,,,,,,,,,,,,,,,,,,,,,,,
700,1,700,"52 - Artigo 4º, inciso IV, da Lei nº 9.250/95",,,,,,,,,,"{""Incid./Base Legal IRRF"": ""52 - Artigo 4º, inciso IV, da Lei nº 9.250/95""}",2026-03-25 15:01:09.753784,,,,,,,,,,,,,,,,,,,,,,,,,,,,,,,,,,,,,,,,,,,,
701,1,701,"53 - Artigo 4º, inciso IV, da Lei nº 9.250/95",,,,,,,,,,"{""Incid./Base Legal IRRF"": ""53 - Artigo 4º, inciso IV, da Lei nº 9.250/95""}",2026-03-25 15:01:09.753784,,,,,,,,,,,,,,,,,,,,,,,,,,,,,,,,,,,,,,,,,,,,
702,1,702,"54 - Artigo 3º, § 10 da Lei nº 10.101/2000",,,,,,,,,,"{""Incid./Base Legal IRRF"": ""54 - Artigo 3º, § 10 da Lei nº 10.101/2000""}",2026-03-25 15:01:09.753784,,,,,,,,,,,,,,,,,,,,,,,,,,,,,,,,,,,,,,,,,,,,
703,1,703,613,DESC. JUDICIAL,9299 - Outros descontos,0,0,0,Rubrica com inconsistência de IRRF,"0 - Artigo 28, § 9º da Lei n° 8.212/91",9 - Artigos 3º e 7º da Lei nº 7.713/88,"0 - Artigo 15, § 6º da Lei n° 8.036/90","{""FGTS"": 0, ""INSS"": 0, ""IRRF"": 0, ""Analise"": ""Rubrica com inconsistência de IRRF"", ""Rubrica"": ""DESC. JUDICIAL"", ""Cod Rubrica"": 613, ""Cód Natureza"": ""9299 - Outros descontos"", ""Incid./Base Legal FGTS"": ""0 - Artigo 15, § 6º da Lei n° 8.036/90"", ""Incid./Base Legal INSS"": ""0 - Artigo 28, § 9º da Lei n° 8.212/91"", ""Incid./Base Legal IRRF"": ""9 - Artigos 3º e 7º da Lei nº 7.713/88""}",2026-03-25 15:01:09.753784,,,,,,,,,,,,,,,,,,,,,,,,,,,,,,,,,,,,,,,,,,,,
704,1,704,614,DESC. EMPRESTIMO BV,9254 - Empréstimos consignados - desconto,0,9,0,-,"0 - Artigo 28, § 9º da Lei n° 8.212/91",9 - Artigo 7º da Lei nº 8.134/90,"0 - Artigo 15, § 6º da Lei n° 8.036/90","{""FGTS"": 0, ""INSS"": 0, ""IRRF"": 9, ""Analise"": ""-"", ""Rubrica"": ""DESC. EMPRESTIMO BV"", ""Cod Rubrica"": 614, ""Cód Natureza"": ""9254 - Empréstimos consignados - desconto"", ""Incid./Base Legal FGTS"": ""0 - Artigo 15, § 6º da Lei n° 8.036/90"", ""Incid./Base Legal INSS"": ""0 - Artigo 28, § 9º da Lei n° 8.212/91"", ""Incid./Base Legal IRRF"": ""9 - Artigo 7º da Lei nº 8.134/90""}",2026-03-25 15:01:09.753784,,,,,,,,,,,,,,,,,,,,,,,,,,,,,,,,,,,,,,,,,,,,
705,1,705,615,DESC. ASS. MÉDICA MES ANTERIOR,9219 - Desconto de assistência médica ou odontológica - Plano coletivo empresarial,0,0,0,Rubrica com inconsistência de IRRF,"0 - Artigo 28, § 9º da Lei n° 8.212/91",67 - Artigos 3º e 7º da Lei nº 7.713/88,"0 - Artigo 15, § 6º da Lei n° 8.036/90","{""FGTS"": 0, ""INSS"": 0, ""IRRF"": 0, ""Analise"": ""Rubrica com inconsistência de IRRF"", ""Rubrica"": ""DESC. ASS. MÉDICA MES ANTERIOR"", ""Cod Rubrica"": 615, ""Cód Natureza"": ""9219 - Desconto de assistência médica ou odontológica - Plano coletivo empresarial"", ""Incid./Base Legal FGTS"": ""0 - Artigo 15, § 6º da Lei n° 8.036/90"", ""Incid./Base Legal INSS"": ""0 - Artigo 28, § 9º da Lei n° 8.212/91"", ""Incid./Base Legal IRRF"": ""67 - Artigos 3º e 7º da Lei nº 7.713/88""}",2026-03-25 15:01:09.753784,,,,,,,,,,,,,,,,,,,,,,,,,,,,,,,,,,,,,,,,,,,,
706,1,706,616,DESC. CONTRIB. ASSISTENCIAL,9232 - Contribuição Sindical - Assistencial,0,0,0,Rubrica com inconsistência de IRRF,"0 - Artigo 28, § 9º da Lei n° 8.212/91",9 - Artigo 4º da Lei nº 9.250/95,0 - Artigo 15 da Lei n° 8.036/90,"{""FGTS"": 0, ""INSS"": 0, ""IRRF"": 0, ""Analise"": ""Rubrica com inconsistência de IRRF"", ""Rubrica"": ""DESC. CONTRIB. ASSISTENCIAL"", ""Cod Rubrica"": 616, ""Cód Natureza"": ""9232 - Contribuição Sindical - Assistencial"", ""Incid./Base Legal FGTS"": ""0 - Artigo 15 da Lei n° 8.036/90"", ""Incid./Base Legal INSS"": ""0 - Artigo 28, § 9º da Lei n° 8.212/91"", ""Incid./Base Legal IRRF"": ""9 - Artigo 4º da Lei nº 9.250/95""}",2026-03-25 15:01:09.753784,,,,,,,,,,,,,,,,,,,,,,,,,,,,,,,,,,,,,,,,,,,,
707,1,707,617,DESC. ASS. MÉDICA FIOCRUZ,9219 - Desconto de assistência médica ou odontológica - Plano coletivo empresarial,0,0,0,Rubrica com inconsistência de IRRF,"0 - Artigo 28, § 9º da Lei n° 8.212/91",67 - Artigos 3º e 7º da Lei nº 7.713/88,"0 - Artigo 15, § 6º da Lei n° 8.036/90","{""FGTS"": 0, ""INSS"": 0, ""IRRF"": 0, ""Analise"": ""Rubrica com inconsistência de IRRF"", ""Rubrica"": ""DESC. ASS. MÉDICA FIOCRUZ"", ""Cod Rubrica"": 617, ""Cód Natureza"": ""9219 - Desconto de assistência médica ou odontológica - Plano coletivo empresarial"", ""Incid./Base Legal FGTS"": ""0 - Artigo 15, § 6º da Lei n° 8.036/90"", ""Incid./Base Legal INSS"": ""0 - Artigo 28, § 9º da Lei n° 8.212/91"", ""Incid./Base Legal IRRF"": ""67 - Artigos 3º e 7º da Lei nº 7.713/88""}",2026-03-25 15:01:09.753784,,,,,,,,,,,,,,,,,,,,,,,,,,,,,,,,,,,,,,,,,,,,
708,1,708,618,DESC. ASS. MÉDICA MES ANT FIOCRUZ,9219 - Desconto de assistência médica ou odontológica - Plano coletivo empresarial,0,0,0,Rubrica com inconsistência de IRRF,"0 - Artigo 28, § 9º da Lei n° 8.212/91",67 - Artigos 3º e 7º da Lei nº 7.713/88,"0 - Artigo 15, § 6º da Lei n° 8.036/90","{""FGTS"": 0, ""INSS"": 0, ""IRRF"": 0, ""Analise"": ""Rubrica com inconsistência de IRRF"", ""Rubrica"": ""DESC. ASS. MÉDICA MES ANT FIOCRUZ"", ""Cod Rubrica"": 618, ""Cód Natureza"": ""9219 - Desconto de assistência médica ou odontológica - Plano coletivo empresarial"", ""Incid./Base Legal FGTS"": ""0 - Artigo 15, § 6º da Lei n° 8.036/90"", ""Incid./Base Legal INSS"": ""0 - Artigo 28, § 9º da Lei n° 8.212/91"", ""Incid./Base Legal IRRF"": ""67 - Artigos 3º e 7º da Lei nº 7.713/88""}",2026-03-25 15:01:09.753784,,,,,,,,,,,,,,,,,,,,,,,,,,,,,,,,,,,,,,,,,,,,
709,1,709,619,DESC. ASS. MÉDICA DEP.,9299 - Outros descontos,0,0,0,Rubrica com inconsistência de IRRF,"0 - Artigo 28, § 9º da Lei n° 8.212/91",9 - Artigos 3º e 7º da Lei nº 7.713/88,"0 - Artigo 15, § 6º da Lei n° 8.036/90","{""FGTS"": 0, ""INSS"": 0, ""IRRF"": 0, ""Analise"": ""Rubrica com inconsistência de IRRF"", ""Rubrica"": ""DESC. ASS. MÉDICA DEP."", ""Cod Rubrica"": 619, ""Cód Natureza"": ""9299 - Outros descontos"", ""Incid./Base Legal FGTS"": ""0 - Artigo 15, § 6º da Lei n° 8.036/90"", ""Incid./Base Legal INSS"": ""0 - Artigo 28, § 9º da Lei n° 8.212/91"", ""Incid./Base Legal IRRF"": ""9 - Artigos 3º e 7º da Lei nº 7.713/88""}",2026-03-25 15:01:09.753784,,,,,,,,,,,,,,,,,,,,,,,,,,,,,,,,,,,,,,,,,,,,
710,1,710,620,DESC. ASS. MÉDICA DEP. MES ANT FIOCRUZ,9219 - Desconto de assistência médica ou odontológica - Plano coletivo empresarial,0,0,0,Rubrica com inconsistência de IRRF,"0 - Artigo 28, § 9º da Lei n° 8.212/91",67 - Artigos 3º e 7º da Lei nº 7.713/88,"0 - Artigo 15, § 6º da Lei n° 8.036/90","{""FGTS"": 0, ""INSS"": 0, ""IRRF"": 0, ""Analise"": ""Rubrica com inconsistência de IRRF"", ""Rubrica"": ""DESC. ASS. MÉDICA DEP. MES ANT FIOCRUZ"", ""Cod Rubrica"": 620, ""Cód Natureza"": ""9219 - Desconto de assistência médica ou odontológica - Plano coletivo empresarial"", ""Incid./Base Legal FGTS"": ""0 - Artigo 15, § 6º da Lei n° 8.036/90"", ""Incid./Base Legal INSS"": ""0 - Artigo 28, § 9º da Lei n° 8.212/91"", ""Incid./Base Legal IRRF"": ""67 - Artigos 3º e 7º da Lei nº 7.713/88""}",2026-03-25 15:01:09.753784,,,,,,,,,,,,,,,,,,,,,,,,,,,,,,,,,,,,,,,,,,,,
711,1,711,621,DESC. BB DETAL,9299 - Outros descontos,0,0,0,Rubrica com inconsistência de IRRF,"0 - Artigo 28, § 9º da Lei n° 8.212/91",9 - Artigos 3º e 7º da Lei nº 7.713/88,"0 - Artigo 15, § 6º da Lei n° 8.036/90","{""FGTS"": 0, ""INSS"": 0, ""IRRF"": 0, ""Analise"": ""Rubrica com inconsistência de IRRF"", ""Rubrica"": ""DESC. BB DETAL"", ""Cod Rubrica"": 621, ""Cód Natureza"": ""9299 - Outros descontos"", ""Incid./Base Legal FGTS"": ""0 - Artigo 15, § 6º da Lei n° 8.036/90"", ""Incid./Base Legal INSS"": ""0 - Artigo 28, § 9º da Lei n° 8.212/91"", ""Incid./Base Legal IRRF"": ""9 - Artigos 3º e 7º da Lei nº 7.713/88""}",2026-03-25 15:01:09.753784,,,,,,,,,,,,,,,,,,,,,,,,,,,,,,,,,,,,,,,,,,,,
712,1,712,622,DESC. VT NAO UTILIZADO MÊS ANTERIOR,9216 - Desconto de vale transporte,0,0,0,Rubrica com inconsistência de IRRF,"0 - Artigo 28, § 9º da Lei n° 8.212/91",9 - Artigos 3º e 7º da Lei nº 7.713/88,"0 - Artigo 15, § 6º da Lei n° 8.036/90","{""FGTS"": 0, ""INSS"": 0, ""IRRF"": 0, ""Analise"": ""Rubrica com inconsistência de IRRF"", ""Rubrica"": ""DESC. VT NAO UTILIZADO MÊS ANTERIOR"", ""Cod Rubrica"": 622, ""Cód Natureza"": ""9216 - Desconto de vale transporte"", ""Incid./Base Legal FGTS"": ""0 - Artigo 15, § 6º da Lei n° 8.036/90"", ""Incid./Base Legal INSS"": ""0 - Artigo 28, § 9º da Lei n° 8.212/91"", ""Incid./Base Legal IRRF"": ""9 - Artigos 3º e 7º da Lei nº 7.713/88""}",2026-03-25 15:01:09.753784,,,,,,,,,,,,,,,,,,,,,,,,,,,,,,,,,,,,,,,,,,,,
713,1,713,623,DESC. REFEIÇÃO/ALIMENTAÇÃO PRÓXIMO MÊS,"9243 - Cesta básica ou refeição, vinculada ao PAT - Desconto",0,9,0,-,"0 - Artigo 28, §9º da Lei n° 8.212/91",9 - Artigos 3º e 7º da Lei nº 7.713/88,0 - Artigo 15 da Lei n° 8.036/90,"{""FGTS"": 0, ""INSS"": 0, ""IRRF"": 9, ""Analise"": ""-"", ""Rubrica"": ""DESC. REFEIÇÃO/ALIMENTAÇÃO PRÓXIMO MÊS"", ""Cod Rubrica"": 623, ""Cód Natureza"": ""9243 - Cesta básica ou refeição, vinculada ao PAT - Desconto"", ""Incid./Base Legal FGTS"": ""0 - Artigo 15 da Lei n° 8.036/90"", ""Incid./Base Legal INSS"": ""0 - Artigo 28, §9º da Lei n° 8.212/91"", ""Incid./Base Legal IRRF"": ""9 - Artigos 3º e 7º da Lei nº 7.713/88""}",2026-03-25 15:01:09.753784,,,,,,,,,,,,,,,,,,,,,,,,,,,,,,,,,,,,,,,,,,,,
714,1,714,624,DESC. VALE REFEIÇÃO - CCT,"9243 - Cesta básica ou refeição, vinculada ao PAT - Desconto",0,9,0,-,"0 - Artigo 28, §9º da Lei n° 8.212/91",9 - Artigos 3º e 7º da Lei nº 7.713/88,0 - Artigo 15 da Lei n° 8.036/90,"{""FGTS"": 0, ""INSS"": 0, ""IRRF"": 9, ""Analise"": ""-"", ""Rubrica"": ""DESC. VALE REFEIÇÃO - CCT"", ""Cod Rubrica"": 624, ""Cód Natureza"": ""9243 - Cesta básica ou refeição, vinculada ao PAT - Desconto"", ""Incid./Base Legal FGTS"": ""0 - Artigo 15 da Lei n° 8.036/90"", ""Incid./Base Legal INSS"": ""0 - Artigo 28, §9º da Lei n° 8.212/91"", ""Incid./Base Legal IRRF"": ""9 - Artigos 3º e 7º da Lei nº 7.713/88""}",2026-03-25 15:01:09.753784,,,,,,,,,,,,,,,,,,,,,,,,,,,,,,,,,,,,,,,,,,,,
715,1,715,625,DESPESAS POSTAIS,9299 - Outros descontos,0,0,0,Rubrica com inconsistência de IRRF,"0 - Artigo 28, § 9º da Lei n° 8.212/91",9 - Artigos 3º e 7º da Lei nº 7.713/88,"0 - Artigo 15, § 6º da Lei n° 8.036/90","{""FGTS"": 0, ""INSS"": 0, ""IRRF"": 0, ""Analise"": ""Rubrica com inconsistência de IRRF"", ""Rubrica"": ""DESPESAS POSTAIS"", ""Cod Rubrica"": 625, ""Cód Natureza"": ""9299 - Outros descontos"", ""Incid./Base Legal FGTS"": ""0 - Artigo 15, § 6º da Lei n° 8.036/90"", ""Incid./Base Legal INSS"": ""0 - Artigo 28, § 9º da Lei n° 8.212/91"", ""Incid./Base Legal IRRF"": ""9 - Artigos 3º e 7º da Lei nº 7.713/88""}",2026-03-25 15:01:09.753784,,,,,,,,,,,,,,,,,,,,,,,,,,,,,,,,,,,,,,,,,,,,
716,1,716,626,DESC. ATRASO/FALTA HORAS MES ANTERIOR,9209 - Faltas ou atrasos,11,11,11,-,"11 - Artigo 28, inciso I, da Lei n° 8.212/91",11 - Artigos 3º e 7º da Lei nº 7.713/88,11 - Artigo 15 da Lei n° 8.036/90,"{""FGTS"": 11, ""INSS"": 11, ""IRRF"": 11, ""Analise"": ""-"", ""Rubrica"": ""DESC. ATRASO/FALTA HORAS MES ANTERIOR"", ""Cod Rubrica"": 626, ""Cód Natureza"": ""9209 - Faltas ou atrasos"", ""Incid./Base Legal FGTS"": ""11 - Artigo 15 da Lei n° 8.036/90"", ""Incid./Base Legal INSS"": ""11 - Artigo 28, inciso I, da Lei n° 8.212/91"", ""Incid./Base Legal IRRF"": ""11 - Artigos 3º e 7º da Lei nº 7.713/88""}",2026-03-25 15:01:09.753784,,,,,,,,,,,,,,,,,,,,,,,,,,,,,,,,,,,,,,,,,,,,
717,1,717,627,DESC. ADIANT. NORMAL(DENTRO DO MES),9200 - Desconto de Adiantamentos,0,11,0,-,"0 - Artigo 28, § 9º da Lei n° 8.212/91",9 - Artigos 3º e 7º da Lei nº 7.713/88,"0 - Artigo 15, § 6º da Lei n° 8.036/90","{""FGTS"": 0, ""INSS"": 0, ""IRRF"": 11, ""Analise"": ""-"", ""Rubrica"": ""DESC. ADIANT. NORMAL(DENTRO DO MES)"", ""Cod Rubrica"": 627, ""Cód Natureza"": ""9200 - Desconto de Adiantamentos"", ""Incid./Base Legal FGTS"": ""0 - Artigo 15, § 6º da Lei n° 8.036/90"", ""Incid./Base Legal INSS"": ""0 - Artigo 28, § 9º da Lei n° 8.212/91"", ""Incid./Base Legal IRRF"": ""9 - Artigos 3º e 7º da Lei nº 7.713/88""}",2026-03-25 15:01:09.753784,,,,,,,,,,,,,,,,,,,,,,,,,,,,,,,,,,,,,,,,,,,,
718,1,718,11 - Artigos 3º e 7º da Lei nº 7.713/88,,,,,,,,,,"{""Incid./Base Legal IRRF"": ""11 - Artigos 3º e 7º da Lei nº 7.713/88""}",2026-03-25 15:01:09.753784,,,,,,,,,,,,,,,,,,,,,,,,,,,,,,,,,,,,,,,,,,,,
719,1,719,628,DESC. PENSAO ALIMENTICIA ABONO,9213 - Pensão alimentícia,0,51,0,-,"0 - Artigo 28, § 9º da Lei n° 8.212/91","51 - Artigo 4º, inciso IV, da Lei nº 9.250/95","0 - Artigo 15, § 6º da Lei n° 8.036/90","{""FGTS"": 0, ""INSS"": 0, ""IRRF"": 51, ""Analise"": ""-"", ""Rubrica"": ""DESC. PENSAO ALIMENTICIA ABONO"", ""Cod Rubrica"": 628, ""Cód Natureza"": ""9213 - Pensão alimentícia"", ""Incid./Base Legal FGTS"": ""0 - Artigo 15, § 6º da Lei n° 8.036/90"", ""Incid./Base Legal INSS"": ""0 - Artigo 28, § 9º da Lei n° 8.212/91"", ""Incid./Base Legal IRRF"": ""51 - Artigo 4º, inciso IV, da Lei nº 9.250/95""}",2026-03-25 15:01:09.753784,,,,,,,,,,,,,,,,,,,,,,,,,,,,,,,,,,,,,,,,,,,,
720,1,720,"52 - Artigo 4º, inciso IV, da Lei nº 9.250/95",,,,,,,,,,"{""Incid./Base Legal IRRF"": ""52 - Artigo 4º, inciso IV, da Lei nº 9.250/95""}",2026-03-25 15:01:09.753784,,,,,,,,,,,,,,,,,,,,,,,,,,,,,,,,,,,,,,,,,,,,
721,1,721,"53 - Artigo 4º, inciso IV, da Lei nº 9.250/95",,,,,,,,,,"{""Incid./Base Legal IRRF"": ""53 - Artigo 4º, inciso IV, da Lei nº 9.250/95""}",2026-03-25 15:01:09.753784,,,,,,,,,,,,,,,,,,,,,,,,,,,,,,,,,,,,,,,,,,,,
722,1,722,"54 - Artigo 3º, § 10 da Lei nº 10.101/2000",,,,,,,,,,"{""Incid./Base Legal IRRF"": ""54 - Artigo 3º, § 10 da Lei nº 10.101/2000""}",2026-03-25 15:01:09.753784,,,,,,,,,,,,,,,,,,,,,,,,,,,,,,,,,,,,,,,,,,,,
723,1,723,629,DESC HE 100 - MES ANT,1003 - Horas extraordinárias,11,11,11,-,"11 - Artigo 28, inciso I, da Lei n° 8.212/91",11 - Artigos 3º e 7º da Lei nº 7.713/88,11 - Artigo 15 da Lei n° 8.036/90,"{""FGTS"": 11, ""INSS"": 11, ""IRRF"": 11, ""Analise"": ""-"", ""Rubrica"": ""DESC HE 100 - MES ANT"", ""Cod Rubrica"": 629, ""Cód Natureza"": ""1003 - Horas extraordinárias"", ""Incid./Base Legal FGTS"": ""11 - Artigo 15 da Lei n° 8.036/90"", ""Incid./Base Legal INSS"": ""11 - Artigo 28, inciso I, da Lei n° 8.212/91"", ""Incid./Base Legal IRRF"": ""11 - Artigos 3º e 7º da Lei nº 7.713/88""}",2026-03-25 15:01:09.753784,,,,,,,,,,,,,,,,,,,,,,,,,,,,,,,,,,,,,,,,,,,,
724,1,724,630,DESC H EXTRAS 60% - MES ANT,1003 - Horas extraordinárias,11,11,11,-,"11 - Artigo 28, inciso I, da Lei n° 8.212/91",11 - Artigos 3º e 7º da Lei nº 7.713/88,11 - Artigo 15 da Lei n° 8.036/90,"{""FGTS"": 11, ""INSS"": 11, ""IRRF"": 11, ""Analise"": ""-"", ""Rubrica"": ""DESC H EXTRAS 60% - MES ANT"", ""Cod Rubrica"": 630, ""Cód Natureza"": ""1003 - Horas extraordinárias"", ""Incid./Base Legal FGTS"": ""11 - Artigo 15 da Lei n° 8.036/90"", ""Incid./Base Legal INSS"": ""11 - Artigo 28, inciso I, da Lei n° 8.212/91"", ""Incid./Base Legal IRRF"": ""11 - Artigos 3º e 7º da Lei nº 7.713/88""}",2026-03-25 15:01:09.753784,,,,,,,,,,,,,,,,,,,,,,,,,,,,,,,,,,,,,,,,,,,,
725,1,725,631,DESC. ASSIST. ODONT. SINTACLUNS,9299 - Outros descontos,0,0,0,Rubrica com inconsistência de IRRF,"0 - Artigo 28, § 9º da Lei n° 8.212/91",9 - Artigos 3º e 7º da Lei nº 7.713/88,"0 - Artigo 15, § 6º da Lei n° 8.036/90","{""FGTS"": 0, ""INSS"": 0, ""IRRF"": 0, ""Analise"": ""Rubrica com inconsistência de IRRF"", ""Rubrica"": ""DESC. ASSIST. ODONT. SINTACLUNS"", ""Cod Rubrica"": 631, ""Cód Natureza"": ""9299 - Outros descontos"", ""Incid./Base Legal FGTS"": ""0 - Artigo 15, § 6º da Lei n° 8.036/90"", ""Incid./Base Legal INSS"": ""0 - Artigo 28, § 9º da Lei n° 8.212/91"", ""Incid./Base Legal IRRF"": ""9 - Artigos 3º e 7º da Lei nº 7.713/88""}",2026-03-25 15:01:09.753784,,,,,,,,,,,,,,,,,,,,,,,,,,,,,,,,,,,,,,,,,,,,
726,1,726,632,DESC. CONT.. COLAB. LAB. CABINEIROS,9232 - Contribuição Sindical - Assistencial,0,9,0,-,"0 - Artigo 28, § 9º da Lei n° 8.212/91",9 - Artigo 4º da Lei nº 9.250/95,0 - Artigo 15 da Lei n° 8.036/90,"{""FGTS"": 0, ""INSS"": 0, ""IRRF"": 9, ""Analise"": ""-"", ""Rubrica"": ""DESC. CONT.. COLAB. LAB. CABINEIROS"", ""Cod Rubrica"": 632, ""Cód Natureza"": ""9232 - Contribuição Sindical - Assistencial"", ""Incid./Base Legal FGTS"": ""0 - Artigo 15 da Lei n° 8.036/90"", ""Incid./Base Legal INSS"": ""0 - Artigo 28, § 9º da Lei n° 8.212/91"", ""Incid./Base Legal IRRF"": ""9 - Artigo 4º da Lei nº 9.250/95""}",2026-03-25 15:01:09.753784,,,,,,,,,,,,,,,,,,,,,,,,,,,,,,,,,,,,,,,,,,,,
727,1,727,633,DESC H EXTRAS 100% - MES ANT,1003 - Horas extraordinárias,11,11,11,-,"11 - Artigo 28, inciso I, da Lei n° 8.212/91",11 - Artigos 3º e 7º da Lei nº 7.713/88,11 - Artigo 15 da Lei n° 8.036/90,"{""FGTS"": 11, ""INSS"": 11, ""IRRF"": 11, ""Analise"": ""-"", ""Rubrica"": ""DESC H EXTRAS 100% - MES ANT"", ""Cod Rubrica"": 633, ""Cód Natureza"": ""1003 - Horas extraordinárias"", ""Incid./Base Legal FGTS"": ""11 - Artigo 15 da Lei n° 8.036/90"", ""Incid./Base Legal INSS"": ""11 - Artigo 28, inciso I, da Lei n° 8.212/91"", ""Incid./Base Legal IRRF"": ""11 - Artigos 3º e 7º da Lei nº 7.713/88""}",2026-03-25 15:01:09.753784,,,,,,,,,,,,,,,,,,,,,,,,,,,,,,,,,,,,,,,,,,,,
728,1,728,634,DESC. CONTRIB. ASS. LAB. SIEEACON,9232 - Contribuição Sindical - Assistencial,0,0,0,Rubrica com inconsistência de IRRF,"0 - Artigo 28, § 9º da Lei n° 8.212/91",9 - Artigo 4º da Lei nº 9.250/95,0 - Artigo 15 da Lei n° 8.036/90,"{""FGTS"": 0, ""INSS"": 0, ""IRRF"": 0, ""Analise"": ""Rubrica com inconsistência de IRRF"", ""Rubrica"": ""DESC. CONTRIB. ASS. LAB. SIEEACON"", ""Cod Rubrica"": 634, ""Cód Natureza"": ""9232 - Contribuição Sindical - Assistencial"", ""Incid./Base Legal FGTS"": ""0 - Artigo 15 da Lei n° 8.036/90"", ""Incid./Base Legal INSS"": ""0 - Artigo 28, § 9º da Lei n° 8.212/91"", ""Incid./Base Legal IRRF"": ""9 - Artigo 4º da Lei nº 9.250/95""}",2026-03-25 15:01:09.753784,,,,,,,,,,,,,,,,,,,,,,,,,,,,,,,,,,,,,,,,,,,,
729,1,729,635,DIF EMPRESTIMO,9254 - Empréstimos consignados - desconto,0,9,0,-,"0 - Artigo 28, § 9º da Lei n° 8.212/91",9 - Artigo 7º da Lei nº 8.134/90,"0 - Artigo 15, § 6º da Lei n° 8.036/90","{""FGTS"": 0, ""INSS"": 0, ""IRRF"": 9, ""Analise"": ""-"", ""Rubrica"": ""DIF EMPRESTIMO"", ""Cod Rubrica"": 635, ""Cód Natureza"": ""9254 - Empréstimos consignados - desconto"", ""Incid./Base Legal FGTS"": ""0 - Artigo 15, § 6º da Lei n° 8.036/90"", ""Incid./Base Legal INSS"": ""0 - Artigo 28, § 9º da Lei n° 8.212/91"", ""Incid./Base Legal IRRF"": ""9 - Artigo 7º da Lei nº 8.134/90""}",2026-03-25 15:01:09.753784,,,,,,,,,,,,,,,,,,,,,,,,,,,,,,,,,,,,,,,,,,,,
730,1,730,636,DESC. BENEFICIO SOCIAL FAMILIAR,9232 - Contribuição Sindical - Assistencial,0,0,0,Rubrica com inconsistência de IRRF,"0 - Artigo 28, § 9º da Lei n° 8.212/91",9 - Artigo 4º da Lei nº 9.250/95,0 - Artigo 15 da Lei n° 8.036/90,"{""FGTS"": 0, ""INSS"": 0, ""IRRF"": 0, ""Analise"": ""Rubrica com inconsistência de IRRF"", ""Rubrica"": ""DESC. BENEFICIO SOCIAL FAMILIAR"", ""Cod Rubrica"": 636, ""Cód Natureza"": ""9232 - Contribuição Sindical - Assistencial"", ""Incid./Base Legal FGTS"": ""0 - Artigo 15 da Lei n° 8.036/90"", ""Incid./Base Legal INSS"": ""0 - Artigo 28, § 9º da Lei n° 8.212/91"", ""Incid./Base Legal IRRF"": ""9 - Artigo 4º da Lei nº 9.250/95""}",2026-03-25 15:01:09.753784,,,,,,,,,,,,,,,,,,,,,,,,,,,,,,,,,,,,,,,,,,,,
731,1,731,637,DESC. CONTRIB. COLABORATIVA LABORAL,9232 - Contribuição Sindical - Assistencial,0,0,0,Rubrica com inconsistência de IRRF,"0 - Artigo 28, § 9º da Lei n° 8.212/91",9 - Artigo 4º da Lei nº 9.250/95,0 - Artigo 15 da Lei n° 8.036/90,"{""FGTS"": 0, ""INSS"": 0, ""IRRF"": 0, ""Analise"": ""Rubrica com inconsistência de IRRF"", ""Rubrica"": ""DESC. CONTRIB. COLABORATIVA LABORAL"", ""Cod Rubrica"": 637, ""Cód Natureza"": ""9232 - Contribuição Sindical - Assistencial"", ""Incid./Base Legal FGTS"": ""0 - Artigo 15 da Lei n° 8.036/90"", ""Incid./Base Legal INSS"": ""0 - Artigo 28, § 9º da Lei n° 8.212/91"", ""Incid./Base Legal IRRF"": ""9 - Artigo 4º da Lei nº 9.250/95""}",2026-03-25 15:01:09.753784,,,,,,,,,,,,,,,,,,,,,,,,,,,,,,,,,,,,,,,,,,,,
732,1,732,638,DESC. ASSIST. ODONT. DEP. SINTACLUNS,9299 - Outros descontos,0,0,0,Rubrica com inconsistência de IRRF,"0 - Artigo 28, § 9º da Lei n° 8.212/91",9 - Artigos 3º e 7º da Lei nº 7.713/88,"0 - Artigo 15, § 6º da Lei n° 8.036/90","{""FGTS"": 0, ""INSS"": 0, ""IRRF"": 0, ""Analise"": ""Rubrica com inconsistência de IRRF"", ""Rubrica"": ""DESC. ASSIST. ODONT. DEP. SINTACLUNS"", ""Cod Rubrica"": 638, ""Cód Natureza"": ""9299 - Outros descontos"", ""Incid./Base Legal FGTS"": ""0 - Artigo 15, § 6º da Lei n° 8.036/90"", ""Incid./Base Legal INSS"": ""0 - Artigo 28, § 9º da Lei n° 8.212/91"", ""Incid./Base Legal IRRF"": ""9 - Artigos 3º e 7º da Lei nº 7.713/88""}",2026-03-25 15:01:09.753784,,,,,,,,,,,,,,,,,,,,,,,,,,,,,,,,,,,,,,,,,,,,
733,1,733,639,ESTORNO DE PAGAMENTO,9290 - Desconto de pagamento indevido em meses anteriores,11,11,11,-,"11 - Artigo 28, inciso I, da Lei n° 8.212/91",11 - Artigos 3º e 7º da Lei nº 7.713/88,11 - Artigo 15 da Lei n° 8.036/90,"{""FGTS"": 11, ""INSS"": 11, ""IRRF"": 11, ""Analise"": ""-"", ""Rubrica"": ""ESTORNO DE PAGAMENTO"", ""Cod Rubrica"": 639, ""Cód Natureza"": ""9290 - Desconto de pagamento indevido em meses anteriores"", ""Incid./Base Legal FGTS"": ""11 - Artigo 15 da Lei n° 8.036/90"", ""Incid./Base Legal INSS"": ""11 - Artigo 28, inciso I, da Lei n° 8.212/91"", ""Incid./Base Legal IRRF"": ""11 - Artigos 3º e 7º da Lei nº 7.713/88""}",2026-03-25 15:01:09.753784,,,,,,,,,,,,,,,,,,,,,,,,,,,,,,,,,,,,,,,,,,,,
734,1,734,"12 - Artigo 28, § 9º da Lei n° 8.212/91",13 - Artigos 3º e 7º da Lei nº 7.713/88,0 - Artigo 15 da Lei n° 8.036/90,,,,,,,,"{""Incid./Base Legal FGTS"": ""0 - Artigo 15 da Lei n° 8.036/90"", ""Incid./Base Legal INSS"": ""12 - Artigo 28, § 9º da Lei n° 8.212/91"", ""Incid./Base Legal IRRF"": ""13 - Artigos 3º e 7º da Lei nº 7.713/88""}",2026-03-25 15:01:09.753784,,,,,,,,,,,,,,,,,,,,,,,,,,,,,,,,,,,,,,,,,,,,
735,1,735,12 - Artigos 3º e 7º da Lei nº 7.713/88,,,,,,,,,,"{""Incid./Base Legal IRRF"": ""12 - Artigos 3º e 7º da Lei nº 7.713/88""}",2026-03-25 15:01:09.753784,,,,,,,,,,,,,,,,,,,,,,,,,,,,,,,,,,,,,,,,,,,,
736,1,736,640,DESC. PENSAO ALIMENTICIA S/13º SALARIO,9213 - Pensão alimentícia,0,52,0,-,"0 - Artigo 28, § 9º da Lei n° 8.212/91","51 - Artigo 4º, inciso IV, da Lei nº 9.250/95","0 - Artigo 15, § 6º da Lei n° 8.036/90","{""FGTS"": 0, ""INSS"": 0, ""IRRF"": 52, ""Analise"": ""-"", ""Rubrica"": ""DESC. PENSAO ALIMENTICIA S/13º SALARIO"", ""Cod Rubrica"": 640, ""Cód Natureza"": ""9213 - Pensão alimentícia"", ""Incid./Base Legal FGTS"": ""0 - Artigo 15, § 6º da Lei n° 8.036/90"", ""Incid./Base Legal INSS"": ""0 - Artigo 28, § 9º da Lei n° 8.212/91"", ""Incid./Base Legal IRRF"": ""51 - Artigo 4º, inciso IV, da Lei nº 9.250/95""}",2026-03-25 15:01:09.753784,,,,,,,,,,,,,,,,,,,,,,,,,,,,,,,,,,,,,,,,,,,,
737,1,737,"52 - Artigo 4º, inciso IV, da Lei nº 9.250/95",,,,,,,,,,"{""Incid./Base Legal IRRF"": ""52 - Artigo 4º, inciso IV, da Lei nº 9.250/95""}",2026-03-25 15:01:09.753784,,,,,,,,,,,,,,,,,,,,,,,,,,,,,,,,,,,,,,,,,,,,
738,1,738,"53 - Artigo 4º, inciso IV, da Lei nº 9.250/95",,,,,,,,,,"{""Incid./Base Legal IRRF"": ""53 - Artigo 4º, inciso IV, da Lei nº 9.250/95""}",2026-03-25 15:01:09.753784,,,,,,,,,,,,,,,,,,,,,,,,,,,,,,,,,,,,,,,,,,,,
739,1,739,"54 - Artigo 3º, § 10 da Lei nº 10.101/2000",,,,,,,,,,"{""Incid./Base Legal IRRF"": ""54 - Artigo 3º, § 10 da Lei nº 10.101/2000""}",2026-03-25 15:01:09.753784,,,,,,,,,,,,,,,,,,,,,,,,,,,,,,,,,,,,,,,,,,,,
740,1,740,641,DESC. I.N.S.S. (FÉRIAS),9201 - Contribuição Previdenciária,31,13,0,Rubrica com inconsistência de IRRF,"31 - Artigo 28, § 9º da Lei n° 8.212/91","41 - Artigo 4º, inciso IV, da Lei nº 9.250/95",0 - Artigo 15 da Lei n° 8.036/90,"{""FGTS"": 0, ""INSS"": 31, ""IRRF"": 13, ""Analise"": ""Rubrica com inconsistência de IRRF"", ""Rubrica"": ""DESC. I.N.S.S. (FÉRIAS)"", ""Cod Rubrica"": 641, ""Cód Natureza"": ""9201 - Contribuição Previdenciária"", ""Incid./Base Legal FGTS"": ""0 - Artigo 15 da Lei n° 8.036/90"", ""Incid./Base Legal INSS"": ""31 - Artigo 28, § 9º da Lei n° 8.212/91"", ""Incid./Base Legal IRRF"": ""41 - Artigo 4º, inciso IV, da Lei nº 9.250/95""}",2026-03-25 15:01:09.753784,,,,,,,,,,,,,,,,,,,,,,,,,,,,,,,,,,,,,,,,,,,,
741,1,741,"32 - Artigo 28, § 9º da Lei n° 8.212/91","42 - Artigo 4º, inciso IV, da Lei nº 9.250/95",,,,,,,,,"{""Incid./Base Legal INSS"": ""32 - Artigo 28, § 9º da Lei n° 8.212/91"", ""Incid./Base Legal IRRF"": ""42 - Artigo 4º, inciso IV, da Lei nº 9.250/95""}",2026-03-25 15:01:09.753784,,,,,,,,,,,,,,,,,,,,,,,,,,,,,,,,,,,,,,,,,,,,
742,1,742,"9 - Artigo 4º, inciso IV, da Lei nº 9.250/95",,,,,,,,,,"{""Incid./Base Legal IRRF"": ""9 - Artigo 4º, inciso IV, da Lei nº 9.250/95""}",2026-03-25 15:01:09.753784,,,,,,,,,,,,,,,,,,,,,,,,,,,,,,,,,,,,,,,,,,,,
743,1,743,642,DESC INSALUBRIDADE INDEVIDO,1202 - Adicional de insalubridade,11,11,11,-,"11 - Artigo 28, inciso I, da Lei n° 8.212/91",11 - Artigos 3º e 7º da Lei nº 7.713/88,11 - Artigo 15 da Lei n° 8.036/90,"{""FGTS"": 11, ""INSS"": 11, ""IRRF"": 11, ""Analise"": ""-"", ""Rubrica"": ""DESC INSALUBRIDADE INDEVIDO"", ""Cod Rubrica"": 642, ""Cód Natureza"": ""1202 - Adicional de insalubridade"", ""Incid./Base Legal FGTS"": ""11 - Artigo 15 da Lei n° 8.036/90"", ""Incid./Base Legal INSS"": ""11 - Artigo 28, inciso I, da Lei n° 8.212/91"", ""Incid./Base Legal IRRF"": ""11 - Artigos 3º e 7º da Lei nº 7.713/88""}",2026-03-25 15:01:09.753784,,,,,,,,,,,,,,,,,,,,,,,,,,,,,,,,,,,,,,,,,,,,
744,1,744,643,DESC. PROGRAMA ASSIST. FAMILIAR (PAF) M/ANTERIOR,9232 - Contribuição Sindical - Assistencial,0,0,0,Rubrica com inconsistência de IRRF,"0 - Artigo 28, § 9º da Lei n° 8.212/91",9 - Artigo 4º da Lei nº 9.250/95,0 - Artigo 15 da Lei n° 8.036/90,"{""FGTS"": 0, ""INSS"": 0, ""IRRF"": 0, ""Analise"": ""Rubrica com inconsistência de IRRF"", ""Rubrica"": ""DESC. PROGRAMA ASSIST. FAMILIAR (PAF) M/ANTERIOR"", ""Cod Rubrica"": 643, ""Cód Natureza"": ""9232 - Contribuição Sindical - Assistencial"", ""Incid./Base Legal FGTS"": ""0 - Artigo 15 da Lei n° 8.036/90"", ""Incid./Base Legal INSS"": ""0 - Artigo 28, § 9º da Lei n° 8.212/91"", ""Incid./Base Legal IRRF"": ""9 - Artigo 4º da Lei nº 9.250/95""}",2026-03-25 15:01:09.753784,,,,,,,,,,,,,,,,,,,,,,,,,,,,,,,,,,,,,,,,,,,,
745,1,745,644,DESC. CONTRIB. ASSISTENCIAL 13 SAL,9232 - Contribuição Sindical - Assistencial,0,0,0,Rubrica com inconsistência de IRRF,"0 - Artigo 28, § 9º da Lei n° 8.212/91",9 - Artigo 4º da Lei nº 9.250/95,0 - Artigo 15 da Lei n° 8.036/90,"{""FGTS"": 0, ""INSS"": 0, ""IRRF"": 0, ""Analise"": ""Rubrica com inconsistência de IRRF"", ""Rubrica"": ""DESC. CONTRIB. ASSISTENCIAL 13 SAL"", ""Cod Rubrica"": 644, ""Cód Natureza"": ""9232 - Contribuição Sindical - Assistencial"", ""Incid./Base Legal FGTS"": ""0 - Artigo 15 da Lei n° 8.036/90"", ""Incid./Base Legal INSS"": ""0 - Artigo 28, § 9º da Lei n° 8.212/91"", ""Incid./Base Legal IRRF"": ""9 - Artigo 4º da Lei nº 9.250/95""}",2026-03-25 15:01:09.753784,,,,,,,,,,,,,,,,,,,,,,,,,,,,,,,,,,,,,,,,,,,,
746,1,746,646,DESC. MENS. SINDICAL,9231 - Contribuição Sindical - Associativa,0,0,0,Rubrica com inconsistência de IRRF,"0 - Artigo 28, § 9º da Lei n° 8.212/91",9 - Artigo 4º da Lei nº 9.250/95,0 - Artigo 15 da Lei n° 8.036/90,"{""FGTS"": 0, ""INSS"": 0, ""IRRF"": 0, ""Analise"": ""Rubrica com inconsistência de IRRF"", ""Rubrica"": ""DESC. MENS. SINDICAL"", ""Cod Rubrica"": 646, ""Cód Natureza"": ""9231 - Contribuição Sindical - Associativa"", ""Incid./Base Legal FGTS"": ""0 - Artigo 15 da Lei n° 8.036/90"", ""Incid./Base Legal INSS"": ""0 - Artigo 28, § 9º da Lei n° 8.212/91"", ""Incid./Base Legal IRRF"": ""9 - Artigo 4º da Lei nº 9.250/95""}",2026-03-25 15:01:09.753784,,,,,,,,,,,,,,,,,,,,,,,,,,,,,,,,,,,,,,,,,,,,
1017,1,1017,887,DESC. FALTAS (Horas),9209 - Faltas ou atrasos,11,11,11,-,"11 - Artigo 28, inciso I, da Lei n° 8.212/91",11 - Artigos 3º e 7º da Lei nº 7.713/88,11 - Artigo 15 da Lei n° 8.036/90,"{""FGTS"": 11, ""INSS"": 11, ""IRRF"": 11, ""Analise"": ""-"", ""Rubrica"": ""DESC. FALTAS (Horas)"", ""Cod Rubrica"": 887, ""Cód Natureza"": ""9209 - Faltas ou atrasos"", ""Incid./Base Legal FGTS"": ""11 - Artigo 15 da Lei n° 8.036/90"", ""Incid./Base Legal INSS"": ""11 - Artigo 28, inciso I, da Lei n° 8.212/91"", ""Incid./Base Legal IRRF"": ""11 - Artigos 3º e 7º da Lei nº 7.713/88""}",2026-03-25 15:01:09.753784,,,,,,,,,,,,,,,,,,,,,,,,,,,,,,,,,,,,,,,,,,,,
747,1,747,647,DESC. EMPRESTIMO ZIPDIN,9254 - Empréstimos consignados - desconto,0,9,0,-,"0 - Artigo 28, § 9º da Lei n° 8.212/91",9 - Artigo 7º da Lei nº 8.134/90,"0 - Artigo 15, § 6º da Lei n° 8.036/90","{""FGTS"": 0, ""INSS"": 0, ""IRRF"": 9, ""Analise"": ""-"", ""Rubrica"": ""DESC. EMPRESTIMO ZIPDIN"", ""Cod Rubrica"": 647, ""Cód Natureza"": ""9254 - Empréstimos consignados - desconto"", ""Incid./Base Legal FGTS"": ""0 - Artigo 15, § 6º da Lei n° 8.036/90"", ""Incid./Base Legal INSS"": ""0 - Artigo 28, § 9º da Lei n° 8.212/91"", ""Incid./Base Legal IRRF"": ""9 - Artigo 7º da Lei nº 8.134/90""}",2026-03-25 15:01:09.753784,,,,,,,,,,,,,,,,,,,,,,,,,,,,,,,,,,,,,,,,,,,,
748,1,748,648,DESC. CONTRIB. SOCIAL SINDICAL,9233 - Contribuição sindical - Confederativa,0,9,0,-,"0 - Artigo 28, § 9º da Lei n° 8.212/91",9 - Artigo 4º da Lei nº 9.250/95,0 - Artigo 15 da Lei n° 8.036/90,"{""FGTS"": 0, ""INSS"": 0, ""IRRF"": 9, ""Analise"": ""-"", ""Rubrica"": ""DESC. CONTRIB. SOCIAL SINDICAL"", ""Cod Rubrica"": 648, ""Cód Natureza"": ""9233 - Contribuição sindical - Confederativa"", ""Incid./Base Legal FGTS"": ""0 - Artigo 15 da Lei n° 8.036/90"", ""Incid./Base Legal INSS"": ""0 - Artigo 28, § 9º da Lei n° 8.212/91"", ""Incid./Base Legal IRRF"": ""9 - Artigo 4º da Lei nº 9.250/95""}",2026-03-25 15:01:09.753784,,,,,,,,,,,,,,,,,,,,,,,,,,,,,,,,,,,,,,,,,,,,
749,1,749,649,DESC. CONTRIB. SOCIAL SINDICAL MES ANT,9233 - Contribuição sindical - Confederativa,0,0,0,Rubrica com inconsistência de IRRF,"0 - Artigo 28, § 9º da Lei n° 8.212/91",9 - Artigo 4º da Lei nº 9.250/95,0 - Artigo 15 da Lei n° 8.036/90,"{""FGTS"": 0, ""INSS"": 0, ""IRRF"": 0, ""Analise"": ""Rubrica com inconsistência de IRRF"", ""Rubrica"": ""DESC. CONTRIB. SOCIAL SINDICAL MES ANT"", ""Cod Rubrica"": 649, ""Cód Natureza"": ""9233 - Contribuição sindical - Confederativa"", ""Incid./Base Legal FGTS"": ""0 - Artigo 15 da Lei n° 8.036/90"", ""Incid./Base Legal INSS"": ""0 - Artigo 28, § 9º da Lei n° 8.212/91"", ""Incid./Base Legal IRRF"": ""9 - Artigo 4º da Lei nº 9.250/95""}",2026-03-25 15:01:09.753784,,,,,,,,,,,,,,,,,,,,,,,,,,,,,,,,,,,,,,,,,,,,
750,1,750,650,COMPL AJ COMPUSORIA MP936,1099 - Outras verbas salariais/remuneratórias,0,11,0,Rubrica com inconsistência de INSS e FGTS,"11 - Artigo 28, inciso I, da Lei n° 8.212/91",11 - Artigos 3º e 7º da Lei nº 7.713/88,"11 - Artigo 15, § 6º da Lei n° 8.036/90","{""FGTS"": 0, ""INSS"": 0, ""IRRF"": 11, ""Analise"": ""Rubrica com inconsistência de INSS e FGTS"", ""Rubrica"": ""COMPL AJ COMPUSORIA MP936"", ""Cod Rubrica"": 650, ""Cód Natureza"": ""1099 - Outras verbas salariais/remuneratórias"", ""Incid./Base Legal FGTS"": ""11 - Artigo 15, § 6º da Lei n° 8.036/90"", ""Incid./Base Legal INSS"": ""11 - Artigo 28, inciso I, da Lei n° 8.212/91"", ""Incid./Base Legal IRRF"": ""11 - Artigos 3º e 7º da Lei nº 7.713/88""}",2026-03-25 15:01:09.753784,,,,,,,,,,,,,,,,,,,,,,,,,,,,,,,,,,,,,,,,,,,,
751,1,751,651,REDUCAO JORNADA COVID - 25%,"1000 - Salário, vencimento, soldo ou subsídio",11,11,11,-,"11 - Artigo 28, inciso I, da Lei n° 8.212/91",11 - Artigos 3º e 7º da Lei nº 7.713/88,11 - Artigo 15 da Lei n° 8.036/90,"{""FGTS"": 11, ""INSS"": 11, ""IRRF"": 11, ""Analise"": ""-"", ""Rubrica"": ""REDUCAO JORNADA COVID - 25%"", ""Cod Rubrica"": 651, ""Cód Natureza"": ""1000 - Salário, vencimento, soldo ou subsídio"", ""Incid./Base Legal FGTS"": ""11 - Artigo 15 da Lei n° 8.036/90"", ""Incid./Base Legal INSS"": ""11 - Artigo 28, inciso I, da Lei n° 8.212/91"", ""Incid./Base Legal IRRF"": ""11 - Artigos 3º e 7º da Lei nº 7.713/88""}",2026-03-25 15:01:09.753784,,,,,,,,,,,,,,,,,,,,,,,,,,,,,,,,,,,,,,,,,,,,
752,1,752,652,REDUCAO JORNADA COVID - 50%,"1000 - Salário, vencimento, soldo ou subsídio",11,11,11,-,"11 - Artigo 28, inciso I, da Lei n° 8.212/91",11 - Artigos 3º e 7º da Lei nº 7.713/88,11 - Artigo 15 da Lei n° 8.036/90,"{""FGTS"": 11, ""INSS"": 11, ""IRRF"": 11, ""Analise"": ""-"", ""Rubrica"": ""REDUCAO JORNADA COVID - 50%"", ""Cod Rubrica"": 652, ""Cód Natureza"": ""1000 - Salário, vencimento, soldo ou subsídio"", ""Incid./Base Legal FGTS"": ""11 - Artigo 15 da Lei n° 8.036/90"", ""Incid./Base Legal INSS"": ""11 - Artigo 28, inciso I, da Lei n° 8.212/91"", ""Incid./Base Legal IRRF"": ""11 - Artigos 3º e 7º da Lei nº 7.713/88""}",2026-03-25 15:01:09.753784,,,,,,,,,,,,,,,,,,,,,,,,,,,,,,,,,,,,,,,,,,,,
753,1,753,653,REDUCAO JORNADA COVID - 70%,"1000 - Salário, vencimento, soldo ou subsídio",11,11,11,-,"11 - Artigo 28, inciso I, da Lei n° 8.212/91",11 - Artigos 3º e 7º da Lei nº 7.713/88,11 - Artigo 15 da Lei n° 8.036/90,"{""FGTS"": 11, ""INSS"": 11, ""IRRF"": 11, ""Analise"": ""-"", ""Rubrica"": ""REDUCAO JORNADA COVID - 70%"", ""Cod Rubrica"": 653, ""Cód Natureza"": ""1000 - Salário, vencimento, soldo ou subsídio"", ""Incid./Base Legal FGTS"": ""11 - Artigo 15 da Lei n° 8.036/90"", ""Incid./Base Legal INSS"": ""11 - Artigo 28, inciso I, da Lei n° 8.212/91"", ""Incid./Base Legal IRRF"": ""11 - Artigos 3º e 7º da Lei nº 7.713/88""}",2026-03-25 15:01:09.753784,,,,,,,,,,,,,,,,,,,,,,,,,,,,,,,,,,,,,,,,,,,,
754,1,754,655,DESC. PENSAO ALIMENTICIA SALARIO,9213 - Pensão alimentícia,0,51,0,-,"0 - Artigo 28, § 9º da Lei n° 8.212/91","51 - Artigo 4º, inciso IV, da Lei nº 9.250/95","0 - Artigo 15, § 6º da Lei n° 8.036/90","{""FGTS"": 0, ""INSS"": 0, ""IRRF"": 51, ""Analise"": ""-"", ""Rubrica"": ""DESC. PENSAO ALIMENTICIA SALARIO"", ""Cod Rubrica"": 655, ""Cód Natureza"": ""9213 - Pensão alimentícia"", ""Incid./Base Legal FGTS"": ""0 - Artigo 15, § 6º da Lei n° 8.036/90"", ""Incid./Base Legal INSS"": ""0 - Artigo 28, § 9º da Lei n° 8.212/91"", ""Incid./Base Legal IRRF"": ""51 - Artigo 4º, inciso IV, da Lei nº 9.250/95""}",2026-03-25 15:01:09.753784,,,,,,,,,,,,,,,,,,,,,,,,,,,,,,,,,,,,,,,,,,,,
755,1,755,"52 - Artigo 4º, inciso IV, da Lei nº 9.250/95",,,,,,,,,,"{""Incid./Base Legal IRRF"": ""52 - Artigo 4º, inciso IV, da Lei nº 9.250/95""}",2026-03-25 15:01:09.753784,,,,,,,,,,,,,,,,,,,,,,,,,,,,,,,,,,,,,,,,,,,,
756,1,756,"53 - Artigo 4º, inciso IV, da Lei nº 9.250/95",,,,,,,,,,"{""Incid./Base Legal IRRF"": ""53 - Artigo 4º, inciso IV, da Lei nº 9.250/95""}",2026-03-25 15:01:09.753784,,,,,,,,,,,,,,,,,,,,,,,,,,,,,,,,,,,,,,,,,,,,
757,1,757,"54 - Artigo 3º, § 10 da Lei nº 10.101/2000",,,,,,,,,,"{""Incid./Base Legal IRRF"": ""54 - Artigo 3º, § 10 da Lei nº 10.101/2000""}",2026-03-25 15:01:09.753784,,,,,,,,,,,,,,,,,,,,,,,,,,,,,,,,,,,,,,,,,,,,
758,1,758,656,DESC. PENSAO ALIMENTICIA S/13º SALARIO,9213 - Pensão alimentícia,0,52,0,-,"0 - Artigo 28, § 9º da Lei n° 8.212/91","51 - Artigo 4º, inciso IV, da Lei nº 9.250/95","0 - Artigo 15, § 6º da Lei n° 8.036/90","{""FGTS"": 0, ""INSS"": 0, ""IRRF"": 52, ""Analise"": ""-"", ""Rubrica"": ""DESC. PENSAO ALIMENTICIA S/13º SALARIO"", ""Cod Rubrica"": 656, ""Cód Natureza"": ""9213 - Pensão alimentícia"", ""Incid./Base Legal FGTS"": ""0 - Artigo 15, § 6º da Lei n° 8.036/90"", ""Incid./Base Legal INSS"": ""0 - Artigo 28, § 9º da Lei n° 8.212/91"", ""Incid./Base Legal IRRF"": ""51 - Artigo 4º, inciso IV, da Lei nº 9.250/95""}",2026-03-25 15:01:09.753784,,,,,,,,,,,,,,,,,,,,,,,,,,,,,,,,,,,,,,,,,,,,
759,1,759,"52 - Artigo 4º, inciso IV, da Lei nº 9.250/95",,,,,,,,,,"{""Incid./Base Legal IRRF"": ""52 - Artigo 4º, inciso IV, da Lei nº 9.250/95""}",2026-03-25 15:01:09.753784,,,,,,,,,,,,,,,,,,,,,,,,,,,,,,,,,,,,,,,,,,,,
760,1,760,"53 - Artigo 4º, inciso IV, da Lei nº 9.250/95",,,,,,,,,,"{""Incid./Base Legal IRRF"": ""53 - Artigo 4º, inciso IV, da Lei nº 9.250/95""}",2026-03-25 15:01:09.753784,,,,,,,,,,,,,,,,,,,,,,,,,,,,,,,,,,,,,,,,,,,,
761,1,761,"54 - Artigo 3º, § 10 da Lei nº 10.101/2000",,,,,,,,,,"{""Incid./Base Legal IRRF"": ""54 - Artigo 3º, § 10 da Lei nº 10.101/2000""}",2026-03-25 15:01:09.753784,,,,,,,,,,,,,,,,,,,,,,,,,,,,,,,,,,,,,,,,,,,,
762,1,762,657,DESC. PENSAO ALIMENTICIA EM FERIAS,9213 - Pensão alimentícia,0,53,0,-,"0 - Artigo 28, § 9º da Lei n° 8.212/91","51 - Artigo 4º, inciso IV, da Lei nº 9.250/95","0 - Artigo 15, § 6º da Lei n° 8.036/90","{""FGTS"": 0, ""INSS"": 0, ""IRRF"": 53, ""Analise"": ""-"", ""Rubrica"": ""DESC. PENSAO ALIMENTICIA EM FERIAS"", ""Cod Rubrica"": 657, ""Cód Natureza"": ""9213 - Pensão alimentícia"", ""Incid./Base Legal FGTS"": ""0 - Artigo 15, § 6º da Lei n° 8.036/90"", ""Incid./Base Legal INSS"": ""0 - Artigo 28, § 9º da Lei n° 8.212/91"", ""Incid./Base Legal IRRF"": ""51 - Artigo 4º, inciso IV, da Lei nº 9.250/95""}",2026-03-25 15:01:09.753784,,,,,,,,,,,,,,,,,,,,,,,,,,,,,,,,,,,,,,,,,,,,
763,1,763,"52 - Artigo 4º, inciso IV, da Lei nº 9.250/95",,,,,,,,,,"{""Incid./Base Legal IRRF"": ""52 - Artigo 4º, inciso IV, da Lei nº 9.250/95""}",2026-03-25 15:01:09.753784,,,,,,,,,,,,,,,,,,,,,,,,,,,,,,,,,,,,,,,,,,,,
764,1,764,"53 - Artigo 4º, inciso IV, da Lei nº 9.250/95",,,,,,,,,,"{""Incid./Base Legal IRRF"": ""53 - Artigo 4º, inciso IV, da Lei nº 9.250/95""}",2026-03-25 15:01:09.753784,,,,,,,,,,,,,,,,,,,,,,,,,,,,,,,,,,,,,,,,,,,,
765,1,765,"54 - Artigo 3º, § 10 da Lei nº 10.101/2000",,,,,,,,,,"{""Incid./Base Legal IRRF"": ""54 - Artigo 3º, § 10 da Lei nº 10.101/2000""}",2026-03-25 15:01:09.753784,,,,,,,,,,,,,,,,,,,,,,,,,,,,,,,,,,,,,,,,,,,,
766,1,766,658,DESC. PENSAO ALIM S/ Férias,9213 - Pensão alimentícia,0,11,0,Rubrica com inconsistência de IRRF,"0 - Artigo 28, § 9º da Lei n° 8.212/91","51 - Artigo 4º, inciso IV, da Lei nº 9.250/95","0 - Artigo 15, § 6º da Lei n° 8.036/90","{""FGTS"": 0, ""INSS"": 0, ""IRRF"": 11, ""Analise"": ""Rubrica com inconsistência de IRRF"", ""Rubrica"": ""DESC. PENSAO ALIM S/ Férias"", ""Cod Rubrica"": 658, ""Cód Natureza"": ""9213 - Pensão alimentícia"", ""Incid./Base Legal FGTS"": ""0 - Artigo 15, § 6º da Lei n° 8.036/90"", ""Incid./Base Legal INSS"": ""0 - Artigo 28, § 9º da Lei n° 8.212/91"", ""Incid./Base Legal IRRF"": ""51 - Artigo 4º, inciso IV, da Lei nº 9.250/95""}",2026-03-25 15:01:09.753784,,,,,,,,,,,,,,,,,,,,,,,,,,,,,,,,,,,,,,,,,,,,
767,1,767,"52 - Artigo 4º, inciso IV, da Lei nº 9.250/95",,,,,,,,,,"{""Incid./Base Legal IRRF"": ""52 - Artigo 4º, inciso IV, da Lei nº 9.250/95""}",2026-03-25 15:01:09.753784,,,,,,,,,,,,,,,,,,,,,,,,,,,,,,,,,,,,,,,,,,,,
768,1,768,"53 - Artigo 4º, inciso IV, da Lei nº 9.250/95",,,,,,,,,,"{""Incid./Base Legal IRRF"": ""53 - Artigo 4º, inciso IV, da Lei nº 9.250/95""}",2026-03-25 15:01:09.753784,,,,,,,,,,,,,,,,,,,,,,,,,,,,,,,,,,,,,,,,,,,,
769,1,769,"54 - Artigo 3º, § 10 da Lei nº 10.101/2000",,,,,,,,,,"{""Incid./Base Legal IRRF"": ""54 - Artigo 3º, § 10 da Lei nº 10.101/2000""}",2026-03-25 15:01:09.753784,,,,,,,,,,,,,,,,,,,,,,,,,,,,,,,,,,,,,,,,,,,,
770,1,770,659,DESC. PENSAO ALIMENTICIA ACORDO,9213 - Pensão alimentícia,0,11,0,Rubrica com inconsistência de IRRF,"0 - Artigo 28, § 9º da Lei n° 8.212/91","51 - Artigo 4º, inciso IV, da Lei nº 9.250/95","0 - Artigo 15, § 6º da Lei n° 8.036/90","{""FGTS"": 0, ""INSS"": 0, ""IRRF"": 11, ""Analise"": ""Rubrica com inconsistência de IRRF"", ""Rubrica"": ""DESC. PENSAO ALIMENTICIA ACORDO"", ""Cod Rubrica"": 659, ""Cód Natureza"": ""9213 - Pensão alimentícia"", ""Incid./Base Legal FGTS"": ""0 - Artigo 15, § 6º da Lei n° 8.036/90"", ""Incid./Base Legal INSS"": ""0 - Artigo 28, § 9º da Lei n° 8.212/91"", ""Incid./Base Legal IRRF"": ""51 - Artigo 4º, inciso IV, da Lei nº 9.250/95""}",2026-03-25 15:01:09.753784,,,,,,,,,,,,,,,,,,,,,,,,,,,,,,,,,,,,,,,,,,,,
771,1,771,"52 - Artigo 4º, inciso IV, da Lei nº 9.250/95",,,,,,,,,,"{""Incid./Base Legal IRRF"": ""52 - Artigo 4º, inciso IV, da Lei nº 9.250/95""}",2026-03-25 15:01:09.753784,,,,,,,,,,,,,,,,,,,,,,,,,,,,,,,,,,,,,,,,,,,,
772,1,772,"53 - Artigo 4º, inciso IV, da Lei nº 9.250/95",,,,,,,,,,"{""Incid./Base Legal IRRF"": ""53 - Artigo 4º, inciso IV, da Lei nº 9.250/95""}",2026-03-25 15:01:09.753784,,,,,,,,,,,,,,,,,,,,,,,,,,,,,,,,,,,,,,,,,,,,
773,1,773,"54 - Artigo 3º, § 10 da Lei nº 10.101/2000",,,,,,,,,,"{""Incid./Base Legal IRRF"": ""54 - Artigo 3º, § 10 da Lei nº 10.101/2000""}",2026-03-25 15:01:09.753784,,,,,,,,,,,,,,,,,,,,,,,,,,,,,,,,,,,,,,,,,,,,
774,1,774,660,DESC. PENSAO ALIMENTICIA MES ANTERIO,9213 - Pensão alimentícia,0,11,0,Rubrica com inconsistência de IRRF,"0 - Artigo 28, § 9º da Lei n° 8.212/91","51 - Artigo 4º, inciso IV, da Lei nº 9.250/95","0 - Artigo 15, § 6º da Lei n° 8.036/90","{""FGTS"": 0, ""INSS"": 0, ""IRRF"": 11, ""Analise"": ""Rubrica com inconsistência de IRRF"", ""Rubrica"": ""DESC. PENSAO ALIMENTICIA MES ANTERIO"", ""Cod Rubrica"": 660, ""Cód Natureza"": ""9213 - Pensão alimentícia"", ""Incid./Base Legal FGTS"": ""0 - Artigo 15, § 6º da Lei n° 8.036/90"", ""Incid./Base Legal INSS"": ""0 - Artigo 28, § 9º da Lei n° 8.212/91"", ""Incid./Base Legal IRRF"": ""51 - Artigo 4º, inciso IV, da Lei nº 9.250/95""}",2026-03-25 15:01:09.753784,,,,,,,,,,,,,,,,,,,,,,,,,,,,,,,,,,,,,,,,,,,,
775,1,775,"52 - Artigo 4º, inciso IV, da Lei nº 9.250/95",,,,,,,,,,"{""Incid./Base Legal IRRF"": ""52 - Artigo 4º, inciso IV, da Lei nº 9.250/95""}",2026-03-25 15:01:09.753784,,,,,,,,,,,,,,,,,,,,,,,,,,,,,,,,,,,,,,,,,,,,
776,1,776,"53 - Artigo 4º, inciso IV, da Lei nº 9.250/95",,,,,,,,,,"{""Incid./Base Legal IRRF"": ""53 - Artigo 4º, inciso IV, da Lei nº 9.250/95""}",2026-03-25 15:01:09.753784,,,,,,,,,,,,,,,,,,,,,,,,,,,,,,,,,,,,,,,,,,,,
777,1,777,"54 - Artigo 3º, § 10 da Lei nº 10.101/2000",,,,,,,,,,"{""Incid./Base Legal IRRF"": ""54 - Artigo 3º, § 10 da Lei nº 10.101/2000""}",2026-03-25 15:01:09.753784,,,,,,,,,,,,,,,,,,,,,,,,,,,,,,,,,,,,,,,,,,,,
778,1,778,661,REEMB. VT-SALVADORCARD,1810 - Transporte (Servidores e Empregados Públicos),0,0,0,Rubrica com inconsistência de IRRF,"0 - Artigo 28, § 9º da Lei n° 8.212/91",9 - Artigos 5º da IN 1500/2014,0 - Precedente Administrativo nº 3,"{""FGTS"": 0, ""INSS"": 0, ""IRRF"": 0, ""Analise"": ""Rubrica com inconsistência de IRRF"", ""Rubrica"": ""REEMB. VT-SALVADORCARD"", ""Cod Rubrica"": 661, ""Cód Natureza"": ""1810 - Transporte (Servidores e Empregados Públicos)"", ""Incid./Base Legal FGTS"": ""0 - Precedente Administrativo nº 3"", ""Incid./Base Legal INSS"": ""0 - Artigo 28, § 9º da Lei n° 8.212/91"", ""Incid./Base Legal IRRF"": ""9 - Artigos 5º da IN 1500/2014""}",2026-03-25 15:01:09.753784,,,,,,,,,,,,,,,,,,,,,,,,,,,,,,,,,,,,,,,,,,,,
779,1,779,"11 - Precedente Administrativo nº 3, Ato Declaratório 04/2002",,,,,,,,,,"{""Incid./Base Legal FGTS"": ""11 - Precedente Administrativo nº 3, Ato Declaratório 04/2002""}",2026-03-25 15:01:09.753784,,,,,,,,,,,,,,,,,,,,,,,,,,,,,,,,,,,,,,,,,,,,
780,1,780,662,PENSAO INDENIZATORIA,6129 - Outras verbas não remuneratórias (indenizatórias ou multas),0,0,0,Rubrica com inconsistência de IRRF,"0 - Artigo 28, inciso I, da Lei n° 8.212/91","79 - Artigos 6 da Lei nº 7.713/88 e Artigo 2° da Lei n° 8.036/90, e artigo 65 do Decreto n° 9.580/2018",0 - Artigo 15 da Lei n° 8.036/90,"{""FGTS"": 0, ""INSS"": 0, ""IRRF"": 0, ""Analise"": ""Rubrica com inconsistência de IRRF"", ""Rubrica"": ""PENSAO INDENIZATORIA"", ""Cod Rubrica"": 662, ""Cód Natureza"": ""6129 - Outras verbas não remuneratórias (indenizatórias ou multas)"", ""Incid./Base Legal FGTS"": ""0 - Artigo 15 da Lei n° 8.036/90"", ""Incid./Base Legal INSS"": ""0 - Artigo 28, inciso I, da Lei n° 8.212/91"", ""Incid./Base Legal IRRF"": ""79 - Artigos 6 da Lei nº 7.713/88 e Artigo 2° da Lei n° 8.036/90, e artigo 65 do Decreto n° 9.580/2018""}",2026-03-25 15:01:09.753784,,,,,,,,,,,,,,,,,,,,,,,,,,,,,,,,,,,,,,,,,,,,
781,1,781,663,REEMB. VT-SALVADORCARD NAO CARREGADO,1810 - Transporte (Servidores e Empregados Públicos),0,0,0,Rubrica com inconsistência de IRRF,"0 - Artigo 28, § 9º da Lei n° 8.212/91",9 - Artigos 5º da IN 1500/2014,0 - Precedente Administrativo nº 3,"{""FGTS"": 0, ""INSS"": 0, ""IRRF"": 0, ""Analise"": ""Rubrica com inconsistência de IRRF"", ""Rubrica"": ""REEMB. VT-SALVADORCARD NAO CARREGADO"", ""Cod Rubrica"": 663, ""Cód Natureza"": ""1810 - Transporte (Servidores e Empregados Públicos)"", ""Incid./Base Legal FGTS"": ""0 - Precedente Administrativo nº 3"", ""Incid./Base Legal INSS"": ""0 - Artigo 28, § 9º da Lei n° 8.212/91"", ""Incid./Base Legal IRRF"": ""9 - Artigos 5º da IN 1500/2014""}",2026-03-25 15:01:09.753784,,,,,,,,,,,,,,,,,,,,,,,,,,,,,,,,,,,,,,,,,,,,
782,1,782,"11 - Precedente Administrativo nº 3, Ato Declaratório 04/2002",,,,,,,,,,"{""Incid./Base Legal FGTS"": ""11 - Precedente Administrativo nº 3, Ato Declaratório 04/2002""}",2026-03-25 15:01:09.753784,,,,,,,,,,,,,,,,,,,,,,,,,,,,,,,,,,,,,,,,,,,,
783,1,783,664,DESC. VALE ALIMENTACAO MES ANTERIOR,"9243 - Cesta básica ou refeição, vinculada ao PAT - Desconto",0,9,0,-,"0 - Artigo 28, §9º da Lei n° 8.212/91",9 - Artigos 3º e 7º da Lei nº 7.713/88,0 - Artigo 15 da Lei n° 8.036/90,"{""FGTS"": 0, ""INSS"": 0, ""IRRF"": 9, ""Analise"": ""-"", ""Rubrica"": ""DESC. VALE ALIMENTACAO MES ANTERIOR"", ""Cod Rubrica"": 664, ""Cód Natureza"": ""9243 - Cesta básica ou refeição, vinculada ao PAT - Desconto"", ""Incid./Base Legal FGTS"": ""0 - Artigo 15 da Lei n° 8.036/90"", ""Incid./Base Legal INSS"": ""0 - Artigo 28, §9º da Lei n° 8.212/91"", ""Incid./Base Legal IRRF"": ""9 - Artigos 3º e 7º da Lei nº 7.713/88""}",2026-03-25 15:01:09.753784,,,,,,,,,,,,,,,,,,,,,,,,,,,,,,,,,,,,,,,,,,,,
784,1,784,665,DIF CCT COMPUS MP936,9989 - Outros valores informativos,0,0,0,Rubrica com inconsistência de IRRF,"0 - Artigo 28, inciso I, da Lei n° 8.212/91",9 - Artigo 12-A da Lei nº 7.713/88,0 - Artigo 15 da Lei n° 8.036/90,"{""FGTS"": 0, ""INSS"": 0, ""IRRF"": 0, ""Analise"": ""Rubrica com inconsistência de IRRF"", ""Rubrica"": ""DIF CCT COMPUS MP936"", ""Cod Rubrica"": 665, ""Cód Natureza"": ""9989 - Outros valores informativos"", ""Incid./Base Legal FGTS"": ""0 - Artigo 15 da Lei n° 8.036/90"", ""Incid./Base Legal INSS"": ""0 - Artigo 28, inciso I, da Lei n° 8.212/91"", ""Incid./Base Legal IRRF"": ""9 - Artigo 12-A da Lei nº 7.713/88""}",2026-03-25 15:01:09.753784,,,,,,,,,,,,,,,,,,,,,,,,,,,,,,,,,,,,,,,,,,,,
785,1,785,666,COMPL AJ COMPUSORIA MP936,1099 - Outras verbas salariais/remuneratórias,0,11,0,Rubrica com inconsistência de INSS e FGTS,"11 - Artigo 28, inciso I, da Lei n° 8.212/91",11 - Artigos 3º e 7º da Lei nº 7.713/88,"11 - Artigo 15, § 6º da Lei n° 8.036/90","{""FGTS"": 0, ""INSS"": 0, ""IRRF"": 11, ""Analise"": ""Rubrica com inconsistência de INSS e FGTS"", ""Rubrica"": ""COMPL AJ COMPUSORIA MP936"", ""Cod Rubrica"": 666, ""Cód Natureza"": ""1099 - Outras verbas salariais/remuneratórias"", ""Incid./Base Legal FGTS"": ""11 - Artigo 15, § 6º da Lei n° 8.036/90"", ""Incid./Base Legal INSS"": ""11 - Artigo 28, inciso I, da Lei n° 8.212/91"", ""Incid./Base Legal IRRF"": ""11 - Artigos 3º e 7º da Lei nº 7.713/88""}",2026-03-25 15:01:09.753784,,,,,,,,,,,,,,,,,,,,,,,,,,,,,,,,,,,,,,,,,,,,
786,1,786,667,DESC. MENS. SINDICAL,9231 - Contribuição Sindical - Associativa,0,0,0,Rubrica com inconsistência de IRRF,"0 - Artigo 28, § 9º da Lei n° 8.212/91",9 - Artigo 4º da Lei nº 9.250/95,0 - Artigo 15 da Lei n° 8.036/90,"{""FGTS"": 0, ""INSS"": 0, ""IRRF"": 0, ""Analise"": ""Rubrica com inconsistência de IRRF"", ""Rubrica"": ""DESC. MENS. SINDICAL"", ""Cod Rubrica"": 667, ""Cód Natureza"": ""9231 - Contribuição Sindical - Associativa"", ""Incid./Base Legal FGTS"": ""0 - Artigo 15 da Lei n° 8.036/90"", ""Incid./Base Legal INSS"": ""0 - Artigo 28, § 9º da Lei n° 8.212/91"", ""Incid./Base Legal IRRF"": ""9 - Artigo 4º da Lei nº 9.250/95""}",2026-03-25 15:01:09.753784,,,,,,,,,,,,,,,,,,,,,,,,,,,,,,,,,,,,,,,,,,,,
787,1,787,668,DIF. CCT 2021,"1000 - Salário, vencimento, soldo ou subsídio",11,11,11,-,"11 - Artigo 28, inciso I, da Lei n° 8.212/91",11 - Artigos 3º e 7º da Lei nº 7.713/88,11 - Artigo 15 da Lei n° 8.036/90,"{""FGTS"": 11, ""INSS"": 11, ""IRRF"": 11, ""Analise"": ""-"", ""Rubrica"": ""DIF. CCT 2021"", ""Cod Rubrica"": 668, ""Cód Natureza"": ""1000 - Salário, vencimento, soldo ou subsídio"", ""Incid./Base Legal FGTS"": ""11 - Artigo 15 da Lei n° 8.036/90"", ""Incid./Base Legal INSS"": ""11 - Artigo 28, inciso I, da Lei n° 8.212/91"", ""Incid./Base Legal IRRF"": ""11 - Artigos 3º e 7º da Lei nº 7.713/88""}",2026-03-25 15:01:09.753784,,,,,,,,,,,,,,,,,,,,,,,,,,,,,,,,,,,,,,,,,,,,
788,1,788,669,ADIC. NOTURNO C/39%,1205 - Adicional noturno,11,11,11,-,"11 - Artigo 28, inciso I, da Lei n° 8.212/91",11 - Artigos 3º e 7º da Lei nº 7.713/88,11 - Artigo 15 da Lei n° 8.036/90,"{""FGTS"": 11, ""INSS"": 11, ""IRRF"": 11, ""Analise"": ""-"", ""Rubrica"": ""ADIC. NOTURNO C/39%"", ""Cod Rubrica"": 669, ""Cód Natureza"": ""1205 - Adicional noturno"", ""Incid./Base Legal FGTS"": ""11 - Artigo 15 da Lei n° 8.036/90"", ""Incid./Base Legal INSS"": ""11 - Artigo 28, inciso I, da Lei n° 8.212/91"", ""Incid./Base Legal IRRF"": ""11 - Artigos 3º e 7º da Lei nº 7.713/88""}",2026-03-25 15:01:09.753784,,,,,,,,,,,,,,,,,,,,,,,,,,,,,,,,,,,,,,,,,,,,
789,1,789,670,ADIC. NOTURNO C/39%,1205 - Adicional noturno,11,11,11,-,"11 - Artigo 28, inciso I, da Lei n° 8.212/91",11 - Artigos 3º e 7º da Lei nº 7.713/88,11 - Artigo 15 da Lei n° 8.036/90,"{""FGTS"": 11, ""INSS"": 11, ""IRRF"": 11, ""Analise"": ""-"", ""Rubrica"": ""ADIC. NOTURNO C/39%"", ""Cod Rubrica"": 670, ""Cód Natureza"": ""1205 - Adicional noturno"", ""Incid./Base Legal FGTS"": ""11 - Artigo 15 da Lei n° 8.036/90"", ""Incid./Base Legal INSS"": ""11 - Artigo 28, inciso I, da Lei n° 8.212/91"", ""Incid./Base Legal IRRF"": ""11 - Artigos 3º e 7º da Lei nº 7.713/88""}",2026-03-25 15:01:09.753784,,,,,,,,,,,,,,,,,,,,,,,,,,,,,,,,,,,,,,,,,,,,
790,1,790,671,DESC. VALE-TRANSPORTE NAO UTILIZADO,9216 - Desconto de vale transporte,0,9,0,-,"0 - Artigo 28, § 9º da Lei n° 8.212/91",9 - Artigos 3º e 7º da Lei nº 7.713/88,"0 - Artigo 15, § 6º da Lei n° 8.036/90","{""FGTS"": 0, ""INSS"": 0, ""IRRF"": 9, ""Analise"": ""-"", ""Rubrica"": ""DESC. VALE-TRANSPORTE NAO UTILIZADO"", ""Cod Rubrica"": 671, ""Cód Natureza"": ""9216 - Desconto de vale transporte"", ""Incid./Base Legal FGTS"": ""0 - Artigo 15, § 6º da Lei n° 8.036/90"", ""Incid./Base Legal INSS"": ""0 - Artigo 28, § 9º da Lei n° 8.212/91"", ""Incid./Base Legal IRRF"": ""9 - Artigos 3º e 7º da Lei nº 7.713/88""}",2026-03-25 15:01:09.753784,,,,,,,,,,,,,,,,,,,,,,,,,,,,,,,,,,,,,,,,,,,,
791,1,791,672,DESC. VALE-TRANSPORTE 6%,9216 - Desconto de vale transporte,0,9,0,-,"0 - Artigo 28, § 9º da Lei n° 8.212/91",9 - Artigos 3º e 7º da Lei nº 7.713/88,"0 - Artigo 15, § 6º da Lei n° 8.036/90","{""FGTS"": 0, ""INSS"": 0, ""IRRF"": 9, ""Analise"": ""-"", ""Rubrica"": ""DESC. VALE-TRANSPORTE 6%"", ""Cod Rubrica"": 672, ""Cód Natureza"": ""9216 - Desconto de vale transporte"", ""Incid./Base Legal FGTS"": ""0 - Artigo 15, § 6º da Lei n° 8.036/90"", ""Incid./Base Legal INSS"": ""0 - Artigo 28, § 9º da Lei n° 8.212/91"", ""Incid./Base Legal IRRF"": ""9 - Artigos 3º e 7º da Lei nº 7.713/88""}",2026-03-25 15:01:09.753784,,,,,,,,,,,,,,,,,,,,,,,,,,,,,,,,,,,,,,,,,,,,
792,1,792,673,DESC. CARTAO BHBUS / OTIMO,9299 - Outros descontos,0,9,0,-,"0 - Artigo 28, § 9º da Lei n° 8.212/91",9 - Artigos 3º e 7º da Lei nº 7.713/88,"0 - Artigo 15, § 6º da Lei n° 8.036/90","{""FGTS"": 0, ""INSS"": 0, ""IRRF"": 9, ""Analise"": ""-"", ""Rubrica"": ""DESC. CARTAO BHBUS / OTIMO"", ""Cod Rubrica"": 673, ""Cód Natureza"": ""9299 - Outros descontos"", ""Incid./Base Legal FGTS"": ""0 - Artigo 15, § 6º da Lei n° 8.036/90"", ""Incid./Base Legal INSS"": ""0 - Artigo 28, § 9º da Lei n° 8.212/91"", ""Incid./Base Legal IRRF"": ""9 - Artigos 3º e 7º da Lei nº 7.713/88""}",2026-03-25 15:01:09.753784,,,,,,,,,,,,,,,,,,,,,,,,,,,,,,,,,,,,,,,,,,,,
793,1,793,674,DESC. DEV VT RED TARIFA TRANSPORTES,9216 - Desconto de vale transporte,0,0,0,Rubrica com inconsistência de IRRF,"0 - Artigo 28, § 9º da Lei n° 8.212/91",9 - Artigos 3º e 7º da Lei nº 7.713/88,"0 - Artigo 15, § 6º da Lei n° 8.036/90","{""FGTS"": 0, ""INSS"": 0, ""IRRF"": 0, ""Analise"": ""Rubrica com inconsistência de IRRF"", ""Rubrica"": ""DESC. DEV VT RED TARIFA TRANSPORTES"", ""Cod Rubrica"": 674, ""Cód Natureza"": ""9216 - Desconto de vale transporte"", ""Incid./Base Legal FGTS"": ""0 - Artigo 15, § 6º da Lei n° 8.036/90"", ""Incid./Base Legal INSS"": ""0 - Artigo 28, § 9º da Lei n° 8.212/91"", ""Incid./Base Legal IRRF"": ""9 - Artigos 3º e 7º da Lei nº 7.713/88""}",2026-03-25 15:01:09.753784,,,,,,,,,,,,,,,,,,,,,,,,,,,,,,,,,,,,,,,,,,,,
794,1,794,675,ANTEC INST REDUCAO,6129 - Outras verbas não remuneratórias (indenizatórias ou multas),0,0,0,Rubrica com inconsistência de IRRF,"0 - Artigo 28, inciso I, da Lei n° 8.212/91","79 - Artigos 6 da Lei nº 7.713/88 e Artigo 2° da Lei n° 8.036/90, e artigo 65 do Decreto n° 9.580/2018",0 - Artigo 15 da Lei n° 8.036/90,"{""FGTS"": 0, ""INSS"": 0, ""IRRF"": 0, ""Analise"": ""Rubrica com inconsistência de IRRF"", ""Rubrica"": ""ANTEC INST REDUCAO"", ""Cod Rubrica"": 675, ""Cód Natureza"": ""6129 - Outras verbas não remuneratórias (indenizatórias ou multas)"", ""Incid./Base Legal FGTS"": ""0 - Artigo 15 da Lei n° 8.036/90"", ""Incid./Base Legal INSS"": ""0 - Artigo 28, inciso I, da Lei n° 8.212/91"", ""Incid./Base Legal IRRF"": ""79 - Artigos 6 da Lei nº 7.713/88 e Artigo 2° da Lei n° 8.036/90, e artigo 65 do Decreto n° 9.580/2018""}",2026-03-25 15:01:09.753784,,,,,,,,,,,,,,,,,,,,,,,,,,,,,,,,,,,,,,,,,,,,
795,1,795,676,DESC. ADIANT. VALE-TRANSPORTE,9216 - Desconto de vale transporte,0,0,0,Rubrica com inconsistência de IRRF,"0 - Artigo 28, § 9º da Lei n° 8.212/91",9 - Artigos 3º e 7º da Lei nº 7.713/88,"0 - Artigo 15, § 6º da Lei n° 8.036/90","{""FGTS"": 0, ""INSS"": 0, ""IRRF"": 0, ""Analise"": ""Rubrica com inconsistência de IRRF"", ""Rubrica"": ""DESC. ADIANT. VALE-TRANSPORTE"", ""Cod Rubrica"": 676, ""Cód Natureza"": ""9216 - Desconto de vale transporte"", ""Incid./Base Legal FGTS"": ""0 - Artigo 15, § 6º da Lei n° 8.036/90"", ""Incid./Base Legal INSS"": ""0 - Artigo 28, § 9º da Lei n° 8.212/91"", ""Incid./Base Legal IRRF"": ""9 - Artigos 3º e 7º da Lei nº 7.713/88""}",2026-03-25 15:01:09.753784,,,,,,,,,,,,,,,,,,,,,,,,,,,,,,,,,,,,,,,,,,,,
796,1,796,677,DESC. VALE TRANSP. NAO UTILIZADO MES ANT,9216 - Desconto de vale transporte,0,0,0,Rubrica com inconsistência de IRRF,"0 - Artigo 28, § 9º da Lei n° 8.212/91",9 - Artigos 3º e 7º da Lei nº 7.713/88,"0 - Artigo 15, § 6º da Lei n° 8.036/90","{""FGTS"": 0, ""INSS"": 0, ""IRRF"": 0, ""Analise"": ""Rubrica com inconsistência de IRRF"", ""Rubrica"": ""DESC. VALE TRANSP. NAO UTILIZADO MES ANT"", ""Cod Rubrica"": 677, ""Cód Natureza"": ""9216 - Desconto de vale transporte"", ""Incid./Base Legal FGTS"": ""0 - Artigo 15, § 6º da Lei n° 8.036/90"", ""Incid./Base Legal INSS"": ""0 - Artigo 28, § 9º da Lei n° 8.212/91"", ""Incid./Base Legal IRRF"": ""9 - Artigos 3º e 7º da Lei nº 7.713/88""}",2026-03-25 15:01:09.753784,,,,,,,,,,,,,,,,,,,,,,,,,,,,,,,,,,,,,,,,,,,,
797,1,797,678,DESC. VALE-TRANSPORTE 06% - 02/2014,9216 - Desconto de vale transporte,0,0,0,Rubrica com inconsistência de IRRF,"0 - Artigo 28, § 9º da Lei n° 8.212/91",9 - Artigos 3º e 7º da Lei nº 7.713/88,"0 - Artigo 15, § 6º da Lei n° 8.036/90","{""FGTS"": 0, ""INSS"": 0, ""IRRF"": 0, ""Analise"": ""Rubrica com inconsistência de IRRF"", ""Rubrica"": ""DESC. VALE-TRANSPORTE 06% - 02/2014"", ""Cod Rubrica"": 678, ""Cód Natureza"": ""9216 - Desconto de vale transporte"", ""Incid./Base Legal FGTS"": ""0 - Artigo 15, § 6º da Lei n° 8.036/90"", ""Incid./Base Legal INSS"": ""0 - Artigo 28, § 9º da Lei n° 8.212/91"", ""Incid./Base Legal IRRF"": ""9 - Artigos 3º e 7º da Lei nº 7.713/88""}",2026-03-25 15:01:09.753784,,,,,,,,,,,,,,,,,,,,,,,,,,,,,,,,,,,,,,,,,,,,
798,1,798,679,DESC. VALE-TRANSPORTE MES ANTERIOR 6%,9216 - Desconto de vale transporte,0,0,0,Rubrica com inconsistência de IRRF,"0 - Artigo 28, § 9º da Lei n° 8.212/91",9 - Artigos 3º e 7º da Lei nº 7.713/88,"0 - Artigo 15, § 6º da Lei n° 8.036/90","{""FGTS"": 0, ""INSS"": 0, ""IRRF"": 0, ""Analise"": ""Rubrica com inconsistência de IRRF"", ""Rubrica"": ""DESC. VALE-TRANSPORTE MES ANTERIOR 6%"", ""Cod Rubrica"": 679, ""Cód Natureza"": ""9216 - Desconto de vale transporte"", ""Incid./Base Legal FGTS"": ""0 - Artigo 15, § 6º da Lei n° 8.036/90"", ""Incid./Base Legal INSS"": ""0 - Artigo 28, § 9º da Lei n° 8.212/91"", ""Incid./Base Legal IRRF"": ""9 - Artigos 3º e 7º da Lei nº 7.713/88""}",2026-03-25 15:01:09.753784,,,,,,,,,,,,,,,,,,,,,,,,,,,,,,,,,,,,,,,,,,,,
799,1,799,680,DESC. VALE-TRANSP NAO UTILIZADO ATESTADO,9216 - Desconto de vale transporte,0,0,0,Rubrica com inconsistência de IRRF,"0 - Artigo 28, § 9º da Lei n° 8.212/91",9 - Artigos 3º e 7º da Lei nº 7.713/88,"0 - Artigo 15, § 6º da Lei n° 8.036/90","{""FGTS"": 0, ""INSS"": 0, ""IRRF"": 0, ""Analise"": ""Rubrica com inconsistência de IRRF"", ""Rubrica"": ""DESC. VALE-TRANSP NAO UTILIZADO ATESTADO"", ""Cod Rubrica"": 680, ""Cód Natureza"": ""9216 - Desconto de vale transporte"", ""Incid./Base Legal FGTS"": ""0 - Artigo 15, § 6º da Lei n° 8.036/90"", ""Incid./Base Legal INSS"": ""0 - Artigo 28, § 9º da Lei n° 8.212/91"", ""Incid./Base Legal IRRF"": ""9 - Artigos 3º e 7º da Lei nº 7.713/88""}",2026-03-25 15:01:09.753784,,,,,,,,,,,,,,,,,,,,,,,,,,,,,,,,,,,,,,,,,,,,
800,1,800,681,SOBRE AVISO 50%,1003 - Horas extraordinárias,11,11,11,-,"11 - Artigo 28, inciso I, da Lei n° 8.212/91",11 - Artigos 3º e 7º da Lei nº 7.713/88,11 - Artigo 15 da Lei n° 8.036/90,"{""FGTS"": 11, ""INSS"": 11, ""IRRF"": 11, ""Analise"": ""-"", ""Rubrica"": ""SOBRE AVISO 50%"", ""Cod Rubrica"": 681, ""Cód Natureza"": ""1003 - Horas extraordinárias"", ""Incid./Base Legal FGTS"": ""11 - Artigo 15 da Lei n° 8.036/90"", ""Incid./Base Legal INSS"": ""11 - Artigo 28, inciso I, da Lei n° 8.212/91"", ""Incid./Base Legal IRRF"": ""11 - Artigos 3º e 7º da Lei nº 7.713/88""}",2026-03-25 15:01:09.753784,,,,,,,,,,,,,,,,,,,,,,,,,,,,,,,,,,,,,,,,,,,,
801,1,801,682,HORAS EXTRAS INSAL 100%,1003 - Horas extraordinárias,11,11,11,-,"11 - Artigo 28, inciso I, da Lei n° 8.212/91",11 - Artigos 3º e 7º da Lei nº 7.713/88,11 - Artigo 15 da Lei n° 8.036/90,"{""FGTS"": 11, ""INSS"": 11, ""IRRF"": 11, ""Analise"": ""-"", ""Rubrica"": ""HORAS EXTRAS INSAL 100%"", ""Cod Rubrica"": 682, ""Cód Natureza"": ""1003 - Horas extraordinárias"", ""Incid./Base Legal FGTS"": ""11 - Artigo 15 da Lei n° 8.036/90"", ""Incid./Base Legal INSS"": ""11 - Artigo 28, inciso I, da Lei n° 8.212/91"", ""Incid./Base Legal IRRF"": ""11 - Artigos 3º e 7º da Lei nº 7.713/88""}",2026-03-25 15:01:09.753784,,,,,,,,,,,,,,,,,,,,,,,,,,,,,,,,,,,,,,,,,,,,
802,1,802,683,DIF CCT 2021 - FERIAS,"1000 - Salário, vencimento, soldo ou subsídio",11,11,11,-,"11 - Artigo 28, inciso I, da Lei n° 8.212/91",11 - Artigos 3º e 7º da Lei nº 7.713/88,11 - Artigo 15 da Lei n° 8.036/90,"{""FGTS"": 11, ""INSS"": 11, ""IRRF"": 11, ""Analise"": ""-"", ""Rubrica"": ""DIF CCT 2021 - FERIAS"", ""Cod Rubrica"": 683, ""Cód Natureza"": ""1000 - Salário, vencimento, soldo ou subsídio"", ""Incid./Base Legal FGTS"": ""11 - Artigo 15 da Lei n° 8.036/90"", ""Incid./Base Legal INSS"": ""11 - Artigo 28, inciso I, da Lei n° 8.212/91"", ""Incid./Base Legal IRRF"": ""11 - Artigos 3º e 7º da Lei nº 7.713/88""}",2026-03-25 15:01:09.753784,,,,,,,,,,,,,,,,,,,,,,,,,,,,,,,,,,,,,,,,,,,,
803,1,803,684,ADIC. NOTURNO C/20%,1205 - Adicional noturno,11,11,11,-,"11 - Artigo 28, inciso I, da Lei n° 8.212/91",11 - Artigos 3º e 7º da Lei nº 7.713/88,11 - Artigo 15 da Lei n° 8.036/90,"{""FGTS"": 11, ""INSS"": 11, ""IRRF"": 11, ""Analise"": ""-"", ""Rubrica"": ""ADIC. NOTURNO C/20%"", ""Cod Rubrica"": 684, ""Cód Natureza"": ""1205 - Adicional noturno"", ""Incid./Base Legal FGTS"": ""11 - Artigo 15 da Lei n° 8.036/90"", ""Incid./Base Legal INSS"": ""11 - Artigo 28, inciso I, da Lei n° 8.212/91"", ""Incid./Base Legal IRRF"": ""11 - Artigos 3º e 7º da Lei nº 7.713/88""}",2026-03-25 15:01:09.753784,,,,,,,,,,,,,,,,,,,,,,,,,,,,,,,,,,,,,,,,,,,,
804,1,804,689,DESC. VT DIF CCT,9216 - Desconto de vale transporte,0,9,0,-,"0 - Artigo 28, § 9º da Lei n° 8.212/91",9 - Artigos 3º e 7º da Lei nº 7.713/88,"0 - Artigo 15, § 6º da Lei n° 8.036/90","{""FGTS"": 0, ""INSS"": 0, ""IRRF"": 9, ""Analise"": ""-"", ""Rubrica"": ""DESC. VT DIF CCT"", ""Cod Rubrica"": 689, ""Cód Natureza"": ""9216 - Desconto de vale transporte"", ""Incid./Base Legal FGTS"": ""0 - Artigo 15, § 6º da Lei n° 8.036/90"", ""Incid./Base Legal INSS"": ""0 - Artigo 28, § 9º da Lei n° 8.212/91"", ""Incid./Base Legal IRRF"": ""9 - Artigos 3º e 7º da Lei nº 7.713/88""}",2026-03-25 15:01:09.753784,,,,,,,,,,,,,,,,,,,,,,,,,,,,,,,,,,,,,,,,,,,,
805,1,805,690,DESC. VA E VR DIF CCT,"9243 - Cesta básica ou refeição, vinculada ao PAT - Desconto",0,9,0,-,"0 - Artigo 28, §9º da Lei n° 8.212/91",9 - Artigos 3º e 7º da Lei nº 7.713/88,0 - Artigo 15 da Lei n° 8.036/90,"{""FGTS"": 0, ""INSS"": 0, ""IRRF"": 9, ""Analise"": ""-"", ""Rubrica"": ""DESC. VA E VR DIF CCT"", ""Cod Rubrica"": 690, ""Cód Natureza"": ""9243 - Cesta básica ou refeição, vinculada ao PAT - Desconto"", ""Incid./Base Legal FGTS"": ""0 - Artigo 15 da Lei n° 8.036/90"", ""Incid./Base Legal INSS"": ""0 - Artigo 28, §9º da Lei n° 8.212/91"", ""Incid./Base Legal IRRF"": ""9 - Artigos 3º e 7º da Lei nº 7.713/88""}",2026-03-25 15:01:09.753784,,,,,,,,,,,,,,,,,,,,,,,,,,,,,,,,,,,,,,,,,,,,
806,1,806,691,DESC. ANTECIPACAO VT,9216 - Desconto de vale transporte,0,9,0,-,"0 - Artigo 28, § 9º da Lei n° 8.212/91",9 - Artigos 3º e 7º da Lei nº 7.713/88,"0 - Artigo 15, § 6º da Lei n° 8.036/90","{""FGTS"": 0, ""INSS"": 0, ""IRRF"": 9, ""Analise"": ""-"", ""Rubrica"": ""DESC. ANTECIPACAO VT"", ""Cod Rubrica"": 691, ""Cód Natureza"": ""9216 - Desconto de vale transporte"", ""Incid./Base Legal FGTS"": ""0 - Artigo 15, § 6º da Lei n° 8.036/90"", ""Incid./Base Legal INSS"": ""0 - Artigo 28, § 9º da Lei n° 8.212/91"", ""Incid./Base Legal IRRF"": ""9 - Artigos 3º e 7º da Lei nº 7.713/88""}",2026-03-25 15:01:09.753784,,,,,,,,,,,,,,,,,,,,,,,,,,,,,,,,,,,,,,,,,,,,
807,1,807,696,ABONO PECUNIARIO RODOVIARIOS 2021,1023 - Férias - abono pecuniário,0,75,0,-,"0 - Artigo 28, § 9º da Lei n° 8.212/91","75 - Artigo 1º da IN RFB n° 936/2009; itens 5, 6 e 7 da Parecer PGFN/PGA nº 2.683/2008","0 - Artigo 15, § 6º da Lei n° 8.036/90","{""FGTS"": 0, ""INSS"": 0, ""IRRF"": 75, ""Analise"": ""-"", ""Rubrica"": ""ABONO PECUNIARIO RODOVIARIOS 2021"", ""Cod Rubrica"": 696, ""Cód Natureza"": ""1023 - Férias - abono pecuniário"", ""Incid./Base Legal FGTS"": ""0 - Artigo 15, § 6º da Lei n° 8.036/90"", ""Incid./Base Legal INSS"": ""0 - Artigo 28, § 9º da Lei n° 8.212/91"", ""Incid./Base Legal IRRF"": ""75 - Artigo 1º da IN RFB n° 936/2009; itens 5, 6 e 7 da Parecer PGFN/PGA nº 2.683/2008""}",2026-03-25 15:01:09.753784,,,,,,,,,,,,,,,,,,,,,,,,,,,,,,,,,,,,,,,,,,,,
808,1,808,13 - Solução de consulta cosit 209/2021,,,,,,,,,,"{""Incid./Base Legal IRRF"": ""13 - Solução de consulta cosit 209/2021""}",2026-03-25 15:01:09.753784,,,,,,,,,,,,,,,,,,,,,,,,,,,,,,,,,,,,,,,,,,,,
809,1,809,697,ADIC. NOTURNO C/39% MES ANTERIOR,1205 - Adicional noturno,11,11,11,-,"11 - Artigo 28, inciso I, da Lei n° 8.212/91",11 - Artigos 3º e 7º da Lei nº 7.713/88,11 - Artigo 15 da Lei n° 8.036/90,"{""FGTS"": 11, ""INSS"": 11, ""IRRF"": 11, ""Analise"": ""-"", ""Rubrica"": ""ADIC. NOTURNO C/39% MES ANTERIOR"", ""Cod Rubrica"": 697, ""Cód Natureza"": ""1205 - Adicional noturno"", ""Incid./Base Legal FGTS"": ""11 - Artigo 15 da Lei n° 8.036/90"", ""Incid./Base Legal INSS"": ""11 - Artigo 28, inciso I, da Lei n° 8.212/91"", ""Incid./Base Legal IRRF"": ""11 - Artigos 3º e 7º da Lei nº 7.713/88""}",2026-03-25 15:01:09.753784,,,,,,,,,,,,,,,,,,,,,,,,,,,,,,,,,,,,,,,,,,,,
810,1,810,698,DESC. ADIANT. COMISSOES,9200 - Desconto de Adiantamentos,0,0,0,Rubrica com inconsistência de IRRF,"0 - Artigo 28, § 9º da Lei n° 8.212/91",9 - Artigos 3º e 7º da Lei nº 7.713/88,"0 - Artigo 15, § 6º da Lei n° 8.036/90","{""FGTS"": 0, ""INSS"": 0, ""IRRF"": 0, ""Analise"": ""Rubrica com inconsistência de IRRF"", ""Rubrica"": ""DESC. ADIANT. COMISSOES"", ""Cod Rubrica"": 698, ""Cód Natureza"": ""9200 - Desconto de Adiantamentos"", ""Incid./Base Legal FGTS"": ""0 - Artigo 15, § 6º da Lei n° 8.036/90"", ""Incid./Base Legal INSS"": ""0 - Artigo 28, § 9º da Lei n° 8.212/91"", ""Incid./Base Legal IRRF"": ""9 - Artigos 3º e 7º da Lei nº 7.713/88""}",2026-03-25 15:01:09.753784,,,,,,,,,,,,,,,,,,,,,,,,,,,,,,,,,,,,,,,,,,,,
811,1,811,11 - Artigos 3º e 7º da Lei nº 7.713/88,,,,,,,,,,"{""Incid./Base Legal IRRF"": ""11 - Artigos 3º e 7º da Lei nº 7.713/88""}",2026-03-25 15:01:09.753784,,,,,,,,,,,,,,,,,,,,,,,,,,,,,,,,,,,,,,,,,,,,
812,1,812,699,DESC. ADIANT. DESPESAS,9299 - Outros descontos,0,0,0,Rubrica com inconsistência de IRRF,"0 - Artigo 28, § 9º da Lei n° 8.212/91",9 - Artigos 3º e 7º da Lei nº 7.713/88,"0 - Artigo 15, § 6º da Lei n° 8.036/90","{""FGTS"": 0, ""INSS"": 0, ""IRRF"": 0, ""Analise"": ""Rubrica com inconsistência de IRRF"", ""Rubrica"": ""DESC. ADIANT. DESPESAS"", ""Cod Rubrica"": 699, ""Cód Natureza"": ""9299 - Outros descontos"", ""Incid./Base Legal FGTS"": ""0 - Artigo 15, § 6º da Lei n° 8.036/90"", ""Incid./Base Legal INSS"": ""0 - Artigo 28, § 9º da Lei n° 8.212/91"", ""Incid./Base Legal IRRF"": ""9 - Artigos 3º e 7º da Lei nº 7.713/88""}",2026-03-25 15:01:09.753784,,,,,,,,,,,,,,,,,,,,,,,,,,,,,,,,,,,,,,,,,,,,
813,1,813,700,DESC. F.G.T.S. DEPOSITO RESCISAO - G.R.F.C.,9989 - Outros valores informativos,0,9,0,-,"0 - Artigo 28, inciso I, da Lei n° 8.212/91",9 - Artigo 12-A da Lei nº 7.713/88,0 - Artigo 15 da Lei n° 8.036/90,"{""FGTS"": 0, ""INSS"": 0, ""IRRF"": 9, ""Analise"": ""-"", ""Rubrica"": ""DESC. F.G.T.S. DEPOSITO RESCISAO - G.R.F.C."", ""Cod Rubrica"": 700, ""Cód Natureza"": ""9989 - Outros valores informativos"", ""Incid./Base Legal FGTS"": ""0 - Artigo 15 da Lei n° 8.036/90"", ""Incid./Base Legal INSS"": ""0 - Artigo 28, inciso I, da Lei n° 8.212/91"", ""Incid./Base Legal IRRF"": ""9 - Artigo 12-A da Lei nº 7.713/88""}",2026-03-25 15:01:09.753784,,,,,,,,,,,,,,,,,,,,,,,,,,,,,,,,,,,,,,,,,,,,
814,1,814,701,DESC. 2ª VIA CARTAO ALELO,9299 - Outros descontos,0,0,0,Rubrica com inconsistência de IRRF,"0 - Artigo 28, § 9º da Lei n° 8.212/91",9 - Artigos 3º e 7º da Lei nº 7.713/88,"0 - Artigo 15, § 6º da Lei n° 8.036/90","{""FGTS"": 0, ""INSS"": 0, ""IRRF"": 0, ""Analise"": ""Rubrica com inconsistência de IRRF"", ""Rubrica"": ""DESC. 2ª VIA CARTAO ALELO"", ""Cod Rubrica"": 701, ""Cód Natureza"": ""9299 - Outros descontos"", ""Incid./Base Legal FGTS"": ""0 - Artigo 15, § 6º da Lei n° 8.036/90"", ""Incid./Base Legal INSS"": ""0 - Artigo 28, § 9º da Lei n° 8.212/91"", ""Incid./Base Legal IRRF"": ""9 - Artigos 3º e 7º da Lei nº 7.713/88""}",2026-03-25 15:01:09.753784,,,,,,,,,,,,,,,,,,,,,,,,,,,,,,,,,,,,,,,,,,,,
815,1,815,702,DESC. 2ª VIA CARTAO REFEICAO,9299 - Outros descontos,0,0,0,Rubrica com inconsistência de IRRF,"0 - Artigo 28, § 9º da Lei n° 8.212/91",9 - Artigos 3º e 7º da Lei nº 7.713/88,"0 - Artigo 15, § 6º da Lei n° 8.036/90","{""FGTS"": 0, ""INSS"": 0, ""IRRF"": 0, ""Analise"": ""Rubrica com inconsistência de IRRF"", ""Rubrica"": ""DESC. 2ª VIA CARTAO REFEICAO"", ""Cod Rubrica"": 702, ""Cód Natureza"": ""9299 - Outros descontos"", ""Incid./Base Legal FGTS"": ""0 - Artigo 15, § 6º da Lei n° 8.036/90"", ""Incid./Base Legal INSS"": ""0 - Artigo 28, § 9º da Lei n° 8.212/91"", ""Incid./Base Legal IRRF"": ""9 - Artigos 3º e 7º da Lei nº 7.713/88""}",2026-03-25 15:01:09.753784,,,,,,,,,,,,,,,,,,,,,,,,,,,,,,,,,,,,,,,,,,,,
816,1,816,703,DESC. 2ª VIA CARTAO RIO CARD,9299 - Outros descontos,0,0,0,Rubrica com inconsistência de IRRF,"0 - Artigo 28, § 9º da Lei n° 8.212/91",9 - Artigos 3º e 7º da Lei nº 7.713/88,"0 - Artigo 15, § 6º da Lei n° 8.036/90","{""FGTS"": 0, ""INSS"": 0, ""IRRF"": 0, ""Analise"": ""Rubrica com inconsistência de IRRF"", ""Rubrica"": ""DESC. 2ª VIA CARTAO RIO CARD"", ""Cod Rubrica"": 703, ""Cód Natureza"": ""9299 - Outros descontos"", ""Incid./Base Legal FGTS"": ""0 - Artigo 15, § 6º da Lei n° 8.036/90"", ""Incid./Base Legal INSS"": ""0 - Artigo 28, § 9º da Lei n° 8.212/91"", ""Incid./Base Legal IRRF"": ""9 - Artigos 3º e 7º da Lei nº 7.713/88""}",2026-03-25 15:01:09.753784,,,,,,,,,,,,,,,,,,,,,,,,,,,,,,,,,,,,,,,,,,,,
817,1,817,704,DESC. 2ª VIA CRACHÁ MAGNETICO,9299 - Outros descontos,0,0,0,Rubrica com inconsistência de IRRF,"0 - Artigo 28, § 9º da Lei n° 8.212/91",9 - Artigos 3º e 7º da Lei nº 7.713/88,"0 - Artigo 15, § 6º da Lei n° 8.036/90","{""FGTS"": 0, ""INSS"": 0, ""IRRF"": 0, ""Analise"": ""Rubrica com inconsistência de IRRF"", ""Rubrica"": ""DESC. 2ª VIA CRACHÁ MAGNETICO"", ""Cod Rubrica"": 704, ""Cód Natureza"": ""9299 - Outros descontos"", ""Incid./Base Legal FGTS"": ""0 - Artigo 15, § 6º da Lei n° 8.036/90"", ""Incid./Base Legal INSS"": ""0 - Artigo 28, § 9º da Lei n° 8.212/91"", ""Incid./Base Legal IRRF"": ""9 - Artigos 3º e 7º da Lei nº 7.713/88""}",2026-03-25 15:01:09.753784,,,,,,,,,,,,,,,,,,,,,,,,,,,,,,,,,,,,,,,,,,,,
818,1,818,705,2ª VIA CARTEIRINHA,9299 - Outros descontos,11,11,11,"Rubrica com inconsistência de INSS, IRRF e FGTS","0 - Artigo 28, § 9º da Lei n° 8.212/91",9 - Artigos 3º e 7º da Lei nº 7.713/88,"0 - Artigo 15, § 6º da Lei n° 8.036/90","{""FGTS"": 11, ""INSS"": 11, ""IRRF"": 11, ""Analise"": ""Rubrica com inconsistência de INSS, IRRF e FGTS"", ""Rubrica"": ""2ª VIA CARTEIRINHA"", ""Cod Rubrica"": 705, ""Cód Natureza"": ""9299 - Outros descontos"", ""Incid./Base Legal FGTS"": ""0 - Artigo 15, § 6º da Lei n° 8.036/90"", ""Incid./Base Legal INSS"": ""0 - Artigo 28, § 9º da Lei n° 8.212/91"", ""Incid./Base Legal IRRF"": ""9 - Artigos 3º e 7º da Lei nº 7.713/88""}",2026-03-25 15:01:09.753784,,,,,,,,,,,,,,,,,,,,,,,,,,,,,,,,,,,,,,,,,,,,
819,1,819,707,DESC. ACERTO PENDENCIAS PREST CONTAS,9299 - Outros descontos,0,0,0,Rubrica com inconsistência de IRRF,"0 - Artigo 28, § 9º da Lei n° 8.212/91",9 - Artigos 3º e 7º da Lei nº 7.713/88,"0 - Artigo 15, § 6º da Lei n° 8.036/90","{""FGTS"": 0, ""INSS"": 0, ""IRRF"": 0, ""Analise"": ""Rubrica com inconsistência de IRRF"", ""Rubrica"": ""DESC. ACERTO PENDENCIAS PREST CONTAS"", ""Cod Rubrica"": 707, ""Cód Natureza"": ""9299 - Outros descontos"", ""Incid./Base Legal FGTS"": ""0 - Artigo 15, § 6º da Lei n° 8.036/90"", ""Incid./Base Legal INSS"": ""0 - Artigo 28, § 9º da Lei n° 8.212/91"", ""Incid./Base Legal IRRF"": ""9 - Artigos 3º e 7º da Lei nº 7.713/88""}",2026-03-25 15:01:09.753784,,,,,,,,,,,,,,,,,,,,,,,,,,,,,,,,,,,,,,,,,,,,
820,1,820,708,DESC. AJUDA CUSTO NAO UTILIZAD,9299 - Outros descontos,0,0,0,Rubrica com inconsistência de IRRF,"0 - Artigo 28, § 9º da Lei n° 8.212/91",9 - Artigos 3º e 7º da Lei nº 7.713/88,"0 - Artigo 15, § 6º da Lei n° 8.036/90","{""FGTS"": 0, ""INSS"": 0, ""IRRF"": 0, ""Analise"": ""Rubrica com inconsistência de IRRF"", ""Rubrica"": ""DESC. AJUDA CUSTO NAO UTILIZAD"", ""Cod Rubrica"": 708, ""Cód Natureza"": ""9299 - Outros descontos"", ""Incid./Base Legal FGTS"": ""0 - Artigo 15, § 6º da Lei n° 8.036/90"", ""Incid./Base Legal INSS"": ""0 - Artigo 28, § 9º da Lei n° 8.212/91"", ""Incid./Base Legal IRRF"": ""9 - Artigos 3º e 7º da Lei nº 7.713/88""}",2026-03-25 15:01:09.753784,,,,,,,,,,,,,,,,,,,,,,,,,,,,,,,,,,,,,,,,,,,,
821,1,821,709,DESC. AJUSTE DESP DE VIAGENS,9299 - Outros descontos,0,0,0,Rubrica com inconsistência de IRRF,"0 - Artigo 28, § 9º da Lei n° 8.212/91",9 - Artigos 3º e 7º da Lei nº 7.713/88,"0 - Artigo 15, § 6º da Lei n° 8.036/90","{""FGTS"": 0, ""INSS"": 0, ""IRRF"": 0, ""Analise"": ""Rubrica com inconsistência de IRRF"", ""Rubrica"": ""DESC. AJUSTE DESP DE VIAGENS"", ""Cod Rubrica"": 709, ""Cód Natureza"": ""9299 - Outros descontos"", ""Incid./Base Legal FGTS"": ""0 - Artigo 15, § 6º da Lei n° 8.036/90"", ""Incid./Base Legal INSS"": ""0 - Artigo 28, § 9º da Lei n° 8.212/91"", ""Incid./Base Legal IRRF"": ""9 - Artigos 3º e 7º da Lei nº 7.713/88""}",2026-03-25 15:01:09.753784,,,,,,,,,,,,,,,,,,,,,,,,,,,,,,,,,,,,,,,,,,,,
822,1,822,710,DESC. ALIMENTACAO MES ANTERIOR,"9243 - Cesta básica ou refeição, vinculada ao PAT - Desconto",0,9,0,-,"0 - Artigo 28, §9º da Lei n° 8.212/91",9 - Artigos 3º e 7º da Lei nº 7.713/88,0 - Artigo 15 da Lei n° 8.036/90,"{""FGTS"": 0, ""INSS"": 0, ""IRRF"": 9, ""Analise"": ""-"", ""Rubrica"": ""DESC. ALIMENTACAO MES ANTERIOR"", ""Cod Rubrica"": 710, ""Cód Natureza"": ""9243 - Cesta básica ou refeição, vinculada ao PAT - Desconto"", ""Incid./Base Legal FGTS"": ""0 - Artigo 15 da Lei n° 8.036/90"", ""Incid./Base Legal INSS"": ""0 - Artigo 28, §9º da Lei n° 8.212/91"", ""Incid./Base Legal IRRF"": ""9 - Artigos 3º e 7º da Lei nº 7.713/88""}",2026-03-25 15:01:09.753784,,,,,,,,,,,,,,,,,,,,,,,,,,,,,,,,,,,,,,,,,,,,
823,1,823,711,DESC. ALOJAMENTO(USO FUTURO),1602 - Ajuda de custo de transferência,0,0,0,Rubrica com inconsistência de IRRF,"0 - Artigo 28, § 9º da Lei n° 8.212/91","73 - Artigo 6°, inciso XX, da Lei nº 7.713/88","0 - Artigo 15, § 6º da Lei n° 8.036/90","{""FGTS"": 0, ""INSS"": 0, ""IRRF"": 0, ""Analise"": ""Rubrica com inconsistência de IRRF"", ""Rubrica"": ""DESC. ALOJAMENTO(USO FUTURO)"", ""Cod Rubrica"": 711, ""Cód Natureza"": ""1602 - Ajuda de custo de transferência"", ""Incid./Base Legal FGTS"": ""0 - Artigo 15, § 6º da Lei n° 8.036/90"", ""Incid./Base Legal INSS"": ""0 - Artigo 28, § 9º da Lei n° 8.212/91"", ""Incid./Base Legal IRRF"": ""73 - Artigo 6°, inciso XX, da Lei nº 7.713/88""}",2026-03-25 15:01:09.753784,,,,,,,,,,,,,,,,,,,,,,,,,,,,,,,,,,,,,,,,,,,,
824,1,824,712,DESC. BENEFICIO MES ANTERIOR,9299 - Outros descontos,0,0,0,Rubrica com inconsistência de IRRF,"0 - Artigo 28, § 9º da Lei n° 8.212/91",9 - Artigos 3º e 7º da Lei nº 7.713/88,"0 - Artigo 15, § 6º da Lei n° 8.036/90","{""FGTS"": 0, ""INSS"": 0, ""IRRF"": 0, ""Analise"": ""Rubrica com inconsistência de IRRF"", ""Rubrica"": ""DESC. BENEFICIO MES ANTERIOR"", ""Cod Rubrica"": 712, ""Cód Natureza"": ""9299 - Outros descontos"", ""Incid./Base Legal FGTS"": ""0 - Artigo 15, § 6º da Lei n° 8.036/90"", ""Incid./Base Legal INSS"": ""0 - Artigo 28, § 9º da Lei n° 8.212/91"", ""Incid./Base Legal IRRF"": ""9 - Artigos 3º e 7º da Lei nº 7.713/88""}",2026-03-25 15:01:09.753784,,,,,,,,,,,,,,,,,,,,,,,,,,,,,,,,,,,,,,,,,,,,
825,1,825,713,DESC. BENEFICIO SOCIAL FAMILIAR,9232 - Contribuição Sindical - Assistencial,0,0,0,Rubrica com inconsistência de IRRF,"0 - Artigo 28, § 9º da Lei n° 8.212/91",9 - Artigo 4º da Lei nº 9.250/95,0 - Artigo 15 da Lei n° 8.036/90,"{""FGTS"": 0, ""INSS"": 0, ""IRRF"": 0, ""Analise"": ""Rubrica com inconsistência de IRRF"", ""Rubrica"": ""DESC. BENEFICIO SOCIAL FAMILIAR"", ""Cod Rubrica"": 713, ""Cód Natureza"": ""9232 - Contribuição Sindical - Assistencial"", ""Incid./Base Legal FGTS"": ""0 - Artigo 15 da Lei n° 8.036/90"", ""Incid./Base Legal INSS"": ""0 - Artigo 28, § 9º da Lei n° 8.212/91"", ""Incid./Base Legal IRRF"": ""9 - Artigo 4º da Lei nº 9.250/95""}",2026-03-25 15:01:09.753784,,,,,,,,,,,,,,,,,,,,,,,,,,,,,,,,,,,,,,,,,,,,
826,1,826,714,DESC. BENEFÍCIO SOCIAL FAMILIAR,9232 - Contribuição Sindical - Assistencial,0,0,0,Rubrica com inconsistência de IRRF,"0 - Artigo 28, § 9º da Lei n° 8.212/91",9 - Artigo 4º da Lei nº 9.250/95,0 - Artigo 15 da Lei n° 8.036/90,"{""FGTS"": 0, ""INSS"": 0, ""IRRF"": 0, ""Analise"": ""Rubrica com inconsistência de IRRF"", ""Rubrica"": ""DESC. BENEFÍCIO SOCIAL FAMILIAR"", ""Cod Rubrica"": 714, ""Cód Natureza"": ""9232 - Contribuição Sindical - Assistencial"", ""Incid./Base Legal FGTS"": ""0 - Artigo 15 da Lei n° 8.036/90"", ""Incid./Base Legal INSS"": ""0 - Artigo 28, § 9º da Lei n° 8.212/91"", ""Incid./Base Legal IRRF"": ""9 - Artigo 4º da Lei nº 9.250/95""}",2026-03-25 15:01:09.753784,,,,,,,,,,,,,,,,,,,,,,,,,,,,,,,,,,,,,,,,,,,,
827,1,827,715,DESC. PAGOS ANTECIPADO,9200 - Desconto de Adiantamentos,0,0,0,Rubrica com inconsistência de IRRF,"0 - Artigo 28, § 9º da Lei n° 8.212/91",9 - Artigos 3º e 7º da Lei nº 7.713/88,"0 - Artigo 15, § 6º da Lei n° 8.036/90","{""FGTS"": 0, ""INSS"": 0, ""IRRF"": 0, ""Analise"": ""Rubrica com inconsistência de IRRF"", ""Rubrica"": ""DESC. PAGOS ANTECIPADO"", ""Cod Rubrica"": 715, ""Cód Natureza"": ""9200 - Desconto de Adiantamentos"", ""Incid./Base Legal FGTS"": ""0 - Artigo 15, § 6º da Lei n° 8.036/90"", ""Incid./Base Legal INSS"": ""0 - Artigo 28, § 9º da Lei n° 8.212/91"", ""Incid./Base Legal IRRF"": ""9 - Artigos 3º e 7º da Lei nº 7.713/88""}",2026-03-25 15:01:09.753784,,,,,,,,,,,,,,,,,,,,,,,,,,,,,,,,,,,,,,,,,,,,
829,1,829,716,DESC. CELULAR NAO DEVOLVIDO,9299 - Outros descontos,0,0,0,Rubrica com inconsistência de IRRF,"0 - Artigo 28, § 9º da Lei n° 8.212/91",9 - Artigos 3º e 7º da Lei nº 7.713/88,"0 - Artigo 15, § 6º da Lei n° 8.036/90","{""FGTS"": 0, ""INSS"": 0, ""IRRF"": 0, ""Analise"": ""Rubrica com inconsistência de IRRF"", ""Rubrica"": ""DESC. CELULAR NAO DEVOLVIDO"", ""Cod Rubrica"": 716, ""Cód Natureza"": ""9299 - Outros descontos"", ""Incid./Base Legal FGTS"": ""0 - Artigo 15, § 6º da Lei n° 8.036/90"", ""Incid./Base Legal INSS"": ""0 - Artigo 28, § 9º da Lei n° 8.212/91"", ""Incid./Base Legal IRRF"": ""9 - Artigos 3º e 7º da Lei nº 7.713/88""}",2026-03-25 15:01:09.753784,,,,,,,,,,,,,,,,,,,,,,,,,,,,,,,,,,,,,,,,,,,,
830,1,830,717,DESC. COMBUSTIVEL UTILIZADO,9299 - Outros descontos,0,0,0,Rubrica com inconsistência de IRRF,"0 - Artigo 28, § 9º da Lei n° 8.212/91",9 - Artigos 3º e 7º da Lei nº 7.713/88,"0 - Artigo 15, § 6º da Lei n° 8.036/90","{""FGTS"": 0, ""INSS"": 0, ""IRRF"": 0, ""Analise"": ""Rubrica com inconsistência de IRRF"", ""Rubrica"": ""DESC. COMBUSTIVEL UTILIZADO"", ""Cod Rubrica"": 717, ""Cód Natureza"": ""9299 - Outros descontos"", ""Incid./Base Legal FGTS"": ""0 - Artigo 15, § 6º da Lei n° 8.036/90"", ""Incid./Base Legal INSS"": ""0 - Artigo 28, § 9º da Lei n° 8.212/91"", ""Incid./Base Legal IRRF"": ""9 - Artigos 3º e 7º da Lei nº 7.713/88""}",2026-03-25 15:01:09.753784,,,,,,,,,,,,,,,,,,,,,,,,,,,,,,,,,,,,,,,,,,,,
831,1,831,718,DESC. CONVENIO FARMACIA,9299 - Outros descontos,0,0,0,Rubrica com inconsistência de IRRF,"0 - Artigo 28, § 9º da Lei n° 8.212/91",9 - Artigos 3º e 7º da Lei nº 7.713/88,"0 - Artigo 15, § 6º da Lei n° 8.036/90","{""FGTS"": 0, ""INSS"": 0, ""IRRF"": 0, ""Analise"": ""Rubrica com inconsistência de IRRF"", ""Rubrica"": ""DESC. CONVENIO FARMACIA"", ""Cod Rubrica"": 718, ""Cód Natureza"": ""9299 - Outros descontos"", ""Incid./Base Legal FGTS"": ""0 - Artigo 15, § 6º da Lei n° 8.036/90"", ""Incid./Base Legal INSS"": ""0 - Artigo 28, § 9º da Lei n° 8.212/91"", ""Incid./Base Legal IRRF"": ""9 - Artigos 3º e 7º da Lei nº 7.713/88""}",2026-03-25 15:01:09.753784,,,,,,,,,,,,,,,,,,,,,,,,,,,,,,,,,,,,,,,,,,,,
832,1,832,719,DESC. CRACHA,9299 - Outros descontos,0,0,0,Rubrica com inconsistência de IRRF,"0 - Artigo 28, § 9º da Lei n° 8.212/91",9 - Artigos 3º e 7º da Lei nº 7.713/88,"0 - Artigo 15, § 6º da Lei n° 8.036/90","{""FGTS"": 0, ""INSS"": 0, ""IRRF"": 0, ""Analise"": ""Rubrica com inconsistência de IRRF"", ""Rubrica"": ""DESC. CRACHA"", ""Cod Rubrica"": 719, ""Cód Natureza"": ""9299 - Outros descontos"", ""Incid./Base Legal FGTS"": ""0 - Artigo 15, § 6º da Lei n° 8.036/90"", ""Incid./Base Legal INSS"": ""0 - Artigo 28, § 9º da Lei n° 8.212/91"", ""Incid./Base Legal IRRF"": ""9 - Artigos 3º e 7º da Lei nº 7.713/88""}",2026-03-25 15:01:09.753784,,,,,,,,,,,,,,,,,,,,,,,,,,,,,,,,,,,,,,,,,,,,
833,1,833,720,DESC. FARMACIA,9299 - Outros descontos,0,0,0,Rubrica com inconsistência de IRRF,"0 - Artigo 28, § 9º da Lei n° 8.212/91",9 - Artigos 3º e 7º da Lei nº 7.713/88,"0 - Artigo 15, § 6º da Lei n° 8.036/90","{""FGTS"": 0, ""INSS"": 0, ""IRRF"": 0, ""Analise"": ""Rubrica com inconsistência de IRRF"", ""Rubrica"": ""DESC. FARMACIA"", ""Cod Rubrica"": 720, ""Cód Natureza"": ""9299 - Outros descontos"", ""Incid./Base Legal FGTS"": ""0 - Artigo 15, § 6º da Lei n° 8.036/90"", ""Incid./Base Legal INSS"": ""0 - Artigo 28, § 9º da Lei n° 8.212/91"", ""Incid./Base Legal IRRF"": ""9 - Artigos 3º e 7º da Lei nº 7.713/88""}",2026-03-25 15:01:09.753784,,,,,,,,,,,,,,,,,,,,,,,,,,,,,,,,,,,,,,,,,,,,
834,1,834,721,DESC. FORNECIMENTO CAFE,9299 - Outros descontos,0,0,0,Rubrica com inconsistência de IRRF,"0 - Artigo 28, § 9º da Lei n° 8.212/91",9 - Artigos 3º e 7º da Lei nº 7.713/88,"0 - Artigo 15, § 6º da Lei n° 8.036/90","{""FGTS"": 0, ""INSS"": 0, ""IRRF"": 0, ""Analise"": ""Rubrica com inconsistência de IRRF"", ""Rubrica"": ""DESC. FORNECIMENTO CAFE"", ""Cod Rubrica"": 721, ""Cód Natureza"": ""9299 - Outros descontos"", ""Incid./Base Legal FGTS"": ""0 - Artigo 15, § 6º da Lei n° 8.036/90"", ""Incid./Base Legal INSS"": ""0 - Artigo 28, § 9º da Lei n° 8.212/91"", ""Incid./Base Legal IRRF"": ""9 - Artigos 3º e 7º da Lei nº 7.713/88""}",2026-03-25 15:01:09.753784,,,,,,,,,,,,,,,,,,,,,,,,,,,,,,,,,,,,,,,,,,,,
835,1,835,722,DESC. FRANQUIA VEICULO,9299 - Outros descontos,0,0,0,Rubrica com inconsistência de IRRF,"0 - Artigo 28, § 9º da Lei n° 8.212/91",9 - Artigos 3º e 7º da Lei nº 7.713/88,"0 - Artigo 15, § 6º da Lei n° 8.036/90","{""FGTS"": 0, ""INSS"": 0, ""IRRF"": 0, ""Analise"": ""Rubrica com inconsistência de IRRF"", ""Rubrica"": ""DESC. FRANQUIA VEICULO"", ""Cod Rubrica"": 722, ""Cód Natureza"": ""9299 - Outros descontos"", ""Incid./Base Legal FGTS"": ""0 - Artigo 15, § 6º da Lei n° 8.036/90"", ""Incid./Base Legal INSS"": ""0 - Artigo 28, § 9º da Lei n° 8.212/91"", ""Incid./Base Legal IRRF"": ""9 - Artigos 3º e 7º da Lei nº 7.713/88""}",2026-03-25 15:01:09.753784,,,,,,,,,,,,,,,,,,,,,,,,,,,,,,,,,,,,,,,,,,,,
836,1,836,723,DESC. MAU USO MATERIAL EMPRESA,9299 - Outros descontos,0,0,0,Rubrica com inconsistência de IRRF,"0 - Artigo 28, § 9º da Lei n° 8.212/91",9 - Artigos 3º e 7º da Lei nº 7.713/88,"0 - Artigo 15, § 6º da Lei n° 8.036/90","{""FGTS"": 0, ""INSS"": 0, ""IRRF"": 0, ""Analise"": ""Rubrica com inconsistência de IRRF"", ""Rubrica"": ""DESC. MAU USO MATERIAL EMPRESA"", ""Cod Rubrica"": 723, ""Cód Natureza"": ""9299 - Outros descontos"", ""Incid./Base Legal FGTS"": ""0 - Artigo 15, § 6º da Lei n° 8.036/90"", ""Incid./Base Legal INSS"": ""0 - Artigo 28, § 9º da Lei n° 8.212/91"", ""Incid./Base Legal IRRF"": ""9 - Artigos 3º e 7º da Lei nº 7.713/88""}",2026-03-25 15:01:09.753784,,,,,,,,,,,,,,,,,,,,,,,,,,,,,,,,,,,,,,,,,,,,
837,1,837,724,DESC. MULTA DE TRANSITO,9299 - Outros descontos,0,0,0,Rubrica com inconsistência de IRRF,"0 - Artigo 28, § 9º da Lei n° 8.212/91",9 - Artigos 3º e 7º da Lei nº 7.713/88,"0 - Artigo 15, § 6º da Lei n° 8.036/90","{""FGTS"": 0, ""INSS"": 0, ""IRRF"": 0, ""Analise"": ""Rubrica com inconsistência de IRRF"", ""Rubrica"": ""DESC. MULTA DE TRANSITO"", ""Cod Rubrica"": 724, ""Cód Natureza"": ""9299 - Outros descontos"", ""Incid./Base Legal FGTS"": ""0 - Artigo 15, § 6º da Lei n° 8.036/90"", ""Incid./Base Legal INSS"": ""0 - Artigo 28, § 9º da Lei n° 8.212/91"", ""Incid./Base Legal IRRF"": ""9 - Artigos 3º e 7º da Lei nº 7.713/88""}",2026-03-25 15:01:09.753784,,,,,,,,,,,,,,,,,,,,,,,,,,,,,,,,,,,,,,,,,,,,
838,1,838,725,DESC. PENDENCIAS PREST CONTAS,9299 - Outros descontos,0,0,0,Rubrica com inconsistência de IRRF,"0 - Artigo 28, § 9º da Lei n° 8.212/91",9 - Artigos 3º e 7º da Lei nº 7.713/88,"0 - Artigo 15, § 6º da Lei n° 8.036/90","{""FGTS"": 0, ""INSS"": 0, ""IRRF"": 0, ""Analise"": ""Rubrica com inconsistência de IRRF"", ""Rubrica"": ""DESC. PENDENCIAS PREST CONTAS"", ""Cod Rubrica"": 725, ""Cód Natureza"": ""9299 - Outros descontos"", ""Incid./Base Legal FGTS"": ""0 - Artigo 15, § 6º da Lei n° 8.036/90"", ""Incid./Base Legal INSS"": ""0 - Artigo 28, § 9º da Lei n° 8.212/91"", ""Incid./Base Legal IRRF"": ""9 - Artigos 3º e 7º da Lei nº 7.713/88""}",2026-03-25 15:01:09.753784,,,,,,,,,,,,,,,,,,,,,,,,,,,,,,,,,,,,,,,,,,,,
839,1,839,726,DESC. PREJUIZO CAUSADO,9299 - Outros descontos,0,0,0,Rubrica com inconsistência de IRRF,"0 - Artigo 28, § 9º da Lei n° 8.212/91",9 - Artigos 3º e 7º da Lei nº 7.713/88,"0 - Artigo 15, § 6º da Lei n° 8.036/90","{""FGTS"": 0, ""INSS"": 0, ""IRRF"": 0, ""Analise"": ""Rubrica com inconsistência de IRRF"", ""Rubrica"": ""DESC. PREJUIZO CAUSADO"", ""Cod Rubrica"": 726, ""Cód Natureza"": ""9299 - Outros descontos"", ""Incid./Base Legal FGTS"": ""0 - Artigo 15, § 6º da Lei n° 8.036/90"", ""Incid./Base Legal INSS"": ""0 - Artigo 28, § 9º da Lei n° 8.212/91"", ""Incid./Base Legal IRRF"": ""9 - Artigos 3º e 7º da Lei nº 7.713/88""}",2026-03-25 15:01:09.753784,,,,,,,,,,,,,,,,,,,,,,,,,,,,,,,,,,,,,,,,,,,,
840,1,840,727,DESC. REFEIÇÃO MÊS ANTERIOR,"9243 - Cesta básica ou refeição, vinculada ao PAT - Desconto",0,9,0,-,"0 - Artigo 28, §9º da Lei n° 8.212/91",9 - Artigos 3º e 7º da Lei nº 7.713/88,0 - Artigo 15 da Lei n° 8.036/90,"{""FGTS"": 0, ""INSS"": 0, ""IRRF"": 9, ""Analise"": ""-"", ""Rubrica"": ""DESC. REFEIÇÃO MÊS ANTERIOR"", ""Cod Rubrica"": 727, ""Cód Natureza"": ""9243 - Cesta básica ou refeição, vinculada ao PAT - Desconto"", ""Incid./Base Legal FGTS"": ""0 - Artigo 15 da Lei n° 8.036/90"", ""Incid./Base Legal INSS"": ""0 - Artigo 28, §9º da Lei n° 8.212/91"", ""Incid./Base Legal IRRF"": ""9 - Artigos 3º e 7º da Lei nº 7.713/88""}",2026-03-25 15:01:09.753784,,,,,,,,,,,,,,,,,,,,,,,,,,,,,,,,,,,,,,,,,,,,
841,1,841,728,DESC. REFEICOES,"9243 - Cesta básica ou refeição, vinculada ao PAT - Desconto",0,9,0,-,"0 - Artigo 28, §9º da Lei n° 8.212/91",9 - Artigos 3º e 7º da Lei nº 7.713/88,0 - Artigo 15 da Lei n° 8.036/90,"{""FGTS"": 0, ""INSS"": 0, ""IRRF"": 9, ""Analise"": ""-"", ""Rubrica"": ""DESC. REFEICOES"", ""Cod Rubrica"": 728, ""Cód Natureza"": ""9243 - Cesta básica ou refeição, vinculada ao PAT - Desconto"", ""Incid./Base Legal FGTS"": ""0 - Artigo 15 da Lei n° 8.036/90"", ""Incid./Base Legal INSS"": ""0 - Artigo 28, §9º da Lei n° 8.212/91"", ""Incid./Base Legal IRRF"": ""9 - Artigos 3º e 7º da Lei nº 7.713/88""}",2026-03-25 15:01:09.753784,,,,,,,,,,,,,,,,,,,,,,,,,,,,,,,,,,,,,,,,,,,,
842,1,842,729,DESC. SEGURO DE VIDA,9250 - Seguro de vida - desconto,0,0,0,Rubrica com inconsistência de IRRF,"0 - Artigo 28, § 9º da Lei n° 8.212/91",9 - Artigo 4º da Lei nº 9.250/95,"0 - Artigo 15, § 6º da Lei n° 8.036/90","{""FGTS"": 0, ""INSS"": 0, ""IRRF"": 0, ""Analise"": ""Rubrica com inconsistência de IRRF"", ""Rubrica"": ""DESC. SEGURO DE VIDA"", ""Cod Rubrica"": 729, ""Cód Natureza"": ""9250 - Seguro de vida - desconto"", ""Incid./Base Legal FGTS"": ""0 - Artigo 15, § 6º da Lei n° 8.036/90"", ""Incid./Base Legal INSS"": ""0 - Artigo 28, § 9º da Lei n° 8.212/91"", ""Incid./Base Legal IRRF"": ""9 - Artigo 4º da Lei nº 9.250/95""}",2026-03-25 15:01:09.753784,,,,,,,,,,,,,,,,,,,,,,,,,,,,,,,,,,,,,,,,,,,,
843,1,843,730,DESC. SMARTPHONE NAO DEVOLVIDO,9299 - Outros descontos,0,0,0,Rubrica com inconsistência de IRRF,"0 - Artigo 28, § 9º da Lei n° 8.212/91",9 - Artigos 3º e 7º da Lei nº 7.713/88,"0 - Artigo 15, § 6º da Lei n° 8.036/90","{""FGTS"": 0, ""INSS"": 0, ""IRRF"": 0, ""Analise"": ""Rubrica com inconsistência de IRRF"", ""Rubrica"": ""DESC. SMARTPHONE NAO DEVOLVIDO"", ""Cod Rubrica"": 730, ""Cód Natureza"": ""9299 - Outros descontos"", ""Incid./Base Legal FGTS"": ""0 - Artigo 15, § 6º da Lei n° 8.036/90"", ""Incid./Base Legal INSS"": ""0 - Artigo 28, § 9º da Lei n° 8.212/91"", ""Incid./Base Legal IRRF"": ""9 - Artigos 3º e 7º da Lei nº 7.713/88""}",2026-03-25 15:01:09.753784,,,,,,,,,,,,,,,,,,,,,,,,,,,,,,,,,,,,,,,,,,,,
844,1,844,731,DESC. TARIFA BANCARIA,9299 - Outros descontos,0,0,0,Rubrica com inconsistência de IRRF,"0 - Artigo 28, § 9º da Lei n° 8.212/91",9 - Artigos 3º e 7º da Lei nº 7.713/88,"0 - Artigo 15, § 6º da Lei n° 8.036/90","{""FGTS"": 0, ""INSS"": 0, ""IRRF"": 0, ""Analise"": ""Rubrica com inconsistência de IRRF"", ""Rubrica"": ""DESC. TARIFA BANCARIA"", ""Cod Rubrica"": 731, ""Cód Natureza"": ""9299 - Outros descontos"", ""Incid./Base Legal FGTS"": ""0 - Artigo 15, § 6º da Lei n° 8.036/90"", ""Incid./Base Legal INSS"": ""0 - Artigo 28, § 9º da Lei n° 8.212/91"", ""Incid./Base Legal IRRF"": ""9 - Artigos 3º e 7º da Lei nº 7.713/88""}",2026-03-25 15:01:09.753784,,,,,,,,,,,,,,,,,,,,,,,,,,,,,,,,,,,,,,,,,,,,
845,1,845,732,DESC. TAXA ADESAO PROMED MG,9219 - Desconto de assistência médica ou odontológica - Plano coletivo empresarial,0,0,0,Rubrica com inconsistência de IRRF,"0 - Artigo 28, § 9º da Lei n° 8.212/91",67 - Artigos 3º e 7º da Lei nº 7.713/88,"0 - Artigo 15, § 6º da Lei n° 8.036/90","{""FGTS"": 0, ""INSS"": 0, ""IRRF"": 0, ""Analise"": ""Rubrica com inconsistência de IRRF"", ""Rubrica"": ""DESC. TAXA ADESAO PROMED MG"", ""Cod Rubrica"": 732, ""Cód Natureza"": ""9219 - Desconto de assistência médica ou odontológica - Plano coletivo empresarial"", ""Incid./Base Legal FGTS"": ""0 - Artigo 15, § 6º da Lei n° 8.036/90"", ""Incid./Base Legal INSS"": ""0 - Artigo 28, § 9º da Lei n° 8.212/91"", ""Incid./Base Legal IRRF"": ""67 - Artigos 3º e 7º da Lei nº 7.713/88""}",2026-03-25 15:01:09.753784,,,,,,,,,,,,,,,,,,,,,,,,,,,,,,,,,,,,,,,,,,,,
846,1,846,733,DESC. UNIFORME,9299 - Outros descontos,0,0,0,Rubrica com inconsistência de IRRF,"0 - Artigo 28, § 9º da Lei n° 8.212/91",9 - Artigos 3º e 7º da Lei nº 7.713/88,"0 - Artigo 15, § 6º da Lei n° 8.036/90","{""FGTS"": 0, ""INSS"": 0, ""IRRF"": 0, ""Analise"": ""Rubrica com inconsistência de IRRF"", ""Rubrica"": ""DESC. UNIFORME"", ""Cod Rubrica"": 733, ""Cód Natureza"": ""9299 - Outros descontos"", ""Incid./Base Legal FGTS"": ""0 - Artigo 15, § 6º da Lei n° 8.036/90"", ""Incid./Base Legal INSS"": ""0 - Artigo 28, § 9º da Lei n° 8.212/91"", ""Incid./Base Legal IRRF"": ""9 - Artigos 3º e 7º da Lei nº 7.713/88""}",2026-03-25 15:01:09.753784,,,,,,,,,,,,,,,,,,,,,,,,,,,,,,,,,,,,,,,,,,,,
847,1,847,734,DESC. USO CELULAR DANIFICADO,9299 - Outros descontos,0,0,0,Rubrica com inconsistência de IRRF,"0 - Artigo 28, § 9º da Lei n° 8.212/91",9 - Artigos 3º e 7º da Lei nº 7.713/88,"0 - Artigo 15, § 6º da Lei n° 8.036/90","{""FGTS"": 0, ""INSS"": 0, ""IRRF"": 0, ""Analise"": ""Rubrica com inconsistência de IRRF"", ""Rubrica"": ""DESC. USO CELULAR DANIFICADO"", ""Cod Rubrica"": 734, ""Cód Natureza"": ""9299 - Outros descontos"", ""Incid./Base Legal FGTS"": ""0 - Artigo 15, § 6º da Lei n° 8.036/90"", ""Incid./Base Legal INSS"": ""0 - Artigo 28, § 9º da Lei n° 8.212/91"", ""Incid./Base Legal IRRF"": ""9 - Artigos 3º e 7º da Lei nº 7.713/88""}",2026-03-25 15:01:09.753784,,,,,,,,,,,,,,,,,,,,,,,,,,,,,,,,,,,,,,,,,,,,
848,1,848,735,HORAS EXTRAS INSAL 50%,1003 - Horas extraordinárias,11,11,11,-,"11 - Artigo 28, inciso I, da Lei n° 8.212/91",11 - Artigos 3º e 7º da Lei nº 7.713/88,11 - Artigo 15 da Lei n° 8.036/90,"{""FGTS"": 11, ""INSS"": 11, ""IRRF"": 11, ""Analise"": ""-"", ""Rubrica"": ""HORAS EXTRAS INSAL 50%"", ""Cod Rubrica"": 735, ""Cód Natureza"": ""1003 - Horas extraordinárias"", ""Incid./Base Legal FGTS"": ""11 - Artigo 15 da Lei n° 8.036/90"", ""Incid./Base Legal INSS"": ""11 - Artigo 28, inciso I, da Lei n° 8.212/91"", ""Incid./Base Legal IRRF"": ""11 - Artigos 3º e 7º da Lei nº 7.713/88""}",2026-03-25 15:01:09.753784,,,,,,,,,,,,,,,,,,,,,,,,,,,,,,,,,,,,,,,,,,,,
849,1,849,736,DESC. VALE,9200 - Desconto de Adiantamentos,0,0,0,Rubrica com inconsistência de IRRF,"0 - Artigo 28, § 9º da Lei n° 8.212/91",9 - Artigos 3º e 7º da Lei nº 7.713/88,"0 - Artigo 15, § 6º da Lei n° 8.036/90","{""FGTS"": 0, ""INSS"": 0, ""IRRF"": 0, ""Analise"": ""Rubrica com inconsistência de IRRF"", ""Rubrica"": ""DESC. VALE"", ""Cod Rubrica"": 736, ""Cód Natureza"": ""9200 - Desconto de Adiantamentos"", ""Incid./Base Legal FGTS"": ""0 - Artigo 15, § 6º da Lei n° 8.036/90"", ""Incid./Base Legal INSS"": ""0 - Artigo 28, § 9º da Lei n° 8.212/91"", ""Incid./Base Legal IRRF"": ""9 - Artigos 3º e 7º da Lei nº 7.713/88""}",2026-03-25 15:01:09.753784,,,,,,,,,,,,,,,,,,,,,,,,,,,,,,,,,,,,,,,,,,,,
850,1,850,11 - Artigos 3º e 7º da Lei nº 7.713/88,,,,,,,,,,"{""Incid./Base Legal IRRF"": ""11 - Artigos 3º e 7º da Lei nº 7.713/88""}",2026-03-25 15:01:09.753784,,,,,,,,,,,,,,,,,,,,,,,,,,,,,,,,,,,,,,,,,,,,
851,1,851,737,DESC. VALE COMPRA,9299 - Outros descontos,0,0,0,Rubrica com inconsistência de IRRF,"0 - Artigo 28, § 9º da Lei n° 8.212/91",9 - Artigos 3º e 7º da Lei nº 7.713/88,"0 - Artigo 15, § 6º da Lei n° 8.036/90","{""FGTS"": 0, ""INSS"": 0, ""IRRF"": 0, ""Analise"": ""Rubrica com inconsistência de IRRF"", ""Rubrica"": ""DESC. VALE COMPRA"", ""Cod Rubrica"": 737, ""Cód Natureza"": ""9299 - Outros descontos"", ""Incid./Base Legal FGTS"": ""0 - Artigo 15, § 6º da Lei n° 8.036/90"", ""Incid./Base Legal INSS"": ""0 - Artigo 28, § 9º da Lei n° 8.212/91"", ""Incid./Base Legal IRRF"": ""9 - Artigos 3º e 7º da Lei nº 7.713/88""}",2026-03-25 15:01:09.753784,,,,,,,,,,,,,,,,,,,,,,,,,,,,,,,,,,,,,,,,,,,,
852,1,852,738,ADIC.INSALUB.ACORDO TRAB,1202 - Adicional de insalubridade,11,11,11,-,"11 - Artigo 28, inciso I, da Lei n° 8.212/91",11 - Artigos 3º e 7º da Lei nº 7.713/88,11 - Artigo 15 da Lei n° 8.036/90,"{""FGTS"": 11, ""INSS"": 11, ""IRRF"": 11, ""Analise"": ""-"", ""Rubrica"": ""ADIC.INSALUB.ACORDO TRAB"", ""Cod Rubrica"": 738, ""Cód Natureza"": ""1202 - Adicional de insalubridade"", ""Incid./Base Legal FGTS"": ""11 - Artigo 15 da Lei n° 8.036/90"", ""Incid./Base Legal INSS"": ""11 - Artigo 28, inciso I, da Lei n° 8.212/91"", ""Incid./Base Legal IRRF"": ""11 - Artigos 3º e 7º da Lei nº 7.713/88""}",2026-03-25 15:01:09.753784,,,,,,,,,,,,,,,,,,,,,,,,,,,,,,,,,,,,,,,,,,,,
853,1,853,739,CONTRIB. ASSIST- PROCESSO,9232 - Contribuição Sindical - Assistencial,0,0,0,Rubrica com inconsistência de IRRF,"0 - Artigo 28, § 9º da Lei n° 8.212/91",9 - Artigo 4º da Lei nº 9.250/95,0 - Artigo 15 da Lei n° 8.036/90,"{""FGTS"": 0, ""INSS"": 0, ""IRRF"": 0, ""Analise"": ""Rubrica com inconsistência de IRRF"", ""Rubrica"": ""CONTRIB. ASSIST- PROCESSO"", ""Cod Rubrica"": 739, ""Cód Natureza"": ""9232 - Contribuição Sindical - Assistencial"", ""Incid./Base Legal FGTS"": ""0 - Artigo 15 da Lei n° 8.036/90"", ""Incid./Base Legal INSS"": ""0 - Artigo 28, § 9º da Lei n° 8.212/91"", ""Incid./Base Legal IRRF"": ""9 - Artigo 4º da Lei nº 9.250/95""}",2026-03-25 15:01:09.753784,,,,,,,,,,,,,,,,,,,,,,,,,,,,,,,,,,,,,,,,,,,,
854,1,854,740,"H EXTRAS 50% NOT22,50",1003 - Horas extraordinárias,11,11,11,-,"11 - Artigo 28, inciso I, da Lei n° 8.212/91",11 - Artigos 3º e 7º da Lei nº 7.713/88,11 - Artigo 15 da Lei n° 8.036/90,"{""FGTS"": 11, ""INSS"": 11, ""IRRF"": 11, ""Analise"": ""-"", ""Rubrica"": ""H EXTRAS 50% NOT22,50"", ""Cod Rubrica"": 740, ""Cód Natureza"": ""1003 - Horas extraordinárias"", ""Incid./Base Legal FGTS"": ""11 - Artigo 15 da Lei n° 8.036/90"", ""Incid./Base Legal INSS"": ""11 - Artigo 28, inciso I, da Lei n° 8.212/91"", ""Incid./Base Legal IRRF"": ""11 - Artigos 3º e 7º da Lei nº 7.713/88""}",2026-03-25 15:01:09.753784,,,,,,,,,,,,,,,,,,,,,,,,,,,,,,,,,,,,,,,,,,,,
855,1,855,741,"ADIC. NOTURNO 22,50%",1205 - Adicional noturno,11,11,11,-,"11 - Artigo 28, inciso I, da Lei n° 8.212/91",11 - Artigos 3º e 7º da Lei nº 7.713/88,11 - Artigo 15 da Lei n° 8.036/90,"{""FGTS"": 11, ""INSS"": 11, ""IRRF"": 11, ""Analise"": ""-"", ""Rubrica"": ""ADIC. NOTURNO 22,50%"", ""Cod Rubrica"": 741, ""Cód Natureza"": ""1205 - Adicional noturno"", ""Incid./Base Legal FGTS"": ""11 - Artigo 15 da Lei n° 8.036/90"", ""Incid./Base Legal INSS"": ""11 - Artigo 28, inciso I, da Lei n° 8.212/91"", ""Incid./Base Legal IRRF"": ""11 - Artigos 3º e 7º da Lei nº 7.713/88""}",2026-03-25 15:01:09.753784,,,,,,,,,,,,,,,,,,,,,,,,,,,,,,,,,,,,,,,,,,,,
856,1,856,742,DIF. CCT 2022,"1000 - Salário, vencimento, soldo ou subsídio",11,15,11,Rubrica com inconsistência de IRRF,"11 - Artigo 28, inciso I, da Lei n° 8.212/91",11 - Artigos 3º e 7º da Lei nº 7.713/88,11 - Artigo 15 da Lei n° 8.036/90,"{""FGTS"": 11, ""INSS"": 11, ""IRRF"": 15, ""Analise"": ""Rubrica com inconsistência de IRRF"", ""Rubrica"": ""DIF. CCT 2022"", ""Cod Rubrica"": 742, ""Cód Natureza"": ""1000 - Salário, vencimento, soldo ou subsídio"", ""Incid./Base Legal FGTS"": ""11 - Artigo 15 da Lei n° 8.036/90"", ""Incid./Base Legal INSS"": ""11 - Artigo 28, inciso I, da Lei n° 8.212/91"", ""Incid./Base Legal IRRF"": ""11 - Artigos 3º e 7º da Lei nº 7.713/88""}",2026-03-25 15:01:09.753784,,,,,,,,,,,,,,,,,,,,,,,,,,,,,,,,,,,,,,,,,,,,
857,1,857,743,"H EXTRAS 100% NOT 22,50",1003 - Horas extraordinárias,11,11,11,-,"11 - Artigo 28, inciso I, da Lei n° 8.212/91",11 - Artigos 3º e 7º da Lei nº 7.713/88,11 - Artigo 15 da Lei n° 8.036/90,"{""FGTS"": 11, ""INSS"": 11, ""IRRF"": 11, ""Analise"": ""-"", ""Rubrica"": ""H EXTRAS 100% NOT 22,50"", ""Cod Rubrica"": 743, ""Cód Natureza"": ""1003 - Horas extraordinárias"", ""Incid./Base Legal FGTS"": ""11 - Artigo 15 da Lei n° 8.036/90"", ""Incid./Base Legal INSS"": ""11 - Artigo 28, inciso I, da Lei n° 8.212/91"", ""Incid./Base Legal IRRF"": ""11 - Artigos 3º e 7º da Lei nº 7.713/88""}",2026-03-25 15:01:09.753784,,,,,,,,,,,,,,,,,,,,,,,,,,,,,,,,,,,,,,,,,,,,
858,1,858,744,"H EXTRAS 50% NOT22,50 MES ANTERIOR",1003 - Horas extraordinárias,11,11,11,-,"11 - Artigo 28, inciso I, da Lei n° 8.212/91",11 - Artigos 3º e 7º da Lei nº 7.713/88,11 - Artigo 15 da Lei n° 8.036/90,"{""FGTS"": 11, ""INSS"": 11, ""IRRF"": 11, ""Analise"": ""-"", ""Rubrica"": ""H EXTRAS 50% NOT22,50 MES ANTERIOR"", ""Cod Rubrica"": 744, ""Cód Natureza"": ""1003 - Horas extraordinárias"", ""Incid./Base Legal FGTS"": ""11 - Artigo 15 da Lei n° 8.036/90"", ""Incid./Base Legal INSS"": ""11 - Artigo 28, inciso I, da Lei n° 8.212/91"", ""Incid./Base Legal IRRF"": ""11 - Artigos 3º e 7º da Lei nº 7.713/88""}",2026-03-25 15:01:09.753784,,,,,,,,,,,,,,,,,,,,,,,,,,,,,,,,,,,,,,,,,,,,
859,1,859,745,"H EXTRAS 100% NOT 22,50 - MES ANTERIOR",1003 - Horas extraordinárias,11,11,11,-,"11 - Artigo 28, inciso I, da Lei n° 8.212/91",11 - Artigos 3º e 7º da Lei nº 7.713/88,11 - Artigo 15 da Lei n° 8.036/90,"{""FGTS"": 11, ""INSS"": 11, ""IRRF"": 11, ""Analise"": ""-"", ""Rubrica"": ""H EXTRAS 100% NOT 22,50 - MES ANTERIOR"", ""Cod Rubrica"": 745, ""Cód Natureza"": ""1003 - Horas extraordinárias"", ""Incid./Base Legal FGTS"": ""11 - Artigo 15 da Lei n° 8.036/90"", ""Incid./Base Legal INSS"": ""11 - Artigo 28, inciso I, da Lei n° 8.212/91"", ""Incid./Base Legal IRRF"": ""11 - Artigos 3º e 7º da Lei nº 7.713/88""}",2026-03-25 15:01:09.753784,,,,,,,,,,,,,,,,,,,,,,,,,,,,,,,,,,,,,,,,,,,,
860,1,860,746,DIFERENCA CCT,1099 - Outras verbas salariais/remuneratórias,11,11,11,-,"11 - Artigo 28, inciso I, da Lei n° 8.212/91",11 - Artigos 3º e 7º da Lei nº 7.713/88,"11 - Artigo 15, § 6º da Lei n° 8.036/90","{""FGTS"": 11, ""INSS"": 11, ""IRRF"": 11, ""Analise"": ""-"", ""Rubrica"": ""DIFERENCA CCT"", ""Cod Rubrica"": 746, ""Cód Natureza"": ""1099 - Outras verbas salariais/remuneratórias"", ""Incid./Base Legal FGTS"": ""11 - Artigo 15, § 6º da Lei n° 8.036/90"", ""Incid./Base Legal INSS"": ""11 - Artigo 28, inciso I, da Lei n° 8.212/91"", ""Incid./Base Legal IRRF"": ""11 - Artigos 3º e 7º da Lei nº 7.713/88""}",2026-03-25 15:01:09.753784,,,,,,,,,,,,,,,,,,,,,,,,,,,,,,,,,,,,,,,,,,,,
861,1,861,747,DIF. ADIC. INSALUBRIDADE CCT,1202 - Adicional de insalubridade,11,11,11,-,"11 - Artigo 28, inciso I, da Lei n° 8.212/91",11 - Artigos 3º e 7º da Lei nº 7.713/88,11 - Artigo 15 da Lei n° 8.036/90,"{""FGTS"": 11, ""INSS"": 11, ""IRRF"": 11, ""Analise"": ""-"", ""Rubrica"": ""DIF. ADIC. INSALUBRIDADE CCT"", ""Cod Rubrica"": 747, ""Cód Natureza"": ""1202 - Adicional de insalubridade"", ""Incid./Base Legal FGTS"": ""11 - Artigo 15 da Lei n° 8.036/90"", ""Incid./Base Legal INSS"": ""11 - Artigo 28, inciso I, da Lei n° 8.212/91"", ""Incid./Base Legal IRRF"": ""11 - Artigos 3º e 7º da Lei nº 7.713/88""}",2026-03-25 15:01:09.753784,,,,,,,,,,,,,,,,,,,,,,,,,,,,,,,,,,,,,,,,,,,,
862,1,862,748,DESC. JUDICIAL - 2,9299 - Outros descontos,0,0,0,Rubrica com inconsistência de IRRF,"0 - Artigo 28, § 9º da Lei n° 8.212/91",9 - Artigos 3º e 7º da Lei nº 7.713/88,"0 - Artigo 15, § 6º da Lei n° 8.036/90","{""FGTS"": 0, ""INSS"": 0, ""IRRF"": 0, ""Analise"": ""Rubrica com inconsistência de IRRF"", ""Rubrica"": ""DESC. JUDICIAL - 2"", ""Cod Rubrica"": 748, ""Cód Natureza"": ""9299 - Outros descontos"", ""Incid./Base Legal FGTS"": ""0 - Artigo 15, § 6º da Lei n° 8.036/90"", ""Incid./Base Legal INSS"": ""0 - Artigo 28, § 9º da Lei n° 8.212/91"", ""Incid./Base Legal IRRF"": ""9 - Artigos 3º e 7º da Lei nº 7.713/88""}",2026-03-25 15:01:09.753784,,,,,,,,,,,,,,,,,,,,,,,,,,,,,,,,,,,,,,,,,,,,
863,1,863,749,"ADIC. NOTURNO 22,50% - MÊS ANTERIOR",1205 - Adicional noturno,11,11,11,-,"11 - Artigo 28, inciso I, da Lei n° 8.212/91",11 - Artigos 3º e 7º da Lei nº 7.713/88,11 - Artigo 15 da Lei n° 8.036/90,"{""FGTS"": 11, ""INSS"": 11, ""IRRF"": 11, ""Analise"": ""-"", ""Rubrica"": ""ADIC. NOTURNO 22,50% - MÊS ANTERIOR"", ""Cod Rubrica"": 749, ""Cód Natureza"": ""1205 - Adicional noturno"", ""Incid./Base Legal FGTS"": ""11 - Artigo 15 da Lei n° 8.036/90"", ""Incid./Base Legal INSS"": ""11 - Artigo 28, inciso I, da Lei n° 8.212/91"", ""Incid./Base Legal IRRF"": ""11 - Artigos 3º e 7º da Lei nº 7.713/88""}",2026-03-25 15:01:09.753784,,,,,,,,,,,,,,,,,,,,,,,,,,,,,,,,,,,,,,,,,,,,
864,1,864,750,ADIC. NOTURNO C/39% MES ANTERIOR,1205 - Adicional noturno,11,11,11,-,"11 - Artigo 28, inciso I, da Lei n° 8.212/91",11 - Artigos 3º e 7º da Lei nº 7.713/88,11 - Artigo 15 da Lei n° 8.036/90,"{""FGTS"": 11, ""INSS"": 11, ""IRRF"": 11, ""Analise"": ""-"", ""Rubrica"": ""ADIC. NOTURNO C/39% MES ANTERIOR"", ""Cod Rubrica"": 750, ""Cód Natureza"": ""1205 - Adicional noturno"", ""Incid./Base Legal FGTS"": ""11 - Artigo 15 da Lei n° 8.036/90"", ""Incid./Base Legal INSS"": ""11 - Artigo 28, inciso I, da Lei n° 8.212/91"", ""Incid./Base Legal IRRF"": ""11 - Artigos 3º e 7º da Lei nº 7.713/88""}",2026-03-25 15:01:09.753784,,,,,,,,,,,,,,,,,,,,,,,,,,,,,,,,,,,,,,,,,,,,
865,1,865,751,DESC. CESTA BASICA NAO UTILIZADA,"9243 - Cesta básica ou refeição, vinculada ao PAT - Desconto",0,9,0,-,"0 - Artigo 28, §9º da Lei n° 8.212/91",9 - Artigos 3º e 7º da Lei nº 7.713/88,0 - Artigo 15 da Lei n° 8.036/90,"{""FGTS"": 0, ""INSS"": 0, ""IRRF"": 9, ""Analise"": ""-"", ""Rubrica"": ""DESC. CESTA BASICA NAO UTILIZADA"", ""Cod Rubrica"": 751, ""Cód Natureza"": ""9243 - Cesta básica ou refeição, vinculada ao PAT - Desconto"", ""Incid./Base Legal FGTS"": ""0 - Artigo 15 da Lei n° 8.036/90"", ""Incid./Base Legal INSS"": ""0 - Artigo 28, §9º da Lei n° 8.212/91"", ""Incid./Base Legal IRRF"": ""9 - Artigos 3º e 7º da Lei nº 7.713/88""}",2026-03-25 15:01:09.753784,,,,,,,,,,,,,,,,,,,,,,,,,,,,,,,,,,,,,,,,,,,,
866,1,866,752,DIF. 1/3 DAS FERIAS,1020 - Férias - Gozadas,11,11,11,Rubrica com inconsistência de IRRF,"11 - Artigo 28, inciso I, da Lei n° 8.212/91",13 - Artigos 3º e 7º da Lei nº 7.713/88,11 - Artigo 15 da Lei n° 8.036/90,"{""FGTS"": 11, ""INSS"": 11, ""IRRF"": 11, ""Analise"": ""Rubrica com inconsistência de IRRF"", ""Rubrica"": ""DIF. 1/3 DAS FERIAS"", ""Cod Rubrica"": 752, ""Cód Natureza"": ""1020 - Férias - Gozadas"", ""Incid./Base Legal FGTS"": ""11 - Artigo 15 da Lei n° 8.036/90"", ""Incid./Base Legal INSS"": ""11 - Artigo 28, inciso I, da Lei n° 8.212/91"", ""Incid./Base Legal IRRF"": ""13 - Artigos 3º e 7º da Lei nº 7.713/88""}",2026-03-25 15:01:09.753784,,,,,,,,,,,,,,,,,,,,,,,,,,,,,,,,,,,,,,,,,,,,
867,1,867,"0 - Artigo 28, inciso I, da Lei n° 8.212/91",0 - Artigo 15 da Lei n° 8.036/90,,,,,,,,,"{""Incid./Base Legal FGTS"": ""0 - Artigo 15 da Lei n° 8.036/90"", ""Incid./Base Legal INSS"": ""0 - Artigo 28, inciso I, da Lei n° 8.212/91""}",2026-03-25 15:01:09.753784,,,,,,,,,,,,,,,,,,,,,,,,,,,,,,,,,,,,,,,,,,,,
868,1,868,753,REEMB VALE REFEICAO/ ALIMENTACAO - HORA EXTRA,"1806 - Alimentação em ticket ou cartão, vinculada ao PAT",0,9,0,-,"0 - Artigo 28, inciso I, da Lei n° 8.212/91","9 - artigo 35, inciso I, alínea p do Decreto n° 9.580/2018",0 - Artigo 15 da Lei n° 8.036/90,"{""FGTS"": 0, ""INSS"": 0, ""IRRF"": 9, ""Analise"": ""-"", ""Rubrica"": ""REEMB VALE REFEICAO/ ALIMENTACAO - HORA EXTRA"", ""Cod Rubrica"": 753, ""Cód Natureza"": ""1806 - Alimentação em ticket ou cartão, vinculada ao PAT"", ""Incid./Base Legal FGTS"": ""0 - Artigo 15 da Lei n° 8.036/90"", ""Incid./Base Legal INSS"": ""0 - Artigo 28, inciso I, da Lei n° 8.212/91"", ""Incid./Base Legal IRRF"": ""9 - artigo 35, inciso I, alínea p do Decreto n° 9.580/2018""}",2026-03-25 15:01:09.753784,,,,,,,,,,,,,,,,,,,,,,,,,,,,,,,,,,,,,,,,,,,,
869,1,869,754,DIF ABONO DE FERIAS ARTº 143 (Ferias),1023 - Férias - abono pecuniário,0,9,0,Rubrica com inconsistência de IRRF,"0 - Artigo 28, § 9º da Lei n° 8.212/91","75 - Artigo 1º da IN RFB n° 936/2009; itens 5, 6 e 7 da Parecer PGFN/PGA nº 2.683/2008","0 - Artigo 15, § 6º da Lei n° 8.036/90","{""FGTS"": 0, ""INSS"": 0, ""IRRF"": 9, ""Analise"": ""Rubrica com inconsistência de IRRF"", ""Rubrica"": ""DIF ABONO DE FERIAS ARTº 143 (Ferias)"", ""Cod Rubrica"": 754, ""Cód Natureza"": ""1023 - Férias - abono pecuniário"", ""Incid./Base Legal FGTS"": ""0 - Artigo 15, § 6º da Lei n° 8.036/90"", ""Incid./Base Legal INSS"": ""0 - Artigo 28, § 9º da Lei n° 8.212/91"", ""Incid./Base Legal IRRF"": ""75 - Artigo 1º da IN RFB n° 936/2009; itens 5, 6 e 7 da Parecer PGFN/PGA nº 2.683/2008""}",2026-03-25 15:01:09.753784,,,,,,,,,,,,,,,,,,,,,,,,,,,,,,,,,,,,,,,,,,,,
870,1,870,13 - Solução de consulta cosit 209/2021,,,,,,,,,,"{""Incid./Base Legal IRRF"": ""13 - Solução de consulta cosit 209/2021""}",2026-03-25 15:01:09.753784,,,,,,,,,,,,,,,,,,,,,,,,,,,,,,,,,,,,,,,,,,,,
871,1,871,755,REEMB. VALE TRANSPORTE - HORA EXTRA,1810 - Transporte (Servidores e Empregados Públicos),0,9,0,-,"0 - Artigo 28, § 9º da Lei n° 8.212/91",9 - Artigos 5º da IN 1500/2014,0 - Precedente Administrativo nº 3,"{""FGTS"": 0, ""INSS"": 0, ""IRRF"": 9, ""Analise"": ""-"", ""Rubrica"": ""REEMB. VALE TRANSPORTE - HORA EXTRA"", ""Cod Rubrica"": 755, ""Cód Natureza"": ""1810 - Transporte (Servidores e Empregados Públicos)"", ""Incid./Base Legal FGTS"": ""0 - Precedente Administrativo nº 3"", ""Incid./Base Legal INSS"": ""0 - Artigo 28, § 9º da Lei n° 8.212/91"", ""Incid./Base Legal IRRF"": ""9 - Artigos 5º da IN 1500/2014""}",2026-03-25 15:01:09.753784,,,,,,,,,,,,,,,,,,,,,,,,,,,,,,,,,,,,,,,,,,,,
872,1,872,"11 - Precedente Administrativo nº 3, Ato Declaratório 04/2002",,,,,,,,,,"{""Incid./Base Legal FGTS"": ""11 - Precedente Administrativo nº 3, Ato Declaratório 04/2002""}",2026-03-25 15:01:09.753784,,,,,,,,,,,,,,,,,,,,,,,,,,,,,,,,,,,,,,,,,,,,
873,1,873,756,DIF 1/3 S/ABONO FERIAS ARTº 143 (Ferias),1023 - Férias - abono pecuniário,0,9,0,Rubrica com inconsistência de IRRF,"0 - Artigo 28, § 9º da Lei n° 8.212/91","75 - Artigo 1º da IN RFB n° 936/2009; itens 5, 6 e 7 da Parecer PGFN/PGA nº 2.683/2008","0 - Artigo 15, § 6º da Lei n° 8.036/90","{""FGTS"": 0, ""INSS"": 0, ""IRRF"": 9, ""Analise"": ""Rubrica com inconsistência de IRRF"", ""Rubrica"": ""DIF 1/3 S/ABONO FERIAS ARTº 143 (Ferias)"", ""Cod Rubrica"": 756, ""Cód Natureza"": ""1023 - Férias - abono pecuniário"", ""Incid./Base Legal FGTS"": ""0 - Artigo 15, § 6º da Lei n° 8.036/90"", ""Incid./Base Legal INSS"": ""0 - Artigo 28, § 9º da Lei n° 8.212/91"", ""Incid./Base Legal IRRF"": ""75 - Artigo 1º da IN RFB n° 936/2009; itens 5, 6 e 7 da Parecer PGFN/PGA nº 2.683/2008""}",2026-03-25 15:01:09.753784,,,,,,,,,,,,,,,,,,,,,,,,,,,,,,,,,,,,,,,,,,,,
874,1,874,13 - Solução de consulta cosit 209/2021,,,,,,,,,,"{""Incid./Base Legal IRRF"": ""13 - Solução de consulta cosit 209/2021""}",2026-03-25 15:01:09.753784,,,,,,,,,,,,,,,,,,,,,,,,,,,,,,,,,,,,,,,,,,,,
875,1,875,757,DESC. CONTRIB. DE NATUREZA PREVIDENCIARIA,9232 - Contribuição Sindical - Assistencial,0,9,0,-,"0 - Artigo 28, § 9º da Lei n° 8.212/91",9 - Artigo 4º da Lei nº 9.250/95,0 - Artigo 15 da Lei n° 8.036/90,"{""FGTS"": 0, ""INSS"": 0, ""IRRF"": 9, ""Analise"": ""-"", ""Rubrica"": ""DESC. CONTRIB. DE NATUREZA PREVIDENCIARIA"", ""Cod Rubrica"": 757, ""Cód Natureza"": ""9232 - Contribuição Sindical - Assistencial"", ""Incid./Base Legal FGTS"": ""0 - Artigo 15 da Lei n° 8.036/90"", ""Incid./Base Legal INSS"": ""0 - Artigo 28, § 9º da Lei n° 8.212/91"", ""Incid./Base Legal IRRF"": ""9 - Artigo 4º da Lei nº 9.250/95""}",2026-03-25 15:01:09.753784,,,,,,,,,,,,,,,,,,,,,,,,,,,,,,,,,,,,,,,,,,,,
876,1,876,758,DESC. CONTRIB. DE NATUREZA PREVIDENCIARIA -MES ANT,9232 - Contribuição Sindical - Assistencial,0,9,0,-,"0 - Artigo 28, § 9º da Lei n° 8.212/91",9 - Artigo 4º da Lei nº 9.250/95,0 - Artigo 15 da Lei n° 8.036/90,"{""FGTS"": 0, ""INSS"": 0, ""IRRF"": 9, ""Analise"": ""-"", ""Rubrica"": ""DESC. CONTRIB. DE NATUREZA PREVIDENCIARIA -MES ANT"", ""Cod Rubrica"": 758, ""Cód Natureza"": ""9232 - Contribuição Sindical - Assistencial"", ""Incid./Base Legal FGTS"": ""0 - Artigo 15 da Lei n° 8.036/90"", ""Incid./Base Legal INSS"": ""0 - Artigo 28, § 9º da Lei n° 8.212/91"", ""Incid./Base Legal IRRF"": ""9 - Artigo 4º da Lei nº 9.250/95""}",2026-03-25 15:01:09.753784,,,,,,,,,,,,,,,,,,,,,,,,,,,,,,,,,,,,,,,,,,,,
877,1,877,759,DESC. AUX. DOENÇA INDEVIDO,"1000 - Salário, vencimento, soldo ou subsídio",11,11,11,-,"11 - Artigo 28, inciso I, da Lei n° 8.212/91",11 - Artigos 3º e 7º da Lei nº 7.713/88,11 - Artigo 15 da Lei n° 8.036/90,"{""FGTS"": 11, ""INSS"": 11, ""IRRF"": 11, ""Analise"": ""-"", ""Rubrica"": ""DESC. AUX. DOENÇA INDEVIDO"", ""Cod Rubrica"": 759, ""Cód Natureza"": ""1000 - Salário, vencimento, soldo ou subsídio"", ""Incid./Base Legal FGTS"": ""11 - Artigo 15 da Lei n° 8.036/90"", ""Incid./Base Legal INSS"": ""11 - Artigo 28, inciso I, da Lei n° 8.212/91"", ""Incid./Base Legal IRRF"": ""11 - Artigos 3º e 7º da Lei nº 7.713/88""}",2026-03-25 15:01:09.753784,,,,,,,,,,,,,,,,,,,,,,,,,,,,,,,,,,,,,,,,,,,,
878,1,878,760,DESC. SALDO DE QUITACAO,9299 - Outros descontos,0,0,0,Rubrica com inconsistência de IRRF,"0 - Artigo 28, § 9º da Lei n° 8.212/91",9 - Artigos 3º e 7º da Lei nº 7.713/88,"0 - Artigo 15, § 6º da Lei n° 8.036/90","{""FGTS"": 0, ""INSS"": 0, ""IRRF"": 0, ""Analise"": ""Rubrica com inconsistência de IRRF"", ""Rubrica"": ""DESC. SALDO DE QUITACAO"", ""Cod Rubrica"": 760, ""Cód Natureza"": ""9299 - Outros descontos"", ""Incid./Base Legal FGTS"": ""0 - Artigo 15, § 6º da Lei n° 8.036/90"", ""Incid./Base Legal INSS"": ""0 - Artigo 28, § 9º da Lei n° 8.212/91"", ""Incid./Base Legal IRRF"": ""9 - Artigos 3º e 7º da Lei nº 7.713/88""}",2026-03-25 15:01:09.753784,,,,,,,,,,,,,,,,,,,,,,,,,,,,,,,,,,,,,,,,,,,,
879,1,879,761,DESC. TAXA NEGOCIAL LABORAL,9233 - Contribuição sindical - Confederativa,0,79,0,Rubrica com inconsistência de IRRF,"0 - Artigo 28, § 9º da Lei n° 8.212/91",9 - Artigo 4º da Lei nº 9.250/95,0 - Artigo 15 da Lei n° 8.036/90,"{""FGTS"": 0, ""INSS"": 0, ""IRRF"": 79, ""Analise"": ""Rubrica com inconsistência de IRRF"", ""Rubrica"": ""DESC. TAXA NEGOCIAL LABORAL"", ""Cod Rubrica"": 761, ""Cód Natureza"": ""9233 - Contribuição sindical - Confederativa"", ""Incid./Base Legal FGTS"": ""0 - Artigo 15 da Lei n° 8.036/90"", ""Incid./Base Legal INSS"": ""0 - Artigo 28, § 9º da Lei n° 8.212/91"", ""Incid./Base Legal IRRF"": ""9 - Artigo 4º da Lei nº 9.250/95""}",2026-03-25 15:01:09.753784,,,,,,,,,,,,,,,,,,,,,,,,,,,,,,,,,,,,,,,,,,,,
880,1,880,762,DESC. MENSALIDADE SINDICAL - BA,9233 - Contribuição sindical - Confederativa,0,9,0,-,"0 - Artigo 28, § 9º da Lei n° 8.212/91",9 - Artigo 4º da Lei nº 9.250/95,0 - Artigo 15 da Lei n° 8.036/90,"{""FGTS"": 0, ""INSS"": 0, ""IRRF"": 9, ""Analise"": ""-"", ""Rubrica"": ""DESC. MENSALIDADE SINDICAL - BA"", ""Cod Rubrica"": 762, ""Cód Natureza"": ""9233 - Contribuição sindical - Confederativa"", ""Incid./Base Legal FGTS"": ""0 - Artigo 15 da Lei n° 8.036/90"", ""Incid./Base Legal INSS"": ""0 - Artigo 28, § 9º da Lei n° 8.212/91"", ""Incid./Base Legal IRRF"": ""9 - Artigo 4º da Lei nº 9.250/95""}",2026-03-25 15:01:09.753784,,,,,,,,,,,,,,,,,,,,,,,,,,,,,,,,,,,,,,,,,,,,
881,1,881,763,DESC. MENSALIDADE SINDICAL,9233 - Contribuição sindical - Confederativa,0,9,0,-,"0 - Artigo 28, § 9º da Lei n° 8.212/91",9 - Artigo 4º da Lei nº 9.250/95,0 - Artigo 15 da Lei n° 8.036/90,"{""FGTS"": 0, ""INSS"": 0, ""IRRF"": 9, ""Analise"": ""-"", ""Rubrica"": ""DESC. MENSALIDADE SINDICAL"", ""Cod Rubrica"": 763, ""Cód Natureza"": ""9233 - Contribuição sindical - Confederativa"", ""Incid./Base Legal FGTS"": ""0 - Artigo 15 da Lei n° 8.036/90"", ""Incid./Base Legal INSS"": ""0 - Artigo 28, § 9º da Lei n° 8.212/91"", ""Incid./Base Legal IRRF"": ""9 - Artigo 4º da Lei nº 9.250/95""}",2026-03-25 15:01:09.753784,,,,,,,,,,,,,,,,,,,,,,,,,,,,,,,,,,,,,,,,,,,,
882,1,882,764,REEMBOLSO DESC. INDEVIDO,"1000 - Salário, vencimento, soldo ou subsídio",11,11,11,-,"11 - Artigo 28, inciso I, da Lei n° 8.212/91",11 - Artigos 3º e 7º da Lei nº 7.713/88,11 - Artigo 15 da Lei n° 8.036/90,"{""FGTS"": 11, ""INSS"": 11, ""IRRF"": 11, ""Analise"": ""-"", ""Rubrica"": ""REEMBOLSO DESC. INDEVIDO"", ""Cod Rubrica"": 764, ""Cód Natureza"": ""1000 - Salário, vencimento, soldo ou subsídio"", ""Incid./Base Legal FGTS"": ""11 - Artigo 15 da Lei n° 8.036/90"", ""Incid./Base Legal INSS"": ""11 - Artigo 28, inciso I, da Lei n° 8.212/91"", ""Incid./Base Legal IRRF"": ""11 - Artigos 3º e 7º da Lei nº 7.713/88""}",2026-03-25 15:01:09.753784,,,,,,,,,,,,,,,,,,,,,,,,,,,,,,,,,,,,,,,,,,,,
883,1,883,765,DESC. ASSIST. ODONT. MES ANT,9299 - Outros descontos,0,9,0,-,"0 - Artigo 28, § 9º da Lei n° 8.212/91",9 - Artigos 3º e 7º da Lei nº 7.713/88,"0 - Artigo 15, § 6º da Lei n° 8.036/90","{""FGTS"": 0, ""INSS"": 0, ""IRRF"": 9, ""Analise"": ""-"", ""Rubrica"": ""DESC. ASSIST. ODONT. MES ANT"", ""Cod Rubrica"": 765, ""Cód Natureza"": ""9299 - Outros descontos"", ""Incid./Base Legal FGTS"": ""0 - Artigo 15, § 6º da Lei n° 8.036/90"", ""Incid./Base Legal INSS"": ""0 - Artigo 28, § 9º da Lei n° 8.212/91"", ""Incid./Base Legal IRRF"": ""9 - Artigos 3º e 7º da Lei nº 7.713/88""}",2026-03-25 15:01:09.753784,,,,,,,,,,,,,,,,,,,,,,,,,,,,,,,,,,,,,,,,,,,,
884,1,884,766,DESC. ASSIST. ODONT. DEP. MES ANT,9299 - Outros descontos,0,9,0,-,"0 - Artigo 28, § 9º da Lei n° 8.212/91",9 - Artigos 3º e 7º da Lei nº 7.713/88,"0 - Artigo 15, § 6º da Lei n° 8.036/90","{""FGTS"": 0, ""INSS"": 0, ""IRRF"": 9, ""Analise"": ""-"", ""Rubrica"": ""DESC. ASSIST. ODONT. DEP. MES ANT"", ""Cod Rubrica"": 766, ""Cód Natureza"": ""9299 - Outros descontos"", ""Incid./Base Legal FGTS"": ""0 - Artigo 15, § 6º da Lei n° 8.036/90"", ""Incid./Base Legal INSS"": ""0 - Artigo 28, § 9º da Lei n° 8.212/91"", ""Incid./Base Legal IRRF"": ""9 - Artigos 3º e 7º da Lei nº 7.713/88""}",2026-03-25 15:01:09.753784,,,,,,,,,,,,,,,,,,,,,,,,,,,,,,,,,,,,,,,,,,,,
885,1,885,767,DESC. PAGTO. SALARIO INDEV.,9209 - Faltas ou atrasos,11,11,11,-,"11 - Artigo 28, inciso I, da Lei n° 8.212/91",11 - Artigos 3º e 7º da Lei nº 7.713/88,11 - Artigo 15 da Lei n° 8.036/90,"{""FGTS"": 11, ""INSS"": 11, ""IRRF"": 11, ""Analise"": ""-"", ""Rubrica"": ""DESC. PAGTO. SALARIO INDEV."", ""Cod Rubrica"": 767, ""Cód Natureza"": ""9209 - Faltas ou atrasos"", ""Incid./Base Legal FGTS"": ""11 - Artigo 15 da Lei n° 8.036/90"", ""Incid./Base Legal INSS"": ""11 - Artigo 28, inciso I, da Lei n° 8.212/91"", ""Incid./Base Legal IRRF"": ""11 - Artigos 3º e 7º da Lei nº 7.713/88""}",2026-03-25 15:01:09.753784,,,,,,,,,,,,,,,,,,,,,,,,,,,,,,,,,,,,,,,,,,,,
886,1,886,768,ADIC. 13º SALARIO S/AVISO PREVIO (Lei 12.506),6001 - 13º salário relativo ao aviso-prévio indenizado,12,12,21,Rubrica com inconsistência de IRRF,"12 - Artigo 28, inciso I, da Lei n° 8.212/91","74 - 1.500/2014 (art. 7º, inciso III)",21 - Artigo 15 da Lei n° 8.036/90,"{""FGTS"": 21, ""INSS"": 12, ""IRRF"": 12, ""Analise"": ""Rubrica com inconsistência de IRRF"", ""Rubrica"": ""ADIC. 13º SALARIO S/AVISO PREVIO (Lei 12.506)"", ""Cod Rubrica"": 768, ""Cód Natureza"": ""6001 - 13º salário relativo ao aviso-prévio indenizado"", ""Incid./Base Legal FGTS"": ""21 - Artigo 15 da Lei n° 8.036/90"", ""Incid./Base Legal INSS"": ""12 - Artigo 28, inciso I, da Lei n° 8.212/91"", ""Incid./Base Legal IRRF"": ""74 - 1.500/2014 (art. 7º, inciso III)""}",2026-03-25 15:01:09.753784,,,,,,,,,,,,,,,,,,,,,,,,,,,,,,,,,,,,,,,,,,,,
887,1,887,769,DESC. VALE REFEICAO NAO UTILIZADO MES ANTERIOR,"9241 - Alimentação em ticket ou cartão, vinculada ao PAT - Desconto",0,9,0,-,"0 - Artigo 28, §9º da Lei n° 8.212/91",9 - Artigos 3º e 7º da Lei nº 7.713/88,0 - Artigo 15 da Lei n° 8.036/90,"{""FGTS"": 0, ""INSS"": 0, ""IRRF"": 9, ""Analise"": ""-"", ""Rubrica"": ""DESC. VALE REFEICAO NAO UTILIZADO MES ANTERIOR"", ""Cod Rubrica"": 769, ""Cód Natureza"": ""9241 - Alimentação em ticket ou cartão, vinculada ao PAT - Desconto"", ""Incid./Base Legal FGTS"": ""0 - Artigo 15 da Lei n° 8.036/90"", ""Incid./Base Legal INSS"": ""0 - Artigo 28, §9º da Lei n° 8.212/91"", ""Incid./Base Legal IRRF"": ""9 - Artigos 3º e 7º da Lei nº 7.713/88""}",2026-03-25 15:01:09.753784,,,,,,,,,,,,,,,,,,,,,,,,,,,,,,,,,,,,,,,,,,,,
888,1,888,770,DESC. ADIANT. VALE REFEIÇÃO,"9243 - Cesta básica ou refeição, vinculada ao PAT - Desconto",0,9,0,-,"0 - Artigo 28, §9º da Lei n° 8.212/91",9 - Artigos 3º e 7º da Lei nº 7.713/88,0 - Artigo 15 da Lei n° 8.036/90,"{""FGTS"": 0, ""INSS"": 0, ""IRRF"": 9, ""Analise"": ""-"", ""Rubrica"": ""DESC. ADIANT. VALE REFEIÇÃO"", ""Cod Rubrica"": 770, ""Cód Natureza"": ""9243 - Cesta básica ou refeição, vinculada ao PAT - Desconto"", ""Incid./Base Legal FGTS"": ""0 - Artigo 15 da Lei n° 8.036/90"", ""Incid./Base Legal INSS"": ""0 - Artigo 28, §9º da Lei n° 8.212/91"", ""Incid./Base Legal IRRF"": ""9 - Artigos 3º e 7º da Lei nº 7.713/88""}",2026-03-25 15:01:09.753784,,,,,,,,,,,,,,,,,,,,,,,,,,,,,,,,,,,,,,,,,,,,
889,1,889,771,DESC. VALE REFEICAO NAO UTILIZADO,"9243 - Cesta básica ou refeição, vinculada ao PAT - Desconto",0,9,0,-,"0 - Artigo 28, §9º da Lei n° 8.212/91",9 - Artigos 3º e 7º da Lei nº 7.713/88,0 - Artigo 15 da Lei n° 8.036/90,"{""FGTS"": 0, ""INSS"": 0, ""IRRF"": 9, ""Analise"": ""-"", ""Rubrica"": ""DESC. VALE REFEICAO NAO UTILIZADO"", ""Cod Rubrica"": 771, ""Cód Natureza"": ""9243 - Cesta básica ou refeição, vinculada ao PAT - Desconto"", ""Incid./Base Legal FGTS"": ""0 - Artigo 15 da Lei n° 8.036/90"", ""Incid./Base Legal INSS"": ""0 - Artigo 28, §9º da Lei n° 8.212/91"", ""Incid./Base Legal IRRF"": ""9 - Artigos 3º e 7º da Lei nº 7.713/88""}",2026-03-25 15:01:09.753784,,,,,,,,,,,,,,,,,,,,,,,,,,,,,,,,,,,,,,,,,,,,
890,1,890,772,DESC. CESTA BASICA,"1808 - Alimentação concedida sob a forma de cesta básica ou refeição, por empresa vinculada ao PAT",0,79,0,Rubrica com inconsistência de IRRF,"0 - Artigo 28, inciso I, da Lei n° 8.212/91","9 - artigo 35, inciso I, alínea p do Decreto n° 9.580/2018",0 - Artigo 15 da Lei n° 8.036/90,"{""FGTS"": 0, ""INSS"": 0, ""IRRF"": 79, ""Analise"": ""Rubrica com inconsistência de IRRF"", ""Rubrica"": ""DESC. CESTA BASICA"", ""Cod Rubrica"": 772, ""Cód Natureza"": ""1808 - Alimentação concedida sob a forma de cesta básica ou refeição, por empresa vinculada ao PAT"", ""Incid./Base Legal FGTS"": ""0 - Artigo 15 da Lei n° 8.036/90"", ""Incid./Base Legal INSS"": ""0 - Artigo 28, inciso I, da Lei n° 8.212/91"", ""Incid./Base Legal IRRF"": ""9 - artigo 35, inciso I, alínea p do Decreto n° 9.580/2018""}",2026-03-25 15:01:09.753784,,,,,,,,,,,,,,,,,,,,,,,,,,,,,,,,,,,,,,,,,,,,
891,1,891,773,DESC. VALE REFEICAO,"9243 - Cesta básica ou refeição, vinculada ao PAT - Desconto",0,9,0,-,"0 - Artigo 28, §9º da Lei n° 8.212/91",9 - Artigos 3º e 7º da Lei nº 7.713/88,0 - Artigo 15 da Lei n° 8.036/90,"{""FGTS"": 0, ""INSS"": 0, ""IRRF"": 9, ""Analise"": ""-"", ""Rubrica"": ""DESC. VALE REFEICAO"", ""Cod Rubrica"": 773, ""Cód Natureza"": ""9243 - Cesta básica ou refeição, vinculada ao PAT - Desconto"", ""Incid./Base Legal FGTS"": ""0 - Artigo 15 da Lei n° 8.036/90"", ""Incid./Base Legal INSS"": ""0 - Artigo 28, §9º da Lei n° 8.212/91"", ""Incid./Base Legal IRRF"": ""9 - Artigos 3º e 7º da Lei nº 7.713/88""}",2026-03-25 15:01:09.753784,,,,,,,,,,,,,,,,,,,,,,,,,,,,,,,,,,,,,,,,,,,,
892,1,892,774,DESC. ASSIST. MEDICA,9299 - Outros descontos,0,9,0,-,"0 - Artigo 28, § 9º da Lei n° 8.212/91",9 - Artigos 3º e 7º da Lei nº 7.713/88,"0 - Artigo 15, § 6º da Lei n° 8.036/90","{""FGTS"": 0, ""INSS"": 0, ""IRRF"": 9, ""Analise"": ""-"", ""Rubrica"": ""DESC. ASSIST. MEDICA"", ""Cod Rubrica"": 774, ""Cód Natureza"": ""9299 - Outros descontos"", ""Incid./Base Legal FGTS"": ""0 - Artigo 15, § 6º da Lei n° 8.036/90"", ""Incid./Base Legal INSS"": ""0 - Artigo 28, § 9º da Lei n° 8.212/91"", ""Incid./Base Legal IRRF"": ""9 - Artigos 3º e 7º da Lei nº 7.713/88""}",2026-03-25 15:01:09.753784,,,,,,,,,,,,,,,,,,,,,,,,,,,,,,,,,,,,,,,,,,,,
893,1,893,775,DESC. ASSIST. ODONTOLOGICA,9299 - Outros descontos,0,9,0,-,"0 - Artigo 28, § 9º da Lei n° 8.212/91",9 - Artigos 3º e 7º da Lei nº 7.713/88,"0 - Artigo 15, § 6º da Lei n° 8.036/90","{""FGTS"": 0, ""INSS"": 0, ""IRRF"": 9, ""Analise"": ""-"", ""Rubrica"": ""DESC. ASSIST. ODONTOLOGICA"", ""Cod Rubrica"": 775, ""Cód Natureza"": ""9299 - Outros descontos"", ""Incid./Base Legal FGTS"": ""0 - Artigo 15, § 6º da Lei n° 8.036/90"", ""Incid./Base Legal INSS"": ""0 - Artigo 28, § 9º da Lei n° 8.212/91"", ""Incid./Base Legal IRRF"": ""9 - Artigos 3º e 7º da Lei nº 7.713/88""}",2026-03-25 15:01:09.753784,,,,,,,,,,,,,,,,,,,,,,,,,,,,,,,,,,,,,,,,,,,,
894,1,894,776,DESC. VALE ALIMENTACAO,"9243 - Cesta básica ou refeição, vinculada ao PAT - Desconto",0,9,0,-,"0 - Artigo 28, §9º da Lei n° 8.212/91",9 - Artigos 3º e 7º da Lei nº 7.713/88,0 - Artigo 15 da Lei n° 8.036/90,"{""FGTS"": 0, ""INSS"": 0, ""IRRF"": 9, ""Analise"": ""-"", ""Rubrica"": ""DESC. VALE ALIMENTACAO"", ""Cod Rubrica"": 776, ""Cód Natureza"": ""9243 - Cesta básica ou refeição, vinculada ao PAT - Desconto"", ""Incid./Base Legal FGTS"": ""0 - Artigo 15 da Lei n° 8.036/90"", ""Incid./Base Legal INSS"": ""0 - Artigo 28, §9º da Lei n° 8.212/91"", ""Incid./Base Legal IRRF"": ""9 - Artigos 3º e 7º da Lei nº 7.713/88""}",2026-03-25 15:01:09.753784,,,,,,,,,,,,,,,,,,,,,,,,,,,,,,,,,,,,,,,,,,,,
895,1,895,777,DESC. OUTROS BENEFICIOS,9299 - Outros descontos,0,0,0,Rubrica com inconsistência de IRRF,"0 - Artigo 28, § 9º da Lei n° 8.212/91",9 - Artigos 3º e 7º da Lei nº 7.713/88,"0 - Artigo 15, § 6º da Lei n° 8.036/90","{""FGTS"": 0, ""INSS"": 0, ""IRRF"": 0, ""Analise"": ""Rubrica com inconsistência de IRRF"", ""Rubrica"": ""DESC. OUTROS BENEFICIOS"", ""Cod Rubrica"": 777, ""Cód Natureza"": ""9299 - Outros descontos"", ""Incid./Base Legal FGTS"": ""0 - Artigo 15, § 6º da Lei n° 8.036/90"", ""Incid./Base Legal INSS"": ""0 - Artigo 28, § 9º da Lei n° 8.212/91"", ""Incid./Base Legal IRRF"": ""9 - Artigos 3º e 7º da Lei nº 7.713/88""}",2026-03-25 15:01:09.753784,,,,,,,,,,,,,,,,,,,,,,,,,,,,,,,,,,,,,,,,,,,,
896,1,896,778,DESC. VALE ALIMENTACAO NAO UTILIZADO,"9243 - Cesta básica ou refeição, vinculada ao PAT - Desconto",0,9,0,-,"0 - Artigo 28, §9º da Lei n° 8.212/91",9 - Artigos 3º e 7º da Lei nº 7.713/88,0 - Artigo 15 da Lei n° 8.036/90,"{""FGTS"": 0, ""INSS"": 0, ""IRRF"": 9, ""Analise"": ""-"", ""Rubrica"": ""DESC. VALE ALIMENTACAO NAO UTILIZADO"", ""Cod Rubrica"": 778, ""Cód Natureza"": ""9243 - Cesta básica ou refeição, vinculada ao PAT - Desconto"", ""Incid./Base Legal FGTS"": ""0 - Artigo 15 da Lei n° 8.036/90"", ""Incid./Base Legal INSS"": ""0 - Artigo 28, §9º da Lei n° 8.212/91"", ""Incid./Base Legal IRRF"": ""9 - Artigos 3º e 7º da Lei nº 7.713/88""}",2026-03-25 15:01:09.753784,,,,,,,,,,,,,,,,,,,,,,,,,,,,,,,,,,,,,,,,,,,,
908,1,908,789,DESC. CARTAO SALARIO - DEMISSAO,9299 - Outros descontos,0,0,0,Rubrica com inconsistência de IRRF,"0 - Artigo 28, § 9º da Lei n° 8.212/91",9 - Artigos 3º e 7º da Lei nº 7.713/88,"0 - Artigo 15, § 6º da Lei n° 8.036/90","{""FGTS"": 0, ""INSS"": 0, ""IRRF"": 0, ""Analise"": ""Rubrica com inconsistência de IRRF"", ""Rubrica"": ""DESC. CARTAO SALARIO - DEMISSAO"", ""Cod Rubrica"": 789, ""Cód Natureza"": ""9299 - Outros descontos"", ""Incid./Base Legal FGTS"": ""0 - Artigo 15, § 6º da Lei n° 8.036/90"", ""Incid./Base Legal INSS"": ""0 - Artigo 28, § 9º da Lei n° 8.212/91"", ""Incid./Base Legal IRRF"": ""9 - Artigos 3º e 7º da Lei nº 7.713/88""}",2026-03-25 15:01:09.753784,,,,,,,,,,,,,,,,,,,,,,,,,,,,,,,,,,,,,,,,,,,,
897,1,897,779,DESC. ASSIST. MEDICA MES ANTERIOR,9219 - Desconto de assistência médica ou odontológica - Plano coletivo empresarial,0,0,0,Rubrica com inconsistência de IRRF,"0 - Artigo 28, § 9º da Lei n° 8.212/91",67 - Artigos 3º e 7º da Lei nº 7.713/88,"0 - Artigo 15, § 6º da Lei n° 8.036/90","{""FGTS"": 0, ""INSS"": 0, ""IRRF"": 0, ""Analise"": ""Rubrica com inconsistência de IRRF"", ""Rubrica"": ""DESC. ASSIST. MEDICA MES ANTERIOR"", ""Cod Rubrica"": 779, ""Cód Natureza"": ""9219 - Desconto de assistência médica ou odontológica - Plano coletivo empresarial"", ""Incid./Base Legal FGTS"": ""0 - Artigo 15, § 6º da Lei n° 8.036/90"", ""Incid./Base Legal INSS"": ""0 - Artigo 28, § 9º da Lei n° 8.212/91"", ""Incid./Base Legal IRRF"": ""67 - Artigos 3º e 7º da Lei nº 7.713/88""}",2026-03-25 15:01:09.753784,,,,,,,,,,,,,,,,,,,,,,,,,,,,,,,,,,,,,,,,,,,,
898,1,898,780,DESC. ASSIST. MEDICA REF. PENSÃO,9219 - Desconto de assistência médica ou odontológica - Plano coletivo empresarial,0,0,0,Rubrica com inconsistência de IRRF,"0 - Artigo 28, § 9º da Lei n° 8.212/91",67 - Artigos 3º e 7º da Lei nº 7.713/88,"0 - Artigo 15, § 6º da Lei n° 8.036/90","{""FGTS"": 0, ""INSS"": 0, ""IRRF"": 0, ""Analise"": ""Rubrica com inconsistência de IRRF"", ""Rubrica"": ""DESC. ASSIST. MEDICA REF. PENSÃO"", ""Cod Rubrica"": 780, ""Cód Natureza"": ""9219 - Desconto de assistência médica ou odontológica - Plano coletivo empresarial"", ""Incid./Base Legal FGTS"": ""0 - Artigo 15, § 6º da Lei n° 8.036/90"", ""Incid./Base Legal INSS"": ""0 - Artigo 28, § 9º da Lei n° 8.212/91"", ""Incid./Base Legal IRRF"": ""67 - Artigos 3º e 7º da Lei nº 7.713/88""}",2026-03-25 15:01:09.753784,,,,,,,,,,,,,,,,,,,,,,,,,,,,,,,,,,,,,,,,,,,,
899,1,899,781,ADIC. FÉRIAS S/AVISO PREVIO (Lei 12.506),6007 - Férias vencidas na rescisão,0,13,0,Rubrica com inconsistência de IRRF,"0 - Artigo 28, § 9º da Lei n° 8.212/91","74 - Artigo 6º, inciso V da Lei nº 7.713/88; artigo 682 do Decreto nº 9.580/2018; ADI SRF 14/2005","0 - Artigo 15, § 6º da Lei n° 8.036/90","{""FGTS"": 0, ""INSS"": 0, ""IRRF"": 13, ""Analise"": ""Rubrica com inconsistência de IRRF"", ""Rubrica"": ""ADIC. FÉRIAS S/AVISO PREVIO (Lei 12.506)"", ""Cod Rubrica"": 781, ""Cód Natureza"": ""6007 - Férias vencidas na rescisão"", ""Incid./Base Legal FGTS"": ""0 - Artigo 15, § 6º da Lei n° 8.036/90"", ""Incid./Base Legal INSS"": ""0 - Artigo 28, § 9º da Lei n° 8.212/91"", ""Incid./Base Legal IRRF"": ""74 - Artigo 6º, inciso V da Lei nº 7.713/88; artigo 682 do Decreto nº 9.580/2018; ADI SRF 14/2005""}",2026-03-25 15:01:09.753784,,,,,,,,,,,,,,,,,,,,,,,,,,,,,,,,,,,,,,,,,,,,
900,1,900,782,1/3 ADIC. FERIAS S/AVISO PREVIO (Lei 12506),6006 - Férias proporcionais,0,9,0,Rubrica com inconsistência de IRRF,"0 - Artigo 28, § 9º da Lei n° 8.212/91","74 - Artigo 6º, inciso V da Lei nº 7.713/88; artigo 682 do Decreto nº 9.580/2018; ADI SRF 14/2005","0 - Artigo 15, § 6º da Lei n° 8.036/90","{""FGTS"": 0, ""INSS"": 0, ""IRRF"": 9, ""Analise"": ""Rubrica com inconsistência de IRRF"", ""Rubrica"": ""1/3 ADIC. FERIAS S/AVISO PREVIO (Lei 12506)"", ""Cod Rubrica"": 782, ""Cód Natureza"": ""6006 - Férias proporcionais"", ""Incid./Base Legal FGTS"": ""0 - Artigo 15, § 6º da Lei n° 8.036/90"", ""Incid./Base Legal INSS"": ""0 - Artigo 28, § 9º da Lei n° 8.212/91"", ""Incid./Base Legal IRRF"": ""74 - Artigo 6º, inciso V da Lei nº 7.713/88; artigo 682 do Decreto nº 9.580/2018; ADI SRF 14/2005""}",2026-03-25 15:01:09.753784,,,,,,,,,,,,,,,,,,,,,,,,,,,,,,,,,,,,,,,,,,,,
901,1,901,783,HORAS EXTRAS 115% MÊS ANTERIOR,1003 - Horas extraordinárias,11,11,11,-,"11 - Artigo 28, inciso I, da Lei n° 8.212/91",11 - Artigos 3º e 7º da Lei nº 7.713/88,11 - Artigo 15 da Lei n° 8.036/90,"{""FGTS"": 11, ""INSS"": 11, ""IRRF"": 11, ""Analise"": ""-"", ""Rubrica"": ""HORAS EXTRAS 115% MÊS ANTERIOR"", ""Cod Rubrica"": 783, ""Cód Natureza"": ""1003 - Horas extraordinárias"", ""Incid./Base Legal FGTS"": ""11 - Artigo 15 da Lei n° 8.036/90"", ""Incid./Base Legal INSS"": ""11 - Artigo 28, inciso I, da Lei n° 8.212/91"", ""Incid./Base Legal IRRF"": ""11 - Artigos 3º e 7º da Lei nº 7.713/88""}",2026-03-25 15:01:09.753784,,,,,,,,,,,,,,,,,,,,,,,,,,,,,,,,,,,,,,,,,,,,
902,1,902,784,DESC. VT DIF SAL,9216 - Desconto de vale transporte,0,9,0,-,"0 - Artigo 28, § 9º da Lei n° 8.212/91",9 - Artigos 3º e 7º da Lei nº 7.713/88,"0 - Artigo 15, § 6º da Lei n° 8.036/90","{""FGTS"": 0, ""INSS"": 0, ""IRRF"": 9, ""Analise"": ""-"", ""Rubrica"": ""DESC. VT DIF SAL"", ""Cod Rubrica"": 784, ""Cód Natureza"": ""9216 - Desconto de vale transporte"", ""Incid./Base Legal FGTS"": ""0 - Artigo 15, § 6º da Lei n° 8.036/90"", ""Incid./Base Legal INSS"": ""0 - Artigo 28, § 9º da Lei n° 8.212/91"", ""Incid./Base Legal IRRF"": ""9 - Artigos 3º e 7º da Lei nº 7.713/88""}",2026-03-25 15:01:09.753784,,,,,,,,,,,,,,,,,,,,,,,,,,,,,,,,,,,,,,,,,,,,
903,1,903,785,ABONO PECUNIARIO,1099 - Outras verbas salariais/remuneratórias,0,11,0,Rubrica com inconsistência de INSS e FGTS,"11 - Artigo 28, inciso I, da Lei n° 8.212/91",11 - Artigos 3º e 7º da Lei nº 7.713/88,"11 - Artigo 15, § 6º da Lei n° 8.036/90","{""FGTS"": 0, ""INSS"": 0, ""IRRF"": 11, ""Analise"": ""Rubrica com inconsistência de INSS e FGTS"", ""Rubrica"": ""ABONO PECUNIARIO"", ""Cod Rubrica"": 785, ""Cód Natureza"": ""1099 - Outras verbas salariais/remuneratórias"", ""Incid./Base Legal FGTS"": ""11 - Artigo 15, § 6º da Lei n° 8.036/90"", ""Incid./Base Legal INSS"": ""11 - Artigo 28, inciso I, da Lei n° 8.212/91"", ""Incid./Base Legal IRRF"": ""11 - Artigos 3º e 7º da Lei nº 7.713/88""}",2026-03-25 15:01:09.753784,,,,,,,,,,,,,,,,,,,,,,,,,,,,,,,,,,,,,,,,,,,,
904,1,904,786,ADIANTAMENTO - (PGTO FÉRIAS),5501 - Adiantamento de salários,0,9,0,-,"0 - Artigo 28, § 9º da Lei n° 8.212/91",11 - Artigos 3º e 7º da Lei nº 7.713/88,"0 - Artigo 15, § 6º da Lei n° 8.036/90","{""FGTS"": 0, ""INSS"": 0, ""IRRF"": 9, ""Analise"": ""-"", ""Rubrica"": ""ADIANTAMENTO - (PGTO FÉRIAS)"", ""Cod Rubrica"": 786, ""Cód Natureza"": ""5501 - Adiantamento de salários"", ""Incid./Base Legal FGTS"": ""0 - Artigo 15, § 6º da Lei n° 8.036/90"", ""Incid./Base Legal INSS"": ""0 - Artigo 28, § 9º da Lei n° 8.212/91"", ""Incid./Base Legal IRRF"": ""11 - Artigos 3º e 7º da Lei nº 7.713/88""}",2026-03-25 15:01:09.753784,,,,,,,,,,,,,,,,,,,,,,,,,,,,,,,,,,,,,,,,,,,,
905,1,905,9 - Artigos 3º e 7º da Lei nº 7.713/88,,,,,,,,,,"{""Incid./Base Legal IRRF"": ""9 - Artigos 3º e 7º da Lei nº 7.713/88""}",2026-03-25 15:01:09.753784,,,,,,,,,,,,,,,,,,,,,,,,,,,,,,,,,,,,,,,,,,,,
906,1,906,787,DESC SALARIO FAMILIA INDEVIDO,1409 - Salário-família,51,9,0,Rubrica com inconsistência de IRRF,"51 - Artigo 28, inciso I, da Lei n° 8.212/91","79 - Artigos 5º, inciso VII da IN 1500/2014",0 - Artigo 15 da Lei n° 8.036/90,"{""FGTS"": 0, ""INSS"": 51, ""IRRF"": 9, ""Analise"": ""Rubrica com inconsistência de IRRF"", ""Rubrica"": ""DESC SALARIO FAMILIA INDEVIDO"", ""Cod Rubrica"": 787, ""Cód Natureza"": ""1409 - Salário-família"", ""Incid./Base Legal FGTS"": ""0 - Artigo 15 da Lei n° 8.036/90"", ""Incid./Base Legal INSS"": ""51 - Artigo 28, inciso I, da Lei n° 8.212/91"", ""Incid./Base Legal IRRF"": ""79 - Artigos 5º, inciso VII da IN 1500/2014""}",2026-03-25 15:01:09.753784,,,,,,,,,,,,,,,,,,,,,,,,,,,,,,,,,,,,,,,,,,,,
907,1,907,788,DESC. CARTAO SALARIO - ADMISSAO,9299 - Outros descontos,0,9,0,-,"0 - Artigo 28, § 9º da Lei n° 8.212/91",9 - Artigos 3º e 7º da Lei nº 7.713/88,"0 - Artigo 15, § 6º da Lei n° 8.036/90","{""FGTS"": 0, ""INSS"": 0, ""IRRF"": 9, ""Analise"": ""-"", ""Rubrica"": ""DESC. CARTAO SALARIO - ADMISSAO"", ""Cod Rubrica"": 788, ""Cód Natureza"": ""9299 - Outros descontos"", ""Incid./Base Legal FGTS"": ""0 - Artigo 15, § 6º da Lei n° 8.036/90"", ""Incid./Base Legal INSS"": ""0 - Artigo 28, § 9º da Lei n° 8.212/91"", ""Incid./Base Legal IRRF"": ""9 - Artigos 3º e 7º da Lei nº 7.713/88""}",2026-03-25 15:01:09.753784,,,,,,,,,,,,,,,,,,,,,,,,,,,,,,,,,,,,,,,,,,,,
909,1,909,790,DESC. SALARIO MATERNIDADE,9299 - Outros descontos,11,11,11,"Rubrica com inconsistência de INSS, IRRF e FGTS","0 - Artigo 28, § 9º da Lei n° 8.212/91",9 - Artigos 3º e 7º da Lei nº 7.713/88,"0 - Artigo 15, § 6º da Lei n° 8.036/90","{""FGTS"": 11, ""INSS"": 11, ""IRRF"": 11, ""Analise"": ""Rubrica com inconsistência de INSS, IRRF e FGTS"", ""Rubrica"": ""DESC. SALARIO MATERNIDADE"", ""Cod Rubrica"": 790, ""Cód Natureza"": ""9299 - Outros descontos"", ""Incid./Base Legal FGTS"": ""0 - Artigo 15, § 6º da Lei n° 8.036/90"", ""Incid./Base Legal INSS"": ""0 - Artigo 28, § 9º da Lei n° 8.212/91"", ""Incid./Base Legal IRRF"": ""9 - Artigos 3º e 7º da Lei nº 7.713/88""}",2026-03-25 15:01:09.753784,,,,,,,,,,,,,,,,,,,,,,,,,,,,,,,,,,,,,,,,,,,,
910,1,910,791,MULTA CCT,6129 - Outras verbas não remuneratórias (indenizatórias ou multas),0,79,0,-,"0 - Artigo 28, inciso I, da Lei n° 8.212/91","79 - Artigos 6 da Lei nº 7.713/88 e Artigo 2° da Lei n° 8.036/90, e artigo 65 do Decreto n° 9.580/2018",0 - Artigo 15 da Lei n° 8.036/90,"{""FGTS"": 0, ""INSS"": 0, ""IRRF"": 79, ""Analise"": ""-"", ""Rubrica"": ""MULTA CCT"", ""Cod Rubrica"": 791, ""Cód Natureza"": ""6129 - Outras verbas não remuneratórias (indenizatórias ou multas)"", ""Incid./Base Legal FGTS"": ""0 - Artigo 15 da Lei n° 8.036/90"", ""Incid./Base Legal INSS"": ""0 - Artigo 28, inciso I, da Lei n° 8.212/91"", ""Incid./Base Legal IRRF"": ""79 - Artigos 6 da Lei nº 7.713/88 e Artigo 2° da Lei n° 8.036/90, e artigo 65 do Decreto n° 9.580/2018""}",2026-03-25 15:01:09.753784,,,,,,,,,,,,,,,,,,,,,,,,,,,,,,,,,,,,,,,,,,,,
911,1,911,792,PREMIO ASSIDUIDADE (SEM INCIDENCIA),2501 - Prêmios,0,9,0,Rubrica com inconsistência de IRRF,"0 - ATO SOLUÇÃO DE CONSULTA Nº 5.003, de 09/04/2025",11 - Artigo 36 do Decreto nº 9.580/2018,0 - Artigo 15 da Lei n° 8.036/90,"{""FGTS"": 0, ""INSS"": 0, ""IRRF"": 9, ""Analise"": ""Rubrica com inconsistência de IRRF"", ""Rubrica"": ""PREMIO ASSIDUIDADE (SEM INCIDENCIA)"", ""Cod Rubrica"": 792, ""Cód Natureza"": ""2501 - Prêmios"", ""Incid./Base Legal FGTS"": ""0 - Artigo 15 da Lei n° 8.036/90"", ""Incid./Base Legal INSS"": ""0 - ATO SOLUÇÃO DE CONSULTA Nº 5.003, de 09/04/2025"", ""Incid./Base Legal IRRF"": ""11 - Artigo 36 do Decreto nº 9.580/2018""}",2026-03-25 15:01:09.753784,,,,,,,,,,,,,,,,,,,,,,,,,,,,,,,,,,,,,,,,,,,,
912,1,912,793,PREMIO ASSIDUIDADE (SEM INCIDENCIA) MÊS ANTERIOR,2501 - Prêmios,0,9,11,Rubrica com inconsistência de IRRF e FGTS,"0 - ATO SOLUÇÃO DE CONSULTA Nº 5.003, de 09/04/2025",11 - Artigo 36 do Decreto nº 9.580/2018,0 - Artigo 15 da Lei n° 8.036/90,"{""FGTS"": 11, ""INSS"": 0, ""IRRF"": 9, ""Analise"": ""Rubrica com inconsistência de IRRF e FGTS"", ""Rubrica"": ""PREMIO ASSIDUIDADE (SEM INCIDENCIA) MÊS ANTERIOR"", ""Cod Rubrica"": 793, ""Cód Natureza"": ""2501 - Prêmios"", ""Incid./Base Legal FGTS"": ""0 - Artigo 15 da Lei n° 8.036/90"", ""Incid./Base Legal INSS"": ""0 - ATO SOLUÇÃO DE CONSULTA Nº 5.003, de 09/04/2025"", ""Incid./Base Legal IRRF"": ""11 - Artigo 36 do Decreto nº 9.580/2018""}",2026-03-25 15:01:09.753784,,,,,,,,,,,,,,,,,,,,,,,,,,,,,,,,,,,,,,,,,,,,
913,1,913,794,REEMBOLSO SEGURO DE VIDA,1099 - Outras verbas salariais/remuneratórias,0,9,0,"Rubrica com inconsistência de INSS, IRRF e FGTS","11 - Artigo 28, inciso I, da Lei n° 8.212/91",11 - Artigos 3º e 7º da Lei nº 7.713/88,"11 - Artigo 15, § 6º da Lei n° 8.036/90","{""FGTS"": 0, ""INSS"": 0, ""IRRF"": 9, ""Analise"": ""Rubrica com inconsistência de INSS, IRRF e FGTS"", ""Rubrica"": ""REEMBOLSO SEGURO DE VIDA"", ""Cod Rubrica"": 794, ""Cód Natureza"": ""1099 - Outras verbas salariais/remuneratórias"", ""Incid./Base Legal FGTS"": ""11 - Artigo 15, § 6º da Lei n° 8.036/90"", ""Incid./Base Legal INSS"": ""11 - Artigo 28, inciso I, da Lei n° 8.212/91"", ""Incid./Base Legal IRRF"": ""11 - Artigos 3º e 7º da Lei nº 7.713/88""}",2026-03-25 15:01:09.753784,,,,,,,,,,,,,,,,,,,,,,,,,,,,,,,,,,,,,,,,,,,,
914,1,914,795,ADIC. NOTURNO C/35% - MES ANTERIOR,1205 - Adicional noturno,11,11,11,-,"11 - Artigo 28, inciso I, da Lei n° 8.212/91",11 - Artigos 3º e 7º da Lei nº 7.713/88,11 - Artigo 15 da Lei n° 8.036/90,"{""FGTS"": 11, ""INSS"": 11, ""IRRF"": 11, ""Analise"": ""-"", ""Rubrica"": ""ADIC. NOTURNO C/35% - MES ANTERIOR"", ""Cod Rubrica"": 795, ""Cód Natureza"": ""1205 - Adicional noturno"", ""Incid./Base Legal FGTS"": ""11 - Artigo 15 da Lei n° 8.036/90"", ""Incid./Base Legal INSS"": ""11 - Artigo 28, inciso I, da Lei n° 8.212/91"", ""Incid./Base Legal IRRF"": ""11 - Artigos 3º e 7º da Lei nº 7.713/88""}",2026-03-25 15:01:09.753784,,,,,,,,,,,,,,,,,,,,,,,,,,,,,,,,,,,,,,,,,,,,
915,1,915,796,PREMIO ASSIDUIDADE,1211 - Gratificações,0,9,0,"Rubrica com inconsistência de INSS, IRRF e FGTS","11 - Artigo 28, inciso I, da Lei n° 8.212/91",11 - Artigos 3º e 7º da Lei nº 7.713/88,11 - Artigo 15 da Lei n° 8.036/90,"{""FGTS"": 0, ""INSS"": 0, ""IRRF"": 9, ""Analise"": ""Rubrica com inconsistência de INSS, IRRF e FGTS"", ""Rubrica"": ""PREMIO ASSIDUIDADE"", ""Cod Rubrica"": 796, ""Cód Natureza"": ""1211 - Gratificações"", ""Incid./Base Legal FGTS"": ""11 - Artigo 15 da Lei n° 8.036/90"", ""Incid./Base Legal INSS"": ""11 - Artigo 28, inciso I, da Lei n° 8.212/91"", ""Incid./Base Legal IRRF"": ""11 - Artigos 3º e 7º da Lei nº 7.713/88""}",2026-03-25 15:01:09.753784,,,,,,,,,,,,,,,,,,,,,,,,,,,,,,,,,,,,,,,,,,,,
916,1,916,797,ADIANTAMENTO - (PGTO FÉRIAS - COM INCIDENCIA),1020 - Férias - Gozadas,11,13,11,-,"11 - Artigo 28, inciso I, da Lei n° 8.212/91",13 - Artigos 3º e 7º da Lei nº 7.713/88,11 - Artigo 15 da Lei n° 8.036/90,"{""FGTS"": 11, ""INSS"": 11, ""IRRF"": 13, ""Analise"": ""-"", ""Rubrica"": ""ADIANTAMENTO - (PGTO FÉRIAS - COM INCIDENCIA)"", ""Cod Rubrica"": 797, ""Cód Natureza"": ""1020 - Férias - Gozadas"", ""Incid./Base Legal FGTS"": ""11 - Artigo 15 da Lei n° 8.036/90"", ""Incid./Base Legal INSS"": ""11 - Artigo 28, inciso I, da Lei n° 8.212/91"", ""Incid./Base Legal IRRF"": ""13 - Artigos 3º e 7º da Lei nº 7.713/88""}",2026-03-25 15:01:09.753784,,,,,,,,,,,,,,,,,,,,,,,,,,,,,,,,,,,,,,,,,,,,
917,1,917,"0 - Artigo 28, inciso I, da Lei n° 8.212/91",0 - Artigo 15 da Lei n° 8.036/90,,,,,,,,,"{""Incid./Base Legal FGTS"": ""0 - Artigo 15 da Lei n° 8.036/90"", ""Incid./Base Legal INSS"": ""0 - Artigo 28, inciso I, da Lei n° 8.212/91""}",2026-03-25 15:01:09.753784,,,,,,,,,,,,,,,,,,,,,,,,,,,,,,,,,,,,,,,,,,,,
918,1,918,798,ADIC. PERIC. S/AVISO PREVIO INDENIZADO (Lei 12506),6003 - Indenização compensatória do aviso-prévio,0,74,21,-,"0 - Artigo 28, § 9º da Lei n° 8.212/91","74 - Artigo 6º, inciso V da Lei nº 7.713/88",21 - Artigo 15 da Lei n° 8.036/90 e Súmula 305 do TST,"{""FGTS"": 21, ""INSS"": 0, ""IRRF"": 74, ""Analise"": ""-"", ""Rubrica"": ""ADIC. PERIC. S/AVISO PREVIO INDENIZADO (Lei 12506)"", ""Cod Rubrica"": 798, ""Cód Natureza"": ""6003 - Indenização compensatória do aviso-prévio"", ""Incid./Base Legal FGTS"": ""21 - Artigo 15 da Lei n° 8.036/90 e Súmula 305 do TST"", ""Incid./Base Legal INSS"": ""0 - Artigo 28, § 9º da Lei n° 8.212/91"", ""Incid./Base Legal IRRF"": ""74 - Artigo 6º, inciso V da Lei nº 7.713/88""}",2026-03-25 15:01:09.753784,,,,,,,,,,,,,,,,,,,,,,,,,,,,,,,,,,,,,,,,,,,,
919,1,919,799,DESC. DSR HE - MES ANTERIOR,9299 - Outros descontos,11,11,11,"Rubrica com inconsistência de INSS, IRRF e FGTS","0 - Artigo 28, § 9º da Lei n° 8.212/91",9 - Artigos 3º e 7º da Lei nº 7.713/88,"0 - Artigo 15, § 6º da Lei n° 8.036/90","{""FGTS"": 11, ""INSS"": 11, ""IRRF"": 11, ""Analise"": ""Rubrica com inconsistência de INSS, IRRF e FGTS"", ""Rubrica"": ""DESC. DSR HE - MES ANTERIOR"", ""Cod Rubrica"": 799, ""Cód Natureza"": ""9299 - Outros descontos"", ""Incid./Base Legal FGTS"": ""0 - Artigo 15, § 6º da Lei n° 8.036/90"", ""Incid./Base Legal INSS"": ""0 - Artigo 28, § 9º da Lei n° 8.212/91"", ""Incid./Base Legal IRRF"": ""9 - Artigos 3º e 7º da Lei nº 7.713/88""}",2026-03-25 15:01:09.753784,,,,,,,,,,,,,,,,,,,,,,,,,,,,,,,,,,,,,,,,,,,,
920,1,920,800,ADIC. PERIC. S/AVISO PREVIO INDENIZADO,6003 - Indenização compensatória do aviso-prévio,0,74,11,Rubrica com inconsistência de FGTS,"0 - Artigo 28, § 9º da Lei n° 8.212/91","74 - Artigo 6º, inciso V da Lei nº 7.713/88",21 - Artigo 15 da Lei n° 8.036/90 e Súmula 305 do TST,"{""FGTS"": 11, ""INSS"": 0, ""IRRF"": 74, ""Analise"": ""Rubrica com inconsistência de FGTS"", ""Rubrica"": ""ADIC. PERIC. S/AVISO PREVIO INDENIZADO"", ""Cod Rubrica"": 800, ""Cód Natureza"": ""6003 - Indenização compensatória do aviso-prévio"", ""Incid./Base Legal FGTS"": ""21 - Artigo 15 da Lei n° 8.036/90 e Súmula 305 do TST"", ""Incid./Base Legal INSS"": ""0 - Artigo 28, § 9º da Lei n° 8.212/91"", ""Incid./Base Legal IRRF"": ""74 - Artigo 6º, inciso V da Lei nº 7.713/88""}",2026-03-25 15:01:09.753784,,,,,,,,,,,,,,,,,,,,,,,,,,,,,,,,,,,,,,,,,,,,
921,1,921,801,DIFERENCA CCT,1099 - Outras verbas salariais/remuneratórias,11,11,11,-,"11 - Artigo 28, inciso I, da Lei n° 8.212/91",11 - Artigos 3º e 7º da Lei nº 7.713/88,"11 - Artigo 15, § 6º da Lei n° 8.036/90","{""FGTS"": 11, ""INSS"": 11, ""IRRF"": 11, ""Analise"": ""-"", ""Rubrica"": ""DIFERENCA CCT"", ""Cod Rubrica"": 801, ""Cód Natureza"": ""1099 - Outras verbas salariais/remuneratórias"", ""Incid./Base Legal FGTS"": ""11 - Artigo 15, § 6º da Lei n° 8.036/90"", ""Incid./Base Legal INSS"": ""11 - Artigo 28, inciso I, da Lei n° 8.212/91"", ""Incid./Base Legal IRRF"": ""11 - Artigos 3º e 7º da Lei nº 7.713/88""}",2026-03-25 15:01:09.753784,,,,,,,,,,,,,,,,,,,,,,,,,,,,,,,,,,,,,,,,,,,,
922,1,922,802,ADIC. PERIC. S/FERIAS PROPORCIONAIS (Rescisao),6006 - Férias proporcionais,0,74,0,-,"0 - Artigo 28, § 9º da Lei n° 8.212/91","74 - Artigo 6º, inciso V da Lei nº 7.713/88; artigo 682 do Decreto nº 9.580/2018; ADI SRF 14/2005","0 - Artigo 15, § 6º da Lei n° 8.036/90","{""FGTS"": 0, ""INSS"": 0, ""IRRF"": 74, ""Analise"": ""-"", ""Rubrica"": ""ADIC. PERIC. S/FERIAS PROPORCIONAIS (Rescisao)"", ""Cod Rubrica"": 802, ""Cód Natureza"": ""6006 - Férias proporcionais"", ""Incid./Base Legal FGTS"": ""0 - Artigo 15, § 6º da Lei n° 8.036/90"", ""Incid./Base Legal INSS"": ""0 - Artigo 28, § 9º da Lei n° 8.212/91"", ""Incid./Base Legal IRRF"": ""74 - Artigo 6º, inciso V da Lei nº 7.713/88; artigo 682 do Decreto nº 9.580/2018; ADI SRF 14/2005""}",2026-03-25 15:01:09.753784,,,,,,,,,,,,,,,,,,,,,,,,,,,,,,,,,,,,,,,,,,,,
923,1,923,803,ADIC. PERIC. S/13º SALARIO PROP. S/AVISO PREVIO,6001 - 13º salário relativo ao aviso-prévio indenizado,12,12,21,Rubrica com inconsistência de IRRF,"12 - Artigo 28, inciso I, da Lei n° 8.212/91","74 - 1.500/2014 (art. 7º, inciso III)",21 - Artigo 15 da Lei n° 8.036/90,"{""FGTS"": 21, ""INSS"": 12, ""IRRF"": 12, ""Analise"": ""Rubrica com inconsistência de IRRF"", ""Rubrica"": ""ADIC. PERIC. S/13º SALARIO PROP. S/AVISO PREVIO"", ""Cod Rubrica"": 803, ""Cód Natureza"": ""6001 - 13º salário relativo ao aviso-prévio indenizado"", ""Incid./Base Legal FGTS"": ""21 - Artigo 15 da Lei n° 8.036/90"", ""Incid./Base Legal INSS"": ""12 - Artigo 28, inciso I, da Lei n° 8.212/91"", ""Incid./Base Legal IRRF"": ""74 - 1.500/2014 (art. 7º, inciso III)""}",2026-03-25 15:01:09.753784,,,,,,,,,,,,,,,,,,,,,,,,,,,,,,,,,,,,,,,,,,,,
924,1,924,804,SOBRE AVISO- MES ANTERIOR,1003 - Horas extraordinárias,11,11,11,-,"11 - Artigo 28, inciso I, da Lei n° 8.212/91",11 - Artigos 3º e 7º da Lei nº 7.713/88,11 - Artigo 15 da Lei n° 8.036/90,"{""FGTS"": 11, ""INSS"": 11, ""IRRF"": 11, ""Analise"": ""-"", ""Rubrica"": ""SOBRE AVISO- MES ANTERIOR"", ""Cod Rubrica"": 804, ""Cód Natureza"": ""1003 - Horas extraordinárias"", ""Incid./Base Legal FGTS"": ""11 - Artigo 15 da Lei n° 8.036/90"", ""Incid./Base Legal INSS"": ""11 - Artigo 28, inciso I, da Lei n° 8.212/91"", ""Incid./Base Legal IRRF"": ""11 - Artigos 3º e 7º da Lei nº 7.713/88""}",2026-03-25 15:01:09.753784,,,,,,,,,,,,,,,,,,,,,,,,,,,,,,,,,,,,,,,,,,,,
925,1,925,805,ADIC. PERIC. S/FERIAS S/AVISO PREVIO INDENIZADO,6006 - Férias proporcionais,0,74,0,-,"0 - Artigo 28, § 9º da Lei n° 8.212/91","74 - Artigo 6º, inciso V da Lei nº 7.713/88; artigo 682 do Decreto nº 9.580/2018; ADI SRF 14/2005","0 - Artigo 15, § 6º da Lei n° 8.036/90","{""FGTS"": 0, ""INSS"": 0, ""IRRF"": 74, ""Analise"": ""-"", ""Rubrica"": ""ADIC. PERIC. S/FERIAS S/AVISO PREVIO INDENIZADO"", ""Cod Rubrica"": 805, ""Cód Natureza"": ""6006 - Férias proporcionais"", ""Incid./Base Legal FGTS"": ""0 - Artigo 15, § 6º da Lei n° 8.036/90"", ""Incid./Base Legal INSS"": ""0 - Artigo 28, § 9º da Lei n° 8.212/91"", ""Incid./Base Legal IRRF"": ""74 - Artigo 6º, inciso V da Lei nº 7.713/88; artigo 682 do Decreto nº 9.580/2018; ADI SRF 14/2005""}",2026-03-25 15:01:09.753784,,,,,,,,,,,,,,,,,,,,,,,,,,,,,,,,,,,,,,,,,,,,
926,1,926,806,DESC. EMPRESTIMO NEON,9254 - Empréstimos consignados - desconto,0,9,0,-,"0 - Artigo 28, § 9º da Lei n° 8.212/91",9 - Artigo 7º da Lei nº 8.134/90,"0 - Artigo 15, § 6º da Lei n° 8.036/90","{""FGTS"": 0, ""INSS"": 0, ""IRRF"": 9, ""Analise"": ""-"", ""Rubrica"": ""DESC. EMPRESTIMO NEON"", ""Cod Rubrica"": 806, ""Cód Natureza"": ""9254 - Empréstimos consignados - desconto"", ""Incid./Base Legal FGTS"": ""0 - Artigo 15, § 6º da Lei n° 8.036/90"", ""Incid./Base Legal INSS"": ""0 - Artigo 28, § 9º da Lei n° 8.212/91"", ""Incid./Base Legal IRRF"": ""9 - Artigo 7º da Lei nº 8.134/90""}",2026-03-25 15:01:09.753784,,,,,,,,,,,,,,,,,,,,,,,,,,,,,,,,,,,,,,,,,,,,
927,1,927,807,DESC. FERIAS PAGAS,1020 - Férias - Gozadas,11,11,11,Rubrica com inconsistência de IRRF,"11 - Artigo 28, inciso I, da Lei n° 8.212/91",13 - Artigos 3º e 7º da Lei nº 7.713/88,11 - Artigo 15 da Lei n° 8.036/90,"{""FGTS"": 11, ""INSS"": 11, ""IRRF"": 11, ""Analise"": ""Rubrica com inconsistência de IRRF"", ""Rubrica"": ""DESC. FERIAS PAGAS"", ""Cod Rubrica"": 807, ""Cód Natureza"": ""1020 - Férias - Gozadas"", ""Incid./Base Legal FGTS"": ""11 - Artigo 15 da Lei n° 8.036/90"", ""Incid./Base Legal INSS"": ""11 - Artigo 28, inciso I, da Lei n° 8.212/91"", ""Incid./Base Legal IRRF"": ""13 - Artigos 3º e 7º da Lei nº 7.713/88""}",2026-03-25 15:01:09.753784,,,,,,,,,,,,,,,,,,,,,,,,,,,,,,,,,,,,,,,,,,,,
928,1,928,"0 - Artigo 28, inciso I, da Lei n° 8.212/91",0 - Artigo 15 da Lei n° 8.036/90,,,,,,,,,"{""Incid./Base Legal FGTS"": ""0 - Artigo 15 da Lei n° 8.036/90"", ""Incid./Base Legal INSS"": ""0 - Artigo 28, inciso I, da Lei n° 8.212/91""}",2026-03-25 15:01:09.753784,,,,,,,,,,,,,,,,,,,,,,,,,,,,,,,,,,,,,,,,,,,,
929,1,929,808,GRATIFICACAO ASSIDUIDADE,1211 - Gratificações,11,11,11,-,"11 - Artigo 28, inciso I, da Lei n° 8.212/91",11 - Artigos 3º e 7º da Lei nº 7.713/88,11 - Artigo 15 da Lei n° 8.036/90,"{""FGTS"": 11, ""INSS"": 11, ""IRRF"": 11, ""Analise"": ""-"", ""Rubrica"": ""GRATIFICACAO ASSIDUIDADE"", ""Cod Rubrica"": 808, ""Cód Natureza"": ""1211 - Gratificações"", ""Incid./Base Legal FGTS"": ""11 - Artigo 15 da Lei n° 8.036/90"", ""Incid./Base Legal INSS"": ""11 - Artigo 28, inciso I, da Lei n° 8.212/91"", ""Incid./Base Legal IRRF"": ""11 - Artigos 3º e 7º da Lei nº 7.713/88""}",2026-03-25 15:01:09.753784,,,,,,,,,,,,,,,,,,,,,,,,,,,,,,,,,,,,,,,,,,,,
930,1,930,809,DESC ADIC. PERICULOSIDADE,1203 - Adicional de periculosidade,11,11,11,-,"11 - Artigo 28, inciso I, da Lei n° 8.212/91",11 - Artigos 3º e 7º da Lei nº 7.713/88,11 - Artigo 15 da Lei n° 8.036/90,"{""FGTS"": 11, ""INSS"": 11, ""IRRF"": 11, ""Analise"": ""-"", ""Rubrica"": ""DESC ADIC. PERICULOSIDADE"", ""Cod Rubrica"": 809, ""Cód Natureza"": ""1203 - Adicional de periculosidade"", ""Incid./Base Legal FGTS"": ""11 - Artigo 15 da Lei n° 8.036/90"", ""Incid./Base Legal INSS"": ""11 - Artigo 28, inciso I, da Lei n° 8.212/91"", ""Incid./Base Legal IRRF"": ""11 - Artigos 3º e 7º da Lei nº 7.713/88""}",2026-03-25 15:01:09.753784,,,,,,,,,,,,,,,,,,,,,,,,,,,,,,,,,,,,,,,,,,,,
931,1,931,810,PREMIO ASSIDUIDADE,1211 - Gratificações,0,91,0,"Rubrica com inconsistência de INSS, IRRF e FGTS","11 - Artigo 28, inciso I, da Lei n° 8.212/91",11 - Artigos 3º e 7º da Lei nº 7.713/88,11 - Artigo 15 da Lei n° 8.036/90,"{""FGTS"": 0, ""INSS"": 0, ""IRRF"": 91, ""Analise"": ""Rubrica com inconsistência de INSS, IRRF e FGTS"", ""Rubrica"": ""PREMIO ASSIDUIDADE"", ""Cod Rubrica"": 810, ""Cód Natureza"": ""1211 - Gratificações"", ""Incid./Base Legal FGTS"": ""11 - Artigo 15 da Lei n° 8.036/90"", ""Incid./Base Legal INSS"": ""11 - Artigo 28, inciso I, da Lei n° 8.212/91"", ""Incid./Base Legal IRRF"": ""11 - Artigos 3º e 7º da Lei nº 7.713/88""}",2026-03-25 15:01:09.753784,,,,,,,,,,,,,,,,,,,,,,,,,,,,,,,,,,,,,,,,,,,,
932,1,932,811,ACUMULO DE FUNCAO,1211 - Gratificações,11,11,11,-,"11 - Artigo 28, inciso I, da Lei n° 8.212/91",11 - Artigos 3º e 7º da Lei nº 7.713/88,11 - Artigo 15 da Lei n° 8.036/90,"{""FGTS"": 11, ""INSS"": 11, ""IRRF"": 11, ""Analise"": ""-"", ""Rubrica"": ""ACUMULO DE FUNCAO"", ""Cod Rubrica"": 811, ""Cód Natureza"": ""1211 - Gratificações"", ""Incid./Base Legal FGTS"": ""11 - Artigo 15 da Lei n° 8.036/90"", ""Incid./Base Legal INSS"": ""11 - Artigo 28, inciso I, da Lei n° 8.212/91"", ""Incid./Base Legal IRRF"": ""11 - Artigos 3º e 7º da Lei nº 7.713/88""}",2026-03-25 15:01:09.753784,,,,,,,,,,,,,,,,,,,,,,,,,,,,,,,,,,,,,,,,,,,,
933,1,933,812,REEMBOLSO DE HORAS NORMAIS,"1000 - Salário, vencimento, soldo ou subsídio",11,11,11,-,"11 - Artigo 28, inciso I, da Lei n° 8.212/91",11 - Artigos 3º e 7º da Lei nº 7.713/88,11 - Artigo 15 da Lei n° 8.036/90,"{""FGTS"": 11, ""INSS"": 11, ""IRRF"": 11, ""Analise"": ""-"", ""Rubrica"": ""REEMBOLSO DE HORAS NORMAIS"", ""Cod Rubrica"": 812, ""Cód Natureza"": ""1000 - Salário, vencimento, soldo ou subsídio"", ""Incid./Base Legal FGTS"": ""11 - Artigo 15 da Lei n° 8.036/90"", ""Incid./Base Legal INSS"": ""11 - Artigo 28, inciso I, da Lei n° 8.212/91"", ""Incid./Base Legal IRRF"": ""11 - Artigos 3º e 7º da Lei nº 7.713/88""}",2026-03-25 15:01:09.753784,,,,,,,,,,,,,,,,,,,,,,,,,,,,,,,,,,,,,,,,,,,,
934,1,934,813,DIF. SALARIO MATERNIDADE,4050 - Salário maternidade,21,11,11,-,"21 - Artigo 28, inciso I, da Lei n° 8.212/91",11 - Artigos 3º e 7º da Lei nº 7.713/88,11 - Artigo 15 da Lei n° 8.036/90,"{""FGTS"": 11, ""INSS"": 21, ""IRRF"": 11, ""Analise"": ""-"", ""Rubrica"": ""DIF. SALARIO MATERNIDADE"", ""Cod Rubrica"": 813, ""Cód Natureza"": ""4050 - Salário maternidade"", ""Incid./Base Legal FGTS"": ""11 - Artigo 15 da Lei n° 8.036/90"", ""Incid./Base Legal INSS"": ""21 - Artigo 28, inciso I, da Lei n° 8.212/91"", ""Incid./Base Legal IRRF"": ""11 - Artigos 3º e 7º da Lei nº 7.713/88""}",2026-03-25 15:01:09.753784,,,,,,,,,,,,,,,,,,,,,,,,,,,,,,,,,,,,,,,,,,,,
935,1,935,15 - IN 2185/2024,,,,,,,,,,"{""Incid./Base Legal INSS"": ""15 - IN 2185/2024""}",2026-03-25 15:01:09.753784,,,,,,,,,,,,,,,,,,,,,,,,,,,,,,,,,,,,,,,,,,,,
936,1,936,814,ADIC. INSALUBRIDADE SOBRE SALARIO,1202 - Adicional de insalubridade,11,11,11,-,"11 - Artigo 28, inciso I, da Lei n° 8.212/91",11 - Artigos 3º e 7º da Lei nº 7.713/88,11 - Artigo 15 da Lei n° 8.036/90,"{""FGTS"": 11, ""INSS"": 11, ""IRRF"": 11, ""Analise"": ""-"", ""Rubrica"": ""ADIC. INSALUBRIDADE SOBRE SALARIO"", ""Cod Rubrica"": 814, ""Cód Natureza"": ""1202 - Adicional de insalubridade"", ""Incid./Base Legal FGTS"": ""11 - Artigo 15 da Lei n° 8.036/90"", ""Incid./Base Legal INSS"": ""11 - Artigo 28, inciso I, da Lei n° 8.212/91"", ""Incid./Base Legal IRRF"": ""11 - Artigos 3º e 7º da Lei nº 7.713/88""}",2026-03-25 15:01:09.753784,,,,,,,,,,,,,,,,,,,,,,,,,,,,,,,,,,,,,,,,,,,,
937,1,937,815,PREMIO ASSIDUIDADE,1211 - Gratificações,11,11,11,-,"11 - Artigo 28, inciso I, da Lei n° 8.212/91",11 - Artigos 3º e 7º da Lei nº 7.713/88,11 - Artigo 15 da Lei n° 8.036/90,"{""FGTS"": 11, ""INSS"": 11, ""IRRF"": 11, ""Analise"": ""-"", ""Rubrica"": ""PREMIO ASSIDUIDADE"", ""Cod Rubrica"": 815, ""Cód Natureza"": ""1211 - Gratificações"", ""Incid./Base Legal FGTS"": ""11 - Artigo 15 da Lei n° 8.036/90"", ""Incid./Base Legal INSS"": ""11 - Artigo 28, inciso I, da Lei n° 8.212/91"", ""Incid./Base Legal IRRF"": ""11 - Artigos 3º e 7º da Lei nº 7.713/88""}",2026-03-25 15:01:09.753784,,,,,,,,,,,,,,,,,,,,,,,,,,,,,,,,,,,,,,,,,,,,
938,1,938,816,DESC. 1/3 FERIAS PAGAS A MAIS CCT,9299 - Outros descontos,11,13,11,"Rubrica com inconsistência de INSS, IRRF e FGTS","0 - Artigo 28, § 9º da Lei n° 8.212/91",9 - Artigos 3º e 7º da Lei nº 7.713/88,"0 - Artigo 15, § 6º da Lei n° 8.036/90","{""FGTS"": 11, ""INSS"": 11, ""IRRF"": 13, ""Analise"": ""Rubrica com inconsistência de INSS, IRRF e FGTS"", ""Rubrica"": ""DESC. 1/3 FERIAS PAGAS A MAIS CCT"", ""Cod Rubrica"": 816, ""Cód Natureza"": ""9299 - Outros descontos"", ""Incid./Base Legal FGTS"": ""0 - Artigo 15, § 6º da Lei n° 8.036/90"", ""Incid./Base Legal INSS"": ""0 - Artigo 28, § 9º da Lei n° 8.212/91"", ""Incid./Base Legal IRRF"": ""9 - Artigos 3º e 7º da Lei nº 7.713/88""}",2026-03-25 15:01:09.753784,,,,,,,,,,,,,,,,,,,,,,,,,,,,,,,,,,,,,,,,,,,,
939,1,939,817,DEMONSTRATIVO PENSAO ALIMENTICIA SALARIO,9213 - Pensão alimentícia,0,51,0,-,"0 - Artigo 28, § 9º da Lei n° 8.212/91","51 - Artigo 4º, inciso IV, da Lei nº 9.250/95","0 - Artigo 15, § 6º da Lei n° 8.036/90","{""FGTS"": 0, ""INSS"": 0, ""IRRF"": 51, ""Analise"": ""-"", ""Rubrica"": ""DEMONSTRATIVO PENSAO ALIMENTICIA SALARIO"", ""Cod Rubrica"": 817, ""Cód Natureza"": ""9213 - Pensão alimentícia"", ""Incid./Base Legal FGTS"": ""0 - Artigo 15, § 6º da Lei n° 8.036/90"", ""Incid./Base Legal INSS"": ""0 - Artigo 28, § 9º da Lei n° 8.212/91"", ""Incid./Base Legal IRRF"": ""51 - Artigo 4º, inciso IV, da Lei nº 9.250/95""}",2026-03-25 15:01:09.753784,,,,,,,,,,,,,,,,,,,,,,,,,,,,,,,,,,,,,,,,,,,,
940,1,940,"52 - Artigo 4º, inciso IV, da Lei nº 9.250/95",,,,,,,,,,"{""Incid./Base Legal IRRF"": ""52 - Artigo 4º, inciso IV, da Lei nº 9.250/95""}",2026-03-25 15:01:09.753784,,,,,,,,,,,,,,,,,,,,,,,,,,,,,,,,,,,,,,,,,,,,
941,1,941,"53 - Artigo 4º, inciso IV, da Lei nº 9.250/95",,,,,,,,,,"{""Incid./Base Legal IRRF"": ""53 - Artigo 4º, inciso IV, da Lei nº 9.250/95""}",2026-03-25 15:01:09.753784,,,,,,,,,,,,,,,,,,,,,,,,,,,,,,,,,,,,,,,,,,,,
942,1,942,"54 - Artigo 3º, § 10 da Lei nº 10.101/2000",,,,,,,,,,"{""Incid./Base Legal IRRF"": ""54 - Artigo 3º, § 10 da Lei nº 10.101/2000""}",2026-03-25 15:01:09.753784,,,,,,,,,,,,,,,,,,,,,,,,,,,,,,,,,,,,,,,,,,,,
943,1,943,818,DESC. FERIAS PAGAS A MAIS CCT,9299 - Outros descontos,11,13,11,"Rubrica com inconsistência de INSS, IRRF e FGTS","0 - Artigo 28, § 9º da Lei n° 8.212/91",9 - Artigos 3º e 7º da Lei nº 7.713/88,"0 - Artigo 15, § 6º da Lei n° 8.036/90","{""FGTS"": 11, ""INSS"": 11, ""IRRF"": 13, ""Analise"": ""Rubrica com inconsistência de INSS, IRRF e FGTS"", ""Rubrica"": ""DESC. FERIAS PAGAS A MAIS CCT"", ""Cod Rubrica"": 818, ""Cód Natureza"": ""9299 - Outros descontos"", ""Incid./Base Legal FGTS"": ""0 - Artigo 15, § 6º da Lei n° 8.036/90"", ""Incid./Base Legal INSS"": ""0 - Artigo 28, § 9º da Lei n° 8.212/91"", ""Incid./Base Legal IRRF"": ""9 - Artigos 3º e 7º da Lei nº 7.713/88""}",2026-03-25 15:01:09.753784,,,,,,,,,,,,,,,,,,,,,,,,,,,,,,,,,,,,,,,,,,,,
944,1,944,819,DESC. CB DIF CCT,"1808 - Alimentação concedida sob a forma de cesta básica ou refeição, por empresa vinculada ao PAT",0,9,0,-,"0 - Artigo 28, inciso I, da Lei n° 8.212/91","9 - artigo 35, inciso I, alínea p do Decreto n° 9.580/2018",0 - Artigo 15 da Lei n° 8.036/90,"{""FGTS"": 0, ""INSS"": 0, ""IRRF"": 9, ""Analise"": ""-"", ""Rubrica"": ""DESC. CB DIF CCT"", ""Cod Rubrica"": 819, ""Cód Natureza"": ""1808 - Alimentação concedida sob a forma de cesta básica ou refeição, por empresa vinculada ao PAT"", ""Incid./Base Legal FGTS"": ""0 - Artigo 15 da Lei n° 8.036/90"", ""Incid./Base Legal INSS"": ""0 - Artigo 28, inciso I, da Lei n° 8.212/91"", ""Incid./Base Legal IRRF"": ""9 - artigo 35, inciso I, alínea p do Decreto n° 9.580/2018""}",2026-03-25 15:01:09.753784,,,,,,,,,,,,,,,,,,,,,,,,,,,,,,,,,,,,,,,,,,,,
945,1,945,820,SALARIO DIA (INTERMITENTE),"1000 - Salário, vencimento, soldo ou subsídio",11,11,11,-,"11 - Artigo 28, inciso I, da Lei n° 8.212/91",11 - Artigos 3º e 7º da Lei nº 7.713/88,11 - Artigo 15 da Lei n° 8.036/90,"{""FGTS"": 11, ""INSS"": 11, ""IRRF"": 11, ""Analise"": ""-"", ""Rubrica"": ""SALARIO DIA (INTERMITENTE)"", ""Cod Rubrica"": 820, ""Cód Natureza"": ""1000 - Salário, vencimento, soldo ou subsídio"", ""Incid./Base Legal FGTS"": ""11 - Artigo 15 da Lei n° 8.036/90"", ""Incid./Base Legal INSS"": ""11 - Artigo 28, inciso I, da Lei n° 8.212/91"", ""Incid./Base Legal IRRF"": ""11 - Artigos 3º e 7º da Lei nº 7.713/88""}",2026-03-25 15:01:09.753784,,,,,,,,,,,,,,,,,,,,,,,,,,,,,,,,,,,,,,,,,,,,
946,1,946,821,HORAS NORMAIS (INTERMITENTE),"1000 - Salário, vencimento, soldo ou subsídio",11,11,11,-,"11 - Artigo 28, inciso I, da Lei n° 8.212/91",11 - Artigos 3º e 7º da Lei nº 7.713/88,11 - Artigo 15 da Lei n° 8.036/90,"{""FGTS"": 11, ""INSS"": 11, ""IRRF"": 11, ""Analise"": ""-"", ""Rubrica"": ""HORAS NORMAIS (INTERMITENTE)"", ""Cod Rubrica"": 821, ""Cód Natureza"": ""1000 - Salário, vencimento, soldo ou subsídio"", ""Incid./Base Legal FGTS"": ""11 - Artigo 15 da Lei n° 8.036/90"", ""Incid./Base Legal INSS"": ""11 - Artigo 28, inciso I, da Lei n° 8.212/91"", ""Incid./Base Legal IRRF"": ""11 - Artigos 3º e 7º da Lei nº 7.713/88""}",2026-03-25 15:01:09.753784,,,,,,,,,,,,,,,,,,,,,,,,,,,,,,,,,,,,,,,,,,,,
947,1,947,822,D.S.R. S/FERIADO - HS (INTERMITENTE),1002 - Descanso semanal remunerado - DSR,11,11,11,-,"11 - Artigo 28, inciso I, da Lei n° 8.212/91",11 - Artigos 3º e 7º da Lei nº 7.713/88,11 - Artigo 15 da Lei n° 8.036/90,"{""FGTS"": 11, ""INSS"": 11, ""IRRF"": 11, ""Analise"": ""-"", ""Rubrica"": ""D.S.R. S/FERIADO - HS (INTERMITENTE)"", ""Cod Rubrica"": 822, ""Cód Natureza"": ""1002 - Descanso semanal remunerado - DSR"", ""Incid./Base Legal FGTS"": ""11 - Artigo 15 da Lei n° 8.036/90"", ""Incid./Base Legal INSS"": ""11 - Artigo 28, inciso I, da Lei n° 8.212/91"", ""Incid./Base Legal IRRF"": ""11 - Artigos 3º e 7º da Lei nº 7.713/88""}",2026-03-25 15:01:09.753784,,,,,,,,,,,,,,,,,,,,,,,,,,,,,,,,,,,,,,,,,,,,
948,1,948,823,FERIAS (INTERMITENTE),6006 - Férias proporcionais,0,9,11,Rubrica com inconsistência de IRRF e FGTS,"0 - Artigo 28, § 9º da Lei n° 8.212/91","74 - Artigo 6º, inciso V da Lei nº 7.713/88; artigo 682 do Decreto nº 9.580/2018; ADI SRF 14/2005","0 - Artigo 15, § 6º da Lei n° 8.036/90","{""FGTS"": 11, ""INSS"": 0, ""IRRF"": 9, ""Analise"": ""Rubrica com inconsistência de IRRF e FGTS"", ""Rubrica"": ""FERIAS (INTERMITENTE)"", ""Cod Rubrica"": 823, ""Cód Natureza"": ""6006 - Férias proporcionais"", ""Incid./Base Legal FGTS"": ""0 - Artigo 15, § 6º da Lei n° 8.036/90"", ""Incid./Base Legal INSS"": ""0 - Artigo 28, § 9º da Lei n° 8.212/91"", ""Incid./Base Legal IRRF"": ""74 - Artigo 6º, inciso V da Lei nº 7.713/88; artigo 682 do Decreto nº 9.580/2018; ADI SRF 14/2005""}",2026-03-25 15:01:09.753784,,,,,,,,,,,,,,,,,,,,,,,,,,,,,,,,,,,,,,,,,,,,
949,1,949,824,1/3 FERIAS (INTERMITENTE),6006 - Férias proporcionais,0,9,11,Rubrica com inconsistência de IRRF e FGTS,"0 - Artigo 28, § 9º da Lei n° 8.212/91","74 - Artigo 6º, inciso V da Lei nº 7.713/88; artigo 682 do Decreto nº 9.580/2018; ADI SRF 14/2005","0 - Artigo 15, § 6º da Lei n° 8.036/90","{""FGTS"": 11, ""INSS"": 0, ""IRRF"": 9, ""Analise"": ""Rubrica com inconsistência de IRRF e FGTS"", ""Rubrica"": ""1/3 FERIAS (INTERMITENTE)"", ""Cod Rubrica"": 824, ""Cód Natureza"": ""6006 - Férias proporcionais"", ""Incid./Base Legal FGTS"": ""0 - Artigo 15, § 6º da Lei n° 8.036/90"", ""Incid./Base Legal INSS"": ""0 - Artigo 28, § 9º da Lei n° 8.212/91"", ""Incid./Base Legal IRRF"": ""74 - Artigo 6º, inciso V da Lei nº 7.713/88; artigo 682 do Decreto nº 9.580/2018; ADI SRF 14/2005""}",2026-03-25 15:01:09.753784,,,,,,,,,,,,,,,,,,,,,,,,,,,,,,,,,,,,,,,,,,,,
950,1,950,825,13º SALÁRIO (INTERMITENTE),5001 - 13º salário,12,12,11,Rubrica com inconsistência de FGTS,"12 - Artigo 28, inciso I, da Lei n° 8.212/91",12 - Artigos 3º e 7º da Lei nº 7.713/88,12 - Artigo 15 da Lei n° 8.036/90,"{""FGTS"": 11, ""INSS"": 12, ""IRRF"": 12, ""Analise"": ""Rubrica com inconsistência de FGTS"", ""Rubrica"": ""13º SALÁRIO (INTERMITENTE)"", ""Cod Rubrica"": 825, ""Cód Natureza"": ""5001 - 13º salário"", ""Incid./Base Legal FGTS"": ""12 - Artigo 15 da Lei n° 8.036/90"", ""Incid./Base Legal INSS"": ""12 - Artigo 28, inciso I, da Lei n° 8.212/91"", ""Incid./Base Legal IRRF"": ""12 - Artigos 3º e 7º da Lei nº 7.713/88""}",2026-03-25 15:01:09.753784,,,,,,,,,,,,,,,,,,,,,,,,,,,,,,,,,,,,,,,,,,,,
951,1,951,826,INDENIZACAO ARTº 480,6904 - Multa prevista no art. 480 da CLT,0,9,0,-,"0 - Artigo 28, § 9º da Lei n° 8.212/91","9 - Artigo 6º, inciso V da Lei nº 7.713/88","0 - Artigo 15, § 6º da Lei n° 8.036/90","{""FGTS"": 0, ""INSS"": 0, ""IRRF"": 9, ""Analise"": ""-"", ""Rubrica"": ""INDENIZACAO ARTº 480"", ""Cod Rubrica"": 826, ""Cód Natureza"": ""6904 - Multa prevista no art. 480 da CLT"", ""Incid./Base Legal FGTS"": ""0 - Artigo 15, § 6º da Lei n° 8.036/90"", ""Incid./Base Legal INSS"": ""0 - Artigo 28, § 9º da Lei n° 8.212/91"", ""Incid./Base Legal IRRF"": ""9 - Artigo 6º, inciso V da Lei nº 7.713/88""}",2026-03-25 15:01:09.753784,,,,,,,,,,,,,,,,,,,,,,,,,,,,,,,,,,,,,,,,,,,,
952,1,952,827,DESCONTO JUDICIAL,9299 - Outros descontos,0,9,0,-,"0 - Artigo 28, § 9º da Lei n° 8.212/91",9 - Artigos 3º e 7º da Lei nº 7.713/88,"0 - Artigo 15, § 6º da Lei n° 8.036/90","{""FGTS"": 0, ""INSS"": 0, ""IRRF"": 9, ""Analise"": ""-"", ""Rubrica"": ""DESCONTO JUDICIAL"", ""Cod Rubrica"": 827, ""Cód Natureza"": ""9299 - Outros descontos"", ""Incid./Base Legal FGTS"": ""0 - Artigo 15, § 6º da Lei n° 8.036/90"", ""Incid./Base Legal INSS"": ""0 - Artigo 28, § 9º da Lei n° 8.212/91"", ""Incid./Base Legal IRRF"": ""9 - Artigos 3º e 7º da Lei nº 7.713/88""}",2026-03-25 15:01:09.753784,,,,,,,,,,,,,,,,,,,,,,,,,,,,,,,,,,,,,,,,,,,,
953,1,953,828,PREMIO ASSIDUIDADE MÊS ANTERIOR,1211 - Gratificações,11,11,11,-,"11 - Artigo 28, inciso I, da Lei n° 8.212/91",11 - Artigos 3º e 7º da Lei nº 7.713/88,11 - Artigo 15 da Lei n° 8.036/90,"{""FGTS"": 11, ""INSS"": 11, ""IRRF"": 11, ""Analise"": ""-"", ""Rubrica"": ""PREMIO ASSIDUIDADE MÊS ANTERIOR"", ""Cod Rubrica"": 828, ""Cód Natureza"": ""1211 - Gratificações"", ""Incid./Base Legal FGTS"": ""11 - Artigo 15 da Lei n° 8.036/90"", ""Incid./Base Legal INSS"": ""11 - Artigo 28, inciso I, da Lei n° 8.212/91"", ""Incid./Base Legal IRRF"": ""11 - Artigos 3º e 7º da Lei nº 7.713/88""}",2026-03-25 15:01:09.753784,,,,,,,,,,,,,,,,,,,,,,,,,,,,,,,,,,,,,,,,,,,,
954,1,954,829,PROCESSO TRAB,9218 - Retenções judiciais,0,9,0,-,"0 - Artigo 28, § 9º da Lei n° 8.212/91",9 - Artigo 12-A da Lei nº 7.713/88,"0 - Artigo 15, § 6º da Lei n° 8.036/90","{""FGTS"": 0, ""INSS"": 0, ""IRRF"": 9, ""Analise"": ""-"", ""Rubrica"": ""PROCESSO TRAB"", ""Cod Rubrica"": 829, ""Cód Natureza"": ""9218 - Retenções judiciais"", ""Incid./Base Legal FGTS"": ""0 - Artigo 15, § 6º da Lei n° 8.036/90"", ""Incid./Base Legal INSS"": ""0 - Artigo 28, § 9º da Lei n° 8.212/91"", ""Incid./Base Legal IRRF"": ""9 - Artigo 12-A da Lei nº 7.713/88""}",2026-03-25 15:01:09.753784,,,,,,,,,,,,,,,,,,,,,,,,,,,,,,,,,,,,,,,,,,,,
955,1,955,830,DESC. ADTO (PGTO FÉRIAS - COM INCIDENCIA),9299 - Outros descontos,11,13,11,"Rubrica com inconsistência de INSS, IRRF e FGTS","0 - Artigo 28, § 9º da Lei n° 8.212/91",9 - Artigos 3º e 7º da Lei nº 7.713/88,"0 - Artigo 15, § 6º da Lei n° 8.036/90","{""FGTS"": 11, ""INSS"": 11, ""IRRF"": 13, ""Analise"": ""Rubrica com inconsistência de INSS, IRRF e FGTS"", ""Rubrica"": ""DESC. ADTO (PGTO FÉRIAS - COM INCIDENCIA)"", ""Cod Rubrica"": 830, ""Cód Natureza"": ""9299 - Outros descontos"", ""Incid./Base Legal FGTS"": ""0 - Artigo 15, § 6º da Lei n° 8.036/90"", ""Incid./Base Legal INSS"": ""0 - Artigo 28, § 9º da Lei n° 8.212/91"", ""Incid./Base Legal IRRF"": ""9 - Artigos 3º e 7º da Lei nº 7.713/88""}",2026-03-25 15:01:09.753784,,,,,,,,,,,,,,,,,,,,,,,,,,,,,,,,,,,,,,,,,,,,
956,1,956,831,SALARIO MATERNIDADE (MES ANTERIOR),4050 - Salário maternidade,21,11,11,-,"21 - Artigo 28, inciso I, da Lei n° 8.212/91",11 - Artigos 3º e 7º da Lei nº 7.713/88,11 - Artigo 15 da Lei n° 8.036/90,"{""FGTS"": 11, ""INSS"": 21, ""IRRF"": 11, ""Analise"": ""-"", ""Rubrica"": ""SALARIO MATERNIDADE (MES ANTERIOR)"", ""Cod Rubrica"": 831, ""Cód Natureza"": ""4050 - Salário maternidade"", ""Incid./Base Legal FGTS"": ""11 - Artigo 15 da Lei n° 8.036/90"", ""Incid./Base Legal INSS"": ""21 - Artigo 28, inciso I, da Lei n° 8.212/91"", ""Incid./Base Legal IRRF"": ""11 - Artigos 3º e 7º da Lei nº 7.713/88""}",2026-03-25 15:01:09.753784,,,,,,,,,,,,,,,,,,,,,,,,,,,,,,,,,,,,,,,,,,,,
957,1,957,15 - IN 2185/2024,,,,,,,,,,"{""Incid./Base Legal INSS"": ""15 - IN 2185/2024""}",2026-03-25 15:01:09.753784,,,,,,,,,,,,,,,,,,,,,,,,,,,,,,,,,,,,,,,,,,,,
958,1,958,832,DIF. VALE ALIMENTACAO,"1806 - Alimentação em ticket ou cartão, vinculada ao PAT",0,9,0,-,"0 - Artigo 28, inciso I, da Lei n° 8.212/91","9 - artigo 35, inciso I, alínea p do Decreto n° 9.580/2018",0 - Artigo 15 da Lei n° 8.036/90,"{""FGTS"": 0, ""INSS"": 0, ""IRRF"": 9, ""Analise"": ""-"", ""Rubrica"": ""DIF. VALE ALIMENTACAO"", ""Cod Rubrica"": 832, ""Cód Natureza"": ""1806 - Alimentação em ticket ou cartão, vinculada ao PAT"", ""Incid./Base Legal FGTS"": ""0 - Artigo 15 da Lei n° 8.036/90"", ""Incid./Base Legal INSS"": ""0 - Artigo 28, inciso I, da Lei n° 8.212/91"", ""Incid./Base Legal IRRF"": ""9 - artigo 35, inciso I, alínea p do Decreto n° 9.580/2018""}",2026-03-25 15:01:09.753784,,,,,,,,,,,,,,,,,,,,,,,,,,,,,,,,,,,,,,,,,,,,
959,1,959,833,DESC. HORAS PAGAS A MAIS NO MÊS ANTERIOR,9209 - Faltas ou atrasos,11,11,11,-,"11 - Artigo 28, inciso I, da Lei n° 8.212/91",11 - Artigos 3º e 7º da Lei nº 7.713/88,11 - Artigo 15 da Lei n° 8.036/90,"{""FGTS"": 11, ""INSS"": 11, ""IRRF"": 11, ""Analise"": ""-"", ""Rubrica"": ""DESC. HORAS PAGAS A MAIS NO MÊS ANTERIOR"", ""Cod Rubrica"": 833, ""Cód Natureza"": ""9209 - Faltas ou atrasos"", ""Incid./Base Legal FGTS"": ""11 - Artigo 15 da Lei n° 8.036/90"", ""Incid./Base Legal INSS"": ""11 - Artigo 28, inciso I, da Lei n° 8.212/91"", ""Incid./Base Legal IRRF"": ""11 - Artigos 3º e 7º da Lei nº 7.713/88""}",2026-03-25 15:01:09.753784,,,,,,,,,,,,,,,,,,,,,,,,,,,,,,,,,,,,,,,,,,,,
960,1,960,834,HORAS EXTRAS 50%,1003 - Horas extraordinárias,11,11,11,-,"11 - Artigo 28, inciso I, da Lei n° 8.212/91",11 - Artigos 3º e 7º da Lei nº 7.713/88,11 - Artigo 15 da Lei n° 8.036/90,"{""FGTS"": 11, ""INSS"": 11, ""IRRF"": 11, ""Analise"": ""-"", ""Rubrica"": ""HORAS EXTRAS 50%"", ""Cod Rubrica"": 834, ""Cód Natureza"": ""1003 - Horas extraordinárias"", ""Incid./Base Legal FGTS"": ""11 - Artigo 15 da Lei n° 8.036/90"", ""Incid./Base Legal INSS"": ""11 - Artigo 28, inciso I, da Lei n° 8.212/91"", ""Incid./Base Legal IRRF"": ""11 - Artigos 3º e 7º da Lei nº 7.713/88""}",2026-03-25 15:01:09.753784,,,,,,,,,,,,,,,,,,,,,,,,,,,,,,,,,,,,,,,,,,,,
961,1,961,835,HORAS EXTRAS 100%,1003 - Horas extraordinárias,11,11,11,-,"11 - Artigo 28, inciso I, da Lei n° 8.212/91",11 - Artigos 3º e 7º da Lei nº 7.713/88,11 - Artigo 15 da Lei n° 8.036/90,"{""FGTS"": 11, ""INSS"": 11, ""IRRF"": 11, ""Analise"": ""-"", ""Rubrica"": ""HORAS EXTRAS 100%"", ""Cod Rubrica"": 835, ""Cód Natureza"": ""1003 - Horas extraordinárias"", ""Incid./Base Legal FGTS"": ""11 - Artigo 15 da Lei n° 8.036/90"", ""Incid./Base Legal INSS"": ""11 - Artigo 28, inciso I, da Lei n° 8.212/91"", ""Incid./Base Legal IRRF"": ""11 - Artigos 3º e 7º da Lei nº 7.713/88""}",2026-03-25 15:01:09.753784,,,,,,,,,,,,,,,,,,,,,,,,,,,,,,,,,,,,,,,,,,,,
962,1,962,836,ADIC. NOTURNO C/20%,1205 - Adicional noturno,11,11,11,-,"11 - Artigo 28, inciso I, da Lei n° 8.212/91",11 - Artigos 3º e 7º da Lei nº 7.713/88,11 - Artigo 15 da Lei n° 8.036/90,"{""FGTS"": 11, ""INSS"": 11, ""IRRF"": 11, ""Analise"": ""-"", ""Rubrica"": ""ADIC. NOTURNO C/20%"", ""Cod Rubrica"": 836, ""Cód Natureza"": ""1205 - Adicional noturno"", ""Incid./Base Legal FGTS"": ""11 - Artigo 15 da Lei n° 8.036/90"", ""Incid./Base Legal INSS"": ""11 - Artigo 28, inciso I, da Lei n° 8.212/91"", ""Incid./Base Legal IRRF"": ""11 - Artigos 3º e 7º da Lei nº 7.713/88""}",2026-03-25 15:01:09.753784,,,,,,,,,,,,,,,,,,,,,,,,,,,,,,,,,,,,,,,,,,,,
963,1,963,837,DESC. FALTAS (DIAS),9209 - Faltas ou atrasos,11,11,11,-,"11 - Artigo 28, inciso I, da Lei n° 8.212/91",11 - Artigos 3º e 7º da Lei nº 7.713/88,11 - Artigo 15 da Lei n° 8.036/90,"{""FGTS"": 11, ""INSS"": 11, ""IRRF"": 11, ""Analise"": ""-"", ""Rubrica"": ""DESC. FALTAS (DIAS)"", ""Cod Rubrica"": 837, ""Cód Natureza"": ""9209 - Faltas ou atrasos"", ""Incid./Base Legal FGTS"": ""11 - Artigo 15 da Lei n° 8.036/90"", ""Incid./Base Legal INSS"": ""11 - Artigo 28, inciso I, da Lei n° 8.212/91"", ""Incid./Base Legal IRRF"": ""11 - Artigos 3º e 7º da Lei nº 7.713/88""}",2026-03-25 15:01:09.753784,,,,,,,,,,,,,,,,,,,,,,,,,,,,,,,,,,,,,,,,,,,,
964,1,964,838,DESC. PENSAO ALIMENTICIA EM FERIAS,9213 - Pensão alimentícia,0,53,0,-,"0 - Artigo 28, § 9º da Lei n° 8.212/91","51 - Artigo 4º, inciso IV, da Lei nº 9.250/95","0 - Artigo 15, § 6º da Lei n° 8.036/90","{""FGTS"": 0, ""INSS"": 0, ""IRRF"": 53, ""Analise"": ""-"", ""Rubrica"": ""DESC. PENSAO ALIMENTICIA EM FERIAS"", ""Cod Rubrica"": 838, ""Cód Natureza"": ""9213 - Pensão alimentícia"", ""Incid./Base Legal FGTS"": ""0 - Artigo 15, § 6º da Lei n° 8.036/90"", ""Incid./Base Legal INSS"": ""0 - Artigo 28, § 9º da Lei n° 8.212/91"", ""Incid./Base Legal IRRF"": ""51 - Artigo 4º, inciso IV, da Lei nº 9.250/95""}",2026-03-25 15:01:09.753784,,,,,,,,,,,,,,,,,,,,,,,,,,,,,,,,,,,,,,,,,,,,
965,1,965,"52 - Artigo 4º, inciso IV, da Lei nº 9.250/95",,,,,,,,,,"{""Incid./Base Legal IRRF"": ""52 - Artigo 4º, inciso IV, da Lei nº 9.250/95""}",2026-03-25 15:01:09.753784,,,,,,,,,,,,,,,,,,,,,,,,,,,,,,,,,,,,,,,,,,,,
966,1,966,"53 - Artigo 4º, inciso IV, da Lei nº 9.250/95",,,,,,,,,,"{""Incid./Base Legal IRRF"": ""53 - Artigo 4º, inciso IV, da Lei nº 9.250/95""}",2026-03-25 15:01:09.753784,,,,,,,,,,,,,,,,,,,,,,,,,,,,,,,,,,,,,,,,,,,,
967,1,967,"54 - Artigo 3º, § 10 da Lei nº 10.101/2000",,,,,,,,,,"{""Incid./Base Legal IRRF"": ""54 - Artigo 3º, § 10 da Lei nº 10.101/2000""}",2026-03-25 15:01:09.753784,,,,,,,,,,,,,,,,,,,,,,,,,,,,,,,,,,,,,,,,,,,,
968,1,968,839,DESC. FALTAS (HORAS),9209 - Faltas ou atrasos,11,11,11,-,"11 - Artigo 28, inciso I, da Lei n° 8.212/91",11 - Artigos 3º e 7º da Lei nº 7.713/88,11 - Artigo 15 da Lei n° 8.036/90,"{""FGTS"": 11, ""INSS"": 11, ""IRRF"": 11, ""Analise"": ""-"", ""Rubrica"": ""DESC. FALTAS (HORAS)"", ""Cod Rubrica"": 839, ""Cód Natureza"": ""9209 - Faltas ou atrasos"", ""Incid./Base Legal FGTS"": ""11 - Artigo 15 da Lei n° 8.036/90"", ""Incid./Base Legal INSS"": ""11 - Artigo 28, inciso I, da Lei n° 8.212/91"", ""Incid./Base Legal IRRF"": ""11 - Artigos 3º e 7º da Lei nº 7.713/88""}",2026-03-25 15:01:09.753784,,,,,,,,,,,,,,,,,,,,,,,,,,,,,,,,,,,,,,,,,,,,
969,1,969,840,ADIC. PERICULOSIDADE,1203 - Adicional de periculosidade,11,11,11,-,"11 - Artigo 28, inciso I, da Lei n° 8.212/91",11 - Artigos 3º e 7º da Lei nº 7.713/88,11 - Artigo 15 da Lei n° 8.036/90,"{""FGTS"": 11, ""INSS"": 11, ""IRRF"": 11, ""Analise"": ""-"", ""Rubrica"": ""ADIC. PERICULOSIDADE"", ""Cod Rubrica"": 840, ""Cód Natureza"": ""1203 - Adicional de periculosidade"", ""Incid./Base Legal FGTS"": ""11 - Artigo 15 da Lei n° 8.036/90"", ""Incid./Base Legal INSS"": ""11 - Artigo 28, inciso I, da Lei n° 8.212/91"", ""Incid./Base Legal IRRF"": ""11 - Artigos 3º e 7º da Lei nº 7.713/88""}",2026-03-25 15:01:09.753784,,,,,,,,,,,,,,,,,,,,,,,,,,,,,,,,,,,,,,,,,,,,
970,1,970,841,DESC. ATRASOS,9209 - Faltas ou atrasos,11,11,11,-,"11 - Artigo 28, inciso I, da Lei n° 8.212/91",11 - Artigos 3º e 7º da Lei nº 7.713/88,11 - Artigo 15 da Lei n° 8.036/90,"{""FGTS"": 11, ""INSS"": 11, ""IRRF"": 11, ""Analise"": ""-"", ""Rubrica"": ""DESC. ATRASOS"", ""Cod Rubrica"": 841, ""Cód Natureza"": ""9209 - Faltas ou atrasos"", ""Incid./Base Legal FGTS"": ""11 - Artigo 15 da Lei n° 8.036/90"", ""Incid./Base Legal INSS"": ""11 - Artigo 28, inciso I, da Lei n° 8.212/91"", ""Incid./Base Legal IRRF"": ""11 - Artigos 3º e 7º da Lei nº 7.713/88""}",2026-03-25 15:01:09.753784,,,,,,,,,,,,,,,,,,,,,,,,,,,,,,,,,,,,,,,,,,,,
971,1,971,842,DESC. CONTRIB. NEGOCIAL,9233 - Contribuição sindical - Confederativa,0,79,0,Rubrica com inconsistência de IRRF,"0 - Artigo 28, § 9º da Lei n° 8.212/91",9 - Artigo 4º da Lei nº 9.250/95,0 - Artigo 15 da Lei n° 8.036/90,"{""FGTS"": 0, ""INSS"": 0, ""IRRF"": 79, ""Analise"": ""Rubrica com inconsistência de IRRF"", ""Rubrica"": ""DESC. CONTRIB. NEGOCIAL"", ""Cod Rubrica"": 842, ""Cód Natureza"": ""9233 - Contribuição sindical - Confederativa"", ""Incid./Base Legal FGTS"": ""0 - Artigo 15 da Lei n° 8.036/90"", ""Incid./Base Legal INSS"": ""0 - Artigo 28, § 9º da Lei n° 8.212/91"", ""Incid./Base Legal IRRF"": ""9 - Artigo 4º da Lei nº 9.250/95""}",2026-03-25 15:01:09.753784,,,,,,,,,,,,,,,,,,,,,,,,,,,,,,,,,,,,,,,,,,,,
972,1,972,843,DESC AD NOT INDEVIDO,9299 - Outros descontos,11,11,11,"Rubrica com inconsistência de INSS, IRRF e FGTS","0 - Artigo 28, § 9º da Lei n° 8.212/91",9 - Artigos 3º e 7º da Lei nº 7.713/88,"0 - Artigo 15, § 6º da Lei n° 8.036/90","{""FGTS"": 11, ""INSS"": 11, ""IRRF"": 11, ""Analise"": ""Rubrica com inconsistência de INSS, IRRF e FGTS"", ""Rubrica"": ""DESC AD NOT INDEVIDO"", ""Cod Rubrica"": 843, ""Cód Natureza"": ""9299 - Outros descontos"", ""Incid./Base Legal FGTS"": ""0 - Artigo 15, § 6º da Lei n° 8.036/90"", ""Incid./Base Legal INSS"": ""0 - Artigo 28, § 9º da Lei n° 8.212/91"", ""Incid./Base Legal IRRF"": ""9 - Artigos 3º e 7º da Lei nº 7.713/88""}",2026-03-25 15:01:09.753784,,,,,,,,,,,,,,,,,,,,,,,,,,,,,,,,,,,,,,,,,,,,
973,1,973,844,FGTS COMPLEMENTAR,1099 - Outras verbas salariais/remuneratórias,0,9,0,"Rubrica com inconsistência de INSS, IRRF e FGTS","11 - Artigo 28, inciso I, da Lei n° 8.212/91",11 - Artigos 3º e 7º da Lei nº 7.713/88,"11 - Artigo 15, § 6º da Lei n° 8.036/90","{""FGTS"": 0, ""INSS"": 0, ""IRRF"": 9, ""Analise"": ""Rubrica com inconsistência de INSS, IRRF e FGTS"", ""Rubrica"": ""FGTS COMPLEMENTAR"", ""Cod Rubrica"": 844, ""Cód Natureza"": ""1099 - Outras verbas salariais/remuneratórias"", ""Incid./Base Legal FGTS"": ""11 - Artigo 15, § 6º da Lei n° 8.036/90"", ""Incid./Base Legal INSS"": ""11 - Artigo 28, inciso I, da Lei n° 8.212/91"", ""Incid./Base Legal IRRF"": ""11 - Artigos 3º e 7º da Lei nº 7.713/88""}",2026-03-25 15:01:09.753784,,,,,,,,,,,,,,,,,,,,,,,,,,,,,,,,,,,,,,,,,,,,
974,1,974,845,REEMB. DESPESAS - INVISIVEL,9989 - Outros valores informativos,0,9,0,-,"0 - Artigo 28, inciso I, da Lei n° 8.212/91",9 - Artigo 12-A da Lei nº 7.713/88,0 - Artigo 15 da Lei n° 8.036/90,"{""FGTS"": 0, ""INSS"": 0, ""IRRF"": 9, ""Analise"": ""-"", ""Rubrica"": ""REEMB. DESPESAS - INVISIVEL"", ""Cod Rubrica"": 845, ""Cód Natureza"": ""9989 - Outros valores informativos"", ""Incid./Base Legal FGTS"": ""0 - Artigo 15 da Lei n° 8.036/90"", ""Incid./Base Legal INSS"": ""0 - Artigo 28, inciso I, da Lei n° 8.212/91"", ""Incid./Base Legal IRRF"": ""9 - Artigo 12-A da Lei nº 7.713/88""}",2026-03-25 15:01:09.753784,,,,,,,,,,,,,,,,,,,,,,,,,,,,,,,,,,,,,,,,,,,,
975,1,975,846,DESC. ADIANT. DESPESAS - INVISIVEL,9299 - Outros descontos,0,9,0,-,"0 - Artigo 28, § 9º da Lei n° 8.212/91",9 - Artigos 3º e 7º da Lei nº 7.713/88,"0 - Artigo 15, § 6º da Lei n° 8.036/90","{""FGTS"": 0, ""INSS"": 0, ""IRRF"": 9, ""Analise"": ""-"", ""Rubrica"": ""DESC. ADIANT. DESPESAS - INVISIVEL"", ""Cod Rubrica"": 846, ""Cód Natureza"": ""9299 - Outros descontos"", ""Incid./Base Legal FGTS"": ""0 - Artigo 15, § 6º da Lei n° 8.036/90"", ""Incid./Base Legal INSS"": ""0 - Artigo 28, § 9º da Lei n° 8.212/91"", ""Incid./Base Legal IRRF"": ""9 - Artigos 3º e 7º da Lei nº 7.713/88""}",2026-03-25 15:01:09.753784,,,,,,,,,,,,,,,,,,,,,,,,,,,,,,,,,,,,,,,,,,,,
976,1,976,847,H.EXTRA NOTURNO C/100%,1205 - Adicional noturno,11,11,11,-,"11 - Artigo 28, inciso I, da Lei n° 8.212/91",11 - Artigos 3º e 7º da Lei nº 7.713/88,11 - Artigo 15 da Lei n° 8.036/90,"{""FGTS"": 11, ""INSS"": 11, ""IRRF"": 11, ""Analise"": ""-"", ""Rubrica"": ""H.EXTRA NOTURNO C/100%"", ""Cod Rubrica"": 847, ""Cód Natureza"": ""1205 - Adicional noturno"", ""Incid./Base Legal FGTS"": ""11 - Artigo 15 da Lei n° 8.036/90"", ""Incid./Base Legal INSS"": ""11 - Artigo 28, inciso I, da Lei n° 8.212/91"", ""Incid./Base Legal IRRF"": ""11 - Artigos 3º e 7º da Lei nº 7.713/88""}",2026-03-25 15:01:09.753784,,,,,,,,,,,,,,,,,,,,,,,,,,,,,,,,,,,,,,,,,,,,
977,1,977,848,ACUMULO DE FUNCAO MES ANT.,1211 - Gratificações,11,11,11,-,"11 - Artigo 28, inciso I, da Lei n° 8.212/91",11 - Artigos 3º e 7º da Lei nº 7.713/88,11 - Artigo 15 da Lei n° 8.036/90,"{""FGTS"": 11, ""INSS"": 11, ""IRRF"": 11, ""Analise"": ""-"", ""Rubrica"": ""ACUMULO DE FUNCAO MES ANT."", ""Cod Rubrica"": 848, ""Cód Natureza"": ""1211 - Gratificações"", ""Incid./Base Legal FGTS"": ""11 - Artigo 15 da Lei n° 8.036/90"", ""Incid./Base Legal INSS"": ""11 - Artigo 28, inciso I, da Lei n° 8.212/91"", ""Incid./Base Legal IRRF"": ""11 - Artigos 3º e 7º da Lei nº 7.713/88""}",2026-03-25 15:01:09.753784,,,,,,,,,,,,,,,,,,,,,,,,,,,,,,,,,,,,,,,,,,,,
978,1,978,849,DIF. PAGTO CONDUCAO VAN,1629 - Ressarcimento de outras despesas – em caráter indenizatório patrimonial,0,9,0,-,"0 - Artigo 28, § 9º da Lei n° 8.212/91",9 - Artigo 6º da Lei nº 7.713/88,"0 - Artigo 15, § 6º da Lei n° 8.036/90","{""FGTS"": 0, ""INSS"": 0, ""IRRF"": 9, ""Analise"": ""-"", ""Rubrica"": ""DIF. PAGTO CONDUCAO VAN"", ""Cod Rubrica"": 849, ""Cód Natureza"": ""1629 - Ressarcimento de outras despesas – em caráter indenizatório patrimonial"", ""Incid./Base Legal FGTS"": ""0 - Artigo 15, § 6º da Lei n° 8.036/90"", ""Incid./Base Legal INSS"": ""0 - Artigo 28, § 9º da Lei n° 8.212/91"", ""Incid./Base Legal IRRF"": ""9 - Artigo 6º da Lei nº 7.713/88""}",2026-03-25 15:01:09.753784,,,,,,,,,,,,,,,,,,,,,,,,,,,,,,,,,,,,,,,,,,,,
979,1,979,850,ADIC. NOTURNO C/100% MES ANTERIOR,1205 - Adicional noturno,11,11,11,-,"11 - Artigo 28, inciso I, da Lei n° 8.212/91",11 - Artigos 3º e 7º da Lei nº 7.713/88,11 - Artigo 15 da Lei n° 8.036/90,"{""FGTS"": 11, ""INSS"": 11, ""IRRF"": 11, ""Analise"": ""-"", ""Rubrica"": ""ADIC. NOTURNO C/100% MES ANTERIOR"", ""Cod Rubrica"": 850, ""Cód Natureza"": ""1205 - Adicional noturno"", ""Incid./Base Legal FGTS"": ""11 - Artigo 15 da Lei n° 8.036/90"", ""Incid./Base Legal INSS"": ""11 - Artigo 28, inciso I, da Lei n° 8.212/91"", ""Incid./Base Legal IRRF"": ""11 - Artigos 3º e 7º da Lei nº 7.713/88""}",2026-03-25 15:01:09.753784,,,,,,,,,,,,,,,,,,,,,,,,,,,,,,,,,,,,,,,,,,,,
980,1,980,851,REEMB. I.N.S.S.,1623 - Ressarcimento de provisão,0,79,0,Rubrica com inconsistência de IRRF,"0 - Artigo 28, inciso I, da Lei n° 8.212/91","9 - artigo 35, inciso I, alínea p do Decreto n° 9.580/2018",0 - Artigo 15 da Lei n° 8.036/90,"{""FGTS"": 0, ""INSS"": 0, ""IRRF"": 79, ""Analise"": ""Rubrica com inconsistência de IRRF"", ""Rubrica"": ""REEMB. I.N.S.S."", ""Cod Rubrica"": 851, ""Cód Natureza"": ""1623 - Ressarcimento de provisão"", ""Incid./Base Legal FGTS"": ""0 - Artigo 15 da Lei n° 8.036/90"", ""Incid./Base Legal INSS"": ""0 - Artigo 28, inciso I, da Lei n° 8.212/91"", ""Incid./Base Legal IRRF"": ""9 - artigo 35, inciso I, alínea p do Decreto n° 9.580/2018""}",2026-03-25 15:01:09.753784,,,,,,,,,,,,,,,,,,,,,,,,,,,,,,,,,,,,,,,,,,,,
981,1,981,852,HORAS EXTRAS 50% C/ INSALUBRIDADE,1003 - Horas extraordinárias,11,11,11,-,"11 - Artigo 28, inciso I, da Lei n° 8.212/91",11 - Artigos 3º e 7º da Lei nº 7.713/88,11 - Artigo 15 da Lei n° 8.036/90,"{""FGTS"": 11, ""INSS"": 11, ""IRRF"": 11, ""Analise"": ""-"", ""Rubrica"": ""HORAS EXTRAS 50% C/ INSALUBRIDADE"", ""Cod Rubrica"": 852, ""Cód Natureza"": ""1003 - Horas extraordinárias"", ""Incid./Base Legal FGTS"": ""11 - Artigo 15 da Lei n° 8.036/90"", ""Incid./Base Legal INSS"": ""11 - Artigo 28, inciso I, da Lei n° 8.212/91"", ""Incid./Base Legal IRRF"": ""11 - Artigos 3º e 7º da Lei nº 7.713/88""}",2026-03-25 15:01:09.753784,,,,,,,,,,,,,,,,,,,,,,,,,,,,,,,,,,,,,,,,,,,,
982,1,982,853,HORAS EXTRAS 100% C/ INSALUBRIDADE,1003 - Horas extraordinárias,11,11,11,-,"11 - Artigo 28, inciso I, da Lei n° 8.212/91",11 - Artigos 3º e 7º da Lei nº 7.713/88,11 - Artigo 15 da Lei n° 8.036/90,"{""FGTS"": 11, ""INSS"": 11, ""IRRF"": 11, ""Analise"": ""-"", ""Rubrica"": ""HORAS EXTRAS 100% C/ INSALUBRIDADE"", ""Cod Rubrica"": 853, ""Cód Natureza"": ""1003 - Horas extraordinárias"", ""Incid./Base Legal FGTS"": ""11 - Artigo 15 da Lei n° 8.036/90"", ""Incid./Base Legal INSS"": ""11 - Artigo 28, inciso I, da Lei n° 8.212/91"", ""Incid./Base Legal IRRF"": ""11 - Artigos 3º e 7º da Lei nº 7.713/88""}",2026-03-25 15:01:09.753784,,,,,,,,,,,,,,,,,,,,,,,,,,,,,,,,,,,,,,,,,,,,
983,1,983,855,ADIANTAMENTO DE SALARIOS COM INCIDÊNCIA,5501 - Adiantamento de salários,11,11,11,Rubrica com inconsistência de INSS e FGTS,"0 - Artigo 28, § 9º da Lei n° 8.212/91",11 - Artigos 3º e 7º da Lei nº 7.713/88,"0 - Artigo 15, § 6º da Lei n° 8.036/90","{""FGTS"": 11, ""INSS"": 11, ""IRRF"": 11, ""Analise"": ""Rubrica com inconsistência de INSS e FGTS"", ""Rubrica"": ""ADIANTAMENTO DE SALARIOS COM INCIDÊNCIA"", ""Cod Rubrica"": 855, ""Cód Natureza"": ""5501 - Adiantamento de salários"", ""Incid./Base Legal FGTS"": ""0 - Artigo 15, § 6º da Lei n° 8.036/90"", ""Incid./Base Legal INSS"": ""0 - Artigo 28, § 9º da Lei n° 8.212/91"", ""Incid./Base Legal IRRF"": ""11 - Artigos 3º e 7º da Lei nº 7.713/88""}",2026-03-25 15:01:09.753784,,,,,,,,,,,,,,,,,,,,,,,,,,,,,,,,,,,,,,,,,,,,
984,1,984,9 - Artigos 3º e 7º da Lei nº 7.713/88,,,,,,,,,,"{""Incid./Base Legal IRRF"": ""9 - Artigos 3º e 7º da Lei nº 7.713/88""}",2026-03-25 15:01:09.753784,,,,,,,,,,,,,,,,,,,,,,,,,,,,,,,,,,,,,,,,,,,,
985,1,985,856,PRORROGAÇÃO SALARIO MATERNIDADE,4050 - Salário maternidade,21,11,11,-,"21 - Artigo 28, inciso I, da Lei n° 8.212/91",11 - Artigos 3º e 7º da Lei nº 7.713/88,11 - Artigo 15 da Lei n° 8.036/90,"{""FGTS"": 11, ""INSS"": 21, ""IRRF"": 11, ""Analise"": ""-"", ""Rubrica"": ""PRORROGAÇÃO SALARIO MATERNIDADE"", ""Cod Rubrica"": 856, ""Cód Natureza"": ""4050 - Salário maternidade"", ""Incid./Base Legal FGTS"": ""11 - Artigo 15 da Lei n° 8.036/90"", ""Incid./Base Legal INSS"": ""21 - Artigo 28, inciso I, da Lei n° 8.212/91"", ""Incid./Base Legal IRRF"": ""11 - Artigos 3º e 7º da Lei nº 7.713/88""}",2026-03-25 15:01:09.753784,,,,,,,,,,,,,,,,,,,,,,,,,,,,,,,,,,,,,,,,,,,,
986,1,986,15 - IN 2185/2024,,,,,,,,,,"{""Incid./Base Legal INSS"": ""15 - IN 2185/2024""}",2026-03-25 15:01:09.753784,,,,,,,,,,,,,,,,,,,,,,,,,,,,,,,,,,,,,,,,,,,,
987,1,987,857,DESC. ATRASO/FALTA HORAS MÊS ANTERIOR,9209 - Faltas ou atrasos,11,11,11,-,"11 - Artigo 28, inciso I, da Lei n° 8.212/91",11 - Artigos 3º e 7º da Lei nº 7.713/88,11 - Artigo 15 da Lei n° 8.036/90,"{""FGTS"": 11, ""INSS"": 11, ""IRRF"": 11, ""Analise"": ""-"", ""Rubrica"": ""DESC. ATRASO/FALTA HORAS MÊS ANTERIOR"", ""Cod Rubrica"": 857, ""Cód Natureza"": ""9209 - Faltas ou atrasos"", ""Incid./Base Legal FGTS"": ""11 - Artigo 15 da Lei n° 8.036/90"", ""Incid./Base Legal INSS"": ""11 - Artigo 28, inciso I, da Lei n° 8.212/91"", ""Incid./Base Legal IRRF"": ""11 - Artigos 3º e 7º da Lei nº 7.713/88""}",2026-03-25 15:01:09.753784,,,,,,,,,,,,,,,,,,,,,,,,,,,,,,,,,,,,,,,,,,,,
988,1,988,858,HORAS NORMAIS MÊS ANTERIOR,"1000 - Salário, vencimento, soldo ou subsídio",11,11,11,-,"11 - Artigo 28, inciso I, da Lei n° 8.212/91",11 - Artigos 3º e 7º da Lei nº 7.713/88,11 - Artigo 15 da Lei n° 8.036/90,"{""FGTS"": 11, ""INSS"": 11, ""IRRF"": 11, ""Analise"": ""-"", ""Rubrica"": ""HORAS NORMAIS MÊS ANTERIOR"", ""Cod Rubrica"": 858, ""Cód Natureza"": ""1000 - Salário, vencimento, soldo ou subsídio"", ""Incid./Base Legal FGTS"": ""11 - Artigo 15 da Lei n° 8.036/90"", ""Incid./Base Legal INSS"": ""11 - Artigo 28, inciso I, da Lei n° 8.212/91"", ""Incid./Base Legal IRRF"": ""11 - Artigos 3º e 7º da Lei nº 7.713/88""}",2026-03-25 15:01:09.753784,,,,,,,,,,,,,,,,,,,,,,,,,,,,,,,,,,,,,,,,,,,,
989,1,989,859,HORAS EXTRAS 100% C/ INSALUBRIDADE MES ANT.,1003 - Horas extraordinárias,11,11,11,-,"11 - Artigo 28, inciso I, da Lei n° 8.212/91",11 - Artigos 3º e 7º da Lei nº 7.713/88,11 - Artigo 15 da Lei n° 8.036/90,"{""FGTS"": 11, ""INSS"": 11, ""IRRF"": 11, ""Analise"": ""-"", ""Rubrica"": ""HORAS EXTRAS 100% C/ INSALUBRIDADE MES ANT."", ""Cod Rubrica"": 859, ""Cód Natureza"": ""1003 - Horas extraordinárias"", ""Incid./Base Legal FGTS"": ""11 - Artigo 15 da Lei n° 8.036/90"", ""Incid./Base Legal INSS"": ""11 - Artigo 28, inciso I, da Lei n° 8.212/91"", ""Incid./Base Legal IRRF"": ""11 - Artigos 3º e 7º da Lei nº 7.713/88""}",2026-03-25 15:01:09.753784,,,,,,,,,,,,,,,,,,,,,,,,,,,,,,,,,,,,,,,,,,,,
990,1,990,860,HORAS EXTRAS 50% C/ INSALUBRIDADE MES ANT.,1003 - Horas extraordinárias,11,11,11,-,"11 - Artigo 28, inciso I, da Lei n° 8.212/91",11 - Artigos 3º e 7º da Lei nº 7.713/88,11 - Artigo 15 da Lei n° 8.036/90,"{""FGTS"": 11, ""INSS"": 11, ""IRRF"": 11, ""Analise"": ""-"", ""Rubrica"": ""HORAS EXTRAS 50% C/ INSALUBRIDADE MES ANT."", ""Cod Rubrica"": 860, ""Cód Natureza"": ""1003 - Horas extraordinárias"", ""Incid./Base Legal FGTS"": ""11 - Artigo 15 da Lei n° 8.036/90"", ""Incid./Base Legal INSS"": ""11 - Artigo 28, inciso I, da Lei n° 8.212/91"", ""Incid./Base Legal IRRF"": ""11 - Artigos 3º e 7º da Lei nº 7.713/88""}",2026-03-25 15:01:09.753784,,,,,,,,,,,,,,,,,,,,,,,,,,,,,,,,,,,,,,,,,,,,
991,1,991,861,DESC. D.S.R. S/FALTAS (HORAS) MÊS ANTERIOR,9210 - DSR s/faltas e atrasos,11,11,11,-,"11 - Artigo 28, inciso I, da Lei n° 8.212/91",11 - Artigos 3º e 7º da Lei nº 7.713/88,11 - Artigo 15 da Lei n° 8.036/90,"{""FGTS"": 11, ""INSS"": 11, ""IRRF"": 11, ""Analise"": ""-"", ""Rubrica"": ""DESC. D.S.R. S/FALTAS (HORAS) MÊS ANTERIOR"", ""Cod Rubrica"": 861, ""Cód Natureza"": ""9210 - DSR s/faltas e atrasos"", ""Incid./Base Legal FGTS"": ""11 - Artigo 15 da Lei n° 8.036/90"", ""Incid./Base Legal INSS"": ""11 - Artigo 28, inciso I, da Lei n° 8.212/91"", ""Incid./Base Legal IRRF"": ""11 - Artigos 3º e 7º da Lei nº 7.713/88""}",2026-03-25 15:01:09.753784,,,,,,,,,,,,,,,,,,,,,,,,,,,,,,,,,,,,,,,,,,,,
992,1,992,862,ADIC. NOTURNO C/20% MES ANTERIOR,1205 - Adicional noturno,11,11,11,-,"11 - Artigo 28, inciso I, da Lei n° 8.212/91",11 - Artigos 3º e 7º da Lei nº 7.713/88,11 - Artigo 15 da Lei n° 8.036/90,"{""FGTS"": 11, ""INSS"": 11, ""IRRF"": 11, ""Analise"": ""-"", ""Rubrica"": ""ADIC. NOTURNO C/20% MES ANTERIOR"", ""Cod Rubrica"": 862, ""Cód Natureza"": ""1205 - Adicional noturno"", ""Incid./Base Legal FGTS"": ""11 - Artigo 15 da Lei n° 8.036/90"", ""Incid./Base Legal INSS"": ""11 - Artigo 28, inciso I, da Lei n° 8.212/91"", ""Incid./Base Legal IRRF"": ""11 - Artigos 3º e 7º da Lei nº 7.713/88""}",2026-03-25 15:01:09.753784,,,,,,,,,,,,,,,,,,,,,,,,,,,,,,,,,,,,,,,,,,,,
993,1,993,863,ADIC. NOTURNO C/50% MES ANTERIOR,1205 - Adicional noturno,11,11,11,-,"11 - Artigo 28, inciso I, da Lei n° 8.212/91",11 - Artigos 3º e 7º da Lei nº 7.713/88,11 - Artigo 15 da Lei n° 8.036/90,"{""FGTS"": 11, ""INSS"": 11, ""IRRF"": 11, ""Analise"": ""-"", ""Rubrica"": ""ADIC. NOTURNO C/50% MES ANTERIOR"", ""Cod Rubrica"": 863, ""Cód Natureza"": ""1205 - Adicional noturno"", ""Incid./Base Legal FGTS"": ""11 - Artigo 15 da Lei n° 8.036/90"", ""Incid./Base Legal INSS"": ""11 - Artigo 28, inciso I, da Lei n° 8.212/91"", ""Incid./Base Legal IRRF"": ""11 - Artigos 3º e 7º da Lei nº 7.713/88""}",2026-03-25 15:01:09.753784,,,,,,,,,,,,,,,,,,,,,,,,,,,,,,,,,,,,,,,,,,,,
994,1,994,864,ADIC. INSALUBRIDADE SOBRE SALARIO,1202 - Adicional de insalubridade,11,11,11,-,"11 - Artigo 28, inciso I, da Lei n° 8.212/91",11 - Artigos 3º e 7º da Lei nº 7.713/88,11 - Artigo 15 da Lei n° 8.036/90,"{""FGTS"": 11, ""INSS"": 11, ""IRRF"": 11, ""Analise"": ""-"", ""Rubrica"": ""ADIC. INSALUBRIDADE SOBRE SALARIO"", ""Cod Rubrica"": 864, ""Cód Natureza"": ""1202 - Adicional de insalubridade"", ""Incid./Base Legal FGTS"": ""11 - Artigo 15 da Lei n° 8.036/90"", ""Incid./Base Legal INSS"": ""11 - Artigo 28, inciso I, da Lei n° 8.212/91"", ""Incid./Base Legal IRRF"": ""11 - Artigos 3º e 7º da Lei nº 7.713/88""}",2026-03-25 15:01:09.753784,,,,,,,,,,,,,,,,,,,,,,,,,,,,,,,,,,,,,,,,,,,,
995,1,995,865,PREMIO ASSIDUIDADE,1211 - Gratificações,0,9,0,"Rubrica com inconsistência de INSS, IRRF e FGTS","11 - Artigo 28, inciso I, da Lei n° 8.212/91",11 - Artigos 3º e 7º da Lei nº 7.713/88,11 - Artigo 15 da Lei n° 8.036/90,"{""FGTS"": 0, ""INSS"": 0, ""IRRF"": 9, ""Analise"": ""Rubrica com inconsistência de INSS, IRRF e FGTS"", ""Rubrica"": ""PREMIO ASSIDUIDADE"", ""Cod Rubrica"": 865, ""Cód Natureza"": ""1211 - Gratificações"", ""Incid./Base Legal FGTS"": ""11 - Artigo 15 da Lei n° 8.036/90"", ""Incid./Base Legal INSS"": ""11 - Artigo 28, inciso I, da Lei n° 8.212/91"", ""Incid./Base Legal IRRF"": ""11 - Artigos 3º e 7º da Lei nº 7.713/88""}",2026-03-25 15:01:09.753784,,,,,,,,,,,,,,,,,,,,,,,,,,,,,,,,,,,,,,,,,,,,
996,1,996,866,PREMIO ASSIDUIDADE,1211 - Gratificações,0,9,0,"Rubrica com inconsistência de INSS, IRRF e FGTS","11 - Artigo 28, inciso I, da Lei n° 8.212/91",11 - Artigos 3º e 7º da Lei nº 7.713/88,11 - Artigo 15 da Lei n° 8.036/90,"{""FGTS"": 0, ""INSS"": 0, ""IRRF"": 9, ""Analise"": ""Rubrica com inconsistência de INSS, IRRF e FGTS"", ""Rubrica"": ""PREMIO ASSIDUIDADE"", ""Cod Rubrica"": 866, ""Cód Natureza"": ""1211 - Gratificações"", ""Incid./Base Legal FGTS"": ""11 - Artigo 15 da Lei n° 8.036/90"", ""Incid./Base Legal INSS"": ""11 - Artigo 28, inciso I, da Lei n° 8.212/91"", ""Incid./Base Legal IRRF"": ""11 - Artigos 3º e 7º da Lei nº 7.713/88""}",2026-03-25 15:01:09.753784,,,,,,,,,,,,,,,,,,,,,,,,,,,,,,,,,,,,,,,,,,,,
997,1,997,867,DEV. ATRASO/D.S.R. HORAS,"1000 - Salário, vencimento, soldo ou subsídio",11,11,11,-,"11 - Artigo 28, inciso I, da Lei n° 8.212/91",11 - Artigos 3º e 7º da Lei nº 7.713/88,11 - Artigo 15 da Lei n° 8.036/90,"{""FGTS"": 11, ""INSS"": 11, ""IRRF"": 11, ""Analise"": ""-"", ""Rubrica"": ""DEV. ATRASO/D.S.R. HORAS"", ""Cod Rubrica"": 867, ""Cód Natureza"": ""1000 - Salário, vencimento, soldo ou subsídio"", ""Incid./Base Legal FGTS"": ""11 - Artigo 15 da Lei n° 8.036/90"", ""Incid./Base Legal INSS"": ""11 - Artigo 28, inciso I, da Lei n° 8.212/91"", ""Incid./Base Legal IRRF"": ""11 - Artigos 3º e 7º da Lei nº 7.713/88""}",2026-03-25 15:01:09.753784,,,,,,,,,,,,,,,,,,,,,,,,,,,,,,,,,,,,,,,,,,,,
998,1,998,868,DEV. FALTAS (HORAS),9209 - Faltas ou atrasos,11,11,11,-,"11 - Artigo 28, inciso I, da Lei n° 8.212/91",11 - Artigos 3º e 7º da Lei nº 7.713/88,11 - Artigo 15 da Lei n° 8.036/90,"{""FGTS"": 11, ""INSS"": 11, ""IRRF"": 11, ""Analise"": ""-"", ""Rubrica"": ""DEV. FALTAS (HORAS)"", ""Cod Rubrica"": 868, ""Cód Natureza"": ""9209 - Faltas ou atrasos"", ""Incid./Base Legal FGTS"": ""11 - Artigo 15 da Lei n° 8.036/90"", ""Incid./Base Legal INSS"": ""11 - Artigo 28, inciso I, da Lei n° 8.212/91"", ""Incid./Base Legal IRRF"": ""11 - Artigos 3º e 7º da Lei nº 7.713/88""}",2026-03-25 15:01:09.753784,,,,,,,,,,,,,,,,,,,,,,,,,,,,,,,,,,,,,,,,,,,,
999,1,999,869,REEMBOLSO DESC. INDEVIDO,1299 - Outros adicionais,0,9,0,"Rubrica com inconsistência de INSS, IRRF e FGTS","11 - Artigo 28, inciso I, da Lei n° 8.212/91",11 - Artigos 3º e 7º da Lei nº 7.713/88,11 - Artigo 15 da Lei n° 8.036/90,"{""FGTS"": 0, ""INSS"": 0, ""IRRF"": 9, ""Analise"": ""Rubrica com inconsistência de INSS, IRRF e FGTS"", ""Rubrica"": ""REEMBOLSO DESC. INDEVIDO"", ""Cod Rubrica"": 869, ""Cód Natureza"": ""1299 - Outros adicionais"", ""Incid./Base Legal FGTS"": ""11 - Artigo 15 da Lei n° 8.036/90"", ""Incid./Base Legal INSS"": ""11 - Artigo 28, inciso I, da Lei n° 8.212/91"", ""Incid./Base Legal IRRF"": ""11 - Artigos 3º e 7º da Lei nº 7.713/88""}",2026-03-25 15:01:09.753784,,,,,,,,,,,,,,,,,,,,,,,,,,,,,,,,,,,,,,,,,,,,
1000,1,1000,870,ADICIONAL DE ESTIMULO,1211 - Gratificações,11,11,11,-,"11 - Artigo 28, inciso I, da Lei n° 8.212/91",11 - Artigos 3º e 7º da Lei nº 7.713/88,11 - Artigo 15 da Lei n° 8.036/90,"{""FGTS"": 11, ""INSS"": 11, ""IRRF"": 11, ""Analise"": ""-"", ""Rubrica"": ""ADICIONAL DE ESTIMULO"", ""Cod Rubrica"": 870, ""Cód Natureza"": ""1211 - Gratificações"", ""Incid./Base Legal FGTS"": ""11 - Artigo 15 da Lei n° 8.036/90"", ""Incid./Base Legal INSS"": ""11 - Artigo 28, inciso I, da Lei n° 8.212/91"", ""Incid./Base Legal IRRF"": ""11 - Artigos 3º e 7º da Lei nº 7.713/88""}",2026-03-25 15:01:09.753784,,,,,,,,,,,,,,,,,,,,,,,,,,,,,,,,,,,,,,,,,,,,
1001,1,1001,871,H.EXTRA NOTURNO C/100% MÊS ANT.,1205 - Adicional noturno,11,11,11,-,"11 - Artigo 28, inciso I, da Lei n° 8.212/91",11 - Artigos 3º e 7º da Lei nº 7.713/88,11 - Artigo 15 da Lei n° 8.036/90,"{""FGTS"": 11, ""INSS"": 11, ""IRRF"": 11, ""Analise"": ""-"", ""Rubrica"": ""H.EXTRA NOTURNO C/100% MÊS ANT."", ""Cod Rubrica"": 871, ""Cód Natureza"": ""1205 - Adicional noturno"", ""Incid./Base Legal FGTS"": ""11 - Artigo 15 da Lei n° 8.036/90"", ""Incid./Base Legal INSS"": ""11 - Artigo 28, inciso I, da Lei n° 8.212/91"", ""Incid./Base Legal IRRF"": ""11 - Artigos 3º e 7º da Lei nº 7.713/88""}",2026-03-25 15:01:09.753784,,,,,,,,,,,,,,,,,,,,,,,,,,,,,,,,,,,,,,,,,,,,
1002,1,1002,872,HORAS EXTRAS 50% - DIF,1003 - Horas extraordinárias,11,11,11,-,"11 - Artigo 28, inciso I, da Lei n° 8.212/91",11 - Artigos 3º e 7º da Lei nº 7.713/88,11 - Artigo 15 da Lei n° 8.036/90,"{""FGTS"": 11, ""INSS"": 11, ""IRRF"": 11, ""Analise"": ""-"", ""Rubrica"": ""HORAS EXTRAS 50% - DIF"", ""Cod Rubrica"": 872, ""Cód Natureza"": ""1003 - Horas extraordinárias"", ""Incid./Base Legal FGTS"": ""11 - Artigo 15 da Lei n° 8.036/90"", ""Incid./Base Legal INSS"": ""11 - Artigo 28, inciso I, da Lei n° 8.212/91"", ""Incid./Base Legal IRRF"": ""11 - Artigos 3º e 7º da Lei nº 7.713/88""}",2026-03-25 15:01:09.753784,,,,,,,,,,,,,,,,,,,,,,,,,,,,,,,,,,,,,,,,,,,,
1003,1,1003,873,REEMB. 6% VALE TRANSPORTE,1629 - Ressarcimento de outras despesas – em caráter indenizatório patrimonial,0,9,0,-,"0 - Artigo 28, § 9º da Lei n° 8.212/91",9 - Artigo 6º da Lei nº 7.713/88,"0 - Artigo 15, § 6º da Lei n° 8.036/90","{""FGTS"": 0, ""INSS"": 0, ""IRRF"": 9, ""Analise"": ""-"", ""Rubrica"": ""REEMB. 6% VALE TRANSPORTE"", ""Cod Rubrica"": 873, ""Cód Natureza"": ""1629 - Ressarcimento de outras despesas – em caráter indenizatório patrimonial"", ""Incid./Base Legal FGTS"": ""0 - Artigo 15, § 6º da Lei n° 8.036/90"", ""Incid./Base Legal INSS"": ""0 - Artigo 28, § 9º da Lei n° 8.212/91"", ""Incid./Base Legal IRRF"": ""9 - Artigo 6º da Lei nº 7.713/88""}",2026-03-25 15:01:09.753784,,,,,,,,,,,,,,,,,,,,,,,,,,,,,,,,,,,,,,,,,,,,
1004,1,1004,874,DEV. FALTAS (HORAS),"1000 - Salário, vencimento, soldo ou subsídio",11,11,11,-,"11 - Artigo 28, inciso I, da Lei n° 8.212/91",11 - Artigos 3º e 7º da Lei nº 7.713/88,11 - Artigo 15 da Lei n° 8.036/90,"{""FGTS"": 11, ""INSS"": 11, ""IRRF"": 11, ""Analise"": ""-"", ""Rubrica"": ""DEV. FALTAS (HORAS)"", ""Cod Rubrica"": 874, ""Cód Natureza"": ""1000 - Salário, vencimento, soldo ou subsídio"", ""Incid./Base Legal FGTS"": ""11 - Artigo 15 da Lei n° 8.036/90"", ""Incid./Base Legal INSS"": ""11 - Artigo 28, inciso I, da Lei n° 8.212/91"", ""Incid./Base Legal IRRF"": ""11 - Artigos 3º e 7º da Lei nº 7.713/88""}",2026-03-25 15:01:09.753784,,,,,,,,,,,,,,,,,,,,,,,,,,,,,,,,,,,,,,,,,,,,
1005,1,1005,875,DEV. D.S.R FALTAS (HORAS),"1000 - Salário, vencimento, soldo ou subsídio",11,11,11,-,"11 - Artigo 28, inciso I, da Lei n° 8.212/91",11 - Artigos 3º e 7º da Lei nº 7.713/88,11 - Artigo 15 da Lei n° 8.036/90,"{""FGTS"": 11, ""INSS"": 11, ""IRRF"": 11, ""Analise"": ""-"", ""Rubrica"": ""DEV. D.S.R FALTAS (HORAS)"", ""Cod Rubrica"": 875, ""Cód Natureza"": ""1000 - Salário, vencimento, soldo ou subsídio"", ""Incid./Base Legal FGTS"": ""11 - Artigo 15 da Lei n° 8.036/90"", ""Incid./Base Legal INSS"": ""11 - Artigo 28, inciso I, da Lei n° 8.212/91"", ""Incid./Base Legal IRRF"": ""11 - Artigos 3º e 7º da Lei nº 7.713/88""}",2026-03-25 15:01:09.753784,,,,,,,,,,,,,,,,,,,,,,,,,,,,,,,,,,,,,,,,,,,,
1006,1,1006,876,DIF H.E. 50% - MES ANTERIOR,1003 - Horas extraordinárias,11,11,11,-,"11 - Artigo 28, inciso I, da Lei n° 8.212/91",11 - Artigos 3º e 7º da Lei nº 7.713/88,11 - Artigo 15 da Lei n° 8.036/90,"{""FGTS"": 11, ""INSS"": 11, ""IRRF"": 11, ""Analise"": ""-"", ""Rubrica"": ""DIF H.E. 50% - MES ANTERIOR"", ""Cod Rubrica"": 876, ""Cód Natureza"": ""1003 - Horas extraordinárias"", ""Incid./Base Legal FGTS"": ""11 - Artigo 15 da Lei n° 8.036/90"", ""Incid./Base Legal INSS"": ""11 - Artigo 28, inciso I, da Lei n° 8.212/91"", ""Incid./Base Legal IRRF"": ""11 - Artigos 3º e 7º da Lei nº 7.713/88""}",2026-03-25 15:01:09.753784,,,,,,,,,,,,,,,,,,,,,,,,,,,,,,,,,,,,,,,,,,,,
1007,1,1007,877,DIF H.E. 100% MES ANTERIOR,1003 - Horas extraordinárias,11,11,11,-,"11 - Artigo 28, inciso I, da Lei n° 8.212/91",11 - Artigos 3º e 7º da Lei nº 7.713/88,11 - Artigo 15 da Lei n° 8.036/90,"{""FGTS"": 11, ""INSS"": 11, ""IRRF"": 11, ""Analise"": ""-"", ""Rubrica"": ""DIF H.E. 100% MES ANTERIOR"", ""Cod Rubrica"": 877, ""Cód Natureza"": ""1003 - Horas extraordinárias"", ""Incid./Base Legal FGTS"": ""11 - Artigo 15 da Lei n° 8.036/90"", ""Incid./Base Legal INSS"": ""11 - Artigo 28, inciso I, da Lei n° 8.212/91"", ""Incid./Base Legal IRRF"": ""11 - Artigos 3º e 7º da Lei nº 7.713/88""}",2026-03-25 15:01:09.753784,,,,,,,,,,,,,,,,,,,,,,,,,,,,,,,,,,,,,,,,,,,,
1008,1,1008,878,DESC. ATRASOS,9209 - Faltas ou atrasos,11,11,11,-,"11 - Artigo 28, inciso I, da Lei n° 8.212/91",11 - Artigos 3º e 7º da Lei nº 7.713/88,11 - Artigo 15 da Lei n° 8.036/90,"{""FGTS"": 11, ""INSS"": 11, ""IRRF"": 11, ""Analise"": ""-"", ""Rubrica"": ""DESC. ATRASOS"", ""Cod Rubrica"": 878, ""Cód Natureza"": ""9209 - Faltas ou atrasos"", ""Incid./Base Legal FGTS"": ""11 - Artigo 15 da Lei n° 8.036/90"", ""Incid./Base Legal INSS"": ""11 - Artigo 28, inciso I, da Lei n° 8.212/91"", ""Incid./Base Legal IRRF"": ""11 - Artigos 3º e 7º da Lei nº 7.713/88""}",2026-03-25 15:01:09.753784,,,,,,,,,,,,,,,,,,,,,,,,,,,,,,,,,,,,,,,,,,,,
1009,1,1009,879,ADIC. SALARIO MES ANTERIOR,1211 - Gratificações,11,11,11,-,"11 - Artigo 28, inciso I, da Lei n° 8.212/91",11 - Artigos 3º e 7º da Lei nº 7.713/88,11 - Artigo 15 da Lei n° 8.036/90,"{""FGTS"": 11, ""INSS"": 11, ""IRRF"": 11, ""Analise"": ""-"", ""Rubrica"": ""ADIC. SALARIO MES ANTERIOR"", ""Cod Rubrica"": 879, ""Cód Natureza"": ""1211 - Gratificações"", ""Incid./Base Legal FGTS"": ""11 - Artigo 15 da Lei n° 8.036/90"", ""Incid./Base Legal INSS"": ""11 - Artigo 28, inciso I, da Lei n° 8.212/91"", ""Incid./Base Legal IRRF"": ""11 - Artigos 3º e 7º da Lei nº 7.713/88""}",2026-03-25 15:01:09.753784,,,,,,,,,,,,,,,,,,,,,,,,,,,,,,,,,,,,,,,,,,,,
1010,1,1010,880,H E 50% - ART. 71 MES ANT,1003 - Horas extraordinárias,11,11,11,-,"11 - Artigo 28, inciso I, da Lei n° 8.212/91",11 - Artigos 3º e 7º da Lei nº 7.713/88,11 - Artigo 15 da Lei n° 8.036/90,"{""FGTS"": 11, ""INSS"": 11, ""IRRF"": 11, ""Analise"": ""-"", ""Rubrica"": ""H E 50% - ART. 71 MES ANT"", ""Cod Rubrica"": 880, ""Cód Natureza"": ""1003 - Horas extraordinárias"", ""Incid./Base Legal FGTS"": ""11 - Artigo 15 da Lei n° 8.036/90"", ""Incid./Base Legal INSS"": ""11 - Artigo 28, inciso I, da Lei n° 8.212/91"", ""Incid./Base Legal IRRF"": ""11 - Artigos 3º e 7º da Lei nº 7.713/88""}",2026-03-25 15:01:09.753784,,,,,,,,,,,,,,,,,,,,,,,,,,,,,,,,,,,,,,,,,,,,
1011,1,1011,881,PARTICIPAÇÃO DE LUCRO/RESULTADOS 2023,1300 - PLR - Participação nos lucros e resultados,0,14,0,-,"0 - Artigo 28, § 9º da Lei n° 8.212/91",14 - Artigo 3º da Lei nº 10.101/2000,"0 - Artigo 15, § 6º da Lei n° 8.036/90","{""FGTS"": 0, ""INSS"": 0, ""IRRF"": 14, ""Analise"": ""-"", ""Rubrica"": ""PARTICIPAÇÃO DE LUCRO/RESULTADOS 2023"", ""Cod Rubrica"": 881, ""Cód Natureza"": ""1300 - PLR - Participação nos lucros e resultados"", ""Incid./Base Legal FGTS"": ""0 - Artigo 15, § 6º da Lei n° 8.036/90"", ""Incid./Base Legal INSS"": ""0 - Artigo 28, § 9º da Lei n° 8.212/91"", ""Incid./Base Legal IRRF"": ""14 - Artigo 3º da Lei nº 10.101/2000""}",2026-03-25 15:01:09.753784,,,,,,,,,,,,,,,,,,,,,,,,,,,,,,,,,,,,,,,,,,,,
1012,1,1012,882,REEMB. DESC. VALE REFEICAO,"1806 - Alimentação em ticket ou cartão, vinculada ao PAT",0,9,0,-,"0 - Artigo 28, inciso I, da Lei n° 8.212/91","9 - artigo 35, inciso I, alínea p do Decreto n° 9.580/2018",0 - Artigo 15 da Lei n° 8.036/90,"{""FGTS"": 0, ""INSS"": 0, ""IRRF"": 9, ""Analise"": ""-"", ""Rubrica"": ""REEMB. DESC. VALE REFEICAO"", ""Cod Rubrica"": 882, ""Cód Natureza"": ""1806 - Alimentação em ticket ou cartão, vinculada ao PAT"", ""Incid./Base Legal FGTS"": ""0 - Artigo 15 da Lei n° 8.036/90"", ""Incid./Base Legal INSS"": ""0 - Artigo 28, inciso I, da Lei n° 8.212/91"", ""Incid./Base Legal IRRF"": ""9 - artigo 35, inciso I, alínea p do Decreto n° 9.580/2018""}",2026-03-25 15:01:09.753784,,,,,,,,,,,,,,,,,,,,,,,,,,,,,,,,,,,,,,,,,,,,
1013,1,1013,883,DESC. CONTRIB. NEGOCIAL MES ANTERIOR,9233 - Contribuição sindical - Confederativa,0,79,0,Rubrica com inconsistência de IRRF,"0 - Artigo 28, § 9º da Lei n° 8.212/91",9 - Artigo 4º da Lei nº 9.250/95,0 - Artigo 15 da Lei n° 8.036/90,"{""FGTS"": 0, ""INSS"": 0, ""IRRF"": 79, ""Analise"": ""Rubrica com inconsistência de IRRF"", ""Rubrica"": ""DESC. CONTRIB. NEGOCIAL MES ANTERIOR"", ""Cod Rubrica"": 883, ""Cód Natureza"": ""9233 - Contribuição sindical - Confederativa"", ""Incid./Base Legal FGTS"": ""0 - Artigo 15 da Lei n° 8.036/90"", ""Incid./Base Legal INSS"": ""0 - Artigo 28, § 9º da Lei n° 8.212/91"", ""Incid./Base Legal IRRF"": ""9 - Artigo 4º da Lei nº 9.250/95""}",2026-03-25 15:01:09.753784,,,,,,,,,,,,,,,,,,,,,,,,,,,,,,,,,,,,,,,,,,,,
1014,1,1014,884,ABONO - SEERC,1018 -,0,75,0,"Rubrica com inconsistência de INSS, IRRF e FGTS",Rubrica não encontrada,Rubrica não encontrada,Rubrica não encontrada,"{""FGTS"": 0, ""INSS"": 0, ""IRRF"": 75, ""Analise"": ""Rubrica com inconsistência de INSS, IRRF e FGTS"", ""Rubrica"": ""ABONO - SEERC"", ""Cod Rubrica"": 884, ""Cód Natureza"": ""1018 -"", ""Incid./Base Legal FGTS"": ""Rubrica não encontrada"", ""Incid./Base Legal INSS"": ""Rubrica não encontrada"", ""Incid./Base Legal IRRF"": ""Rubrica não encontrada""}",2026-03-25 15:01:09.753784,,,,,,,,,,,,,,,,,,,,,,,,,,,,,,,,,,,,,,,,,,,,
1015,1,1015,885,PREMIO ASSIDUIDADE MÊS ANTERIOR,1211 - Gratificações,0,11,0,Rubrica com inconsistência de INSS e FGTS,"11 - Artigo 28, inciso I, da Lei n° 8.212/91",11 - Artigos 3º e 7º da Lei nº 7.713/88,11 - Artigo 15 da Lei n° 8.036/90,"{""FGTS"": 0, ""INSS"": 0, ""IRRF"": 11, ""Analise"": ""Rubrica com inconsistência de INSS e FGTS"", ""Rubrica"": ""PREMIO ASSIDUIDADE MÊS ANTERIOR"", ""Cod Rubrica"": 885, ""Cód Natureza"": ""1211 - Gratificações"", ""Incid./Base Legal FGTS"": ""11 - Artigo 15 da Lei n° 8.036/90"", ""Incid./Base Legal INSS"": ""11 - Artigo 28, inciso I, da Lei n° 8.212/91"", ""Incid./Base Legal IRRF"": ""11 - Artigos 3º e 7º da Lei nº 7.713/88""}",2026-03-25 15:01:09.753784,,,,,,,,,,,,,,,,,,,,,,,,,,,,,,,,,,,,,,,,,,,,
1016,1,1016,886,DESC. CONTRIB. NEGOCIAL SINTRAL,9233 - Contribuição sindical - Confederativa,0,9,0,-,"0 - Artigo 28, § 9º da Lei n° 8.212/91",9 - Artigo 4º da Lei nº 9.250/95,0 - Artigo 15 da Lei n° 8.036/90,"{""FGTS"": 0, ""INSS"": 0, ""IRRF"": 9, ""Analise"": ""-"", ""Rubrica"": ""DESC. CONTRIB. NEGOCIAL SINTRAL"", ""Cod Rubrica"": 886, ""Cód Natureza"": ""9233 - Contribuição sindical - Confederativa"", ""Incid./Base Legal FGTS"": ""0 - Artigo 15 da Lei n° 8.036/90"", ""Incid./Base Legal INSS"": ""0 - Artigo 28, § 9º da Lei n° 8.212/91"", ""Incid./Base Legal IRRF"": ""9 - Artigo 4º da Lei nº 9.250/95""}",2026-03-25 15:01:09.753784,,,,,,,,,,,,,,,,,,,,,,,,,,,,,,,,,,,,,,,,,,,,
1018,1,1018,888,DESC. D.S.R. S/FALTAS (Horas),9210 - DSR s/faltas e atrasos,11,11,11,-,"11 - Artigo 28, inciso I, da Lei n° 8.212/91",11 - Artigos 3º e 7º da Lei nº 7.713/88,11 - Artigo 15 da Lei n° 8.036/90,"{""FGTS"": 11, ""INSS"": 11, ""IRRF"": 11, ""Analise"": ""-"", ""Rubrica"": ""DESC. D.S.R. S/FALTAS (Horas)"", ""Cod Rubrica"": 888, ""Cód Natureza"": ""9210 - DSR s/faltas e atrasos"", ""Incid./Base Legal FGTS"": ""11 - Artigo 15 da Lei n° 8.036/90"", ""Incid./Base Legal INSS"": ""11 - Artigo 28, inciso I, da Lei n° 8.212/91"", ""Incid./Base Legal IRRF"": ""11 - Artigos 3º e 7º da Lei nº 7.713/88""}",2026-03-25 15:01:09.753784,,,,,,,,,,,,,,,,,,,,,,,,,,,,,,,,,,,,,,,,,,,,
1019,1,1019,889,AUX. DOENÇA MÊS ANTERIOR,"1000 - Salário, vencimento, soldo ou subsídio",11,11,11,-,"11 - Artigo 28, inciso I, da Lei n° 8.212/91",11 - Artigos 3º e 7º da Lei nº 7.713/88,11 - Artigo 15 da Lei n° 8.036/90,"{""FGTS"": 11, ""INSS"": 11, ""IRRF"": 11, ""Analise"": ""-"", ""Rubrica"": ""AUX. DOENÇA MÊS ANTERIOR"", ""Cod Rubrica"": 889, ""Cód Natureza"": ""1000 - Salário, vencimento, soldo ou subsídio"", ""Incid./Base Legal FGTS"": ""11 - Artigo 15 da Lei n° 8.036/90"", ""Incid./Base Legal INSS"": ""11 - Artigo 28, inciso I, da Lei n° 8.212/91"", ""Incid./Base Legal IRRF"": ""11 - Artigos 3º e 7º da Lei nº 7.713/88""}",2026-03-25 15:01:09.753784,,,,,,,,,,,,,,,,,,,,,,,,,,,,,,,,,,,,,,,,,,,,
1020,1,1020,890,DESC. PAGTO. SALARIO INDEV. MÊS ANTERIOR,9209 - Faltas ou atrasos,11,11,11,-,"11 - Artigo 28, inciso I, da Lei n° 8.212/91",11 - Artigos 3º e 7º da Lei nº 7.713/88,11 - Artigo 15 da Lei n° 8.036/90,"{""FGTS"": 11, ""INSS"": 11, ""IRRF"": 11, ""Analise"": ""-"", ""Rubrica"": ""DESC. PAGTO. SALARIO INDEV. MÊS ANTERIOR"", ""Cod Rubrica"": 890, ""Cód Natureza"": ""9209 - Faltas ou atrasos"", ""Incid./Base Legal FGTS"": ""11 - Artigo 15 da Lei n° 8.036/90"", ""Incid./Base Legal INSS"": ""11 - Artigo 28, inciso I, da Lei n° 8.212/91"", ""Incid./Base Legal IRRF"": ""11 - Artigos 3º e 7º da Lei nº 7.713/88""}",2026-03-25 15:01:09.753784,,,,,,,,,,,,,,,,,,,,,,,,,,,,,,,,,,,,,,,,,,,,
1021,1,1021,891,REEMB VALE LANCHE,"1806 - Alimentação em ticket ou cartão, vinculada ao PAT",0,9,0,-,"0 - Artigo 28, inciso I, da Lei n° 8.212/91","9 - artigo 35, inciso I, alínea p do Decreto n° 9.580/2018",0 - Artigo 15 da Lei n° 8.036/90,"{""FGTS"": 0, ""INSS"": 0, ""IRRF"": 9, ""Analise"": ""-"", ""Rubrica"": ""REEMB VALE LANCHE"", ""Cod Rubrica"": 891, ""Cód Natureza"": ""1806 - Alimentação em ticket ou cartão, vinculada ao PAT"", ""Incid./Base Legal FGTS"": ""0 - Artigo 15 da Lei n° 8.036/90"", ""Incid./Base Legal INSS"": ""0 - Artigo 28, inciso I, da Lei n° 8.212/91"", ""Incid./Base Legal IRRF"": ""9 - artigo 35, inciso I, alínea p do Decreto n° 9.580/2018""}",2026-03-25 15:01:09.753784,,,,,,,,,,,,,,,,,,,,,,,,,,,,,,,,,,,,,,,,,,,,
1022,1,1022,892,REEMB. EXAME RETORNO AO TRABALHO,1299 - Outros adicionais,0,9,0,"Rubrica com inconsistência de INSS, IRRF e FGTS","11 - Artigo 28, inciso I, da Lei n° 8.212/91",11 - Artigos 3º e 7º da Lei nº 7.713/88,11 - Artigo 15 da Lei n° 8.036/90,"{""FGTS"": 0, ""INSS"": 0, ""IRRF"": 9, ""Analise"": ""Rubrica com inconsistência de INSS, IRRF e FGTS"", ""Rubrica"": ""REEMB. EXAME RETORNO AO TRABALHO"", ""Cod Rubrica"": 892, ""Cód Natureza"": ""1299 - Outros adicionais"", ""Incid./Base Legal FGTS"": ""11 - Artigo 15 da Lei n° 8.036/90"", ""Incid./Base Legal INSS"": ""11 - Artigo 28, inciso I, da Lei n° 8.212/91"", ""Incid./Base Legal IRRF"": ""11 - Artigos 3º e 7º da Lei nº 7.713/88""}",2026-03-25 15:01:09.753784,,,,,,,,,,,,,,,,,,,,,,,,,,,,,,,,,,,,,,,,,,,,
1023,1,1023,893,DESC. VALE-TRANSPORTE 6% MÊS ANTERIOR,9216 - Desconto de vale transporte,0,9,0,-,"0 - Artigo 28, § 9º da Lei n° 8.212/91",9 - Artigos 3º e 7º da Lei nº 7.713/88,"0 - Artigo 15, § 6º da Lei n° 8.036/90","{""FGTS"": 0, ""INSS"": 0, ""IRRF"": 9, ""Analise"": ""-"", ""Rubrica"": ""DESC. VALE-TRANSPORTE 6% MÊS ANTERIOR"", ""Cod Rubrica"": 893, ""Cód Natureza"": ""9216 - Desconto de vale transporte"", ""Incid./Base Legal FGTS"": ""0 - Artigo 15, § 6º da Lei n° 8.036/90"", ""Incid./Base Legal INSS"": ""0 - Artigo 28, § 9º da Lei n° 8.212/91"", ""Incid./Base Legal IRRF"": ""9 - Artigos 3º e 7º da Lei nº 7.713/88""}",2026-03-25 15:01:09.753784,,,,,,,,,,,,,,,,,,,,,,,,,,,,,,,,,,,,,,,,,,,,
1024,1,1024,894,DESC. ASSIST. ODONTOLOGICA MES ANT,9299 - Outros descontos,0,9,0,-,"0 - Artigo 28, § 9º da Lei n° 8.212/91",9 - Artigos 3º e 7º da Lei nº 7.713/88,"0 - Artigo 15, § 6º da Lei n° 8.036/90","{""FGTS"": 0, ""INSS"": 0, ""IRRF"": 9, ""Analise"": ""-"", ""Rubrica"": ""DESC. ASSIST. ODONTOLOGICA MES ANT"", ""Cod Rubrica"": 894, ""Cód Natureza"": ""9299 - Outros descontos"", ""Incid./Base Legal FGTS"": ""0 - Artigo 15, § 6º da Lei n° 8.036/90"", ""Incid./Base Legal INSS"": ""0 - Artigo 28, § 9º da Lei n° 8.212/91"", ""Incid./Base Legal IRRF"": ""9 - Artigos 3º e 7º da Lei nº 7.713/88""}",2026-03-25 15:01:09.753784,,,,,,,,,,,,,,,,,,,,,,,,,,,,,,,,,,,,,,,,,,,,
1025,1,1025,895,DESC. ASSIST. ODONTO. DEPENDENTE MES ANT,9299 - Outros descontos,0,9,0,-,"0 - Artigo 28, § 9º da Lei n° 8.212/91",9 - Artigos 3º e 7º da Lei nº 7.713/88,"0 - Artigo 15, § 6º da Lei n° 8.036/90","{""FGTS"": 0, ""INSS"": 0, ""IRRF"": 9, ""Analise"": ""-"", ""Rubrica"": ""DESC. ASSIST. ODONTO. DEPENDENTE MES ANT"", ""Cod Rubrica"": 895, ""Cód Natureza"": ""9299 - Outros descontos"", ""Incid./Base Legal FGTS"": ""0 - Artigo 15, § 6º da Lei n° 8.036/90"", ""Incid./Base Legal INSS"": ""0 - Artigo 28, § 9º da Lei n° 8.212/91"", ""Incid./Base Legal IRRF"": ""9 - Artigos 3º e 7º da Lei nº 7.713/88""}",2026-03-25 15:01:09.753784,,,,,,,,,,,,,,,,,,,,,,,,,,,,,,,,,,,,,,,,,,,,
1026,1,1026,896,DESC. CO PARTICIPACAO A.M. Mês Anterior,9299 - Outros descontos,0,9,0,-,"0 - Artigo 28, § 9º da Lei n° 8.212/91",9 - Artigos 3º e 7º da Lei nº 7.713/88,"0 - Artigo 15, § 6º da Lei n° 8.036/90","{""FGTS"": 0, ""INSS"": 0, ""IRRF"": 9, ""Analise"": ""-"", ""Rubrica"": ""DESC. CO PARTICIPACAO A.M. Mês Anterior"", ""Cod Rubrica"": 896, ""Cód Natureza"": ""9299 - Outros descontos"", ""Incid./Base Legal FGTS"": ""0 - Artigo 15, § 6º da Lei n° 8.036/90"", ""Incid./Base Legal INSS"": ""0 - Artigo 28, § 9º da Lei n° 8.212/91"", ""Incid./Base Legal IRRF"": ""9 - Artigos 3º e 7º da Lei nº 7.713/88""}",2026-03-25 15:01:09.753784,,,,,,,,,,,,,,,,,,,,,,,,,,,,,,,,,,,,,,,,,,,,
1027,1,1027,898,MULTA CCT CLÁSULA 6ª - 03/2024,9989 - Outros valores informativos,0,9,0,-,"0 - Artigo 28, inciso I, da Lei n° 8.212/91",9 - Artigo 12-A da Lei nº 7.713/88,0 - Artigo 15 da Lei n° 8.036/90,"{""FGTS"": 0, ""INSS"": 0, ""IRRF"": 9, ""Analise"": ""-"", ""Rubrica"": ""MULTA CCT CLÁSULA 6ª - 03/2024"", ""Cod Rubrica"": 898, ""Cód Natureza"": ""9989 - Outros valores informativos"", ""Incid./Base Legal FGTS"": ""0 - Artigo 15 da Lei n° 8.036/90"", ""Incid./Base Legal INSS"": ""0 - Artigo 28, inciso I, da Lei n° 8.212/91"", ""Incid./Base Legal IRRF"": ""9 - Artigo 12-A da Lei nº 7.713/88""}",2026-03-25 15:01:09.753784,,,,,,,,,,,,,,,,,,,,,,,,,,,,,,,,,,,,,,,,,,,,
1028,1,1028,899,DESC. PAGTO. INDEVIDO,9209 - Faltas ou atrasos,11,11,11,-,"11 - Artigo 28, inciso I, da Lei n° 8.212/91",11 - Artigos 3º e 7º da Lei nº 7.713/88,11 - Artigo 15 da Lei n° 8.036/90,"{""FGTS"": 11, ""INSS"": 11, ""IRRF"": 11, ""Analise"": ""-"", ""Rubrica"": ""DESC. PAGTO. INDEVIDO"", ""Cod Rubrica"": 899, ""Cód Natureza"": ""9209 - Faltas ou atrasos"", ""Incid./Base Legal FGTS"": ""11 - Artigo 15 da Lei n° 8.036/90"", ""Incid./Base Legal INSS"": ""11 - Artigo 28, inciso I, da Lei n° 8.212/91"", ""Incid./Base Legal IRRF"": ""11 - Artigos 3º e 7º da Lei nº 7.713/88""}",2026-03-25 15:01:09.753784,,,,,,,,,,,,,,,,,,,,,,,,,,,,,,,,,,,,,,,,,,,,
1029,1,1029,900,VALE LANCHE NAO UTILIZADO MES ANT,"9243 - Cesta básica ou refeição, vinculada ao PAT - Desconto",0,9,0,-,"0 - Artigo 28, §9º da Lei n° 8.212/91",9 - Artigos 3º e 7º da Lei nº 7.713/88,0 - Artigo 15 da Lei n° 8.036/90,"{""FGTS"": 0, ""INSS"": 0, ""IRRF"": 9, ""Analise"": ""-"", ""Rubrica"": ""VALE LANCHE NAO UTILIZADO MES ANT"", ""Cod Rubrica"": 900, ""Cód Natureza"": ""9243 - Cesta básica ou refeição, vinculada ao PAT - Desconto"", ""Incid./Base Legal FGTS"": ""0 - Artigo 15 da Lei n° 8.036/90"", ""Incid./Base Legal INSS"": ""0 - Artigo 28, §9º da Lei n° 8.212/91"", ""Incid./Base Legal IRRF"": ""9 - Artigos 3º e 7º da Lei nº 7.713/88""}",2026-03-25 15:01:09.753784,,,,,,,,,,,,,,,,,,,,,,,,,,,,,,,,,,,,,,,,,,,,
1030,1,1030,934,AJUDA DE CUSTO - MES ANTERIOR,1211 - Gratificações,0,73,0,"Rubrica com inconsistência de INSS, IRRF e FGTS","11 - Artigo 28, inciso I, da Lei n° 8.212/91",11 - Artigos 3º e 7º da Lei nº 7.713/88,11 - Artigo 15 da Lei n° 8.036/90,"{""FGTS"": 0, ""INSS"": 0, ""IRRF"": 73, ""Analise"": ""Rubrica com inconsistência de INSS, IRRF e FGTS"", ""Rubrica"": ""AJUDA DE CUSTO - MES ANTERIOR"", ""Cod Rubrica"": 934, ""Cód Natureza"": ""1211 - Gratificações"", ""Incid./Base Legal FGTS"": ""11 - Artigo 15 da Lei n° 8.036/90"", ""Incid./Base Legal INSS"": ""11 - Artigo 28, inciso I, da Lei n° 8.212/91"", ""Incid./Base Legal IRRF"": ""11 - Artigos 3º e 7º da Lei nº 7.713/88""}",2026-03-25 15:01:09.753784,,,,,,,,,,,,,,,,,,,,,,,,,,,,,,,,,,,,,,,,,,,,
1031,1,1031,938,DIFERENCA DE SALARIO,"1000 - Salário, vencimento, soldo ou subsídio",11,11,11,-,"11 - Artigo 28, inciso I, da Lei n° 8.212/91",11 - Artigos 3º e 7º da Lei nº 7.713/88,11 - Artigo 15 da Lei n° 8.036/90,"{""FGTS"": 11, ""INSS"": 11, ""IRRF"": 11, ""Analise"": ""-"", ""Rubrica"": ""DIFERENCA DE SALARIO"", ""Cod Rubrica"": 938, ""Cód Natureza"": ""1000 - Salário, vencimento, soldo ou subsídio"", ""Incid./Base Legal FGTS"": ""11 - Artigo 15 da Lei n° 8.036/90"", ""Incid./Base Legal INSS"": ""11 - Artigo 28, inciso I, da Lei n° 8.212/91"", ""Incid./Base Legal IRRF"": ""11 - Artigos 3º e 7º da Lei nº 7.713/88""}",2026-03-25 15:01:09.753784,,,,,,,,,,,,,,,,,,,,,,,,,,,,,,,,,,,,,,,,,,,,
1032,1,1032,940,GRATIFICAÇÃO MÊS ANTERIOR,1211 - Gratificações,11,11,11,-,"11 - Artigo 28, inciso I, da Lei n° 8.212/91",11 - Artigos 3º e 7º da Lei nº 7.713/88,11 - Artigo 15 da Lei n° 8.036/90,"{""FGTS"": 11, ""INSS"": 11, ""IRRF"": 11, ""Analise"": ""-"", ""Rubrica"": ""GRATIFICAÇÃO MÊS ANTERIOR"", ""Cod Rubrica"": 940, ""Cód Natureza"": ""1211 - Gratificações"", ""Incid./Base Legal FGTS"": ""11 - Artigo 15 da Lei n° 8.036/90"", ""Incid./Base Legal INSS"": ""11 - Artigo 28, inciso I, da Lei n° 8.212/91"", ""Incid./Base Legal IRRF"": ""11 - Artigos 3º e 7º da Lei nº 7.713/88""}",2026-03-25 15:01:09.753784,,,,,,,,,,,,,,,,,,,,,,,,,,,,,,,,,,,,,,,,,,,,
1033,1,1033,943,MULTA CCT CLÁSULA 6ª - 04/2024,9989 - Outros valores informativos,0,9,0,-,"0 - Artigo 28, inciso I, da Lei n° 8.212/91",9 - Artigo 12-A da Lei nº 7.713/88,0 - Artigo 15 da Lei n° 8.036/90,"{""FGTS"": 0, ""INSS"": 0, ""IRRF"": 9, ""Analise"": ""-"", ""Rubrica"": ""MULTA CCT CLÁSULA 6ª - 04/2024"", ""Cod Rubrica"": 943, ""Cód Natureza"": ""9989 - Outros valores informativos"", ""Incid./Base Legal FGTS"": ""0 - Artigo 15 da Lei n° 8.036/90"", ""Incid./Base Legal INSS"": ""0 - Artigo 28, inciso I, da Lei n° 8.212/91"", ""Incid./Base Legal IRRF"": ""9 - Artigo 12-A da Lei nº 7.713/88""}",2026-03-25 15:01:09.753784,,,,,,,,,,,,,,,,,,,,,,,,,,,,,,,,,,,,,,,,,,,,
1034,1,1034,946,DIFERENÇA - PREMIO ASSIDUIDADE,1211 - Gratificações,11,11,11,-,"11 - Artigo 28, inciso I, da Lei n° 8.212/91",11 - Artigos 3º e 7º da Lei nº 7.713/88,11 - Artigo 15 da Lei n° 8.036/90,"{""FGTS"": 11, ""INSS"": 11, ""IRRF"": 11, ""Analise"": ""-"", ""Rubrica"": ""DIFERENÇA - PREMIO ASSIDUIDADE"", ""Cod Rubrica"": 946, ""Cód Natureza"": ""1211 - Gratificações"", ""Incid./Base Legal FGTS"": ""11 - Artigo 15 da Lei n° 8.036/90"", ""Incid./Base Legal INSS"": ""11 - Artigo 28, inciso I, da Lei n° 8.212/91"", ""Incid./Base Legal IRRF"": ""11 - Artigos 3º e 7º da Lei nº 7.713/88""}",2026-03-25 15:01:09.753784,,,,,,,,,,,,,,,,,,,,,,,,,,,,,,,,,,,,,,,,,,,,
1035,1,1035,948,MULTA POR ATRASO DE SALARIO,6129 - Outras verbas não remuneratórias (indenizatórias ou multas),0,9,0,Rubrica com inconsistência de IRRF,"0 - Artigo 28, inciso I, da Lei n° 8.212/91","79 - Artigos 6 da Lei nº 7.713/88 e Artigo 2° da Lei n° 8.036/90, e artigo 65 do Decreto n° 9.580/2018",0 - Artigo 15 da Lei n° 8.036/90,"{""FGTS"": 0, ""INSS"": 0, ""IRRF"": 9, ""Analise"": ""Rubrica com inconsistência de IRRF"", ""Rubrica"": ""MULTA POR ATRASO DE SALARIO"", ""Cod Rubrica"": 948, ""Cód Natureza"": ""6129 - Outras verbas não remuneratórias (indenizatórias ou multas)"", ""Incid./Base Legal FGTS"": ""0 - Artigo 15 da Lei n° 8.036/90"", ""Incid./Base Legal INSS"": ""0 - Artigo 28, inciso I, da Lei n° 8.212/91"", ""Incid./Base Legal IRRF"": ""79 - Artigos 6 da Lei nº 7.713/88 e Artigo 2° da Lei n° 8.036/90, e artigo 65 do Decreto n° 9.580/2018""}",2026-03-25 15:01:09.753784,,,,,,,,,,,,,,,,,,,,,,,,,,,,,,,,,,,,,,,,,,,,
1036,1,1036,949,DESC. I.N.S.S. MÊS ANTERIOR,9299 - Outros descontos,0,9,0,-,"0 - Artigo 28, § 9º da Lei n° 8.212/91",9 - Artigos 3º e 7º da Lei nº 7.713/88,"0 - Artigo 15, § 6º da Lei n° 8.036/90","{""FGTS"": 0, ""INSS"": 0, ""IRRF"": 9, ""Analise"": ""-"", ""Rubrica"": ""DESC. I.N.S.S. MÊS ANTERIOR"", ""Cod Rubrica"": 949, ""Cód Natureza"": ""9299 - Outros descontos"", ""Incid./Base Legal FGTS"": ""0 - Artigo 15, § 6º da Lei n° 8.036/90"", ""Incid./Base Legal INSS"": ""0 - Artigo 28, § 9º da Lei n° 8.212/91"", ""Incid./Base Legal IRRF"": ""9 - Artigos 3º e 7º da Lei nº 7.713/88""}",2026-03-25 15:01:09.753784,,,,,,,,,,,,,,,,,,,,,,,,,,,,,,,,,,,,,,,,,,,,
1037,1,1037,950,DIF. ASSISTENCIA MEDICA,1405 - Assistência médica,0,9,0,-,"0 - Artigo 28, § 9º da Lei n° 8.212/91","9 - artigo 35, inciso I, alínea p do Decreto n° 9.580/2018",0 - Artigo 15 da Lei n° 8.036/90,"{""FGTS"": 0, ""INSS"": 0, ""IRRF"": 9, ""Analise"": ""-"", ""Rubrica"": ""DIF. ASSISTENCIA MEDICA"", ""Cod Rubrica"": 950, ""Cód Natureza"": ""1405 - Assistência médica"", ""Incid./Base Legal FGTS"": ""0 - Artigo 15 da Lei n° 8.036/90"", ""Incid./Base Legal INSS"": ""0 - Artigo 28, § 9º da Lei n° 8.212/91"", ""Incid./Base Legal IRRF"": ""9 - artigo 35, inciso I, alínea p do Decreto n° 9.580/2018""}",2026-03-25 15:01:09.753784,,,,,,,,,,,,,,,,,,,,,,,,,,,,,,,,,,,,,,,,,,,,
1038,1,1038,955,DESC. ADIC. NOTURNO MES ANTERIOR,1205 - Adicional noturno,11,11,11,-,"11 - Artigo 28, inciso I, da Lei n° 8.212/91",11 - Artigos 3º e 7º da Lei nº 7.713/88,11 - Artigo 15 da Lei n° 8.036/90,"{""FGTS"": 11, ""INSS"": 11, ""IRRF"": 11, ""Analise"": ""-"", ""Rubrica"": ""DESC. ADIC. NOTURNO MES ANTERIOR"", ""Cod Rubrica"": 955, ""Cód Natureza"": ""1205 - Adicional noturno"", ""Incid./Base Legal FGTS"": ""11 - Artigo 15 da Lei n° 8.036/90"", ""Incid./Base Legal INSS"": ""11 - Artigo 28, inciso I, da Lei n° 8.212/91"", ""Incid./Base Legal IRRF"": ""11 - Artigos 3º e 7º da Lei nº 7.713/88""}",2026-03-25 15:01:09.753784,,,,,,,,,,,,,,,,,,,,,,,,,,,,,,,,,,,,,,,,,,,,
1039,1,1039,958,DESCONTO HORAS REDUZIDAS ADIC. NOTURNO,1205 - Adicional noturno,11,11,11,-,"11 - Artigo 28, inciso I, da Lei n° 8.212/91",11 - Artigos 3º e 7º da Lei nº 7.713/88,11 - Artigo 15 da Lei n° 8.036/90,"{""FGTS"": 11, ""INSS"": 11, ""IRRF"": 11, ""Analise"": ""-"", ""Rubrica"": ""DESCONTO HORAS REDUZIDAS ADIC. NOTURNO"", ""Cod Rubrica"": 958, ""Cód Natureza"": ""1205 - Adicional noturno"", ""Incid./Base Legal FGTS"": ""11 - Artigo 15 da Lei n° 8.036/90"", ""Incid./Base Legal INSS"": ""11 - Artigo 28, inciso I, da Lei n° 8.212/91"", ""Incid./Base Legal IRRF"": ""11 - Artigos 3º e 7º da Lei nº 7.713/88""}",2026-03-25 15:01:09.753784,,,,,,,,,,,,,,,,,,,,,,,,,,,,,,,,,,,,,,,,,,,,
1040,1,1040,961,DESC. PENSAO ALIMENTICIA SALARIO,9213 - Pensão alimentícia,0,51,0,-,"0 - Artigo 28, § 9º da Lei n° 8.212/91","51 - Artigo 4º, inciso IV, da Lei nº 9.250/95","0 - Artigo 15, § 6º da Lei n° 8.036/90","{""FGTS"": 0, ""INSS"": 0, ""IRRF"": 51, ""Analise"": ""-"", ""Rubrica"": ""DESC. PENSAO ALIMENTICIA SALARIO"", ""Cod Rubrica"": 961, ""Cód Natureza"": ""9213 - Pensão alimentícia"", ""Incid./Base Legal FGTS"": ""0 - Artigo 15, § 6º da Lei n° 8.036/90"", ""Incid./Base Legal INSS"": ""0 - Artigo 28, § 9º da Lei n° 8.212/91"", ""Incid./Base Legal IRRF"": ""51 - Artigo 4º, inciso IV, da Lei nº 9.250/95""}",2026-03-25 15:01:09.753784,,,,,,,,,,,,,,,,,,,,,,,,,,,,,,,,,,,,,,,,,,,,
1041,1,1041,"52 - Artigo 4º, inciso IV, da Lei nº 9.250/95",,,,,,,,,,"{""Incid./Base Legal IRRF"": ""52 - Artigo 4º, inciso IV, da Lei nº 9.250/95""}",2026-03-25 15:01:09.753784,,,,,,,,,,,,,,,,,,,,,,,,,,,,,,,,,,,,,,,,,,,,
1042,1,1042,"53 - Artigo 4º, inciso IV, da Lei nº 9.250/95",,,,,,,,,,"{""Incid./Base Legal IRRF"": ""53 - Artigo 4º, inciso IV, da Lei nº 9.250/95""}",2026-03-25 15:01:09.753784,,,,,,,,,,,,,,,,,,,,,,,,,,,,,,,,,,,,,,,,,,,,
1043,1,1043,"54 - Artigo 3º, § 10 da Lei nº 10.101/2000",,,,,,,,,,"{""Incid./Base Legal IRRF"": ""54 - Artigo 3º, § 10 da Lei nº 10.101/2000""}",2026-03-25 15:01:09.753784,,,,,,,,,,,,,,,,,,,,,,,,,,,,,,,,,,,,,,,,,,,,
1044,1,1044,962,DESC. PENSAO ALIMENTICIA EM FERIAS,9213 - Pensão alimentícia,0,53,0,-,"0 - Artigo 28, § 9º da Lei n° 8.212/91","51 - Artigo 4º, inciso IV, da Lei nº 9.250/95","0 - Artigo 15, § 6º da Lei n° 8.036/90","{""FGTS"": 0, ""INSS"": 0, ""IRRF"": 53, ""Analise"": ""-"", ""Rubrica"": ""DESC. PENSAO ALIMENTICIA EM FERIAS"", ""Cod Rubrica"": 962, ""Cód Natureza"": ""9213 - Pensão alimentícia"", ""Incid./Base Legal FGTS"": ""0 - Artigo 15, § 6º da Lei n° 8.036/90"", ""Incid./Base Legal INSS"": ""0 - Artigo 28, § 9º da Lei n° 8.212/91"", ""Incid./Base Legal IRRF"": ""51 - Artigo 4º, inciso IV, da Lei nº 9.250/95""}",2026-03-25 15:01:09.753784,,,,,,,,,,,,,,,,,,,,,,,,,,,,,,,,,,,,,,,,,,,,
1045,1,1045,"52 - Artigo 4º, inciso IV, da Lei nº 9.250/95",,,,,,,,,,"{""Incid./Base Legal IRRF"": ""52 - Artigo 4º, inciso IV, da Lei nº 9.250/95""}",2026-03-25 15:01:09.753784,,,,,,,,,,,,,,,,,,,,,,,,,,,,,,,,,,,,,,,,,,,,
1046,1,1046,"53 - Artigo 4º, inciso IV, da Lei nº 9.250/95",,,,,,,,,,"{""Incid./Base Legal IRRF"": ""53 - Artigo 4º, inciso IV, da Lei nº 9.250/95""}",2026-03-25 15:01:09.753784,,,,,,,,,,,,,,,,,,,,,,,,,,,,,,,,,,,,,,,,,,,,
1047,1,1047,"54 - Artigo 3º, § 10 da Lei nº 10.101/2000",,,,,,,,,,"{""Incid./Base Legal IRRF"": ""54 - Artigo 3º, § 10 da Lei nº 10.101/2000""}",2026-03-25 15:01:09.753784,,,,,,,,,,,,,,,,,,,,,,,,,,,,,,,,,,,,,,,,,,,,
1048,1,1048,964,DESC. PENSAO ALIMENTICIA S/13º SALARIO,9213 - Pensão alimentícia,0,52,0,-,"0 - Artigo 28, § 9º da Lei n° 8.212/91","51 - Artigo 4º, inciso IV, da Lei nº 9.250/95","0 - Artigo 15, § 6º da Lei n° 8.036/90","{""FGTS"": 0, ""INSS"": 0, ""IRRF"": 52, ""Analise"": ""-"", ""Rubrica"": ""DESC. PENSAO ALIMENTICIA S/13º SALARIO"", ""Cod Rubrica"": 964, ""Cód Natureza"": ""9213 - Pensão alimentícia"", ""Incid./Base Legal FGTS"": ""0 - Artigo 15, § 6º da Lei n° 8.036/90"", ""Incid./Base Legal INSS"": ""0 - Artigo 28, § 9º da Lei n° 8.212/91"", ""Incid./Base Legal IRRF"": ""51 - Artigo 4º, inciso IV, da Lei nº 9.250/95""}",2026-03-25 15:01:09.753784,,,,,,,,,,,,,,,,,,,,,,,,,,,,,,,,,,,,,,,,,,,,
1049,1,1049,"52 - Artigo 4º, inciso IV, da Lei nº 9.250/95",,,,,,,,,,"{""Incid./Base Legal IRRF"": ""52 - Artigo 4º, inciso IV, da Lei nº 9.250/95""}",2026-03-25 15:01:09.753784,,,,,,,,,,,,,,,,,,,,,,,,,,,,,,,,,,,,,,,,,,,,
1050,1,1050,"53 - Artigo 4º, inciso IV, da Lei nº 9.250/95",,,,,,,,,,"{""Incid./Base Legal IRRF"": ""53 - Artigo 4º, inciso IV, da Lei nº 9.250/95""}",2026-03-25 15:01:09.753784,,,,,,,,,,,,,,,,,,,,,,,,,,,,,,,,,,,,,,,,,,,,
1051,1,1051,"54 - Artigo 3º, § 10 da Lei nº 10.101/2000",,,,,,,,,,"{""Incid./Base Legal IRRF"": ""54 - Artigo 3º, § 10 da Lei nº 10.101/2000""}",2026-03-25 15:01:09.753784,,,,,,,,,,,,,,,,,,,,,,,,,,,,,,,,,,,,,,,,,,,,
1052,1,1052,966,HORAS EXTRAS 30%,1003 - Horas extraordinárias,11,11,11,-,"11 - Artigo 28, inciso I, da Lei n° 8.212/91",11 - Artigos 3º e 7º da Lei nº 7.713/88,11 - Artigo 15 da Lei n° 8.036/90,"{""FGTS"": 11, ""INSS"": 11, ""IRRF"": 11, ""Analise"": ""-"", ""Rubrica"": ""HORAS EXTRAS 30%"", ""Cod Rubrica"": 966, ""Cód Natureza"": ""1003 - Horas extraordinárias"", ""Incid./Base Legal FGTS"": ""11 - Artigo 15 da Lei n° 8.036/90"", ""Incid./Base Legal INSS"": ""11 - Artigo 28, inciso I, da Lei n° 8.212/91"", ""Incid./Base Legal IRRF"": ""11 - Artigos 3º e 7º da Lei nº 7.713/88""}",2026-03-25 15:01:09.753784,,,,,,,,,,,,,,,,,,,,,,,,,,,,,,,,,,,,,,,,,,,,
1053,1,1053,967,HORAS EXTRAS 30% - MES ANTERIOR,1003 - Horas extraordinárias,11,11,11,-,"11 - Artigo 28, inciso I, da Lei n° 8.212/91",11 - Artigos 3º e 7º da Lei nº 7.713/88,11 - Artigo 15 da Lei n° 8.036/90,"{""FGTS"": 11, ""INSS"": 11, ""IRRF"": 11, ""Analise"": ""-"", ""Rubrica"": ""HORAS EXTRAS 30% - MES ANTERIOR"", ""Cod Rubrica"": 967, ""Cód Natureza"": ""1003 - Horas extraordinárias"", ""Incid./Base Legal FGTS"": ""11 - Artigo 15 da Lei n° 8.036/90"", ""Incid./Base Legal INSS"": ""11 - Artigo 28, inciso I, da Lei n° 8.212/91"", ""Incid./Base Legal IRRF"": ""11 - Artigos 3º e 7º da Lei nº 7.713/88""}",2026-03-25 15:01:09.753784,,,,,,,,,,,,,,,,,,,,,,,,,,,,,,,,,,,,,,,,,,,,
1054,1,1054,970,PARTICIPACAO LUCROS/RESULTADOS SÓCIOS,1300 - PLR - Participação nos lucros e resultados,0,9,0,Rubrica com inconsistência de IRRF,"0 - Artigo 28, § 9º da Lei n° 8.212/91",14 - Artigo 3º da Lei nº 10.101/2000,"0 - Artigo 15, § 6º da Lei n° 8.036/90","{""FGTS"": 0, ""INSS"": 0, ""IRRF"": 9, ""Analise"": ""Rubrica com inconsistência de IRRF"", ""Rubrica"": ""PARTICIPACAO LUCROS/RESULTADOS SÓCIOS"", ""Cod Rubrica"": 970, ""Cód Natureza"": ""1300 - PLR - Participação nos lucros e resultados"", ""Incid./Base Legal FGTS"": ""0 - Artigo 15, § 6º da Lei n° 8.036/90"", ""Incid./Base Legal INSS"": ""0 - Artigo 28, § 9º da Lei n° 8.212/91"", ""Incid./Base Legal IRRF"": ""14 - Artigo 3º da Lei nº 10.101/2000""}",2026-03-25 15:01:09.753784,,,,,,,,,,,,,,,,,,,,,,,,,,,,,,,,,,,,,,,,,,,,
1055,1,1055,971,DESC.CESTA BASICA SOCIO,"1808 - Alimentação concedida sob a forma de cesta básica ou refeição, por empresa vinculada ao PAT",0,79,0,Rubrica com inconsistência de IRRF,"0 - Artigo 28, inciso I, da Lei n° 8.212/91","9 - artigo 35, inciso I, alínea p do Decreto n° 9.580/2018",0 - Artigo 15 da Lei n° 8.036/90,"{""FGTS"": 0, ""INSS"": 0, ""IRRF"": 79, ""Analise"": ""Rubrica com inconsistência de IRRF"", ""Rubrica"": ""DESC.CESTA BASICA SOCIO"", ""Cod Rubrica"": 971, ""Cód Natureza"": ""1808 - Alimentação concedida sob a forma de cesta básica ou refeição, por empresa vinculada ao PAT"", ""Incid./Base Legal FGTS"": ""0 - Artigo 15 da Lei n° 8.036/90"", ""Incid./Base Legal INSS"": ""0 - Artigo 28, inciso I, da Lei n° 8.212/91"", ""Incid./Base Legal IRRF"": ""9 - artigo 35, inciso I, alínea p do Decreto n° 9.580/2018""}",2026-03-25 15:01:09.753784,,,,,,,,,,,,,,,,,,,,,,,,,,,,,,,,,,,,,,,,,,,,
1056,1,1056,972,SALARIO DIA (INTERMITENTE) MES ANT,"1000 - Salário, vencimento, soldo ou subsídio",11,11,11,-,"11 - Artigo 28, inciso I, da Lei n° 8.212/91",11 - Artigos 3º e 7º da Lei nº 7.713/88,11 - Artigo 15 da Lei n° 8.036/90,"{""FGTS"": 11, ""INSS"": 11, ""IRRF"": 11, ""Analise"": ""-"", ""Rubrica"": ""SALARIO DIA (INTERMITENTE) MES ANT"", ""Cod Rubrica"": 972, ""Cód Natureza"": ""1000 - Salário, vencimento, soldo ou subsídio"", ""Incid./Base Legal FGTS"": ""11 - Artigo 15 da Lei n° 8.036/90"", ""Incid./Base Legal INSS"": ""11 - Artigo 28, inciso I, da Lei n° 8.212/91"", ""Incid./Base Legal IRRF"": ""11 - Artigos 3º e 7º da Lei nº 7.713/88""}",2026-03-25 15:01:09.753784,,,,,,,,,,,,,,,,,,,,,,,,,,,,,,,,,,,,,,,,,,,,
1057,1,1057,973,FERIAS (INTERMITENTE) MES ANT,6006 - Férias proporcionais,11,13,11,"Rubrica com inconsistência de INSS, IRRF e FGTS","0 - Artigo 28, § 9º da Lei n° 8.212/91","74 - Artigo 6º, inciso V da Lei nº 7.713/88; artigo 682 do Decreto nº 9.580/2018; ADI SRF 14/2005","0 - Artigo 15, § 6º da Lei n° 8.036/90","{""FGTS"": 11, ""INSS"": 11, ""IRRF"": 13, ""Analise"": ""Rubrica com inconsistência de INSS, IRRF e FGTS"", ""Rubrica"": ""FERIAS (INTERMITENTE) MES ANT"", ""Cod Rubrica"": 973, ""Cód Natureza"": ""6006 - Férias proporcionais"", ""Incid./Base Legal FGTS"": ""0 - Artigo 15, § 6º da Lei n° 8.036/90"", ""Incid./Base Legal INSS"": ""0 - Artigo 28, § 9º da Lei n° 8.212/91"", ""Incid./Base Legal IRRF"": ""74 - Artigo 6º, inciso V da Lei nº 7.713/88; artigo 682 do Decreto nº 9.580/2018; ADI SRF 14/2005""}",2026-03-25 15:01:09.753784,,,,,,,,,,,,,,,,,,,,,,,,,,,,,,,,,,,,,,,,,,,,
1058,1,1058,974,1/3 FERIAS (INTERMITENTE) MES ANT,6006 - Férias proporcionais,11,13,11,"Rubrica com inconsistência de INSS, IRRF e FGTS","0 - Artigo 28, § 9º da Lei n° 8.212/91","74 - Artigo 6º, inciso V da Lei nº 7.713/88; artigo 682 do Decreto nº 9.580/2018; ADI SRF 14/2005","0 - Artigo 15, § 6º da Lei n° 8.036/90","{""FGTS"": 11, ""INSS"": 11, ""IRRF"": 13, ""Analise"": ""Rubrica com inconsistência de INSS, IRRF e FGTS"", ""Rubrica"": ""1/3 FERIAS (INTERMITENTE) MES ANT"", ""Cod Rubrica"": 974, ""Cód Natureza"": ""6006 - Férias proporcionais"", ""Incid./Base Legal FGTS"": ""0 - Artigo 15, § 6º da Lei n° 8.036/90"", ""Incid./Base Legal INSS"": ""0 - Artigo 28, § 9º da Lei n° 8.212/91"", ""Incid./Base Legal IRRF"": ""74 - Artigo 6º, inciso V da Lei nº 7.713/88; artigo 682 do Decreto nº 9.580/2018; ADI SRF 14/2005""}",2026-03-25 15:01:09.753784,,,,,,,,,,,,,,,,,,,,,,,,,,,,,,,,,,,,,,,,,,,,
1059,1,1059,977,ADIC. PERICULOSIDADE S/ HORA EXTRA,1203 - Adicional de periculosidade,11,11,11,-,"11 - Artigo 28, inciso I, da Lei n° 8.212/91",11 - Artigos 3º e 7º da Lei nº 7.713/88,11 - Artigo 15 da Lei n° 8.036/90,"{""FGTS"": 11, ""INSS"": 11, ""IRRF"": 11, ""Analise"": ""-"", ""Rubrica"": ""ADIC. PERICULOSIDADE S/ HORA EXTRA"", ""Cod Rubrica"": 977, ""Cód Natureza"": ""1203 - Adicional de periculosidade"", ""Incid./Base Legal FGTS"": ""11 - Artigo 15 da Lei n° 8.036/90"", ""Incid./Base Legal INSS"": ""11 - Artigo 28, inciso I, da Lei n° 8.212/91"", ""Incid./Base Legal IRRF"": ""11 - Artigos 3º e 7º da Lei nº 7.713/88""}",2026-03-25 15:01:09.753784,,,,,,,,,,,,,,,,,,,,,,,,,,,,,,,,,,,,,,,,,,,,
1060,1,1060,978,ADIC. PERICULOSIDADE SOBRE HORAS EXTRAS,1203 - Adicional de periculosidade,11,11,11,-,"11 - Artigo 28, inciso I, da Lei n° 8.212/91",11 - Artigos 3º e 7º da Lei nº 7.713/88,11 - Artigo 15 da Lei n° 8.036/90,"{""FGTS"": 11, ""INSS"": 11, ""IRRF"": 11, ""Analise"": ""-"", ""Rubrica"": ""ADIC. PERICULOSIDADE SOBRE HORAS EXTRAS"", ""Cod Rubrica"": 978, ""Cód Natureza"": ""1203 - Adicional de periculosidade"", ""Incid./Base Legal FGTS"": ""11 - Artigo 15 da Lei n° 8.036/90"", ""Incid./Base Legal INSS"": ""11 - Artigo 28, inciso I, da Lei n° 8.212/91"", ""Incid./Base Legal IRRF"": ""11 - Artigos 3º e 7º da Lei nº 7.713/88""}",2026-03-25 15:01:09.753784,,,,,,,,,,,,,,,,,,,,,,,,,,,,,,,,,,,,,,,,,,,,
1061,1,1061,983,DIFERENCA FERIAS (INTERMITENTE) MES ANT,6006 - Férias proporcionais,11,13,11,"Rubrica com inconsistência de INSS, IRRF e FGTS","0 - Artigo 28, § 9º da Lei n° 8.212/91","74 - Artigo 6º, inciso V da Lei nº 7.713/88; artigo 682 do Decreto nº 9.580/2018; ADI SRF 14/2005","0 - Artigo 15, § 6º da Lei n° 8.036/90","{""FGTS"": 11, ""INSS"": 11, ""IRRF"": 13, ""Analise"": ""Rubrica com inconsistência de INSS, IRRF e FGTS"", ""Rubrica"": ""DIFERENCA FERIAS (INTERMITENTE) MES ANT"", ""Cod Rubrica"": 983, ""Cód Natureza"": ""6006 - Férias proporcionais"", ""Incid./Base Legal FGTS"": ""0 - Artigo 15, § 6º da Lei n° 8.036/90"", ""Incid./Base Legal INSS"": ""0 - Artigo 28, § 9º da Lei n° 8.212/91"", ""Incid./Base Legal IRRF"": ""74 - Artigo 6º, inciso V da Lei nº 7.713/88; artigo 682 do Decreto nº 9.580/2018; ADI SRF 14/2005""}",2026-03-25 15:01:09.753784,,,,,,,,,,,,,,,,,,,,,,,,,,,,,,,,,,,,,,,,,,,,
1062,1,1062,984,HORA CORRIDA REFEICAO 50%,1003 - Horas extraordinárias,11,11,11,-,"11 - Artigo 28, inciso I, da Lei n° 8.212/91",11 - Artigos 3º e 7º da Lei nº 7.713/88,11 - Artigo 15 da Lei n° 8.036/90,"{""FGTS"": 11, ""INSS"": 11, ""IRRF"": 11, ""Analise"": ""-"", ""Rubrica"": ""HORA CORRIDA REFEICAO 50%"", ""Cod Rubrica"": 984, ""Cód Natureza"": ""1003 - Horas extraordinárias"", ""Incid./Base Legal FGTS"": ""11 - Artigo 15 da Lei n° 8.036/90"", ""Incid./Base Legal INSS"": ""11 - Artigo 28, inciso I, da Lei n° 8.212/91"", ""Incid./Base Legal IRRF"": ""11 - Artigos 3º e 7º da Lei nº 7.713/88""}",2026-03-25 15:01:09.753784,,,,,,,,,,,,,,,,,,,,,,,,,,,,,,,,,,,,,,,,,,,,
1063,1,1063,985,HORA CORRIDA REFEICAO 100%,1003 - Horas extraordinárias,11,11,11,-,"11 - Artigo 28, inciso I, da Lei n° 8.212/91",11 - Artigos 3º e 7º da Lei nº 7.713/88,11 - Artigo 15 da Lei n° 8.036/90,"{""FGTS"": 11, ""INSS"": 11, ""IRRF"": 11, ""Analise"": ""-"", ""Rubrica"": ""HORA CORRIDA REFEICAO 100%"", ""Cod Rubrica"": 985, ""Cód Natureza"": ""1003 - Horas extraordinárias"", ""Incid./Base Legal FGTS"": ""11 - Artigo 15 da Lei n° 8.036/90"", ""Incid./Base Legal INSS"": ""11 - Artigo 28, inciso I, da Lei n° 8.212/91"", ""Incid./Base Legal IRRF"": ""11 - Artigos 3º e 7º da Lei nº 7.713/88""}",2026-03-25 15:01:09.753784,,,,,,,,,,,,,,,,,,,,,,,,,,,,,,,,,,,,,,,,,,,,
1064,1,1064,986,DIFERENCA ANTECIPACAO 13º SALARIO,5504 - 13º salário - Adiantamento,0,9,12,-,"0 - Artigo 28, § 9º da Lei n° 8.212/91",9 - Artigo 26 da Lei nº 7.713/88,12 - Artigo 15 da Lei n° 8.036/90,"{""FGTS"": 12, ""INSS"": 0, ""IRRF"": 9, ""Analise"": ""-"", ""Rubrica"": ""DIFERENCA ANTECIPACAO 13º SALARIO"", ""Cod Rubrica"": 986, ""Cód Natureza"": ""5504 - 13º salário - Adiantamento"", ""Incid./Base Legal FGTS"": ""12 - Artigo 15 da Lei n° 8.036/90"", ""Incid./Base Legal INSS"": ""0 - Artigo 28, § 9º da Lei n° 8.212/91"", ""Incid./Base Legal IRRF"": ""9 - Artigo 26 da Lei nº 7.713/88""}",2026-03-25 15:01:09.753784,,,,,,,,,,,,,,,,,,,,,,,,,,,,,,,,,,,,,,,,,,,,
1065,1,1065,987,DIFERENCA 1/3 FERIAS (INTERMITENTE) MES ANT,6006 - Férias proporcionais,11,13,11,"Rubrica com inconsistência de INSS, IRRF e FGTS","0 - Artigo 28, § 9º da Lei n° 8.212/91","74 - Artigo 6º, inciso V da Lei nº 7.713/88; artigo 682 do Decreto nº 9.580/2018; ADI SRF 14/2005","0 - Artigo 15, § 6º da Lei n° 8.036/90","{""FGTS"": 11, ""INSS"": 11, ""IRRF"": 13, ""Analise"": ""Rubrica com inconsistência de INSS, IRRF e FGTS"", ""Rubrica"": ""DIFERENCA 1/3 FERIAS (INTERMITENTE) MES ANT"", ""Cod Rubrica"": 987, ""Cód Natureza"": ""6006 - Férias proporcionais"", ""Incid./Base Legal FGTS"": ""0 - Artigo 15, § 6º da Lei n° 8.036/90"", ""Incid./Base Legal INSS"": ""0 - Artigo 28, § 9º da Lei n° 8.212/91"", ""Incid./Base Legal IRRF"": ""74 - Artigo 6º, inciso V da Lei nº 7.713/88; artigo 682 do Decreto nº 9.580/2018; ADI SRF 14/2005""}",2026-03-25 15:01:09.753784,,,,,,,,,,,,,,,,,,,,,,,,,,,,,,,,,,,,,,,,,,,,
1066,1,1066,988,*** BASE IRRF ***,1205 - Adicional noturno,11,9,11,Rubrica com inconsistência de IRRF,"11 - Artigo 28, inciso I, da Lei n° 8.212/91",11 - Artigos 3º e 7º da Lei nº 7.713/88,11 - Artigo 15 da Lei n° 8.036/90,"{""FGTS"": 11, ""INSS"": 11, ""IRRF"": 9, ""Analise"": ""Rubrica com inconsistência de IRRF"", ""Rubrica"": ""*** BASE IRRF ***"", ""Cod Rubrica"": 988, ""Cód Natureza"": ""1205 - Adicional noturno"", ""Incid./Base Legal FGTS"": ""11 - Artigo 15 da Lei n° 8.036/90"", ""Incid./Base Legal INSS"": ""11 - Artigo 28, inciso I, da Lei n° 8.212/91"", ""Incid./Base Legal IRRF"": ""11 - Artigos 3º e 7º da Lei nº 7.713/88""}",2026-03-25 15:01:09.753784,,,,,,,,,,,,,,,,,,,,,,,,,,,,,,,,,,,,,,,,,,,,
1067,1,1067,989,DESC. PGTO ASSIDUIDADE MES ANT.,1211 - Gratificações,11,11,11,-,"11 - Artigo 28, inciso I, da Lei n° 8.212/91",11 - Artigos 3º e 7º da Lei nº 7.713/88,11 - Artigo 15 da Lei n° 8.036/90,"{""FGTS"": 11, ""INSS"": 11, ""IRRF"": 11, ""Analise"": ""-"", ""Rubrica"": ""DESC. PGTO ASSIDUIDADE MES ANT."", ""Cod Rubrica"": 989, ""Cód Natureza"": ""1211 - Gratificações"", ""Incid./Base Legal FGTS"": ""11 - Artigo 15 da Lei n° 8.036/90"", ""Incid./Base Legal INSS"": ""11 - Artigo 28, inciso I, da Lei n° 8.212/91"", ""Incid./Base Legal IRRF"": ""11 - Artigos 3º e 7º da Lei nº 7.713/88""}",2026-03-25 15:01:09.753784,,,,,,,,,,,,,,,,,,,,,,,,,,,,,,,,,,,,,,,,,,,,
1068,1,1068,990,REEMB. FALTAS (HORAS) - MES ANTERIOR,"1000 - Salário, vencimento, soldo ou subsídio",11,11,11,-,"11 - Artigo 28, inciso I, da Lei n° 8.212/91",11 - Artigos 3º e 7º da Lei nº 7.713/88,11 - Artigo 15 da Lei n° 8.036/90,"{""FGTS"": 11, ""INSS"": 11, ""IRRF"": 11, ""Analise"": ""-"", ""Rubrica"": ""REEMB. FALTAS (HORAS) - MES ANTERIOR"", ""Cod Rubrica"": 990, ""Cód Natureza"": ""1000 - Salário, vencimento, soldo ou subsídio"", ""Incid./Base Legal FGTS"": ""11 - Artigo 15 da Lei n° 8.036/90"", ""Incid./Base Legal INSS"": ""11 - Artigo 28, inciso I, da Lei n° 8.212/91"", ""Incid./Base Legal IRRF"": ""11 - Artigos 3º e 7º da Lei nº 7.713/88""}",2026-03-25 15:01:09.753784,,,,,,,,,,,,,,,,,,,,,,,,,,,,,,,,,,,,,,,,,,,,
1069,1,1069,991,REEMB. FALTAS D.S.R (HORAS) - MES ANTERIOR,"1000 - Salário, vencimento, soldo ou subsídio",11,11,11,-,"11 - Artigo 28, inciso I, da Lei n° 8.212/91",11 - Artigos 3º e 7º da Lei nº 7.713/88,11 - Artigo 15 da Lei n° 8.036/90,"{""FGTS"": 11, ""INSS"": 11, ""IRRF"": 11, ""Analise"": ""-"", ""Rubrica"": ""REEMB. FALTAS D.S.R (HORAS) - MES ANTERIOR"", ""Cod Rubrica"": 991, ""Cód Natureza"": ""1000 - Salário, vencimento, soldo ou subsídio"", ""Incid./Base Legal FGTS"": ""11 - Artigo 15 da Lei n° 8.036/90"", ""Incid./Base Legal INSS"": ""11 - Artigo 28, inciso I, da Lei n° 8.212/91"", ""Incid./Base Legal IRRF"": ""11 - Artigos 3º e 7º da Lei nº 7.713/88""}",2026-03-25 15:01:09.753784,,,,,,,,,,,,,,,,,,,,,,,,,,,,,,,,,,,,,,,,,,,,
1070,1,1070,992,REEMB. ATRASO (HORAS) - MES ANTERIOR,"1000 - Salário, vencimento, soldo ou subsídio",11,11,11,-,"11 - Artigo 28, inciso I, da Lei n° 8.212/91",11 - Artigos 3º e 7º da Lei nº 7.713/88,11 - Artigo 15 da Lei n° 8.036/90,"{""FGTS"": 11, ""INSS"": 11, ""IRRF"": 11, ""Analise"": ""-"", ""Rubrica"": ""REEMB. ATRASO (HORAS) - MES ANTERIOR"", ""Cod Rubrica"": 992, ""Cód Natureza"": ""1000 - Salário, vencimento, soldo ou subsídio"", ""Incid./Base Legal FGTS"": ""11 - Artigo 15 da Lei n° 8.036/90"", ""Incid./Base Legal INSS"": ""11 - Artigo 28, inciso I, da Lei n° 8.212/91"", ""Incid./Base Legal IRRF"": ""11 - Artigos 3º e 7º da Lei nº 7.713/88""}",2026-03-25 15:01:09.753784,,,,,,,,,,,,,,,,,,,,,,,,,,,,,,,,,,,,,,,,,,,,
1071,1,1071,993,ADICIONAL DE ESTIMULO MES ANTERIOR,1211 - Gratificações,0,9,0,"Rubrica com inconsistência de INSS, IRRF e FGTS","11 - Artigo 28, inciso I, da Lei n° 8.212/91",11 - Artigos 3º e 7º da Lei nº 7.713/88,11 - Artigo 15 da Lei n° 8.036/90,"{""FGTS"": 0, ""INSS"": 0, ""IRRF"": 9, ""Analise"": ""Rubrica com inconsistência de INSS, IRRF e FGTS"", ""Rubrica"": ""ADICIONAL DE ESTIMULO MES ANTERIOR"", ""Cod Rubrica"": 993, ""Cód Natureza"": ""1211 - Gratificações"", ""Incid./Base Legal FGTS"": ""11 - Artigo 15 da Lei n° 8.036/90"", ""Incid./Base Legal INSS"": ""11 - Artigo 28, inciso I, da Lei n° 8.212/91"", ""Incid./Base Legal IRRF"": ""11 - Artigos 3º e 7º da Lei nº 7.713/88""}",2026-03-25 15:01:09.753784,,,,,,,,,,,,,,,,,,,,,,,,,,,,,,,,,,,,,,,,,,,,
1072,1,1072,995,LICENCA REMUNERADA,1050 - Remuneração de dias de afastamento,11,11,11,-,"11 - Artigo 28, inciso I, da Lei n° 8.212/91",11 - Artigos 3º e 7º da Lei nº 7.713/88,11 - Artigo 15 da Lei n° 8.036/90,"{""FGTS"": 11, ""INSS"": 11, ""IRRF"": 11, ""Analise"": ""-"", ""Rubrica"": ""LICENCA REMUNERADA"", ""Cod Rubrica"": 995, ""Cód Natureza"": ""1050 - Remuneração de dias de afastamento"", ""Incid./Base Legal FGTS"": ""11 - Artigo 15 da Lei n° 8.036/90"", ""Incid./Base Legal INSS"": ""11 - Artigo 28, inciso I, da Lei n° 8.212/91"", ""Incid./Base Legal IRRF"": ""11 - Artigos 3º e 7º da Lei nº 7.713/88""}",2026-03-25 15:01:09.753784,,,,,,,,,,,,,,,,,,,,,,,,,,,,,,,,,,,,,,,,,,,,
1073,1,1073,0 - Parecer SEI n° 16120/ME 2020,,,,,,,,,,"{""Incid./Base Legal INSS"": ""0 - Parecer SEI n° 16120/ME 2020""}",2026-03-25 15:01:09.753784,,,,,,,,,,,,,,,,,,,,,,,,,,,,,,,,,,,,,,,,,,,,
1074,1,1074,996,F.G.T.S. PAGO,9908 - FGTS - depósito,0,9,0,-,"0 - Artigo 28, § 9º da Lei n° 8.212/91",9 - Artigo 7º da Lei nº 8.134/90,"0 - Artigo 15, § 6º da Lei n° 8.036/90","{""FGTS"": 0, ""INSS"": 0, ""IRRF"": 9, ""Analise"": ""-"", ""Rubrica"": ""F.G.T.S. PAGO"", ""Cod Rubrica"": 996, ""Cód Natureza"": ""9908 - FGTS - depósito"", ""Incid./Base Legal FGTS"": ""0 - Artigo 15, § 6º da Lei n° 8.036/90"", ""Incid./Base Legal INSS"": ""0 - Artigo 28, § 9º da Lei n° 8.212/91"", ""Incid./Base Legal IRRF"": ""9 - Artigo 7º da Lei nº 8.134/90""}",2026-03-25 15:01:09.753784,,,,,,,,,,,,,,,,,,,,,,,,,,,,,,,,,,,,,,,,,,,,
1075,1,1075,1000,ADIC. NOTURNO C/20% - (HORA EXTRA 100%),1205 - Adicional noturno,11,9,11,Rubrica com inconsistência de IRRF,"11 - Artigo 28, inciso I, da Lei n° 8.212/91",11 - Artigos 3º e 7º da Lei nº 7.713/88,11 - Artigo 15 da Lei n° 8.036/90,"{""FGTS"": 11, ""INSS"": 11, ""IRRF"": 9, ""Analise"": ""Rubrica com inconsistência de IRRF"", ""Rubrica"": ""ADIC. NOTURNO C/20% - (HORA EXTRA 100%)"", ""Cod Rubrica"": 1000, ""Cód Natureza"": ""1205 - Adicional noturno"", ""Incid./Base Legal FGTS"": ""11 - Artigo 15 da Lei n° 8.036/90"", ""Incid./Base Legal INSS"": ""11 - Artigo 28, inciso I, da Lei n° 8.212/91"", ""Incid./Base Legal IRRF"": ""11 - Artigos 3º e 7º da Lei nº 7.713/88""}",2026-03-25 15:01:09.753784,,,,,,,,,,,,,,,,,,,,,,,,,,,,,,,,,,,,,,,,,,,,
1076,1,1076,1005,REEMBOLSO DESC. INDEVIDO - HORA EXTRA + DSR,"1000 - Salário, vencimento, soldo ou subsídio",11,9,11,Rubrica com inconsistência de IRRF,"11 - Artigo 28, inciso I, da Lei n° 8.212/91",11 - Artigos 3º e 7º da Lei nº 7.713/88,11 - Artigo 15 da Lei n° 8.036/90,"{""FGTS"": 11, ""INSS"": 11, ""IRRF"": 9, ""Analise"": ""Rubrica com inconsistência de IRRF"", ""Rubrica"": ""REEMBOLSO DESC. INDEVIDO - HORA EXTRA + DSR"", ""Cod Rubrica"": 1005, ""Cód Natureza"": ""1000 - Salário, vencimento, soldo ou subsídio"", ""Incid./Base Legal FGTS"": ""11 - Artigo 15 da Lei n° 8.036/90"", ""Incid./Base Legal INSS"": ""11 - Artigo 28, inciso I, da Lei n° 8.212/91"", ""Incid./Base Legal IRRF"": ""11 - Artigos 3º e 7º da Lei nº 7.713/88""}",2026-03-25 15:01:09.753784,,,,,,,,,,,,,,,,,,,,,,,,,,,,,,,,,,,,,,,,,,,,
1077,1,1077,1006,ADIC. NOTURNO C/20% - (HORA EXTRA 100%) - MES ANTE,1205 - Adicional noturno,11,9,11,Rubrica com inconsistência de IRRF,"11 - Artigo 28, inciso I, da Lei n° 8.212/91",11 - Artigos 3º e 7º da Lei nº 7.713/88,11 - Artigo 15 da Lei n° 8.036/90,"{""FGTS"": 11, ""INSS"": 11, ""IRRF"": 9, ""Analise"": ""Rubrica com inconsistência de IRRF"", ""Rubrica"": ""ADIC. NOTURNO C/20% - (HORA EXTRA 100%) - MES ANTE"", ""Cod Rubrica"": 1006, ""Cód Natureza"": ""1205 - Adicional noturno"", ""Incid./Base Legal FGTS"": ""11 - Artigo 15 da Lei n° 8.036/90"", ""Incid./Base Legal INSS"": ""11 - Artigo 28, inciso I, da Lei n° 8.212/91"", ""Incid./Base Legal IRRF"": ""11 - Artigos 3º e 7º da Lei nº 7.713/88""}",2026-03-25 15:01:09.753784,,,,,,,,,,,,,,,,,,,,,,,,,,,,,,,,,,,,,,,,,,,,
1101,1,1101,1027,DESCONTO DE NÃO DEV. DO MATERIAL,9299 - Outros descontos,0,11,0,Rubrica com inconsistência de IRRF,"0 - Artigo 28, § 9º da Lei n° 8.212/91",9 - Artigos 3º e 7º da Lei nº 7.713/88,"0 - Artigo 15, § 6º da Lei n° 8.036/90","{""FGTS"": 0, ""INSS"": 0, ""IRRF"": 11, ""Analise"": ""Rubrica com inconsistência de IRRF"", ""Rubrica"": ""DESCONTO DE NÃO DEV. DO MATERIAL"", ""Cod Rubrica"": 1027, ""Cód Natureza"": ""9299 - Outros descontos"", ""Incid./Base Legal FGTS"": ""0 - Artigo 15, § 6º da Lei n° 8.036/90"", ""Incid./Base Legal INSS"": ""0 - Artigo 28, § 9º da Lei n° 8.212/91"", ""Incid./Base Legal IRRF"": ""9 - Artigos 3º e 7º da Lei nº 7.713/88""}",2026-03-25 15:01:09.753784,,,,,,,,,,,,,,,,,,,,,,,,,,,,,,,,,,,,,,,,,,,,
1078,1,1078,1008,FERIAS INDENIZADAS (INTERMITENTE),6006 - Férias proporcionais,0,9,0,Rubrica com inconsistência de IRRF,"0 - Artigo 28, § 9º da Lei n° 8.212/91","74 - Artigo 6º, inciso V da Lei nº 7.713/88; artigo 682 do Decreto nº 9.580/2018; ADI SRF 14/2005","0 - Artigo 15, § 6º da Lei n° 8.036/90","{""FGTS"": 0, ""INSS"": 0, ""IRRF"": 9, ""Analise"": ""Rubrica com inconsistência de IRRF"", ""Rubrica"": ""FERIAS INDENIZADAS (INTERMITENTE)"", ""Cod Rubrica"": 1008, ""Cód Natureza"": ""6006 - Férias proporcionais"", ""Incid./Base Legal FGTS"": ""0 - Artigo 15, § 6º da Lei n° 8.036/90"", ""Incid./Base Legal INSS"": ""0 - Artigo 28, § 9º da Lei n° 8.212/91"", ""Incid./Base Legal IRRF"": ""74 - Artigo 6º, inciso V da Lei nº 7.713/88; artigo 682 do Decreto nº 9.580/2018; ADI SRF 14/2005""}",2026-03-25 15:01:09.753784,,,,,,,,,,,,,,,,,,,,,,,,,,,,,,,,,,,,,,,,,,,,
1079,1,1079,1009,1/3 FERIAS INDENIZADAS (INTERMITENTE),6006 - Férias proporcionais,0,9,0,Rubrica com inconsistência de IRRF,"0 - Artigo 28, § 9º da Lei n° 8.212/91","74 - Artigo 6º, inciso V da Lei nº 7.713/88; artigo 682 do Decreto nº 9.580/2018; ADI SRF 14/2005","0 - Artigo 15, § 6º da Lei n° 8.036/90","{""FGTS"": 0, ""INSS"": 0, ""IRRF"": 9, ""Analise"": ""Rubrica com inconsistência de IRRF"", ""Rubrica"": ""1/3 FERIAS INDENIZADAS (INTERMITENTE)"", ""Cod Rubrica"": 1009, ""Cód Natureza"": ""6006 - Férias proporcionais"", ""Incid./Base Legal FGTS"": ""0 - Artigo 15, § 6º da Lei n° 8.036/90"", ""Incid./Base Legal INSS"": ""0 - Artigo 28, § 9º da Lei n° 8.212/91"", ""Incid./Base Legal IRRF"": ""74 - Artigo 6º, inciso V da Lei nº 7.713/88; artigo 682 do Decreto nº 9.580/2018; ADI SRF 14/2005""}",2026-03-25 15:01:09.753784,,,,,,,,,,,,,,,,,,,,,,,,,,,,,,,,,,,,,,,,,,,,
1080,1,1080,1010,ADIC. INSALUBRIDADE SOBRE SALARIO,1202 - Adicional de insalubridade,11,11,11,-,"11 - Artigo 28, inciso I, da Lei n° 8.212/91",11 - Artigos 3º e 7º da Lei nº 7.713/88,11 - Artigo 15 da Lei n° 8.036/90,"{""FGTS"": 11, ""INSS"": 11, ""IRRF"": 11, ""Analise"": ""-"", ""Rubrica"": ""ADIC. INSALUBRIDADE SOBRE SALARIO"", ""Cod Rubrica"": 1010, ""Cód Natureza"": ""1202 - Adicional de insalubridade"", ""Incid./Base Legal FGTS"": ""11 - Artigo 15 da Lei n° 8.036/90"", ""Incid./Base Legal INSS"": ""11 - Artigo 28, inciso I, da Lei n° 8.212/91"", ""Incid./Base Legal IRRF"": ""11 - Artigos 3º e 7º da Lei nº 7.713/88""}",2026-03-25 15:01:09.753784,,,,,,,,,,,,,,,,,,,,,,,,,,,,,,,,,,,,,,,,,,,,
1081,1,1081,1011,PARTICIPACAO LUCROS/RESULTADOS - 2023,1300 - PLR - Participação nos lucros e resultados,0,14,0,-,"0 - Artigo 28, § 9º da Lei n° 8.212/91",14 - Artigo 3º da Lei nº 10.101/2000,"0 - Artigo 15, § 6º da Lei n° 8.036/90","{""FGTS"": 0, ""INSS"": 0, ""IRRF"": 14, ""Analise"": ""-"", ""Rubrica"": ""PARTICIPACAO LUCROS/RESULTADOS - 2023"", ""Cod Rubrica"": 1011, ""Cód Natureza"": ""1300 - PLR - Participação nos lucros e resultados"", ""Incid./Base Legal FGTS"": ""0 - Artigo 15, § 6º da Lei n° 8.036/90"", ""Incid./Base Legal INSS"": ""0 - Artigo 28, § 9º da Lei n° 8.212/91"", ""Incid./Base Legal IRRF"": ""14 - Artigo 3º da Lei nº 10.101/2000""}",2026-03-25 15:01:09.753784,,,,,,,,,,,,,,,,,,,,,,,,,,,,,,,,,,,,,,,,,,,,
1082,1,1082,1012,PARTICIPACAO LUCROS/RESULTADOS - 2024,1300 - PLR - Participação nos lucros e resultados,0,14,0,-,"0 - Artigo 28, § 9º da Lei n° 8.212/91",14 - Artigo 3º da Lei nº 10.101/2000,"0 - Artigo 15, § 6º da Lei n° 8.036/90","{""FGTS"": 0, ""INSS"": 0, ""IRRF"": 14, ""Analise"": ""-"", ""Rubrica"": ""PARTICIPACAO LUCROS/RESULTADOS - 2024"", ""Cod Rubrica"": 1012, ""Cód Natureza"": ""1300 - PLR - Participação nos lucros e resultados"", ""Incid./Base Legal FGTS"": ""0 - Artigo 15, § 6º da Lei n° 8.036/90"", ""Incid./Base Legal INSS"": ""0 - Artigo 28, § 9º da Lei n° 8.212/91"", ""Incid./Base Legal IRRF"": ""14 - Artigo 3º da Lei nº 10.101/2000""}",2026-03-25 15:01:09.753784,,,,,,,,,,,,,,,,,,,,,,,,,,,,,,,,,,,,,,,,,,,,
1083,1,1083,1013,REEMB. DESC. PENSAO ALIMENTICIA SALARIO,9213 - Pensão alimentícia,0,9,0,Rubrica com inconsistência de IRRF,"0 - Artigo 28, § 9º da Lei n° 8.212/91","51 - Artigo 4º, inciso IV, da Lei nº 9.250/95","0 - Artigo 15, § 6º da Lei n° 8.036/90","{""FGTS"": 0, ""INSS"": 0, ""IRRF"": 9, ""Analise"": ""Rubrica com inconsistência de IRRF"", ""Rubrica"": ""REEMB. DESC. PENSAO ALIMENTICIA SALARIO"", ""Cod Rubrica"": 1013, ""Cód Natureza"": ""9213 - Pensão alimentícia"", ""Incid./Base Legal FGTS"": ""0 - Artigo 15, § 6º da Lei n° 8.036/90"", ""Incid./Base Legal INSS"": ""0 - Artigo 28, § 9º da Lei n° 8.212/91"", ""Incid./Base Legal IRRF"": ""51 - Artigo 4º, inciso IV, da Lei nº 9.250/95""}",2026-03-25 15:01:09.753784,,,,,,,,,,,,,,,,,,,,,,,,,,,,,,,,,,,,,,,,,,,,
1084,1,1084,"52 - Artigo 4º, inciso IV, da Lei nº 9.250/95",,,,,,,,,,"{""Incid./Base Legal IRRF"": ""52 - Artigo 4º, inciso IV, da Lei nº 9.250/95""}",2026-03-25 15:01:09.753784,,,,,,,,,,,,,,,,,,,,,,,,,,,,,,,,,,,,,,,,,,,,
1085,1,1085,"53 - Artigo 4º, inciso IV, da Lei nº 9.250/95",,,,,,,,,,"{""Incid./Base Legal IRRF"": ""53 - Artigo 4º, inciso IV, da Lei nº 9.250/95""}",2026-03-25 15:01:09.753784,,,,,,,,,,,,,,,,,,,,,,,,,,,,,,,,,,,,,,,,,,,,
1086,1,1086,"54 - Artigo 3º, § 10 da Lei nº 10.101/2000",,,,,,,,,,"{""Incid./Base Legal IRRF"": ""54 - Artigo 3º, § 10 da Lei nº 10.101/2000""}",2026-03-25 15:01:09.753784,,,,,,,,,,,,,,,,,,,,,,,,,,,,,,,,,,,,,,,,,,,,
1087,1,1087,1014,DIF MEDIAS FERIAS (Ferias),6006 - Férias proporcionais,11,13,11,"Rubrica com inconsistência de INSS, IRRF e FGTS","0 - Artigo 28, § 9º da Lei n° 8.212/91","74 - Artigo 6º, inciso V da Lei nº 7.713/88; artigo 682 do Decreto nº 9.580/2018; ADI SRF 14/2005","0 - Artigo 15, § 6º da Lei n° 8.036/90","{""FGTS"": 11, ""INSS"": 11, ""IRRF"": 13, ""Analise"": ""Rubrica com inconsistência de INSS, IRRF e FGTS"", ""Rubrica"": ""DIF MEDIAS FERIAS (Ferias)"", ""Cod Rubrica"": 1014, ""Cód Natureza"": ""6006 - Férias proporcionais"", ""Incid./Base Legal FGTS"": ""0 - Artigo 15, § 6º da Lei n° 8.036/90"", ""Incid./Base Legal INSS"": ""0 - Artigo 28, § 9º da Lei n° 8.212/91"", ""Incid./Base Legal IRRF"": ""74 - Artigo 6º, inciso V da Lei nº 7.713/88; artigo 682 do Decreto nº 9.580/2018; ADI SRF 14/2005""}",2026-03-25 15:01:09.753784,,,,,,,,,,,,,,,,,,,,,,,,,,,,,,,,,,,,,,,,,,,,
1088,1,1088,1015,REEMBOLSO DE GRATIFICACAO ASSIDUIDADE,1211 - Gratificações,11,11,11,-,"11 - Artigo 28, inciso I, da Lei n° 8.212/91",11 - Artigos 3º e 7º da Lei nº 7.713/88,11 - Artigo 15 da Lei n° 8.036/90,"{""FGTS"": 11, ""INSS"": 11, ""IRRF"": 11, ""Analise"": ""-"", ""Rubrica"": ""REEMBOLSO DE GRATIFICACAO ASSIDUIDADE"", ""Cod Rubrica"": 1015, ""Cód Natureza"": ""1211 - Gratificações"", ""Incid./Base Legal FGTS"": ""11 - Artigo 15 da Lei n° 8.036/90"", ""Incid./Base Legal INSS"": ""11 - Artigo 28, inciso I, da Lei n° 8.212/91"", ""Incid./Base Legal IRRF"": ""11 - Artigos 3º e 7º da Lei nº 7.713/88""}",2026-03-25 15:01:09.753784,,,,,,,,,,,,,,,,,,,,,,,,,,,,,,,,,,,,,,,,,,,,
1089,1,1089,1016,DESC. EMPRESTIMO ECONSIGNADO FGTS,9253 - Desconto de trabalhadores a título de empréstimos na modalidade eConsignado para repasse à instituição financeira consignatária recolhido em guia do FGTS conforme legislação específica,0,9,31,-,"0 - Artigo 28, inciso I, da Lei n° 8.212/91",9 - Artigo 7º da Lei nº 8.134/90,31 - Artigo 15 da Lei n° 8.036/90,"{""FGTS"": 31, ""INSS"": 0, ""IRRF"": 9, ""Analise"": ""-"", ""Rubrica"": ""DESC. EMPRESTIMO ECONSIGNADO FGTS"", ""Cod Rubrica"": 1016, ""Cód Natureza"": ""9253 - Desconto de trabalhadores a título de empréstimos na modalidade eConsignado para repasse à instituição financeira consignatária recolhido em guia do FGTS conforme legislação específica"", ""Incid./Base Legal FGTS"": ""31 - Artigo 15 da Lei n° 8.036/90"", ""Incid./Base Legal INSS"": ""0 - Artigo 28, inciso I, da Lei n° 8.212/91"", ""Incid./Base Legal IRRF"": ""9 - Artigo 7º da Lei nº 8.134/90""}",2026-03-25 15:01:09.753784,,,,,,,,,,,,,,,,,,,,,,,,,,,,,,,,,,,,,,,,,,,,
1090,1,1090,1017,REEMB. EXAME TROCA DE FUNCAO,1299 - Outros adicionais,0,9,0,"Rubrica com inconsistência de INSS, IRRF e FGTS","11 - Artigo 28, inciso I, da Lei n° 8.212/91",11 - Artigos 3º e 7º da Lei nº 7.713/88,11 - Artigo 15 da Lei n° 8.036/90,"{""FGTS"": 0, ""INSS"": 0, ""IRRF"": 9, ""Analise"": ""Rubrica com inconsistência de INSS, IRRF e FGTS"", ""Rubrica"": ""REEMB. EXAME TROCA DE FUNCAO"", ""Cod Rubrica"": 1017, ""Cód Natureza"": ""1299 - Outros adicionais"", ""Incid./Base Legal FGTS"": ""11 - Artigo 15 da Lei n° 8.036/90"", ""Incid./Base Legal INSS"": ""11 - Artigo 28, inciso I, da Lei n° 8.212/91"", ""Incid./Base Legal IRRF"": ""11 - Artigos 3º e 7º da Lei nº 7.713/88""}",2026-03-25 15:01:09.753784,,,,,,,,,,,,,,,,,,,,,,,,,,,,,,,,,,,,,,,,,,,,
1091,1,1091,1018,DESC. VALE REFEICAO MES ANTERIOR,"9241 - Alimentação em ticket ou cartão, vinculada ao PAT - Desconto",0,9,0,-,"0 - Artigo 28, §9º da Lei n° 8.212/91",9 - Artigos 3º e 7º da Lei nº 7.713/88,0 - Artigo 15 da Lei n° 8.036/90,"{""FGTS"": 0, ""INSS"": 0, ""IRRF"": 9, ""Analise"": ""-"", ""Rubrica"": ""DESC. VALE REFEICAO MES ANTERIOR"", ""Cod Rubrica"": 1018, ""Cód Natureza"": ""9241 - Alimentação em ticket ou cartão, vinculada ao PAT - Desconto"", ""Incid./Base Legal FGTS"": ""0 - Artigo 15 da Lei n° 8.036/90"", ""Incid./Base Legal INSS"": ""0 - Artigo 28, §9º da Lei n° 8.212/91"", ""Incid./Base Legal IRRF"": ""9 - Artigos 3º e 7º da Lei nº 7.713/88""}",2026-03-25 15:01:09.753784,,,,,,,,,,,,,,,,,,,,,,,,,,,,,,,,,,,,,,,,,,,,
1092,1,1092,1019,DIF CCT ABONO PECUNIARIO RODOVIARIOS,1401 - Abono,0,9,0,Rubrica com inconsistência de IRRF,"0 - Artigo 457, § 2º da CLT",11 - Artigos 3º e 7º da Lei nº 7.713/88,"0 - Artigo 457, § 2º da CLT","{""FGTS"": 0, ""INSS"": 0, ""IRRF"": 9, ""Analise"": ""Rubrica com inconsistência de IRRF"", ""Rubrica"": ""DIF CCT ABONO PECUNIARIO RODOVIARIOS"", ""Cod Rubrica"": 1019, ""Cód Natureza"": ""1401 - Abono"", ""Incid./Base Legal FGTS"": ""0 - Artigo 457, § 2º da CLT"", ""Incid./Base Legal INSS"": ""0 - Artigo 457, § 2º da CLT"", ""Incid./Base Legal IRRF"": ""11 - Artigos 3º e 7º da Lei nº 7.713/88""}",2026-03-25 15:01:09.753784,,,,,,,,,,,,,,,,,,,,,,,,,,,,,,,,,,,,,,,,,,,,
1093,1,1093,1020,DIFERENCA CCT - 05/24 a 07/24,1099 - Outras verbas salariais/remuneratórias,11,11,11,-,"11 - Artigo 28, inciso I, da Lei n° 8.212/91",11 - Artigos 3º e 7º da Lei nº 7.713/88,"11 - Artigo 15, § 6º da Lei n° 8.036/90","{""FGTS"": 11, ""INSS"": 11, ""IRRF"": 11, ""Analise"": ""-"", ""Rubrica"": ""DIFERENCA CCT - 05/24 a 07/24"", ""Cod Rubrica"": 1020, ""Cód Natureza"": ""1099 - Outras verbas salariais/remuneratórias"", ""Incid./Base Legal FGTS"": ""11 - Artigo 15, § 6º da Lei n° 8.036/90"", ""Incid./Base Legal INSS"": ""11 - Artigo 28, inciso I, da Lei n° 8.212/91"", ""Incid./Base Legal IRRF"": ""11 - Artigos 3º e 7º da Lei nº 7.713/88""}",2026-03-25 15:01:09.753784,,,,,,,,,,,,,,,,,,,,,,,,,,,,,,,,,,,,,,,,,,,,
1094,1,1094,1021,DESC. VT DIF CCT - 05/24 a 07/24,9216 - Desconto de vale transporte,0,9,0,-,"0 - Artigo 28, § 9º da Lei n° 8.212/91",9 - Artigos 3º e 7º da Lei nº 7.713/88,"0 - Artigo 15, § 6º da Lei n° 8.036/90","{""FGTS"": 0, ""INSS"": 0, ""IRRF"": 9, ""Analise"": ""-"", ""Rubrica"": ""DESC. VT DIF CCT - 05/24 a 07/24"", ""Cod Rubrica"": 1021, ""Cód Natureza"": ""9216 - Desconto de vale transporte"", ""Incid./Base Legal FGTS"": ""0 - Artigo 15, § 6º da Lei n° 8.036/90"", ""Incid./Base Legal INSS"": ""0 - Artigo 28, § 9º da Lei n° 8.212/91"", ""Incid./Base Legal IRRF"": ""9 - Artigos 3º e 7º da Lei nº 7.713/88""}",2026-03-25 15:01:09.753784,,,,,,,,,,,,,,,,,,,,,,,,,,,,,,,,,,,,,,,,,,,,
1095,1,1095,1022,DIF CCT PREMIO TEMPO DE SERVICO,1206 - Adicional por tempo de serviço,11,11,11,-,"11 - Artigo 28, inciso I, da Lei n° 8.212/91",11 - Artigos 3º e 7º da Lei nº 7.713/88,11 - Artigo 15 da Lei n° 8.036/90,"{""FGTS"": 11, ""INSS"": 11, ""IRRF"": 11, ""Analise"": ""-"", ""Rubrica"": ""DIF CCT PREMIO TEMPO DE SERVICO"", ""Cod Rubrica"": 1022, ""Cód Natureza"": ""1206 - Adicional por tempo de serviço"", ""Incid./Base Legal FGTS"": ""11 - Artigo 15 da Lei n° 8.036/90"", ""Incid./Base Legal INSS"": ""11 - Artigo 28, inciso I, da Lei n° 8.212/91"", ""Incid./Base Legal IRRF"": ""11 - Artigos 3º e 7º da Lei nº 7.713/88""}",2026-03-25 15:01:09.753784,,,,,,,,,,,,,,,,,,,,,,,,,,,,,,,,,,,,,,,,,,,,
1096,1,1096,1023,DIF ADIC. S/13º SALARIO,5001 - 13º salário,12,12,12,-,"12 - Artigo 28, inciso I, da Lei n° 8.212/91",12 - Artigos 3º e 7º da Lei nº 7.713/88,12 - Artigo 15 da Lei n° 8.036/90,"{""FGTS"": 12, ""INSS"": 12, ""IRRF"": 12, ""Analise"": ""-"", ""Rubrica"": ""DIF ADIC. S/13º SALARIO"", ""Cod Rubrica"": 1023, ""Cód Natureza"": ""5001 - 13º salário"", ""Incid./Base Legal FGTS"": ""12 - Artigo 15 da Lei n° 8.036/90"", ""Incid./Base Legal INSS"": ""12 - Artigo 28, inciso I, da Lei n° 8.212/91"", ""Incid./Base Legal IRRF"": ""12 - Artigos 3º e 7º da Lei nº 7.713/88""}",2026-03-25 15:01:09.753784,,,,,,,,,,,,,,,,,,,,,,,,,,,,,,,,,,,,,,,,,,,,
1097,1,1097,1024,DIF ADIC. FERIAS INDENIZADAS (Rescisao),6007 - Férias vencidas na rescisão,0,9,0,Rubrica com inconsistência de IRRF,"0 - Artigo 28, § 9º da Lei n° 8.212/91","74 - Artigo 6º, inciso V da Lei nº 7.713/88; artigo 682 do Decreto nº 9.580/2018; ADI SRF 14/2005","0 - Artigo 15, § 6º da Lei n° 8.036/90","{""FGTS"": 0, ""INSS"": 0, ""IRRF"": 9, ""Analise"": ""Rubrica com inconsistência de IRRF"", ""Rubrica"": ""DIF ADIC. FERIAS INDENIZADAS (Rescisao)"", ""Cod Rubrica"": 1024, ""Cód Natureza"": ""6007 - Férias vencidas na rescisão"", ""Incid./Base Legal FGTS"": ""0 - Artigo 15, § 6º da Lei n° 8.036/90"", ""Incid./Base Legal INSS"": ""0 - Artigo 28, § 9º da Lei n° 8.212/91"", ""Incid./Base Legal IRRF"": ""74 - Artigo 6º, inciso V da Lei nº 7.713/88; artigo 682 do Decreto nº 9.580/2018; ADI SRF 14/2005""}",2026-03-25 15:01:09.753784,,,,,,,,,,,,,,,,,,,,,,,,,,,,,,,,,,,,,,,,,,,,
1098,1,1098,1025,LICENCA GESTANTE POR ABORTO NAO CRIMINOSO,4050 - Salário maternidade,21,11,11,-,"21 - Artigo 28, inciso I, da Lei n° 8.212/91",11 - Artigos 3º e 7º da Lei nº 7.713/88,11 - Artigo 15 da Lei n° 8.036/90,"{""FGTS"": 11, ""INSS"": 21, ""IRRF"": 11, ""Analise"": ""-"", ""Rubrica"": ""LICENCA GESTANTE POR ABORTO NAO CRIMINOSO"", ""Cod Rubrica"": 1025, ""Cód Natureza"": ""4050 - Salário maternidade"", ""Incid./Base Legal FGTS"": ""11 - Artigo 15 da Lei n° 8.036/90"", ""Incid./Base Legal INSS"": ""21 - Artigo 28, inciso I, da Lei n° 8.212/91"", ""Incid./Base Legal IRRF"": ""11 - Artigos 3º e 7º da Lei nº 7.713/88""}",2026-03-25 15:01:09.753784,,,,,,,,,,,,,,,,,,,,,,,,,,,,,,,,,,,,,,,,,,,,
1099,1,1099,15 - IN 2185/2024,,,,,,,,,,"{""Incid./Base Legal INSS"": ""15 - IN 2185/2024""}",2026-03-25 15:01:09.753784,,,,,,,,,,,,,,,,,,,,,,,,,,,,,,,,,,,,,,,,,,,,
1100,1,1100,1026,PAGTO. VT E VA - REF FERIADOS,1299 - Outros adicionais,0,9,0,"Rubrica com inconsistência de INSS, IRRF e FGTS","11 - Artigo 28, inciso I, da Lei n° 8.212/91",11 - Artigos 3º e 7º da Lei nº 7.713/88,11 - Artigo 15 da Lei n° 8.036/90,"{""FGTS"": 0, ""INSS"": 0, ""IRRF"": 9, ""Analise"": ""Rubrica com inconsistência de INSS, IRRF e FGTS"", ""Rubrica"": ""PAGTO. VT E VA - REF FERIADOS"", ""Cod Rubrica"": 1026, ""Cód Natureza"": ""1299 - Outros adicionais"", ""Incid./Base Legal FGTS"": ""11 - Artigo 15 da Lei n° 8.036/90"", ""Incid./Base Legal INSS"": ""11 - Artigo 28, inciso I, da Lei n° 8.212/91"", ""Incid./Base Legal IRRF"": ""11 - Artigos 3º e 7º da Lei nº 7.713/88""}",2026-03-25 15:01:09.753784,,,,,,,,,,,,,,,,,,,,,,,,,,,,,,,,,,,,,,,,,,,,
1121,1,1121,1046,ADICIONAL EXTRACLASSE,1211 - Gratificações,11,11,11,-,"11 - Artigo 28, inciso I, da Lei n° 8.212/91",11 - Artigos 3º e 7º da Lei nº 7.713/88,11 - Artigo 15 da Lei n° 8.036/90,"{""FGTS"": 11, ""INSS"": 11, ""IRRF"": 11, ""Analise"": ""-"", ""Rubrica"": ""ADICIONAL EXTRACLASSE"", ""Cod Rubrica"": 1046, ""Cód Natureza"": ""1211 - Gratificações"", ""Incid./Base Legal FGTS"": ""11 - Artigo 15 da Lei n° 8.036/90"", ""Incid./Base Legal INSS"": ""11 - Artigo 28, inciso I, da Lei n° 8.212/91"", ""Incid./Base Legal IRRF"": ""11 - Artigos 3º e 7º da Lei nº 7.713/88""}",2026-03-25 15:01:09.753784,,,,,,,,,,,,,,,,,,,,,,,,,,,,,,,,,,,,,,,,,,,,
1102,1,1102,1028,DIFERENÇA AJUDA DE CUSTO,1211 - Gratificações,0,9,0,"Rubrica com inconsistência de INSS, IRRF e FGTS","11 - Artigo 28, inciso I, da Lei n° 8.212/91",11 - Artigos 3º e 7º da Lei nº 7.713/88,11 - Artigo 15 da Lei n° 8.036/90,"{""FGTS"": 0, ""INSS"": 0, ""IRRF"": 9, ""Analise"": ""Rubrica com inconsistência de INSS, IRRF e FGTS"", ""Rubrica"": ""DIFERENÇA AJUDA DE CUSTO"", ""Cod Rubrica"": 1028, ""Cód Natureza"": ""1211 - Gratificações"", ""Incid./Base Legal FGTS"": ""11 - Artigo 15 da Lei n° 8.036/90"", ""Incid./Base Legal INSS"": ""11 - Artigo 28, inciso I, da Lei n° 8.212/91"", ""Incid./Base Legal IRRF"": ""11 - Artigos 3º e 7º da Lei nº 7.713/88""}",2026-03-25 15:01:09.753784,,,,,,,,,,,,,,,,,,,,,,,,,,,,,,,,,,,,,,,,,,,,
1103,1,1103,1029,ADIC. NOTURNO C/20% - MES ANTERIO,1205 - Adicional noturno,11,11,11,-,"11 - Artigo 28, inciso I, da Lei n° 8.212/91",11 - Artigos 3º e 7º da Lei nº 7.713/88,11 - Artigo 15 da Lei n° 8.036/90,"{""FGTS"": 11, ""INSS"": 11, ""IRRF"": 11, ""Analise"": ""-"", ""Rubrica"": ""ADIC. NOTURNO C/20% - MES ANTERIO"", ""Cod Rubrica"": 1029, ""Cód Natureza"": ""1205 - Adicional noturno"", ""Incid./Base Legal FGTS"": ""11 - Artigo 15 da Lei n° 8.036/90"", ""Incid./Base Legal INSS"": ""11 - Artigo 28, inciso I, da Lei n° 8.212/91"", ""Incid./Base Legal IRRF"": ""11 - Artigos 3º e 7º da Lei nº 7.713/88""}",2026-03-25 15:01:09.753784,,,,,,,,,,,,,,,,,,,,,,,,,,,,,,,,,,,,,,,,,,,,
1104,1,1104,1030,REEMB. ATRASO/FALTA HORAS,"1000 - Salário, vencimento, soldo ou subsídio",11,11,11,-,"11 - Artigo 28, inciso I, da Lei n° 8.212/91",11 - Artigos 3º e 7º da Lei nº 7.713/88,11 - Artigo 15 da Lei n° 8.036/90,"{""FGTS"": 11, ""INSS"": 11, ""IRRF"": 11, ""Analise"": ""-"", ""Rubrica"": ""REEMB. ATRASO/FALTA HORAS"", ""Cod Rubrica"": 1030, ""Cód Natureza"": ""1000 - Salário, vencimento, soldo ou subsídio"", ""Incid./Base Legal FGTS"": ""11 - Artigo 15 da Lei n° 8.036/90"", ""Incid./Base Legal INSS"": ""11 - Artigo 28, inciso I, da Lei n° 8.212/91"", ""Incid./Base Legal IRRF"": ""11 - Artigos 3º e 7º da Lei nº 7.713/88""}",2026-03-25 15:01:09.753784,,,,,,,,,,,,,,,,,,,,,,,,,,,,,,,,,,,,,,,,,,,,
1105,1,1105,1031,DIF. MULTA POR ATRASO DE SALARIO,6129 - Outras verbas não remuneratórias (indenizatórias ou multas),0,9,0,Rubrica com inconsistência de IRRF,"0 - Artigo 28, inciso I, da Lei n° 8.212/91","79 - Artigos 6 da Lei nº 7.713/88 e Artigo 2° da Lei n° 8.036/90, e artigo 65 do Decreto n° 9.580/2018",0 - Artigo 15 da Lei n° 8.036/90,"{""FGTS"": 0, ""INSS"": 0, ""IRRF"": 9, ""Analise"": ""Rubrica com inconsistência de IRRF"", ""Rubrica"": ""DIF. MULTA POR ATRASO DE SALARIO"", ""Cod Rubrica"": 1031, ""Cód Natureza"": ""6129 - Outras verbas não remuneratórias (indenizatórias ou multas)"", ""Incid./Base Legal FGTS"": ""0 - Artigo 15 da Lei n° 8.036/90"", ""Incid./Base Legal INSS"": ""0 - Artigo 28, inciso I, da Lei n° 8.212/91"", ""Incid./Base Legal IRRF"": ""79 - Artigos 6 da Lei nº 7.713/88 e Artigo 2° da Lei n° 8.036/90, e artigo 65 do Decreto n° 9.580/2018""}",2026-03-25 15:01:09.753784,,,,,,,,,,,,,,,,,,,,,,,,,,,,,,,,,,,,,,,,,,,,
1106,1,1106,1032,D.S.R (INTERMITENTE),1012 - Descanso semanal remunerado - DSR e feriado,11,11,11,-,"11 - Artigo 28, inciso I, da Lei n° 8.212/91",11 - Artigos 3º e 7º da Lei nº 7.713/88,11 - Artigo 15 da Lei n° 8.036/90,"{""FGTS"": 11, ""INSS"": 11, ""IRRF"": 11, ""Analise"": ""-"", ""Rubrica"": ""D.S.R (INTERMITENTE)"", ""Cod Rubrica"": 1032, ""Cód Natureza"": ""1012 - Descanso semanal remunerado - DSR e feriado"", ""Incid./Base Legal FGTS"": ""11 - Artigo 15 da Lei n° 8.036/90"", ""Incid./Base Legal INSS"": ""11 - Artigo 28, inciso I, da Lei n° 8.212/91"", ""Incid./Base Legal IRRF"": ""11 - Artigos 3º e 7º da Lei nº 7.713/88""}",2026-03-25 15:01:09.753784,,,,,,,,,,,,,,,,,,,,,,,,,,,,,,,,,,,,,,,,,,,,
1107,1,1107,1033,DESC. EMPRESTIMO ECONSIGNADO FGTS,9253 - Desconto de trabalhadores a título de empréstimos na modalidade eConsignado para repasse à instituição financeira consignatária recolhido em guia do FGTS conforme legislação específica,0,9,31,-,"0 - Artigo 28, inciso I, da Lei n° 8.212/91",9 - Artigo 7º da Lei nº 8.134/90,31 - Artigo 15 da Lei n° 8.036/90,"{""FGTS"": 31, ""INSS"": 0, ""IRRF"": 9, ""Analise"": ""-"", ""Rubrica"": ""DESC. EMPRESTIMO ECONSIGNADO FGTS"", ""Cod Rubrica"": 1033, ""Cód Natureza"": ""9253 - Desconto de trabalhadores a título de empréstimos na modalidade eConsignado para repasse à instituição financeira consignatária recolhido em guia do FGTS conforme legislação específica"", ""Incid./Base Legal FGTS"": ""31 - Artigo 15 da Lei n° 8.036/90"", ""Incid./Base Legal INSS"": ""0 - Artigo 28, inciso I, da Lei n° 8.212/91"", ""Incid./Base Legal IRRF"": ""9 - Artigo 7º da Lei nº 8.134/90""}",2026-03-25 15:01:09.753784,,,,,,,,,,,,,,,,,,,,,,,,,,,,,,,,,,,,,,,,,,,,
1108,1,1108,1034,DESC. EMPRESTIMO ECONSIGNADO FGTS,9253 - Desconto de trabalhadores a título de empréstimos na modalidade eConsignado para repasse à instituição financeira consignatária recolhido em guia do FGTS conforme legislação específica,0,9,31,-,"0 - Artigo 28, inciso I, da Lei n° 8.212/91",9 - Artigo 7º da Lei nº 8.134/90,31 - Artigo 15 da Lei n° 8.036/90,"{""FGTS"": 31, ""INSS"": 0, ""IRRF"": 9, ""Analise"": ""-"", ""Rubrica"": ""DESC. EMPRESTIMO ECONSIGNADO FGTS"", ""Cod Rubrica"": 1034, ""Cód Natureza"": ""9253 - Desconto de trabalhadores a título de empréstimos na modalidade eConsignado para repasse à instituição financeira consignatária recolhido em guia do FGTS conforme legislação específica"", ""Incid./Base Legal FGTS"": ""31 - Artigo 15 da Lei n° 8.036/90"", ""Incid./Base Legal INSS"": ""0 - Artigo 28, inciso I, da Lei n° 8.212/91"", ""Incid./Base Legal IRRF"": ""9 - Artigo 7º da Lei nº 8.134/90""}",2026-03-25 15:01:09.753784,,,,,,,,,,,,,,,,,,,,,,,,,,,,,,,,,,,,,,,,,,,,
1109,1,1109,1035,DESC. EMPRESTIMO ECONSIGNADO FGTS,9253 - Desconto de trabalhadores a título de empréstimos na modalidade eConsignado para repasse à instituição financeira consignatária recolhido em guia do FGTS conforme legislação específica,0,9,31,-,"0 - Artigo 28, inciso I, da Lei n° 8.212/91",9 - Artigo 7º da Lei nº 8.134/90,31 - Artigo 15 da Lei n° 8.036/90,"{""FGTS"": 31, ""INSS"": 0, ""IRRF"": 9, ""Analise"": ""-"", ""Rubrica"": ""DESC. EMPRESTIMO ECONSIGNADO FGTS"", ""Cod Rubrica"": 1035, ""Cód Natureza"": ""9253 - Desconto de trabalhadores a título de empréstimos na modalidade eConsignado para repasse à instituição financeira consignatária recolhido em guia do FGTS conforme legislação específica"", ""Incid./Base Legal FGTS"": ""31 - Artigo 15 da Lei n° 8.036/90"", ""Incid./Base Legal INSS"": ""0 - Artigo 28, inciso I, da Lei n° 8.212/91"", ""Incid./Base Legal IRRF"": ""9 - Artigo 7º da Lei nº 8.134/90""}",2026-03-25 15:01:09.753784,,,,,,,,,,,,,,,,,,,,,,,,,,,,,,,,,,,,,,,,,,,,
1110,1,1110,1036,DESC. EMPRESTIMO ECONSIGNADO FGTS,9253 - Desconto de trabalhadores a título de empréstimos na modalidade eConsignado para repasse à instituição financeira consignatária recolhido em guia do FGTS conforme legislação específica,0,9,31,-,"0 - Artigo 28, inciso I, da Lei n° 8.212/91",9 - Artigo 7º da Lei nº 8.134/90,31 - Artigo 15 da Lei n° 8.036/90,"{""FGTS"": 31, ""INSS"": 0, ""IRRF"": 9, ""Analise"": ""-"", ""Rubrica"": ""DESC. EMPRESTIMO ECONSIGNADO FGTS"", ""Cod Rubrica"": 1036, ""Cód Natureza"": ""9253 - Desconto de trabalhadores a título de empréstimos na modalidade eConsignado para repasse à instituição financeira consignatária recolhido em guia do FGTS conforme legislação específica"", ""Incid./Base Legal FGTS"": ""31 - Artigo 15 da Lei n° 8.036/90"", ""Incid./Base Legal INSS"": ""0 - Artigo 28, inciso I, da Lei n° 8.212/91"", ""Incid./Base Legal IRRF"": ""9 - Artigo 7º da Lei nº 8.134/90""}",2026-03-25 15:01:09.753784,,,,,,,,,,,,,,,,,,,,,,,,,,,,,,,,,,,,,,,,,,,,
1111,1,1111,1037,DESC. EMPRESTIMO ECONSIGNADO FGTS,9253 - Desconto de trabalhadores a título de empréstimos na modalidade eConsignado para repasse à instituição financeira consignatária recolhido em guia do FGTS conforme legislação específica,0,9,31,-,"0 - Artigo 28, inciso I, da Lei n° 8.212/91",9 - Artigo 7º da Lei nº 8.134/90,31 - Artigo 15 da Lei n° 8.036/90,"{""FGTS"": 31, ""INSS"": 0, ""IRRF"": 9, ""Analise"": ""-"", ""Rubrica"": ""DESC. EMPRESTIMO ECONSIGNADO FGTS"", ""Cod Rubrica"": 1037, ""Cód Natureza"": ""9253 - Desconto de trabalhadores a título de empréstimos na modalidade eConsignado para repasse à instituição financeira consignatária recolhido em guia do FGTS conforme legislação específica"", ""Incid./Base Legal FGTS"": ""31 - Artigo 15 da Lei n° 8.036/90"", ""Incid./Base Legal INSS"": ""0 - Artigo 28, inciso I, da Lei n° 8.212/91"", ""Incid./Base Legal IRRF"": ""9 - Artigo 7º da Lei nº 8.134/90""}",2026-03-25 15:01:09.753784,,,,,,,,,,,,,,,,,,,,,,,,,,,,,,,,,,,,,,,,,,,,
1112,1,1112,1038,DESC. EMPRESTIMO ECONSIGNADO FGTS,9253 - Desconto de trabalhadores a título de empréstimos na modalidade eConsignado para repasse à instituição financeira consignatária recolhido em guia do FGTS conforme legislação específica,0,9,31,-,"0 - Artigo 28, inciso I, da Lei n° 8.212/91",9 - Artigo 7º da Lei nº 8.134/90,31 - Artigo 15 da Lei n° 8.036/90,"{""FGTS"": 31, ""INSS"": 0, ""IRRF"": 9, ""Analise"": ""-"", ""Rubrica"": ""DESC. EMPRESTIMO ECONSIGNADO FGTS"", ""Cod Rubrica"": 1038, ""Cód Natureza"": ""9253 - Desconto de trabalhadores a título de empréstimos na modalidade eConsignado para repasse à instituição financeira consignatária recolhido em guia do FGTS conforme legislação específica"", ""Incid./Base Legal FGTS"": ""31 - Artigo 15 da Lei n° 8.036/90"", ""Incid./Base Legal INSS"": ""0 - Artigo 28, inciso I, da Lei n° 8.212/91"", ""Incid./Base Legal IRRF"": ""9 - Artigo 7º da Lei nº 8.134/90""}",2026-03-25 15:01:09.753784,,,,,,,,,,,,,,,,,,,,,,,,,,,,,,,,,,,,,,,,,,,,
1113,1,1113,1039,DESC. EMPRESTIMO ECONSIGNADO FGTS,9253 - Desconto de trabalhadores a título de empréstimos na modalidade eConsignado para repasse à instituição financeira consignatária recolhido em guia do FGTS conforme legislação específica,0,9,31,-,"0 - Artigo 28, inciso I, da Lei n° 8.212/91",9 - Artigo 7º da Lei nº 8.134/90,31 - Artigo 15 da Lei n° 8.036/90,"{""FGTS"": 31, ""INSS"": 0, ""IRRF"": 9, ""Analise"": ""-"", ""Rubrica"": ""DESC. EMPRESTIMO ECONSIGNADO FGTS"", ""Cod Rubrica"": 1039, ""Cód Natureza"": ""9253 - Desconto de trabalhadores a título de empréstimos na modalidade eConsignado para repasse à instituição financeira consignatária recolhido em guia do FGTS conforme legislação específica"", ""Incid./Base Legal FGTS"": ""31 - Artigo 15 da Lei n° 8.036/90"", ""Incid./Base Legal INSS"": ""0 - Artigo 28, inciso I, da Lei n° 8.212/91"", ""Incid./Base Legal IRRF"": ""9 - Artigo 7º da Lei nº 8.134/90""}",2026-03-25 15:01:09.753784,,,,,,,,,,,,,,,,,,,,,,,,,,,,,,,,,,,,,,,,,,,,
1114,1,1114,1040,DESC. EMPRESTIMO ECONSIGNADO FGTS,9253 - Desconto de trabalhadores a título de empréstimos na modalidade eConsignado para repasse à instituição financeira consignatária recolhido em guia do FGTS conforme legislação específica,0,9,31,-,"0 - Artigo 28, inciso I, da Lei n° 8.212/91",9 - Artigo 7º da Lei nº 8.134/90,31 - Artigo 15 da Lei n° 8.036/90,"{""FGTS"": 31, ""INSS"": 0, ""IRRF"": 9, ""Analise"": ""-"", ""Rubrica"": ""DESC. EMPRESTIMO ECONSIGNADO FGTS"", ""Cod Rubrica"": 1040, ""Cód Natureza"": ""9253 - Desconto de trabalhadores a título de empréstimos na modalidade eConsignado para repasse à instituição financeira consignatária recolhido em guia do FGTS conforme legislação específica"", ""Incid./Base Legal FGTS"": ""31 - Artigo 15 da Lei n° 8.036/90"", ""Incid./Base Legal INSS"": ""0 - Artigo 28, inciso I, da Lei n° 8.212/91"", ""Incid./Base Legal IRRF"": ""9 - Artigo 7º da Lei nº 8.134/90""}",2026-03-25 15:01:09.753784,,,,,,,,,,,,,,,,,,,,,,,,,,,,,,,,,,,,,,,,,,,,
1115,1,1115,1041,PAGTO. ASSIST. MEDICA,1629 - Ressarcimento de outras despesas – em caráter indenizatório patrimonial,0,9,0,-,"0 - Artigo 28, § 9º da Lei n° 8.212/91",9 - Artigo 6º da Lei nº 7.713/88,"0 - Artigo 15, § 6º da Lei n° 8.036/90","{""FGTS"": 0, ""INSS"": 0, ""IRRF"": 9, ""Analise"": ""-"", ""Rubrica"": ""PAGTO. ASSIST. MEDICA"", ""Cod Rubrica"": 1041, ""Cód Natureza"": ""1629 - Ressarcimento de outras despesas – em caráter indenizatório patrimonial"", ""Incid./Base Legal FGTS"": ""0 - Artigo 15, § 6º da Lei n° 8.036/90"", ""Incid./Base Legal INSS"": ""0 - Artigo 28, § 9º da Lei n° 8.212/91"", ""Incid./Base Legal IRRF"": ""9 - Artigo 6º da Lei nº 7.713/88""}",2026-03-25 15:01:09.753784,,,,,,,,,,,,,,,,,,,,,,,,,,,,,,,,,,,,,,,,,,,,
1116,1,1116,1042,REEMBOLSO CO PARTICIPACAO A.M.,9299 - Outros descontos,0,9,0,-,"0 - Artigo 28, § 9º da Lei n° 8.212/91",9 - Artigos 3º e 7º da Lei nº 7.713/88,"0 - Artigo 15, § 6º da Lei n° 8.036/90","{""FGTS"": 0, ""INSS"": 0, ""IRRF"": 9, ""Analise"": ""-"", ""Rubrica"": ""REEMBOLSO CO PARTICIPACAO A.M."", ""Cod Rubrica"": 1042, ""Cód Natureza"": ""9299 - Outros descontos"", ""Incid./Base Legal FGTS"": ""0 - Artigo 15, § 6º da Lei n° 8.036/90"", ""Incid./Base Legal INSS"": ""0 - Artigo 28, § 9º da Lei n° 8.212/91"", ""Incid./Base Legal IRRF"": ""9 - Artigos 3º e 7º da Lei nº 7.713/88""}",2026-03-25 15:01:09.753784,,,,,,,,,,,,,,,,,,,,,,,,,,,,,,,,,,,,,,,,,,,,
1117,1,1117,1043,FERIAS EM DOBRO,1024 - Férias - o dobro na vigência do contrato,0,13,0,-,"0 - Artigo 28, § 9º da Lei n° 8.212/91","13 - Artigo 1º da IN RFB n° 936/2009; itens 5, 6 e 7 da Parecer PGFN/PGA nº 2.683/2008","0 - Artigo 15, § 6º da Lei n° 8.036/90","{""FGTS"": 0, ""INSS"": 0, ""IRRF"": 13, ""Analise"": ""-"", ""Rubrica"": ""FERIAS EM DOBRO"", ""Cod Rubrica"": 1043, ""Cód Natureza"": ""1024 - Férias - o dobro na vigência do contrato"", ""Incid./Base Legal FGTS"": ""0 - Artigo 15, § 6º da Lei n° 8.036/90"", ""Incid./Base Legal INSS"": ""0 - Artigo 28, § 9º da Lei n° 8.212/91"", ""Incid./Base Legal IRRF"": ""13 - Artigo 1º da IN RFB n° 936/2009; itens 5, 6 e 7 da Parecer PGFN/PGA nº 2.683/2008""}",2026-03-25 15:01:09.753784,,,,,,,,,,,,,,,,,,,,,,,,,,,,,,,,,,,,,,,,,,,,
1118,1,1118,"75 - Artigo 1º da IN RFB n° 936/2009; itens 5, 6 e 7 da Parecer PGFN/PGA nº 2.683/2008 .",,,,,,,,,,"{""Incid./Base Legal IRRF"": ""75 - Artigo 1º da IN RFB n° 936/2009; itens 5, 6 e 7 da Parecer PGFN/PGA nº 2.683/2008 .""}",2026-03-25 15:01:09.753784,,,,,,,,,,,,,,,,,,,,,,,,,,,,,,,,,,,,,,,,,,,,
1119,1,1119,1044,AUXILIO ESPECIAL,1899 - Outros Auxílios,0,9,0,-,"0 - Artigo 28, § 9º, da Lei n° 8.212/91",9 - Artigo 3° da Lei n° 6.321/76,"0 - Artigo 15, § 6º, da Lei n° 8.036/90","{""FGTS"": 0, ""INSS"": 0, ""IRRF"": 9, ""Analise"": ""-"", ""Rubrica"": ""AUXILIO ESPECIAL"", ""Cod Rubrica"": 1044, ""Cód Natureza"": ""1899 - Outros Auxílios"", ""Incid./Base Legal FGTS"": ""0 - Artigo 15, § 6º, da Lei n° 8.036/90"", ""Incid./Base Legal INSS"": ""0 - Artigo 28, § 9º, da Lei n° 8.212/91"", ""Incid./Base Legal IRRF"": ""9 - Artigo 3° da Lei n° 6.321/76""}",2026-03-25 15:01:09.753784,,,,,,,,,,,,,,,,,,,,,,,,,,,,,,,,,,,,,,,,,,,,
1120,1,1120,1045,D.S.R. S/SALARIO AULA,1012 - Descanso semanal remunerado - DSR e feriado,11,11,11,-,"11 - Artigo 28, inciso I, da Lei n° 8.212/91",11 - Artigos 3º e 7º da Lei nº 7.713/88,11 - Artigo 15 da Lei n° 8.036/90,"{""FGTS"": 11, ""INSS"": 11, ""IRRF"": 11, ""Analise"": ""-"", ""Rubrica"": ""D.S.R. S/SALARIO AULA"", ""Cod Rubrica"": 1045, ""Cód Natureza"": ""1012 - Descanso semanal remunerado - DSR e feriado"", ""Incid./Base Legal FGTS"": ""11 - Artigo 15 da Lei n° 8.036/90"", ""Incid./Base Legal INSS"": ""11 - Artigo 28, inciso I, da Lei n° 8.212/91"", ""Incid./Base Legal IRRF"": ""11 - Artigos 3º e 7º da Lei nº 7.713/88""}",2026-03-25 15:01:09.753784,,,,,,,,,,,,,,,,,,,,,,,,,,,,,,,,,,,,,,,,,,,,
1122,1,1122,1047,"ADIC. NOTURNO 22,50% - JANEIRO",1205 - Adicional noturno,11,11,11,-,"11 - Artigo 28, inciso I, da Lei n° 8.212/91",11 - Artigos 3º e 7º da Lei nº 7.713/88,11 - Artigo 15 da Lei n° 8.036/90,"{""FGTS"": 11, ""INSS"": 11, ""IRRF"": 11, ""Analise"": ""-"", ""Rubrica"": ""ADIC. NOTURNO 22,50% - JANEIRO"", ""Cod Rubrica"": 1047, ""Cód Natureza"": ""1205 - Adicional noturno"", ""Incid./Base Legal FGTS"": ""11 - Artigo 15 da Lei n° 8.036/90"", ""Incid./Base Legal INSS"": ""11 - Artigo 28, inciso I, da Lei n° 8.212/91"", ""Incid./Base Legal IRRF"": ""11 - Artigos 3º e 7º da Lei nº 7.713/88""}",2026-03-25 15:01:09.753784,,,,,,,,,,,,,,,,,,,,,,,,,,,,,,,,,,,,,,,,,,,,
1123,1,1123,1048,"ADIC. NOTURNO 22,50% - FEVEREIRO",1205 - Adicional noturno,11,11,11,-,"11 - Artigo 28, inciso I, da Lei n° 8.212/91",11 - Artigos 3º e 7º da Lei nº 7.713/88,11 - Artigo 15 da Lei n° 8.036/90,"{""FGTS"": 11, ""INSS"": 11, ""IRRF"": 11, ""Analise"": ""-"", ""Rubrica"": ""ADIC. NOTURNO 22,50% - FEVEREIRO"", ""Cod Rubrica"": 1048, ""Cód Natureza"": ""1205 - Adicional noturno"", ""Incid./Base Legal FGTS"": ""11 - Artigo 15 da Lei n° 8.036/90"", ""Incid./Base Legal INSS"": ""11 - Artigo 28, inciso I, da Lei n° 8.212/91"", ""Incid./Base Legal IRRF"": ""11 - Artigos 3º e 7º da Lei nº 7.713/88""}",2026-03-25 15:01:09.753784,,,,,,,,,,,,,,,,,,,,,,,,,,,,,,,,,,,,,,,,,,,,
1124,1,1124,1049,"ADIC. NOTURNO 22,50% - MARCO",1205 - Adicional noturno,11,11,11,-,"11 - Artigo 28, inciso I, da Lei n° 8.212/91",11 - Artigos 3º e 7º da Lei nº 7.713/88,11 - Artigo 15 da Lei n° 8.036/90,"{""FGTS"": 11, ""INSS"": 11, ""IRRF"": 11, ""Analise"": ""-"", ""Rubrica"": ""ADIC. NOTURNO 22,50% - MARCO"", ""Cod Rubrica"": 1049, ""Cód Natureza"": ""1205 - Adicional noturno"", ""Incid./Base Legal FGTS"": ""11 - Artigo 15 da Lei n° 8.036/90"", ""Incid./Base Legal INSS"": ""11 - Artigo 28, inciso I, da Lei n° 8.212/91"", ""Incid./Base Legal IRRF"": ""11 - Artigos 3º e 7º da Lei nº 7.713/88""}",2026-03-25 15:01:09.753784,,,,,,,,,,,,,,,,,,,,,,,,,,,,,,,,,,,,,,,,,,,,
1125,1,1125,1050,"ADIC. NOTURNO 22,50% - ABRIL",1205 - Adicional noturno,11,11,11,-,"11 - Artigo 28, inciso I, da Lei n° 8.212/91",11 - Artigos 3º e 7º da Lei nº 7.713/88,11 - Artigo 15 da Lei n° 8.036/90,"{""FGTS"": 11, ""INSS"": 11, ""IRRF"": 11, ""Analise"": ""-"", ""Rubrica"": ""ADIC. NOTURNO 22,50% - ABRIL"", ""Cod Rubrica"": 1050, ""Cód Natureza"": ""1205 - Adicional noturno"", ""Incid./Base Legal FGTS"": ""11 - Artigo 15 da Lei n° 8.036/90"", ""Incid./Base Legal INSS"": ""11 - Artigo 28, inciso I, da Lei n° 8.212/91"", ""Incid./Base Legal IRRF"": ""11 - Artigos 3º e 7º da Lei nº 7.713/88""}",2026-03-25 15:01:09.753784,,,,,,,,,,,,,,,,,,,,,,,,,,,,,,,,,,,,,,,,,,,,
1126,1,1126,1051,"ADIC. NOTURNO 22,50% - MAIO",1205 - Adicional noturno,11,11,11,-,"11 - Artigo 28, inciso I, da Lei n° 8.212/91",11 - Artigos 3º e 7º da Lei nº 7.713/88,11 - Artigo 15 da Lei n° 8.036/90,"{""FGTS"": 11, ""INSS"": 11, ""IRRF"": 11, ""Analise"": ""-"", ""Rubrica"": ""ADIC. NOTURNO 22,50% - MAIO"", ""Cod Rubrica"": 1051, ""Cód Natureza"": ""1205 - Adicional noturno"", ""Incid./Base Legal FGTS"": ""11 - Artigo 15 da Lei n° 8.036/90"", ""Incid./Base Legal INSS"": ""11 - Artigo 28, inciso I, da Lei n° 8.212/91"", ""Incid./Base Legal IRRF"": ""11 - Artigos 3º e 7º da Lei nº 7.713/88""}",2026-03-25 15:01:09.753784,,,,,,,,,,,,,,,,,,,,,,,,,,,,,,,,,,,,,,,,,,,,
1127,1,1127,1052,"ADIC. NOTURNO 22,50% - JUNHO",1205 - Adicional noturno,11,11,11,-,"11 - Artigo 28, inciso I, da Lei n° 8.212/91",11 - Artigos 3º e 7º da Lei nº 7.713/88,11 - Artigo 15 da Lei n° 8.036/90,"{""FGTS"": 11, ""INSS"": 11, ""IRRF"": 11, ""Analise"": ""-"", ""Rubrica"": ""ADIC. NOTURNO 22,50% - JUNHO"", ""Cod Rubrica"": 1052, ""Cód Natureza"": ""1205 - Adicional noturno"", ""Incid./Base Legal FGTS"": ""11 - Artigo 15 da Lei n° 8.036/90"", ""Incid./Base Legal INSS"": ""11 - Artigo 28, inciso I, da Lei n° 8.212/91"", ""Incid./Base Legal IRRF"": ""11 - Artigos 3º e 7º da Lei nº 7.713/88""}",2026-03-25 15:01:09.753784,,,,,,,,,,,,,,,,,,,,,,,,,,,,,,,,,,,,,,,,,,,,
1128,1,1128,1053,"ADIC. NOTURNO 22,50% - JULHO",1205 - Adicional noturno,11,11,11,-,"11 - Artigo 28, inciso I, da Lei n° 8.212/91",11 - Artigos 3º e 7º da Lei nº 7.713/88,11 - Artigo 15 da Lei n° 8.036/90,"{""FGTS"": 11, ""INSS"": 11, ""IRRF"": 11, ""Analise"": ""-"", ""Rubrica"": ""ADIC. NOTURNO 22,50% - JULHO"", ""Cod Rubrica"": 1053, ""Cód Natureza"": ""1205 - Adicional noturno"", ""Incid./Base Legal FGTS"": ""11 - Artigo 15 da Lei n° 8.036/90"", ""Incid./Base Legal INSS"": ""11 - Artigo 28, inciso I, da Lei n° 8.212/91"", ""Incid./Base Legal IRRF"": ""11 - Artigos 3º e 7º da Lei nº 7.713/88""}",2026-03-25 15:01:09.753784,,,,,,,,,,,,,,,,,,,,,,,,,,,,,,,,,,,,,,,,,,,,
1129,1,1129,1054,"ADIC. NOTURNO 22,50% - AGOSTO",1205 - Adicional noturno,11,11,11,-,"11 - Artigo 28, inciso I, da Lei n° 8.212/91",11 - Artigos 3º e 7º da Lei nº 7.713/88,11 - Artigo 15 da Lei n° 8.036/90,"{""FGTS"": 11, ""INSS"": 11, ""IRRF"": 11, ""Analise"": ""-"", ""Rubrica"": ""ADIC. NOTURNO 22,50% - AGOSTO"", ""Cod Rubrica"": 1054, ""Cód Natureza"": ""1205 - Adicional noturno"", ""Incid./Base Legal FGTS"": ""11 - Artigo 15 da Lei n° 8.036/90"", ""Incid./Base Legal INSS"": ""11 - Artigo 28, inciso I, da Lei n° 8.212/91"", ""Incid./Base Legal IRRF"": ""11 - Artigos 3º e 7º da Lei nº 7.713/88""}",2026-03-25 15:01:09.753784,,,,,,,,,,,,,,,,,,,,,,,,,,,,,,,,,,,,,,,,,,,,
1130,1,1130,1055,"ADIC. NOTURNO 22,50% - SETEMBRO",1205 - Adicional noturno,11,11,11,-,"11 - Artigo 28, inciso I, da Lei n° 8.212/91",11 - Artigos 3º e 7º da Lei nº 7.713/88,11 - Artigo 15 da Lei n° 8.036/90,"{""FGTS"": 11, ""INSS"": 11, ""IRRF"": 11, ""Analise"": ""-"", ""Rubrica"": ""ADIC. NOTURNO 22,50% - SETEMBRO"", ""Cod Rubrica"": 1055, ""Cód Natureza"": ""1205 - Adicional noturno"", ""Incid./Base Legal FGTS"": ""11 - Artigo 15 da Lei n° 8.036/90"", ""Incid./Base Legal INSS"": ""11 - Artigo 28, inciso I, da Lei n° 8.212/91"", ""Incid./Base Legal IRRF"": ""11 - Artigos 3º e 7º da Lei nº 7.713/88""}",2026-03-25 15:01:09.753784,,,,,,,,,,,,,,,,,,,,,,,,,,,,,,,,,,,,,,,,,,,,
1131,1,1131,1056,"ADIC. NOTURNO 22,50% - OUTUBRO",1205 - Adicional noturno,11,11,11,-,"11 - Artigo 28, inciso I, da Lei n° 8.212/91",11 - Artigos 3º e 7º da Lei nº 7.713/88,11 - Artigo 15 da Lei n° 8.036/90,"{""FGTS"": 11, ""INSS"": 11, ""IRRF"": 11, ""Analise"": ""-"", ""Rubrica"": ""ADIC. NOTURNO 22,50% - OUTUBRO"", ""Cod Rubrica"": 1056, ""Cód Natureza"": ""1205 - Adicional noturno"", ""Incid./Base Legal FGTS"": ""11 - Artigo 15 da Lei n° 8.036/90"", ""Incid./Base Legal INSS"": ""11 - Artigo 28, inciso I, da Lei n° 8.212/91"", ""Incid./Base Legal IRRF"": ""11 - Artigos 3º e 7º da Lei nº 7.713/88""}",2026-03-25 15:01:09.753784,,,,,,,,,,,,,,,,,,,,,,,,,,,,,,,,,,,,,,,,,,,,
1132,1,1132,1057,"ADIC. NOTURNO 22,50% - NOVEMBRO",1205 - Adicional noturno,11,11,11,-,"11 - Artigo 28, inciso I, da Lei n° 8.212/91",11 - Artigos 3º e 7º da Lei nº 7.713/88,11 - Artigo 15 da Lei n° 8.036/90,"{""FGTS"": 11, ""INSS"": 11, ""IRRF"": 11, ""Analise"": ""-"", ""Rubrica"": ""ADIC. NOTURNO 22,50% - NOVEMBRO"", ""Cod Rubrica"": 1057, ""Cód Natureza"": ""1205 - Adicional noturno"", ""Incid./Base Legal FGTS"": ""11 - Artigo 15 da Lei n° 8.036/90"", ""Incid./Base Legal INSS"": ""11 - Artigo 28, inciso I, da Lei n° 8.212/91"", ""Incid./Base Legal IRRF"": ""11 - Artigos 3º e 7º da Lei nº 7.713/88""}",2026-03-25 15:01:09.753784,,,,,,,,,,,,,,,,,,,,,,,,,,,,,,,,,,,,,,,,,,,,
1133,1,1133,1058,"ADIC. NOTURNO 22,50% - DEZEMBRO",1205 - Adicional noturno,11,11,11,-,"11 - Artigo 28, inciso I, da Lei n° 8.212/91",11 - Artigos 3º e 7º da Lei nº 7.713/88,11 - Artigo 15 da Lei n° 8.036/90,"{""FGTS"": 11, ""INSS"": 11, ""IRRF"": 11, ""Analise"": ""-"", ""Rubrica"": ""ADIC. NOTURNO 22,50% - DEZEMBRO"", ""Cod Rubrica"": 1058, ""Cód Natureza"": ""1205 - Adicional noturno"", ""Incid./Base Legal FGTS"": ""11 - Artigo 15 da Lei n° 8.036/90"", ""Incid./Base Legal INSS"": ""11 - Artigo 28, inciso I, da Lei n° 8.212/91"", ""Incid./Base Legal IRRF"": ""11 - Artigos 3º e 7º da Lei nº 7.713/88""}",2026-03-25 15:01:09.753784,,,,,,,,,,,,,,,,,,,,,,,,,,,,,,,,,,,,,,,,,,,,
1134,1,1134,1059,HORAS EXTRAS 50% - JANEIRO,1003 - Horas extraordinárias,11,11,11,-,"11 - Artigo 28, inciso I, da Lei n° 8.212/91",11 - Artigos 3º e 7º da Lei nº 7.713/88,11 - Artigo 15 da Lei n° 8.036/90,"{""FGTS"": 11, ""INSS"": 11, ""IRRF"": 11, ""Analise"": ""-"", ""Rubrica"": ""HORAS EXTRAS 50% - JANEIRO"", ""Cod Rubrica"": 1059, ""Cód Natureza"": ""1003 - Horas extraordinárias"", ""Incid./Base Legal FGTS"": ""11 - Artigo 15 da Lei n° 8.036/90"", ""Incid./Base Legal INSS"": ""11 - Artigo 28, inciso I, da Lei n° 8.212/91"", ""Incid./Base Legal IRRF"": ""11 - Artigos 3º e 7º da Lei nº 7.713/88""}",2026-03-25 15:01:09.753784,,,,,,,,,,,,,,,,,,,,,,,,,,,,,,,,,,,,,,,,,,,,
1135,1,1135,1060,HORAS EXTRAS 50% - FEVEREIRO,1003 - Horas extraordinárias,11,11,11,-,"11 - Artigo 28, inciso I, da Lei n° 8.212/91",11 - Artigos 3º e 7º da Lei nº 7.713/88,11 - Artigo 15 da Lei n° 8.036/90,"{""FGTS"": 11, ""INSS"": 11, ""IRRF"": 11, ""Analise"": ""-"", ""Rubrica"": ""HORAS EXTRAS 50% - FEVEREIRO"", ""Cod Rubrica"": 1060, ""Cód Natureza"": ""1003 - Horas extraordinárias"", ""Incid./Base Legal FGTS"": ""11 - Artigo 15 da Lei n° 8.036/90"", ""Incid./Base Legal INSS"": ""11 - Artigo 28, inciso I, da Lei n° 8.212/91"", ""Incid./Base Legal IRRF"": ""11 - Artigos 3º e 7º da Lei nº 7.713/88""}",2026-03-25 15:01:09.753784,,,,,,,,,,,,,,,,,,,,,,,,,,,,,,,,,,,,,,,,,,,,
1136,1,1136,1061,HORAS EXTRAS 50% - MARCO,1003 - Horas extraordinárias,11,11,11,-,"11 - Artigo 28, inciso I, da Lei n° 8.212/91",11 - Artigos 3º e 7º da Lei nº 7.713/88,11 - Artigo 15 da Lei n° 8.036/90,"{""FGTS"": 11, ""INSS"": 11, ""IRRF"": 11, ""Analise"": ""-"", ""Rubrica"": ""HORAS EXTRAS 50% - MARCO"", ""Cod Rubrica"": 1061, ""Cód Natureza"": ""1003 - Horas extraordinárias"", ""Incid./Base Legal FGTS"": ""11 - Artigo 15 da Lei n° 8.036/90"", ""Incid./Base Legal INSS"": ""11 - Artigo 28, inciso I, da Lei n° 8.212/91"", ""Incid./Base Legal IRRF"": ""11 - Artigos 3º e 7º da Lei nº 7.713/88""}",2026-03-25 15:01:09.753784,,,,,,,,,,,,,,,,,,,,,,,,,,,,,,,,,,,,,,,,,,,,
1137,1,1137,1062,HORAS EXTRAS 50% - ABRIL,1003 - Horas extraordinárias,11,11,11,-,"11 - Artigo 28, inciso I, da Lei n° 8.212/91",11 - Artigos 3º e 7º da Lei nº 7.713/88,11 - Artigo 15 da Lei n° 8.036/90,"{""FGTS"": 11, ""INSS"": 11, ""IRRF"": 11, ""Analise"": ""-"", ""Rubrica"": ""HORAS EXTRAS 50% - ABRIL"", ""Cod Rubrica"": 1062, ""Cód Natureza"": ""1003 - Horas extraordinárias"", ""Incid./Base Legal FGTS"": ""11 - Artigo 15 da Lei n° 8.036/90"", ""Incid./Base Legal INSS"": ""11 - Artigo 28, inciso I, da Lei n° 8.212/91"", ""Incid./Base Legal IRRF"": ""11 - Artigos 3º e 7º da Lei nº 7.713/88""}",2026-03-25 15:01:09.753784,,,,,,,,,,,,,,,,,,,,,,,,,,,,,,,,,,,,,,,,,,,,
1138,1,1138,1063,HORAS EXTRAS 50% - MAIO,1003 - Horas extraordinárias,11,11,11,-,"11 - Artigo 28, inciso I, da Lei n° 8.212/91",11 - Artigos 3º e 7º da Lei nº 7.713/88,11 - Artigo 15 da Lei n° 8.036/90,"{""FGTS"": 11, ""INSS"": 11, ""IRRF"": 11, ""Analise"": ""-"", ""Rubrica"": ""HORAS EXTRAS 50% - MAIO"", ""Cod Rubrica"": 1063, ""Cód Natureza"": ""1003 - Horas extraordinárias"", ""Incid./Base Legal FGTS"": ""11 - Artigo 15 da Lei n° 8.036/90"", ""Incid./Base Legal INSS"": ""11 - Artigo 28, inciso I, da Lei n° 8.212/91"", ""Incid./Base Legal IRRF"": ""11 - Artigos 3º e 7º da Lei nº 7.713/88""}",2026-03-25 15:01:09.753784,,,,,,,,,,,,,,,,,,,,,,,,,,,,,,,,,,,,,,,,,,,,
1139,1,1139,1064,HORAS EXTRAS 50% - JUNHO,1003 - Horas extraordinárias,11,11,11,-,"11 - Artigo 28, inciso I, da Lei n° 8.212/91",11 - Artigos 3º e 7º da Lei nº 7.713/88,11 - Artigo 15 da Lei n° 8.036/90,"{""FGTS"": 11, ""INSS"": 11, ""IRRF"": 11, ""Analise"": ""-"", ""Rubrica"": ""HORAS EXTRAS 50% - JUNHO"", ""Cod Rubrica"": 1064, ""Cód Natureza"": ""1003 - Horas extraordinárias"", ""Incid./Base Legal FGTS"": ""11 - Artigo 15 da Lei n° 8.036/90"", ""Incid./Base Legal INSS"": ""11 - Artigo 28, inciso I, da Lei n° 8.212/91"", ""Incid./Base Legal IRRF"": ""11 - Artigos 3º e 7º da Lei nº 7.713/88""}",2026-03-25 15:01:09.753784,,,,,,,,,,,,,,,,,,,,,,,,,,,,,,,,,,,,,,,,,,,,
1140,1,1140,1065,HORAS EXTRAS 50% - JULHO,1003 - Horas extraordinárias,11,11,11,-,"11 - Artigo 28, inciso I, da Lei n° 8.212/91",11 - Artigos 3º e 7º da Lei nº 7.713/88,11 - Artigo 15 da Lei n° 8.036/90,"{""FGTS"": 11, ""INSS"": 11, ""IRRF"": 11, ""Analise"": ""-"", ""Rubrica"": ""HORAS EXTRAS 50% - JULHO"", ""Cod Rubrica"": 1065, ""Cód Natureza"": ""1003 - Horas extraordinárias"", ""Incid./Base Legal FGTS"": ""11 - Artigo 15 da Lei n° 8.036/90"", ""Incid./Base Legal INSS"": ""11 - Artigo 28, inciso I, da Lei n° 8.212/91"", ""Incid./Base Legal IRRF"": ""11 - Artigos 3º e 7º da Lei nº 7.713/88""}",2026-03-25 15:01:09.753784,,,,,,,,,,,,,,,,,,,,,,,,,,,,,,,,,,,,,,,,,,,,
1141,1,1141,1066,HORAS EXTRAS 50% - AGOSTO,1003 - Horas extraordinárias,11,11,11,-,"11 - Artigo 28, inciso I, da Lei n° 8.212/91",11 - Artigos 3º e 7º da Lei nº 7.713/88,11 - Artigo 15 da Lei n° 8.036/90,"{""FGTS"": 11, ""INSS"": 11, ""IRRF"": 11, ""Analise"": ""-"", ""Rubrica"": ""HORAS EXTRAS 50% - AGOSTO"", ""Cod Rubrica"": 1066, ""Cód Natureza"": ""1003 - Horas extraordinárias"", ""Incid./Base Legal FGTS"": ""11 - Artigo 15 da Lei n° 8.036/90"", ""Incid./Base Legal INSS"": ""11 - Artigo 28, inciso I, da Lei n° 8.212/91"", ""Incid./Base Legal IRRF"": ""11 - Artigos 3º e 7º da Lei nº 7.713/88""}",2026-03-25 15:01:09.753784,,,,,,,,,,,,,,,,,,,,,,,,,,,,,,,,,,,,,,,,,,,,
1142,1,1142,1067,HORAS EXTRAS 50% - SETEMBRO,1003 - Horas extraordinárias,11,11,11,-,"11 - Artigo 28, inciso I, da Lei n° 8.212/91",11 - Artigos 3º e 7º da Lei nº 7.713/88,11 - Artigo 15 da Lei n° 8.036/90,"{""FGTS"": 11, ""INSS"": 11, ""IRRF"": 11, ""Analise"": ""-"", ""Rubrica"": ""HORAS EXTRAS 50% - SETEMBRO"", ""Cod Rubrica"": 1067, ""Cód Natureza"": ""1003 - Horas extraordinárias"", ""Incid./Base Legal FGTS"": ""11 - Artigo 15 da Lei n° 8.036/90"", ""Incid./Base Legal INSS"": ""11 - Artigo 28, inciso I, da Lei n° 8.212/91"", ""Incid./Base Legal IRRF"": ""11 - Artigos 3º e 7º da Lei nº 7.713/88""}",2026-03-25 15:01:09.753784,,,,,,,,,,,,,,,,,,,,,,,,,,,,,,,,,,,,,,,,,,,,
1143,1,1143,1068,HORAS EXTRAS 50% - OUTUBRO,1003 - Horas extraordinárias,11,11,11,-,"11 - Artigo 28, inciso I, da Lei n° 8.212/91",11 - Artigos 3º e 7º da Lei nº 7.713/88,11 - Artigo 15 da Lei n° 8.036/90,"{""FGTS"": 11, ""INSS"": 11, ""IRRF"": 11, ""Analise"": ""-"", ""Rubrica"": ""HORAS EXTRAS 50% - OUTUBRO"", ""Cod Rubrica"": 1068, ""Cód Natureza"": ""1003 - Horas extraordinárias"", ""Incid./Base Legal FGTS"": ""11 - Artigo 15 da Lei n° 8.036/90"", ""Incid./Base Legal INSS"": ""11 - Artigo 28, inciso I, da Lei n° 8.212/91"", ""Incid./Base Legal IRRF"": ""11 - Artigos 3º e 7º da Lei nº 7.713/88""}",2026-03-25 15:01:09.753784,,,,,,,,,,,,,,,,,,,,,,,,,,,,,,,,,,,,,,,,,,,,
1144,1,1144,1069,HORAS EXTRAS 50% - NOVEMBRO,1003 - Horas extraordinárias,11,11,11,-,"11 - Artigo 28, inciso I, da Lei n° 8.212/91",11 - Artigos 3º e 7º da Lei nº 7.713/88,11 - Artigo 15 da Lei n° 8.036/90,"{""FGTS"": 11, ""INSS"": 11, ""IRRF"": 11, ""Analise"": ""-"", ""Rubrica"": ""HORAS EXTRAS 50% - NOVEMBRO"", ""Cod Rubrica"": 1069, ""Cód Natureza"": ""1003 - Horas extraordinárias"", ""Incid./Base Legal FGTS"": ""11 - Artigo 15 da Lei n° 8.036/90"", ""Incid./Base Legal INSS"": ""11 - Artigo 28, inciso I, da Lei n° 8.212/91"", ""Incid./Base Legal IRRF"": ""11 - Artigos 3º e 7º da Lei nº 7.713/88""}",2026-03-25 15:01:09.753784,,,,,,,,,,,,,,,,,,,,,,,,,,,,,,,,,,,,,,,,,,,,
1145,1,1145,1070,HORAS EXTRAS 50% - DEZEMBRO,1003 - Horas extraordinárias,11,11,11,-,"11 - Artigo 28, inciso I, da Lei n° 8.212/91",11 - Artigos 3º e 7º da Lei nº 7.713/88,11 - Artigo 15 da Lei n° 8.036/90,"{""FGTS"": 11, ""INSS"": 11, ""IRRF"": 11, ""Analise"": ""-"", ""Rubrica"": ""HORAS EXTRAS 50% - DEZEMBRO"", ""Cod Rubrica"": 1070, ""Cód Natureza"": ""1003 - Horas extraordinárias"", ""Incid./Base Legal FGTS"": ""11 - Artigo 15 da Lei n° 8.036/90"", ""Incid./Base Legal INSS"": ""11 - Artigo 28, inciso I, da Lei n° 8.212/91"", ""Incid./Base Legal IRRF"": ""11 - Artigos 3º e 7º da Lei nº 7.713/88""}",2026-03-25 15:01:09.753784,,,,,,,,,,,,,,,,,,,,,,,,,,,,,,,,,,,,,,,,,,,,
1146,1,1146,1071,MEDIAS FERIAS EM DOBRO,1024 - Férias - o dobro na vigência do contrato,0,13,0,-,"0 - Artigo 28, § 9º da Lei n° 8.212/91","13 - Artigo 1º da IN RFB n° 936/2009; itens 5, 6 e 7 da Parecer PGFN/PGA nº 2.683/2008","0 - Artigo 15, § 6º da Lei n° 8.036/90","{""FGTS"": 0, ""INSS"": 0, ""IRRF"": 13, ""Analise"": ""-"", ""Rubrica"": ""MEDIAS FERIAS EM DOBRO"", ""Cod Rubrica"": 1071, ""Cód Natureza"": ""1024 - Férias - o dobro na vigência do contrato"", ""Incid./Base Legal FGTS"": ""0 - Artigo 15, § 6º da Lei n° 8.036/90"", ""Incid./Base Legal INSS"": ""0 - Artigo 28, § 9º da Lei n° 8.212/91"", ""Incid./Base Legal IRRF"": ""13 - Artigo 1º da IN RFB n° 936/2009; itens 5, 6 e 7 da Parecer PGFN/PGA nº 2.683/2008""}",2026-03-25 15:01:09.753784,,,,,,,,,,,,,,,,,,,,,,,,,,,,,,,,,,,,,,,,,,,,
1147,1,1147,"75 - Artigo 1º da IN RFB n° 936/2009; itens 5, 6 e 7 da Parecer PGFN/PGA nº 2.683/2008 .",,,,,,,,,,"{""Incid./Base Legal IRRF"": ""75 - Artigo 1º da IN RFB n° 936/2009; itens 5, 6 e 7 da Parecer PGFN/PGA nº 2.683/2008 .""}",2026-03-25 15:01:09.753784,,,,,,,,,,,,,,,,,,,,,,,,,,,,,,,,,,,,,,,,,,,,
1148,1,1148,1072,"H EXTRAS 50% NOT22,50 - JANEIRO",1003 - Horas extraordinárias,11,11,11,-,"11 - Artigo 28, inciso I, da Lei n° 8.212/91",11 - Artigos 3º e 7º da Lei nº 7.713/88,11 - Artigo 15 da Lei n° 8.036/90,"{""FGTS"": 11, ""INSS"": 11, ""IRRF"": 11, ""Analise"": ""-"", ""Rubrica"": ""H EXTRAS 50% NOT22,50 - JANEIRO"", ""Cod Rubrica"": 1072, ""Cód Natureza"": ""1003 - Horas extraordinárias"", ""Incid./Base Legal FGTS"": ""11 - Artigo 15 da Lei n° 8.036/90"", ""Incid./Base Legal INSS"": ""11 - Artigo 28, inciso I, da Lei n° 8.212/91"", ""Incid./Base Legal IRRF"": ""11 - Artigos 3º e 7º da Lei nº 7.713/88""}",2026-03-25 15:01:09.753784,,,,,,,,,,,,,,,,,,,,,,,,,,,,,,,,,,,,,,,,,,,,
1149,1,1149,1073,"H EXTRAS 50% NOT22,50 - FEVEREIRO",1003 - Horas extraordinárias,11,11,11,-,"11 - Artigo 28, inciso I, da Lei n° 8.212/91",11 - Artigos 3º e 7º da Lei nº 7.713/88,11 - Artigo 15 da Lei n° 8.036/90,"{""FGTS"": 11, ""INSS"": 11, ""IRRF"": 11, ""Analise"": ""-"", ""Rubrica"": ""H EXTRAS 50% NOT22,50 - FEVEREIRO"", ""Cod Rubrica"": 1073, ""Cód Natureza"": ""1003 - Horas extraordinárias"", ""Incid./Base Legal FGTS"": ""11 - Artigo 15 da Lei n° 8.036/90"", ""Incid./Base Legal INSS"": ""11 - Artigo 28, inciso I, da Lei n° 8.212/91"", ""Incid./Base Legal IRRF"": ""11 - Artigos 3º e 7º da Lei nº 7.713/88""}",2026-03-25 15:01:09.753784,,,,,,,,,,,,,,,,,,,,,,,,,,,,,,,,,,,,,,,,,,,,
1150,1,1150,1074,"H EXTRAS 50% NOT22,50 - MARCO",1003 - Horas extraordinárias,11,11,11,-,"11 - Artigo 28, inciso I, da Lei n° 8.212/91",11 - Artigos 3º e 7º da Lei nº 7.713/88,11 - Artigo 15 da Lei n° 8.036/90,"{""FGTS"": 11, ""INSS"": 11, ""IRRF"": 11, ""Analise"": ""-"", ""Rubrica"": ""H EXTRAS 50% NOT22,50 - MARCO"", ""Cod Rubrica"": 1074, ""Cód Natureza"": ""1003 - Horas extraordinárias"", ""Incid./Base Legal FGTS"": ""11 - Artigo 15 da Lei n° 8.036/90"", ""Incid./Base Legal INSS"": ""11 - Artigo 28, inciso I, da Lei n° 8.212/91"", ""Incid./Base Legal IRRF"": ""11 - Artigos 3º e 7º da Lei nº 7.713/88""}",2026-03-25 15:01:09.753784,,,,,,,,,,,,,,,,,,,,,,,,,,,,,,,,,,,,,,,,,,,,
1151,1,1151,1075,"H EXTRAS 50% NOT22,50 - ABRIL",1003 - Horas extraordinárias,11,11,11,-,"11 - Artigo 28, inciso I, da Lei n° 8.212/91",11 - Artigos 3º e 7º da Lei nº 7.713/88,11 - Artigo 15 da Lei n° 8.036/90,"{""FGTS"": 11, ""INSS"": 11, ""IRRF"": 11, ""Analise"": ""-"", ""Rubrica"": ""H EXTRAS 50% NOT22,50 - ABRIL"", ""Cod Rubrica"": 1075, ""Cód Natureza"": ""1003 - Horas extraordinárias"", ""Incid./Base Legal FGTS"": ""11 - Artigo 15 da Lei n° 8.036/90"", ""Incid./Base Legal INSS"": ""11 - Artigo 28, inciso I, da Lei n° 8.212/91"", ""Incid./Base Legal IRRF"": ""11 - Artigos 3º e 7º da Lei nº 7.713/88""}",2026-03-25 15:01:09.753784,,,,,,,,,,,,,,,,,,,,,,,,,,,,,,,,,,,,,,,,,,,,
1152,1,1152,1076,"H EXTRAS 50% NOT22,50 - MAIO",1003 - Horas extraordinárias,11,11,11,-,"11 - Artigo 28, inciso I, da Lei n° 8.212/91",11 - Artigos 3º e 7º da Lei nº 7.713/88,11 - Artigo 15 da Lei n° 8.036/90,"{""FGTS"": 11, ""INSS"": 11, ""IRRF"": 11, ""Analise"": ""-"", ""Rubrica"": ""H EXTRAS 50% NOT22,50 - MAIO"", ""Cod Rubrica"": 1076, ""Cód Natureza"": ""1003 - Horas extraordinárias"", ""Incid./Base Legal FGTS"": ""11 - Artigo 15 da Lei n° 8.036/90"", ""Incid./Base Legal INSS"": ""11 - Artigo 28, inciso I, da Lei n° 8.212/91"", ""Incid./Base Legal IRRF"": ""11 - Artigos 3º e 7º da Lei nº 7.713/88""}",2026-03-25 15:01:09.753784,,,,,,,,,,,,,,,,,,,,,,,,,,,,,,,,,,,,,,,,,,,,
1153,1,1153,1077,"H EXTRAS 50% NOT22,50 - JUNHO",1003 - Horas extraordinárias,11,11,11,-,"11 - Artigo 28, inciso I, da Lei n° 8.212/91",11 - Artigos 3º e 7º da Lei nº 7.713/88,11 - Artigo 15 da Lei n° 8.036/90,"{""FGTS"": 11, ""INSS"": 11, ""IRRF"": 11, ""Analise"": ""-"", ""Rubrica"": ""H EXTRAS 50% NOT22,50 - JUNHO"", ""Cod Rubrica"": 1077, ""Cód Natureza"": ""1003 - Horas extraordinárias"", ""Incid./Base Legal FGTS"": ""11 - Artigo 15 da Lei n° 8.036/90"", ""Incid./Base Legal INSS"": ""11 - Artigo 28, inciso I, da Lei n° 8.212/91"", ""Incid./Base Legal IRRF"": ""11 - Artigos 3º e 7º da Lei nº 7.713/88""}",2026-03-25 15:01:09.753784,,,,,,,,,,,,,,,,,,,,,,,,,,,,,,,,,,,,,,,,,,,,
1154,1,1154,1078,"H EXTRAS 50% NOT22,50 - JULHO",1003 - Horas extraordinárias,11,11,11,-,"11 - Artigo 28, inciso I, da Lei n° 8.212/91",11 - Artigos 3º e 7º da Lei nº 7.713/88,11 - Artigo 15 da Lei n° 8.036/90,"{""FGTS"": 11, ""INSS"": 11, ""IRRF"": 11, ""Analise"": ""-"", ""Rubrica"": ""H EXTRAS 50% NOT22,50 - JULHO"", ""Cod Rubrica"": 1078, ""Cód Natureza"": ""1003 - Horas extraordinárias"", ""Incid./Base Legal FGTS"": ""11 - Artigo 15 da Lei n° 8.036/90"", ""Incid./Base Legal INSS"": ""11 - Artigo 28, inciso I, da Lei n° 8.212/91"", ""Incid./Base Legal IRRF"": ""11 - Artigos 3º e 7º da Lei nº 7.713/88""}",2026-03-25 15:01:09.753784,,,,,,,,,,,,,,,,,,,,,,,,,,,,,,,,,,,,,,,,,,,,
1155,1,1155,1079,"H EXTRAS 50% NOT22,50 - AGOSTO",1003 - Horas extraordinárias,11,11,11,-,"11 - Artigo 28, inciso I, da Lei n° 8.212/91",11 - Artigos 3º e 7º da Lei nº 7.713/88,11 - Artigo 15 da Lei n° 8.036/90,"{""FGTS"": 11, ""INSS"": 11, ""IRRF"": 11, ""Analise"": ""-"", ""Rubrica"": ""H EXTRAS 50% NOT22,50 - AGOSTO"", ""Cod Rubrica"": 1079, ""Cód Natureza"": ""1003 - Horas extraordinárias"", ""Incid./Base Legal FGTS"": ""11 - Artigo 15 da Lei n° 8.036/90"", ""Incid./Base Legal INSS"": ""11 - Artigo 28, inciso I, da Lei n° 8.212/91"", ""Incid./Base Legal IRRF"": ""11 - Artigos 3º e 7º da Lei nº 7.713/88""}",2026-03-25 15:01:09.753784,,,,,,,,,,,,,,,,,,,,,,,,,,,,,,,,,,,,,,,,,,,,
1156,1,1156,1080,"H EXTRAS 50% NOT22,50 - SETEMBRO",1003 - Horas extraordinárias,11,11,11,-,"11 - Artigo 28, inciso I, da Lei n° 8.212/91",11 - Artigos 3º e 7º da Lei nº 7.713/88,11 - Artigo 15 da Lei n° 8.036/90,"{""FGTS"": 11, ""INSS"": 11, ""IRRF"": 11, ""Analise"": ""-"", ""Rubrica"": ""H EXTRAS 50% NOT22,50 - SETEMBRO"", ""Cod Rubrica"": 1080, ""Cód Natureza"": ""1003 - Horas extraordinárias"", ""Incid./Base Legal FGTS"": ""11 - Artigo 15 da Lei n° 8.036/90"", ""Incid./Base Legal INSS"": ""11 - Artigo 28, inciso I, da Lei n° 8.212/91"", ""Incid./Base Legal IRRF"": ""11 - Artigos 3º e 7º da Lei nº 7.713/88""}",2026-03-25 15:01:09.753784,,,,,,,,,,,,,,,,,,,,,,,,,,,,,,,,,,,,,,,,,,,,
1157,1,1157,1081,"H EXTRAS 50% NOT22,50 - OUTUBRO",1003 - Horas extraordinárias,11,11,11,-,"11 - Artigo 28, inciso I, da Lei n° 8.212/91",11 - Artigos 3º e 7º da Lei nº 7.713/88,11 - Artigo 15 da Lei n° 8.036/90,"{""FGTS"": 11, ""INSS"": 11, ""IRRF"": 11, ""Analise"": ""-"", ""Rubrica"": ""H EXTRAS 50% NOT22,50 - OUTUBRO"", ""Cod Rubrica"": 1081, ""Cód Natureza"": ""1003 - Horas extraordinárias"", ""Incid./Base Legal FGTS"": ""11 - Artigo 15 da Lei n° 8.036/90"", ""Incid./Base Legal INSS"": ""11 - Artigo 28, inciso I, da Lei n° 8.212/91"", ""Incid./Base Legal IRRF"": ""11 - Artigos 3º e 7º da Lei nº 7.713/88""}",2026-03-25 15:01:09.753784,,,,,,,,,,,,,,,,,,,,,,,,,,,,,,,,,,,,,,,,,,,,
1158,1,1158,1082,"H EXTRAS 50% NOT22,50 - NOVEMBRO",1003 - Horas extraordinárias,11,11,11,-,"11 - Artigo 28, inciso I, da Lei n° 8.212/91",11 - Artigos 3º e 7º da Lei nº 7.713/88,11 - Artigo 15 da Lei n° 8.036/90,"{""FGTS"": 11, ""INSS"": 11, ""IRRF"": 11, ""Analise"": ""-"", ""Rubrica"": ""H EXTRAS 50% NOT22,50 - NOVEMBRO"", ""Cod Rubrica"": 1082, ""Cód Natureza"": ""1003 - Horas extraordinárias"", ""Incid./Base Legal FGTS"": ""11 - Artigo 15 da Lei n° 8.036/90"", ""Incid./Base Legal INSS"": ""11 - Artigo 28, inciso I, da Lei n° 8.212/91"", ""Incid./Base Legal IRRF"": ""11 - Artigos 3º e 7º da Lei nº 7.713/88""}",2026-03-25 15:01:09.753784,,,,,,,,,,,,,,,,,,,,,,,,,,,,,,,,,,,,,,,,,,,,
1159,1,1159,1083,"H EXTRAS 50% NOT22,50 - DEZEMBRO",1003 - Horas extraordinárias,11,11,11,-,"11 - Artigo 28, inciso I, da Lei n° 8.212/91",11 - Artigos 3º e 7º da Lei nº 7.713/88,11 - Artigo 15 da Lei n° 8.036/90,"{""FGTS"": 11, ""INSS"": 11, ""IRRF"": 11, ""Analise"": ""-"", ""Rubrica"": ""H EXTRAS 50% NOT22,50 - DEZEMBRO"", ""Cod Rubrica"": 1083, ""Cód Natureza"": ""1003 - Horas extraordinárias"", ""Incid./Base Legal FGTS"": ""11 - Artigo 15 da Lei n° 8.036/90"", ""Incid./Base Legal INSS"": ""11 - Artigo 28, inciso I, da Lei n° 8.212/91"", ""Incid./Base Legal IRRF"": ""11 - Artigos 3º e 7º da Lei nº 7.713/88""}",2026-03-25 15:01:09.753784,,,,,,,,,,,,,,,,,,,,,,,,,,,,,,,,,,,,,,,,,,,,
1160,1,1160,1084,HORAS EXTRAS 100% - JANEIRO,1003 - Horas extraordinárias,11,11,11,-,"11 - Artigo 28, inciso I, da Lei n° 8.212/91",11 - Artigos 3º e 7º da Lei nº 7.713/88,11 - Artigo 15 da Lei n° 8.036/90,"{""FGTS"": 11, ""INSS"": 11, ""IRRF"": 11, ""Analise"": ""-"", ""Rubrica"": ""HORAS EXTRAS 100% - JANEIRO"", ""Cod Rubrica"": 1084, ""Cód Natureza"": ""1003 - Horas extraordinárias"", ""Incid./Base Legal FGTS"": ""11 - Artigo 15 da Lei n° 8.036/90"", ""Incid./Base Legal INSS"": ""11 - Artigo 28, inciso I, da Lei n° 8.212/91"", ""Incid./Base Legal IRRF"": ""11 - Artigos 3º e 7º da Lei nº 7.713/88""}",2026-03-25 15:01:09.753784,,,,,,,,,,,,,,,,,,,,,,,,,,,,,,,,,,,,,,,,,,,,
1161,1,1161,1085,HORAS EXTRAS 100% - FEVEREIRO,1003 - Horas extraordinárias,11,11,11,-,"11 - Artigo 28, inciso I, da Lei n° 8.212/91",11 - Artigos 3º e 7º da Lei nº 7.713/88,11 - Artigo 15 da Lei n° 8.036/90,"{""FGTS"": 11, ""INSS"": 11, ""IRRF"": 11, ""Analise"": ""-"", ""Rubrica"": ""HORAS EXTRAS 100% - FEVEREIRO"", ""Cod Rubrica"": 1085, ""Cód Natureza"": ""1003 - Horas extraordinárias"", ""Incid./Base Legal FGTS"": ""11 - Artigo 15 da Lei n° 8.036/90"", ""Incid./Base Legal INSS"": ""11 - Artigo 28, inciso I, da Lei n° 8.212/91"", ""Incid./Base Legal IRRF"": ""11 - Artigos 3º e 7º da Lei nº 7.713/88""}",2026-03-25 15:01:09.753784,,,,,,,,,,,,,,,,,,,,,,,,,,,,,,,,,,,,,,,,,,,,
1162,1,1162,1086,HORAS EXTRAS 100% - MARÇO,1003 - Horas extraordinárias,11,11,11,-,"11 - Artigo 28, inciso I, da Lei n° 8.212/91",11 - Artigos 3º e 7º da Lei nº 7.713/88,11 - Artigo 15 da Lei n° 8.036/90,"{""FGTS"": 11, ""INSS"": 11, ""IRRF"": 11, ""Analise"": ""-"", ""Rubrica"": ""HORAS EXTRAS 100% - MARÇO"", ""Cod Rubrica"": 1086, ""Cód Natureza"": ""1003 - Horas extraordinárias"", ""Incid./Base Legal FGTS"": ""11 - Artigo 15 da Lei n° 8.036/90"", ""Incid./Base Legal INSS"": ""11 - Artigo 28, inciso I, da Lei n° 8.212/91"", ""Incid./Base Legal IRRF"": ""11 - Artigos 3º e 7º da Lei nº 7.713/88""}",2026-03-25 15:01:09.753784,,,,,,,,,,,,,,,,,,,,,,,,,,,,,,,,,,,,,,,,,,,,
1163,1,1163,1087,HORAS EXTRAS 100% ABRIL,1003 - Horas extraordinárias,11,11,11,-,"11 - Artigo 28, inciso I, da Lei n° 8.212/91",11 - Artigos 3º e 7º da Lei nº 7.713/88,11 - Artigo 15 da Lei n° 8.036/90,"{""FGTS"": 11, ""INSS"": 11, ""IRRF"": 11, ""Analise"": ""-"", ""Rubrica"": ""HORAS EXTRAS 100% ABRIL"", ""Cod Rubrica"": 1087, ""Cód Natureza"": ""1003 - Horas extraordinárias"", ""Incid./Base Legal FGTS"": ""11 - Artigo 15 da Lei n° 8.036/90"", ""Incid./Base Legal INSS"": ""11 - Artigo 28, inciso I, da Lei n° 8.212/91"", ""Incid./Base Legal IRRF"": ""11 - Artigos 3º e 7º da Lei nº 7.713/88""}",2026-03-25 15:01:09.753784,,,,,,,,,,,,,,,,,,,,,,,,,,,,,,,,,,,,,,,,,,,,
1164,1,1164,1088,HORAS EXTRAS 100% MAIO,1003 - Horas extraordinárias,11,11,11,-,"11 - Artigo 28, inciso I, da Lei n° 8.212/91",11 - Artigos 3º e 7º da Lei nº 7.713/88,11 - Artigo 15 da Lei n° 8.036/90,"{""FGTS"": 11, ""INSS"": 11, ""IRRF"": 11, ""Analise"": ""-"", ""Rubrica"": ""HORAS EXTRAS 100% MAIO"", ""Cod Rubrica"": 1088, ""Cód Natureza"": ""1003 - Horas extraordinárias"", ""Incid./Base Legal FGTS"": ""11 - Artigo 15 da Lei n° 8.036/90"", ""Incid./Base Legal INSS"": ""11 - Artigo 28, inciso I, da Lei n° 8.212/91"", ""Incid./Base Legal IRRF"": ""11 - Artigos 3º e 7º da Lei nº 7.713/88""}",2026-03-25 15:01:09.753784,,,,,,,,,,,,,,,,,,,,,,,,,,,,,,,,,,,,,,,,,,,,
1165,1,1165,1089,HORAS EXTRAS 100% JUNHO,1003 - Horas extraordinárias,11,11,11,-,"11 - Artigo 28, inciso I, da Lei n° 8.212/91",11 - Artigos 3º e 7º da Lei nº 7.713/88,11 - Artigo 15 da Lei n° 8.036/90,"{""FGTS"": 11, ""INSS"": 11, ""IRRF"": 11, ""Analise"": ""-"", ""Rubrica"": ""HORAS EXTRAS 100% JUNHO"", ""Cod Rubrica"": 1089, ""Cód Natureza"": ""1003 - Horas extraordinárias"", ""Incid./Base Legal FGTS"": ""11 - Artigo 15 da Lei n° 8.036/90"", ""Incid./Base Legal INSS"": ""11 - Artigo 28, inciso I, da Lei n° 8.212/91"", ""Incid./Base Legal IRRF"": ""11 - Artigos 3º e 7º da Lei nº 7.713/88""}",2026-03-25 15:01:09.753784,,,,,,,,,,,,,,,,,,,,,,,,,,,,,,,,,,,,,,,,,,,,
1166,1,1166,1090,HORAS EXTRAS 100% JULHO,1003 - Horas extraordinárias,11,11,11,-,"11 - Artigo 28, inciso I, da Lei n° 8.212/91",11 - Artigos 3º e 7º da Lei nº 7.713/88,11 - Artigo 15 da Lei n° 8.036/90,"{""FGTS"": 11, ""INSS"": 11, ""IRRF"": 11, ""Analise"": ""-"", ""Rubrica"": ""HORAS EXTRAS 100% JULHO"", ""Cod Rubrica"": 1090, ""Cód Natureza"": ""1003 - Horas extraordinárias"", ""Incid./Base Legal FGTS"": ""11 - Artigo 15 da Lei n° 8.036/90"", ""Incid./Base Legal INSS"": ""11 - Artigo 28, inciso I, da Lei n° 8.212/91"", ""Incid./Base Legal IRRF"": ""11 - Artigos 3º e 7º da Lei nº 7.713/88""}",2026-03-25 15:01:09.753784,,,,,,,,,,,,,,,,,,,,,,,,,,,,,,,,,,,,,,,,,,,,
1167,1,1167,1091,HORAS EXTRAS 100% - AGOSTO,1003 - Horas extraordinárias,11,11,11,-,"11 - Artigo 28, inciso I, da Lei n° 8.212/91",11 - Artigos 3º e 7º da Lei nº 7.713/88,11 - Artigo 15 da Lei n° 8.036/90,"{""FGTS"": 11, ""INSS"": 11, ""IRRF"": 11, ""Analise"": ""-"", ""Rubrica"": ""HORAS EXTRAS 100% - AGOSTO"", ""Cod Rubrica"": 1091, ""Cód Natureza"": ""1003 - Horas extraordinárias"", ""Incid./Base Legal FGTS"": ""11 - Artigo 15 da Lei n° 8.036/90"", ""Incid./Base Legal INSS"": ""11 - Artigo 28, inciso I, da Lei n° 8.212/91"", ""Incid./Base Legal IRRF"": ""11 - Artigos 3º e 7º da Lei nº 7.713/88""}",2026-03-25 15:01:09.753784,,,,,,,,,,,,,,,,,,,,,,,,,,,,,,,,,,,,,,,,,,,,
1168,1,1168,1092,HORAS EXTRAS 100% SETEMBRO,1003 - Horas extraordinárias,11,11,11,-,"11 - Artigo 28, inciso I, da Lei n° 8.212/91",11 - Artigos 3º e 7º da Lei nº 7.713/88,11 - Artigo 15 da Lei n° 8.036/90,"{""FGTS"": 11, ""INSS"": 11, ""IRRF"": 11, ""Analise"": ""-"", ""Rubrica"": ""HORAS EXTRAS 100% SETEMBRO"", ""Cod Rubrica"": 1092, ""Cód Natureza"": ""1003 - Horas extraordinárias"", ""Incid./Base Legal FGTS"": ""11 - Artigo 15 da Lei n° 8.036/90"", ""Incid./Base Legal INSS"": ""11 - Artigo 28, inciso I, da Lei n° 8.212/91"", ""Incid./Base Legal IRRF"": ""11 - Artigos 3º e 7º da Lei nº 7.713/88""}",2026-03-25 15:01:09.753784,,,,,,,,,,,,,,,,,,,,,,,,,,,,,,,,,,,,,,,,,,,,
1169,1,1169,1093,HORAS EXTRAS 100% OUTUBRO,1003 - Horas extraordinárias,11,11,11,-,"11 - Artigo 28, inciso I, da Lei n° 8.212/91",11 - Artigos 3º e 7º da Lei nº 7.713/88,11 - Artigo 15 da Lei n° 8.036/90,"{""FGTS"": 11, ""INSS"": 11, ""IRRF"": 11, ""Analise"": ""-"", ""Rubrica"": ""HORAS EXTRAS 100% OUTUBRO"", ""Cod Rubrica"": 1093, ""Cód Natureza"": ""1003 - Horas extraordinárias"", ""Incid./Base Legal FGTS"": ""11 - Artigo 15 da Lei n° 8.036/90"", ""Incid./Base Legal INSS"": ""11 - Artigo 28, inciso I, da Lei n° 8.212/91"", ""Incid./Base Legal IRRF"": ""11 - Artigos 3º e 7º da Lei nº 7.713/88""}",2026-03-25 15:01:09.753784,,,,,,,,,,,,,,,,,,,,,,,,,,,,,,,,,,,,,,,,,,,,
1170,1,1170,1094,HORAS EXTRAS 100% NOVEMBRO,1003 - Horas extraordinárias,11,11,11,-,"11 - Artigo 28, inciso I, da Lei n° 8.212/91",11 - Artigos 3º e 7º da Lei nº 7.713/88,11 - Artigo 15 da Lei n° 8.036/90,"{""FGTS"": 11, ""INSS"": 11, ""IRRF"": 11, ""Analise"": ""-"", ""Rubrica"": ""HORAS EXTRAS 100% NOVEMBRO"", ""Cod Rubrica"": 1094, ""Cód Natureza"": ""1003 - Horas extraordinárias"", ""Incid./Base Legal FGTS"": ""11 - Artigo 15 da Lei n° 8.036/90"", ""Incid./Base Legal INSS"": ""11 - Artigo 28, inciso I, da Lei n° 8.212/91"", ""Incid./Base Legal IRRF"": ""11 - Artigos 3º e 7º da Lei nº 7.713/88""}",2026-03-25 15:01:09.753784,,,,,,,,,,,,,,,,,,,,,,,,,,,,,,,,,,,,,,,,,,,,
1171,1,1171,1095,HORAS EXTRAS 100% DEZEMBRO,1003 - Horas extraordinárias,11,11,11,-,"11 - Artigo 28, inciso I, da Lei n° 8.212/91",11 - Artigos 3º e 7º da Lei nº 7.713/88,11 - Artigo 15 da Lei n° 8.036/90,"{""FGTS"": 11, ""INSS"": 11, ""IRRF"": 11, ""Analise"": ""-"", ""Rubrica"": ""HORAS EXTRAS 100% DEZEMBRO"", ""Cod Rubrica"": 1095, ""Cód Natureza"": ""1003 - Horas extraordinárias"", ""Incid./Base Legal FGTS"": ""11 - Artigo 15 da Lei n° 8.036/90"", ""Incid./Base Legal INSS"": ""11 - Artigo 28, inciso I, da Lei n° 8.212/91"", ""Incid./Base Legal IRRF"": ""11 - Artigos 3º e 7º da Lei nº 7.713/88""}",2026-03-25 15:01:09.753784,,,,,,,,,,,,,,,,,,,,,,,,,,,,,,,,,,,,,,,,,,,,
1172,1,1172,1096,"H EXTRAS 100% NOT 22,50 JANEIRO",1003 - Horas extraordinárias,11,11,11,-,"11 - Artigo 28, inciso I, da Lei n° 8.212/91",11 - Artigos 3º e 7º da Lei nº 7.713/88,11 - Artigo 15 da Lei n° 8.036/90,"{""FGTS"": 11, ""INSS"": 11, ""IRRF"": 11, ""Analise"": ""-"", ""Rubrica"": ""H EXTRAS 100% NOT 22,50 JANEIRO"", ""Cod Rubrica"": 1096, ""Cód Natureza"": ""1003 - Horas extraordinárias"", ""Incid./Base Legal FGTS"": ""11 - Artigo 15 da Lei n° 8.036/90"", ""Incid./Base Legal INSS"": ""11 - Artigo 28, inciso I, da Lei n° 8.212/91"", ""Incid./Base Legal IRRF"": ""11 - Artigos 3º e 7º da Lei nº 7.713/88""}",2026-03-25 15:01:09.753784,,,,,,,,,,,,,,,,,,,,,,,,,,,,,,,,,,,,,,,,,,,,
1173,1,1173,1097,"H EXTRAS 100% NOT 22,50 FEVEREIRO",1003 - Horas extraordinárias,11,11,11,-,"11 - Artigo 28, inciso I, da Lei n° 8.212/91",11 - Artigos 3º e 7º da Lei nº 7.713/88,11 - Artigo 15 da Lei n° 8.036/90,"{""FGTS"": 11, ""INSS"": 11, ""IRRF"": 11, ""Analise"": ""-"", ""Rubrica"": ""H EXTRAS 100% NOT 22,50 FEVEREIRO"", ""Cod Rubrica"": 1097, ""Cód Natureza"": ""1003 - Horas extraordinárias"", ""Incid./Base Legal FGTS"": ""11 - Artigo 15 da Lei n° 8.036/90"", ""Incid./Base Legal INSS"": ""11 - Artigo 28, inciso I, da Lei n° 8.212/91"", ""Incid./Base Legal IRRF"": ""11 - Artigos 3º e 7º da Lei nº 7.713/88""}",2026-03-25 15:01:09.753784,,,,,,,,,,,,,,,,,,,,,,,,,,,,,,,,,,,,,,,,,,,,
1174,1,1174,1098,"H EXTRAS 100% NOT 22,50 MARCO",1003 - Horas extraordinárias,11,11,11,-,"11 - Artigo 28, inciso I, da Lei n° 8.212/91",11 - Artigos 3º e 7º da Lei nº 7.713/88,11 - Artigo 15 da Lei n° 8.036/90,"{""FGTS"": 11, ""INSS"": 11, ""IRRF"": 11, ""Analise"": ""-"", ""Rubrica"": ""H EXTRAS 100% NOT 22,50 MARCO"", ""Cod Rubrica"": 1098, ""Cód Natureza"": ""1003 - Horas extraordinárias"", ""Incid./Base Legal FGTS"": ""11 - Artigo 15 da Lei n° 8.036/90"", ""Incid./Base Legal INSS"": ""11 - Artigo 28, inciso I, da Lei n° 8.212/91"", ""Incid./Base Legal IRRF"": ""11 - Artigos 3º e 7º da Lei nº 7.713/88""}",2026-03-25 15:01:09.753784,,,,,,,,,,,,,,,,,,,,,,,,,,,,,,,,,,,,,,,,,,,,
1175,1,1175,1099,"H EXTRAS 100% NOT 22,50 ABRIL",1003 - Horas extraordinárias,11,11,11,-,"11 - Artigo 28, inciso I, da Lei n° 8.212/91",11 - Artigos 3º e 7º da Lei nº 7.713/88,11 - Artigo 15 da Lei n° 8.036/90,"{""FGTS"": 11, ""INSS"": 11, ""IRRF"": 11, ""Analise"": ""-"", ""Rubrica"": ""H EXTRAS 100% NOT 22,50 ABRIL"", ""Cod Rubrica"": 1099, ""Cód Natureza"": ""1003 - Horas extraordinárias"", ""Incid./Base Legal FGTS"": ""11 - Artigo 15 da Lei n° 8.036/90"", ""Incid./Base Legal INSS"": ""11 - Artigo 28, inciso I, da Lei n° 8.212/91"", ""Incid./Base Legal IRRF"": ""11 - Artigos 3º e 7º da Lei nº 7.713/88""}",2026-03-25 15:01:09.753784,,,,,,,,,,,,,,,,,,,,,,,,,,,,,,,,,,,,,,,,,,,,
1176,1,1176,1100,"H EXTRAS 100% NOT 22,50 MAIO",1003 - Horas extraordinárias,11,11,11,-,"11 - Artigo 28, inciso I, da Lei n° 8.212/91",11 - Artigos 3º e 7º da Lei nº 7.713/88,11 - Artigo 15 da Lei n° 8.036/90,"{""FGTS"": 11, ""INSS"": 11, ""IRRF"": 11, ""Analise"": ""-"", ""Rubrica"": ""H EXTRAS 100% NOT 22,50 MAIO"", ""Cod Rubrica"": 1100, ""Cód Natureza"": ""1003 - Horas extraordinárias"", ""Incid./Base Legal FGTS"": ""11 - Artigo 15 da Lei n° 8.036/90"", ""Incid./Base Legal INSS"": ""11 - Artigo 28, inciso I, da Lei n° 8.212/91"", ""Incid./Base Legal IRRF"": ""11 - Artigos 3º e 7º da Lei nº 7.713/88""}",2026-03-25 15:01:09.753784,,,,,,,,,,,,,,,,,,,,,,,,,,,,,,,,,,,,,,,,,,,,
1177,1,1177,1101,"H EXTRAS 100% NOT 22,50 JUNHO",1003 - Horas extraordinárias,11,11,11,-,"11 - Artigo 28, inciso I, da Lei n° 8.212/91",11 - Artigos 3º e 7º da Lei nº 7.713/88,11 - Artigo 15 da Lei n° 8.036/90,"{""FGTS"": 11, ""INSS"": 11, ""IRRF"": 11, ""Analise"": ""-"", ""Rubrica"": ""H EXTRAS 100% NOT 22,50 JUNHO"", ""Cod Rubrica"": 1101, ""Cód Natureza"": ""1003 - Horas extraordinárias"", ""Incid./Base Legal FGTS"": ""11 - Artigo 15 da Lei n° 8.036/90"", ""Incid./Base Legal INSS"": ""11 - Artigo 28, inciso I, da Lei n° 8.212/91"", ""Incid./Base Legal IRRF"": ""11 - Artigos 3º e 7º da Lei nº 7.713/88""}",2026-03-25 15:01:09.753784,,,,,,,,,,,,,,,,,,,,,,,,,,,,,,,,,,,,,,,,,,,,
1178,1,1178,1102,"H EXTRAS 100% NOT 22,50 JULHO",1003 - Horas extraordinárias,11,11,11,-,"11 - Artigo 28, inciso I, da Lei n° 8.212/91",11 - Artigos 3º e 7º da Lei nº 7.713/88,11 - Artigo 15 da Lei n° 8.036/90,"{""FGTS"": 11, ""INSS"": 11, ""IRRF"": 11, ""Analise"": ""-"", ""Rubrica"": ""H EXTRAS 100% NOT 22,50 JULHO"", ""Cod Rubrica"": 1102, ""Cód Natureza"": ""1003 - Horas extraordinárias"", ""Incid./Base Legal FGTS"": ""11 - Artigo 15 da Lei n° 8.036/90"", ""Incid./Base Legal INSS"": ""11 - Artigo 28, inciso I, da Lei n° 8.212/91"", ""Incid./Base Legal IRRF"": ""11 - Artigos 3º e 7º da Lei nº 7.713/88""}",2026-03-25 15:01:09.753784,,,,,,,,,,,,,,,,,,,,,,,,,,,,,,,,,,,,,,,,,,,,
1179,1,1179,1103,"H EXTRAS 100% NOT 22,50 AGOSTO",1003 - Horas extraordinárias,11,11,11,-,"11 - Artigo 28, inciso I, da Lei n° 8.212/91",11 - Artigos 3º e 7º da Lei nº 7.713/88,11 - Artigo 15 da Lei n° 8.036/90,"{""FGTS"": 11, ""INSS"": 11, ""IRRF"": 11, ""Analise"": ""-"", ""Rubrica"": ""H EXTRAS 100% NOT 22,50 AGOSTO"", ""Cod Rubrica"": 1103, ""Cód Natureza"": ""1003 - Horas extraordinárias"", ""Incid./Base Legal FGTS"": ""11 - Artigo 15 da Lei n° 8.036/90"", ""Incid./Base Legal INSS"": ""11 - Artigo 28, inciso I, da Lei n° 8.212/91"", ""Incid./Base Legal IRRF"": ""11 - Artigos 3º e 7º da Lei nº 7.713/88""}",2026-03-25 15:01:09.753784,,,,,,,,,,,,,,,,,,,,,,,,,,,,,,,,,,,,,,,,,,,,
1180,1,1180,1104,"H EXTRAS 100% NOT 22,50 SETEMBRO",1003 - Horas extraordinárias,11,11,11,-,"11 - Artigo 28, inciso I, da Lei n° 8.212/91",11 - Artigos 3º e 7º da Lei nº 7.713/88,11 - Artigo 15 da Lei n° 8.036/90,"{""FGTS"": 11, ""INSS"": 11, ""IRRF"": 11, ""Analise"": ""-"", ""Rubrica"": ""H EXTRAS 100% NOT 22,50 SETEMBRO"", ""Cod Rubrica"": 1104, ""Cód Natureza"": ""1003 - Horas extraordinárias"", ""Incid./Base Legal FGTS"": ""11 - Artigo 15 da Lei n° 8.036/90"", ""Incid./Base Legal INSS"": ""11 - Artigo 28, inciso I, da Lei n° 8.212/91"", ""Incid./Base Legal IRRF"": ""11 - Artigos 3º e 7º da Lei nº 7.713/88""}",2026-03-25 15:01:09.753784,,,,,,,,,,,,,,,,,,,,,,,,,,,,,,,,,,,,,,,,,,,,
1181,1,1181,1105,"H EXTRAS 100% NOT 22,50 OUTUBRO",1003 - Horas extraordinárias,11,11,11,-,"11 - Artigo 28, inciso I, da Lei n° 8.212/91",11 - Artigos 3º e 7º da Lei nº 7.713/88,11 - Artigo 15 da Lei n° 8.036/90,"{""FGTS"": 11, ""INSS"": 11, ""IRRF"": 11, ""Analise"": ""-"", ""Rubrica"": ""H EXTRAS 100% NOT 22,50 OUTUBRO"", ""Cod Rubrica"": 1105, ""Cód Natureza"": ""1003 - Horas extraordinárias"", ""Incid./Base Legal FGTS"": ""11 - Artigo 15 da Lei n° 8.036/90"", ""Incid./Base Legal INSS"": ""11 - Artigo 28, inciso I, da Lei n° 8.212/91"", ""Incid./Base Legal IRRF"": ""11 - Artigos 3º e 7º da Lei nº 7.713/88""}",2026-03-25 15:01:09.753784,,,,,,,,,,,,,,,,,,,,,,,,,,,,,,,,,,,,,,,,,,,,
1182,1,1182,1106,"H EXTRAS 100% NOT 22,50 NOVEMBRO",1003 - Horas extraordinárias,11,11,11,-,"11 - Artigo 28, inciso I, da Lei n° 8.212/91",11 - Artigos 3º e 7º da Lei nº 7.713/88,11 - Artigo 15 da Lei n° 8.036/90,"{""FGTS"": 11, ""INSS"": 11, ""IRRF"": 11, ""Analise"": ""-"", ""Rubrica"": ""H EXTRAS 100% NOT 22,50 NOVEMBRO"", ""Cod Rubrica"": 1106, ""Cód Natureza"": ""1003 - Horas extraordinárias"", ""Incid./Base Legal FGTS"": ""11 - Artigo 15 da Lei n° 8.036/90"", ""Incid./Base Legal INSS"": ""11 - Artigo 28, inciso I, da Lei n° 8.212/91"", ""Incid./Base Legal IRRF"": ""11 - Artigos 3º e 7º da Lei nº 7.713/88""}",2026-03-25 15:01:09.753784,,,,,,,,,,,,,,,,,,,,,,,,,,,,,,,,,,,,,,,,,,,,
1183,1,1183,1107,"H EXTRAS 100% NOT 22,50 DEZEMBRO",1003 - Horas extraordinárias,11,11,11,-,"11 - Artigo 28, inciso I, da Lei n° 8.212/91",11 - Artigos 3º e 7º da Lei nº 7.713/88,11 - Artigo 15 da Lei n° 8.036/90,"{""FGTS"": 11, ""INSS"": 11, ""IRRF"": 11, ""Analise"": ""-"", ""Rubrica"": ""H EXTRAS 100% NOT 22,50 DEZEMBRO"", ""Cod Rubrica"": 1107, ""Cód Natureza"": ""1003 - Horas extraordinárias"", ""Incid./Base Legal FGTS"": ""11 - Artigo 15 da Lei n° 8.036/90"", ""Incid./Base Legal INSS"": ""11 - Artigo 28, inciso I, da Lei n° 8.212/91"", ""Incid./Base Legal IRRF"": ""11 - Artigos 3º e 7º da Lei nº 7.713/88""}",2026-03-25 15:01:09.753784,,,,,,,,,,,,,,,,,,,,,,,,,,,,,,,,,,,,,,,,,,,,
1184,1,1184,1108,1/3 MEDIAS FERIAS EM DOBRO,1024 - Férias - o dobro na vigência do contrato,0,13,0,-,"0 - Artigo 28, § 9º da Lei n° 8.212/91","13 - Artigo 1º da IN RFB n° 936/2009; itens 5, 6 e 7 da Parecer PGFN/PGA nº 2.683/2008","0 - Artigo 15, § 6º da Lei n° 8.036/90","{""FGTS"": 0, ""INSS"": 0, ""IRRF"": 13, ""Analise"": ""-"", ""Rubrica"": ""1/3 MEDIAS FERIAS EM DOBRO"", ""Cod Rubrica"": 1108, ""Cód Natureza"": ""1024 - Férias - o dobro na vigência do contrato"", ""Incid./Base Legal FGTS"": ""0 - Artigo 15, § 6º da Lei n° 8.036/90"", ""Incid./Base Legal INSS"": ""0 - Artigo 28, § 9º da Lei n° 8.212/91"", ""Incid./Base Legal IRRF"": ""13 - Artigo 1º da IN RFB n° 936/2009; itens 5, 6 e 7 da Parecer PGFN/PGA nº 2.683/2008""}",2026-03-25 15:01:09.753784,,,,,,,,,,,,,,,,,,,,,,,,,,,,,,,,,,,,,,,,,,,,
1185,1,1185,"75 - Artigo 1º da IN RFB n° 936/2009; itens 5, 6 e 7 da Parecer PGFN/PGA nº 2.683/2008 .",,,,,,,,,,"{""Incid./Base Legal IRRF"": ""75 - Artigo 1º da IN RFB n° 936/2009; itens 5, 6 e 7 da Parecer PGFN/PGA nº 2.683/2008 .""}",2026-03-25 15:01:09.753784,,,,,,,,,,,,,,,,,,,,,,,,,,,,,,,,,,,,,,,,,,,,
1186,1,1186,1109,ADIC. NOTURNO C/25%,1205 - Adicional noturno,11,11,11,-,"11 - Artigo 28, inciso I, da Lei n° 8.212/91",11 - Artigos 3º e 7º da Lei nº 7.713/88,11 - Artigo 15 da Lei n° 8.036/90,"{""FGTS"": 11, ""INSS"": 11, ""IRRF"": 11, ""Analise"": ""-"", ""Rubrica"": ""ADIC. NOTURNO C/25%"", ""Cod Rubrica"": 1109, ""Cód Natureza"": ""1205 - Adicional noturno"", ""Incid./Base Legal FGTS"": ""11 - Artigo 15 da Lei n° 8.036/90"", ""Incid./Base Legal INSS"": ""11 - Artigo 28, inciso I, da Lei n° 8.212/91"", ""Incid./Base Legal IRRF"": ""11 - Artigos 3º e 7º da Lei nº 7.713/88""}",2026-03-25 15:01:09.753784,,,,,,,,,,,,,,,,,,,,,,,,,,,,,,,,,,,,,,,,,,,,
1187,1,1187,1110,ADIC. INSALUBRIDADE 07/2020 a 12/2020,1202 - Adicional de insalubridade,11,11,11,-,"11 - Artigo 28, inciso I, da Lei n° 8.212/91",11 - Artigos 3º e 7º da Lei nº 7.713/88,11 - Artigo 15 da Lei n° 8.036/90,"{""FGTS"": 11, ""INSS"": 11, ""IRRF"": 11, ""Analise"": ""-"", ""Rubrica"": ""ADIC. INSALUBRIDADE 07/2020 a 12/2020"", ""Cod Rubrica"": 1110, ""Cód Natureza"": ""1202 - Adicional de insalubridade"", ""Incid./Base Legal FGTS"": ""11 - Artigo 15 da Lei n° 8.036/90"", ""Incid./Base Legal INSS"": ""11 - Artigo 28, inciso I, da Lei n° 8.212/91"", ""Incid./Base Legal IRRF"": ""11 - Artigos 3º e 7º da Lei nº 7.713/88""}",2026-03-25 15:01:09.753784,,,,,,,,,,,,,,,,,,,,,,,,,,,,,,,,,,,,,,,,,,,,
1188,1,1188,1111,ADIC. INSALUBRIDADE 01/2021 a 08/2021,1202 - Adicional de insalubridade,11,11,11,-,"11 - Artigo 28, inciso I, da Lei n° 8.212/91",11 - Artigos 3º e 7º da Lei nº 7.713/88,11 - Artigo 15 da Lei n° 8.036/90,"{""FGTS"": 11, ""INSS"": 11, ""IRRF"": 11, ""Analise"": ""-"", ""Rubrica"": ""ADIC. INSALUBRIDADE 01/2021 a 08/2021"", ""Cod Rubrica"": 1111, ""Cód Natureza"": ""1202 - Adicional de insalubridade"", ""Incid./Base Legal FGTS"": ""11 - Artigo 15 da Lei n° 8.036/90"", ""Incid./Base Legal INSS"": ""11 - Artigo 28, inciso I, da Lei n° 8.212/91"", ""Incid./Base Legal IRRF"": ""11 - Artigos 3º e 7º da Lei nº 7.713/88""}",2026-03-25 15:01:09.753784,,,,,,,,,,,,,,,,,,,,,,,,,,,,,,,,,,,,,,,,,,,,
1189,1,1189,1112,CUSTEIO SOCIAL - SINTEAC MG,9230 - Contribuição Sindical - Compulsória,0,79,0,Rubrica com inconsistência de IRRF,"0 - Artigo 28, § 9º da Lei n° 8.212/91","9 - Artigo 4º, inciso II, da Lei nº 9.250/95",0 - Artigo 15 da Lei n° 8.036/90,"{""FGTS"": 0, ""INSS"": 0, ""IRRF"": 79, ""Analise"": ""Rubrica com inconsistência de IRRF"", ""Rubrica"": ""CUSTEIO SOCIAL - SINTEAC MG"", ""Cod Rubrica"": 1112, ""Cód Natureza"": ""9230 - Contribuição Sindical - Compulsória"", ""Incid./Base Legal FGTS"": ""0 - Artigo 15 da Lei n° 8.036/90"", ""Incid./Base Legal INSS"": ""0 - Artigo 28, § 9º da Lei n° 8.212/91"", ""Incid./Base Legal IRRF"": ""9 - Artigo 4º, inciso II, da Lei nº 9.250/95""}",2026-03-25 15:01:09.753784,,,,,,,,,,,,,,,,,,,,,,,,,,,,,,,,,,,,,,,,,,,,
1190,1,1190,1113,TAXA SINDICAL - SINTEAC MG,9230 - Contribuição Sindical - Compulsória,0,79,0,Rubrica com inconsistência de IRRF,"0 - Artigo 28, § 9º da Lei n° 8.212/91","9 - Artigo 4º, inciso II, da Lei nº 9.250/95",0 - Artigo 15 da Lei n° 8.036/90,"{""FGTS"": 0, ""INSS"": 0, ""IRRF"": 79, ""Analise"": ""Rubrica com inconsistência de IRRF"", ""Rubrica"": ""TAXA SINDICAL - SINTEAC MG"", ""Cod Rubrica"": 1113, ""Cód Natureza"": ""9230 - Contribuição Sindical - Compulsória"", ""Incid./Base Legal FGTS"": ""0 - Artigo 15 da Lei n° 8.036/90"", ""Incid./Base Legal INSS"": ""0 - Artigo 28, § 9º da Lei n° 8.212/91"", ""Incid./Base Legal IRRF"": ""9 - Artigo 4º, inciso II, da Lei nº 9.250/95""}",2026-03-25 15:01:09.753784,,,,,,,,,,,,,,,,,,,,,,,,,,,,,,,,,,,,,,,,,,,,
1191,1,1191,1114,MULTA POR ATRASO DE SALARIO 2024,6129 - Outras verbas não remuneratórias (indenizatórias ou multas),0,9,0,Rubrica com inconsistência de IRRF,"0 - Artigo 28, inciso I, da Lei n° 8.212/91","79 - Artigos 6 da Lei nº 7.713/88 e Artigo 2° da Lei n° 8.036/90, e artigo 65 do Decreto n° 9.580/2018",0 - Artigo 15 da Lei n° 8.036/90,"{""FGTS"": 0, ""INSS"": 0, ""IRRF"": 9, ""Analise"": ""Rubrica com inconsistência de IRRF"", ""Rubrica"": ""MULTA POR ATRASO DE SALARIO 2024"", ""Cod Rubrica"": 1114, ""Cód Natureza"": ""6129 - Outras verbas não remuneratórias (indenizatórias ou multas)"", ""Incid./Base Legal FGTS"": ""0 - Artigo 15 da Lei n° 8.036/90"", ""Incid./Base Legal INSS"": ""0 - Artigo 28, inciso I, da Lei n° 8.212/91"", ""Incid./Base Legal IRRF"": ""79 - Artigos 6 da Lei nº 7.713/88 e Artigo 2° da Lei n° 8.036/90, e artigo 65 do Decreto n° 9.580/2018""}",2026-03-25 15:01:09.753784,,,,,,,,,,,,,,,,,,,,,,,,,,,,,,,,,,,,,,,,,,,,
1192,1,1192,1115,MULTA POR ATRASO DE SALARIO 2025,6129 - Outras verbas não remuneratórias (indenizatórias ou multas),0,9,0,Rubrica com inconsistência de IRRF,"0 - Artigo 28, inciso I, da Lei n° 8.212/91","79 - Artigos 6 da Lei nº 7.713/88 e Artigo 2° da Lei n° 8.036/90, e artigo 65 do Decreto n° 9.580/2018",0 - Artigo 15 da Lei n° 8.036/90,"{""FGTS"": 0, ""INSS"": 0, ""IRRF"": 9, ""Analise"": ""Rubrica com inconsistência de IRRF"", ""Rubrica"": ""MULTA POR ATRASO DE SALARIO 2025"", ""Cod Rubrica"": 1115, ""Cód Natureza"": ""6129 - Outras verbas não remuneratórias (indenizatórias ou multas)"", ""Incid./Base Legal FGTS"": ""0 - Artigo 15 da Lei n° 8.036/90"", ""Incid./Base Legal INSS"": ""0 - Artigo 28, inciso I, da Lei n° 8.212/91"", ""Incid./Base Legal IRRF"": ""79 - Artigos 6 da Lei nº 7.713/88 e Artigo 2° da Lei n° 8.036/90, e artigo 65 do Decreto n° 9.580/2018""}",2026-03-25 15:01:09.753784,,,,,,,,,,,,,,,,,,,,,,,,,,,,,,,,,,,,,,,,,,,,
1193,1,1193,1116,DESC. EMPRESTIMO ECONSIGNADO FGTS,9253 - Desconto de trabalhadores a título de empréstimos na modalidade eConsignado para repasse à instituição financeira consignatária recolhido em guia do FGTS conforme legislação específica,0,9,31,-,"0 - Artigo 28, inciso I, da Lei n° 8.212/91",9 - Artigo 7º da Lei nº 8.134/90,31 - Artigo 15 da Lei n° 8.036/90,"{""FGTS"": 31, ""INSS"": 0, ""IRRF"": 9, ""Analise"": ""-"", ""Rubrica"": ""DESC. EMPRESTIMO ECONSIGNADO FGTS"", ""Cod Rubrica"": 1116, ""Cód Natureza"": ""9253 - Desconto de trabalhadores a título de empréstimos na modalidade eConsignado para repasse à instituição financeira consignatária recolhido em guia do FGTS conforme legislação específica"", ""Incid./Base Legal FGTS"": ""31 - Artigo 15 da Lei n° 8.036/90"", ""Incid./Base Legal INSS"": ""0 - Artigo 28, inciso I, da Lei n° 8.212/91"", ""Incid./Base Legal IRRF"": ""9 - Artigo 7º da Lei nº 8.134/90""}",2026-03-25 15:01:09.753784,,,,,,,,,,,,,,,,,,,,,,,,,,,,,,,,,,,,,,,,,,,,
1194,1,1194,1117,DESC. EMPRESTIMO ECONSIGNADO FGTS,9253 - Desconto de trabalhadores a título de empréstimos na modalidade eConsignado para repasse à instituição financeira consignatária recolhido em guia do FGTS conforme legislação específica,0,9,31,-,"0 - Artigo 28, inciso I, da Lei n° 8.212/91",9 - Artigo 7º da Lei nº 8.134/90,31 - Artigo 15 da Lei n° 8.036/90,"{""FGTS"": 31, ""INSS"": 0, ""IRRF"": 9, ""Analise"": ""-"", ""Rubrica"": ""DESC. EMPRESTIMO ECONSIGNADO FGTS"", ""Cod Rubrica"": 1117, ""Cód Natureza"": ""9253 - Desconto de trabalhadores a título de empréstimos na modalidade eConsignado para repasse à instituição financeira consignatária recolhido em guia do FGTS conforme legislação específica"", ""Incid./Base Legal FGTS"": ""31 - Artigo 15 da Lei n° 8.036/90"", ""Incid./Base Legal INSS"": ""0 - Artigo 28, inciso I, da Lei n° 8.212/91"", ""Incid./Base Legal IRRF"": ""9 - Artigo 7º da Lei nº 8.134/90""}",2026-03-25 15:01:09.753784,,,,,,,,,,,,,,,,,,,,,,,,,,,,,,,,,,,,,,,,,,,,
1195,1,1195,1118,DESC. EMPRESTIMO ECONSIGNADO FGTS,9253 - Desconto de trabalhadores a título de empréstimos na modalidade eConsignado para repasse à instituição financeira consignatária recolhido em guia do FGTS conforme legislação específica,0,9,31,-,"0 - Artigo 28, inciso I, da Lei n° 8.212/91",9 - Artigo 7º da Lei nº 8.134/90,31 - Artigo 15 da Lei n° 8.036/90,"{""FGTS"": 31, ""INSS"": 0, ""IRRF"": 9, ""Analise"": ""-"", ""Rubrica"": ""DESC. EMPRESTIMO ECONSIGNADO FGTS"", ""Cod Rubrica"": 1118, ""Cód Natureza"": ""9253 - Desconto de trabalhadores a título de empréstimos na modalidade eConsignado para repasse à instituição financeira consignatária recolhido em guia do FGTS conforme legislação específica"", ""Incid./Base Legal FGTS"": ""31 - Artigo 15 da Lei n° 8.036/90"", ""Incid./Base Legal INSS"": ""0 - Artigo 28, inciso I, da Lei n° 8.212/91"", ""Incid./Base Legal IRRF"": ""9 - Artigo 7º da Lei nº 8.134/90""}",2026-03-25 15:01:09.753784,,,,,,,,,,,,,,,,,,,,,,,,,,,,,,,,,,,,,,,,,,,,
1196,1,1196,1119,DESC. EMPRESTIMO ECONSIGNADO FGTS,9253 - Desconto de trabalhadores a título de empréstimos na modalidade eConsignado para repasse à instituição financeira consignatária recolhido em guia do FGTS conforme legislação específica,0,9,31,-,"0 - Artigo 28, inciso I, da Lei n° 8.212/91",9 - Artigo 7º da Lei nº 8.134/90,31 - Artigo 15 da Lei n° 8.036/90,"{""FGTS"": 31, ""INSS"": 0, ""IRRF"": 9, ""Analise"": ""-"", ""Rubrica"": ""DESC. EMPRESTIMO ECONSIGNADO FGTS"", ""Cod Rubrica"": 1119, ""Cód Natureza"": ""9253 - Desconto de trabalhadores a título de empréstimos na modalidade eConsignado para repasse à instituição financeira consignatária recolhido em guia do FGTS conforme legislação específica"", ""Incid./Base Legal FGTS"": ""31 - Artigo 15 da Lei n° 8.036/90"", ""Incid./Base Legal INSS"": ""0 - Artigo 28, inciso I, da Lei n° 8.212/91"", ""Incid./Base Legal IRRF"": ""9 - Artigo 7º da Lei nº 8.134/90""}",2026-03-25 15:01:09.753784,,,,,,,,,,,,,,,,,,,,,,,,,,,,,,,,,,,,,,,,,,,,
1197,1,1197,1120,DESC. EMPRESTIMO ECONSIGNADO FGTS,9253 - Desconto de trabalhadores a título de empréstimos na modalidade eConsignado para repasse à instituição financeira consignatária recolhido em guia do FGTS conforme legislação específica,0,9,31,-,"0 - Artigo 28, inciso I, da Lei n° 8.212/91",9 - Artigo 7º da Lei nº 8.134/90,31 - Artigo 15 da Lei n° 8.036/90,"{""FGTS"": 31, ""INSS"": 0, ""IRRF"": 9, ""Analise"": ""-"", ""Rubrica"": ""DESC. EMPRESTIMO ECONSIGNADO FGTS"", ""Cod Rubrica"": 1120, ""Cód Natureza"": ""9253 - Desconto de trabalhadores a título de empréstimos na modalidade eConsignado para repasse à instituição financeira consignatária recolhido em guia do FGTS conforme legislação específica"", ""Incid./Base Legal FGTS"": ""31 - Artigo 15 da Lei n° 8.036/90"", ""Incid./Base Legal INSS"": ""0 - Artigo 28, inciso I, da Lei n° 8.212/91"", ""Incid./Base Legal IRRF"": ""9 - Artigo 7º da Lei nº 8.134/90""}",2026-03-25 15:01:09.753784,,,,,,,,,,,,,,,,,,,,,,,,,,,,,,,,,,,,,,,,,,,,
1198,1,1198,1121,DESC. EMPRESTIMO ECONSIGNADO FGTS,9253 - Desconto de trabalhadores a título de empréstimos na modalidade eConsignado para repasse à instituição financeira consignatária recolhido em guia do FGTS conforme legislação específica,0,9,31,-,"0 - Artigo 28, inciso I, da Lei n° 8.212/91",9 - Artigo 7º da Lei nº 8.134/90,31 - Artigo 15 da Lei n° 8.036/90,"{""FGTS"": 31, ""INSS"": 0, ""IRRF"": 9, ""Analise"": ""-"", ""Rubrica"": ""DESC. EMPRESTIMO ECONSIGNADO FGTS"", ""Cod Rubrica"": 1121, ""Cód Natureza"": ""9253 - Desconto de trabalhadores a título de empréstimos na modalidade eConsignado para repasse à instituição financeira consignatária recolhido em guia do FGTS conforme legislação específica"", ""Incid./Base Legal FGTS"": ""31 - Artigo 15 da Lei n° 8.036/90"", ""Incid./Base Legal INSS"": ""0 - Artigo 28, inciso I, da Lei n° 8.212/91"", ""Incid./Base Legal IRRF"": ""9 - Artigo 7º da Lei nº 8.134/90""}",2026-03-25 15:01:09.753784,,,,,,,,,,,,,,,,,,,,,,,,,,,,,,,,,,,,,,,,,,,,
1199,1,1199,1122,DESC. EMPRESTIMO ECONSIGNADO FGTS,9253 - Desconto de trabalhadores a título de empréstimos na modalidade eConsignado para repasse à instituição financeira consignatária recolhido em guia do FGTS conforme legislação específica,0,9,31,-,"0 - Artigo 28, inciso I, da Lei n° 8.212/91",9 - Artigo 7º da Lei nº 8.134/90,31 - Artigo 15 da Lei n° 8.036/90,"{""FGTS"": 31, ""INSS"": 0, ""IRRF"": 9, ""Analise"": ""-"", ""Rubrica"": ""DESC. EMPRESTIMO ECONSIGNADO FGTS"", ""Cod Rubrica"": 1122, ""Cód Natureza"": ""9253 - Desconto de trabalhadores a título de empréstimos na modalidade eConsignado para repasse à instituição financeira consignatária recolhido em guia do FGTS conforme legislação específica"", ""Incid./Base Legal FGTS"": ""31 - Artigo 15 da Lei n° 8.036/90"", ""Incid./Base Legal INSS"": ""0 - Artigo 28, inciso I, da Lei n° 8.212/91"", ""Incid./Base Legal IRRF"": ""9 - Artigo 7º da Lei nº 8.134/90""}",2026-03-25 15:01:09.753784,,,,,,,,,,,,,,,,,,,,,,,,,,,,,,,,,,,,,,,,,,,,
1200,1,1200,1123,DESC. EMPRESTIMO ECONSIGNADO FGTS,9253 - Desconto de trabalhadores a título de empréstimos na modalidade eConsignado para repasse à instituição financeira consignatária recolhido em guia do FGTS conforme legislação específica,0,9,31,-,"0 - Artigo 28, inciso I, da Lei n° 8.212/91",9 - Artigo 7º da Lei nº 8.134/90,31 - Artigo 15 da Lei n° 8.036/90,"{""FGTS"": 31, ""INSS"": 0, ""IRRF"": 9, ""Analise"": ""-"", ""Rubrica"": ""DESC. EMPRESTIMO ECONSIGNADO FGTS"", ""Cod Rubrica"": 1123, ""Cód Natureza"": ""9253 - Desconto de trabalhadores a título de empréstimos na modalidade eConsignado para repasse à instituição financeira consignatária recolhido em guia do FGTS conforme legislação específica"", ""Incid./Base Legal FGTS"": ""31 - Artigo 15 da Lei n° 8.036/90"", ""Incid./Base Legal INSS"": ""0 - Artigo 28, inciso I, da Lei n° 8.212/91"", ""Incid./Base Legal IRRF"": ""9 - Artigo 7º da Lei nº 8.134/90""}",2026-03-25 15:01:09.753784,,,,,,,,,,,,,,,,,,,,,,,,,,,,,,,,,,,,,,,,,,,,
1201,1,1201,1124,DESC. EMPRESTIMO ECONSIGNADO FGTS,9253 - Desconto de trabalhadores a título de empréstimos na modalidade eConsignado para repasse à instituição financeira consignatária recolhido em guia do FGTS conforme legislação específica,0,9,31,-,"0 - Artigo 28, inciso I, da Lei n° 8.212/91",9 - Artigo 7º da Lei nº 8.134/90,31 - Artigo 15 da Lei n° 8.036/90,"{""FGTS"": 31, ""INSS"": 0, ""IRRF"": 9, ""Analise"": ""-"", ""Rubrica"": ""DESC. EMPRESTIMO ECONSIGNADO FGTS"", ""Cod Rubrica"": 1124, ""Cód Natureza"": ""9253 - Desconto de trabalhadores a título de empréstimos na modalidade eConsignado para repasse à instituição financeira consignatária recolhido em guia do FGTS conforme legislação específica"", ""Incid./Base Legal FGTS"": ""31 - Artigo 15 da Lei n° 8.036/90"", ""Incid./Base Legal INSS"": ""0 - Artigo 28, inciso I, da Lei n° 8.212/91"", ""Incid./Base Legal IRRF"": ""9 - Artigo 7º da Lei nº 8.134/90""}",2026-03-25 15:01:09.753784,,,,,,,,,,,,,,,,,,,,,,,,,,,,,,,,,,,,,,,,,,,,
1202,1,1202,1125,DESC. HORAS A COMPENSAR,9209 - Faltas ou atrasos,11,11,11,-,"11 - Artigo 28, inciso I, da Lei n° 8.212/91",11 - Artigos 3º e 7º da Lei nº 7.713/88,11 - Artigo 15 da Lei n° 8.036/90,"{""FGTS"": 11, ""INSS"": 11, ""IRRF"": 11, ""Analise"": ""-"", ""Rubrica"": ""DESC. HORAS A COMPENSAR"", ""Cod Rubrica"": 1125, ""Cód Natureza"": ""9209 - Faltas ou atrasos"", ""Incid./Base Legal FGTS"": ""11 - Artigo 15 da Lei n° 8.036/90"", ""Incid./Base Legal INSS"": ""11 - Artigo 28, inciso I, da Lei n° 8.212/91"", ""Incid./Base Legal IRRF"": ""11 - Artigos 3º e 7º da Lei nº 7.713/88""}",2026-03-25 15:01:09.753784,,,,,,,,,,,,,,,,,,,,,,,,,,,,,,,,,,,,,,,,,,,,
1203,1,1203,1126,PROVISAO DESC EMPRESTIMO ECONSIGNADO FGTS,9299 - Outros descontos,0,9,0,-,"0 - Artigo 28, § 9º da Lei n° 8.212/91",9 - Artigos 3º e 7º da Lei nº 7.713/88,"0 - Artigo 15, § 6º da Lei n° 8.036/90","{""FGTS"": 0, ""INSS"": 0, ""IRRF"": 9, ""Analise"": ""-"", ""Rubrica"": ""PROVISAO DESC EMPRESTIMO ECONSIGNADO FGTS"", ""Cod Rubrica"": 1126, ""Cód Natureza"": ""9299 - Outros descontos"", ""Incid./Base Legal FGTS"": ""0 - Artigo 15, § 6º da Lei n° 8.036/90"", ""Incid./Base Legal INSS"": ""0 - Artigo 28, § 9º da Lei n° 8.212/91"", ""Incid./Base Legal IRRF"": ""9 - Artigos 3º e 7º da Lei nº 7.713/88""}",2026-03-25 15:01:09.753784,,,,,,,,,,,,,,,,,,,,,,,,,,,,,,,,,,,,,,,,,,,,
1204,1,1204,1127,DEVOLUCAO PROVISAO DESC EMPREST ECONSIGNADO FGTS,1623 - Ressarcimento de provisão,0,9,0,-,"0 - Artigo 28, inciso I, da Lei n° 8.212/91","9 - artigo 35, inciso I, alínea p do Decreto n° 9.580/2018",0 - Artigo 15 da Lei n° 8.036/90,"{""FGTS"": 0, ""INSS"": 0, ""IRRF"": 9, ""Analise"": ""-"", ""Rubrica"": ""DEVOLUCAO PROVISAO DESC EMPREST ECONSIGNADO FGTS"", ""Cod Rubrica"": 1127, ""Cód Natureza"": ""1623 - Ressarcimento de provisão"", ""Incid./Base Legal FGTS"": ""0 - Artigo 15 da Lei n° 8.036/90"", ""Incid./Base Legal INSS"": ""0 - Artigo 28, inciso I, da Lei n° 8.212/91"", ""Incid./Base Legal IRRF"": ""9 - artigo 35, inciso I, alínea p do Decreto n° 9.580/2018""}",2026-03-25 15:01:09.753784,,,,,,,,,,,,,,,,,,,,,,,,,,,,,,,,,,,,,,,,,,,,
1205,1,1205,1128,DIF ADIC. S/13º SALARIO,"1000 - Salário, vencimento, soldo ou subsídio",11,11,11,-,"11 - Artigo 28, inciso I, da Lei n° 8.212/91",11 - Artigos 3º e 7º da Lei nº 7.713/88,11 - Artigo 15 da Lei n° 8.036/90,"{""FGTS"": 11, ""INSS"": 11, ""IRRF"": 11, ""Analise"": ""-"", ""Rubrica"": ""DIF ADIC. S/13º SALARIO"", ""Cod Rubrica"": 1128, ""Cód Natureza"": ""1000 - Salário, vencimento, soldo ou subsídio"", ""Incid./Base Legal FGTS"": ""11 - Artigo 15 da Lei n° 8.036/90"", ""Incid./Base Legal INSS"": ""11 - Artigo 28, inciso I, da Lei n° 8.212/91"", ""Incid./Base Legal IRRF"": ""11 - Artigos 3º e 7º da Lei nº 7.713/88""}",2026-03-25 15:01:09.753784,,,,,,,,,,,,,,,,,,,,,,,,,,,,,,,,,,,,,,,,,,,,
1206,1,1206,1129,DESC. ATRASOS REF MES ANTERIOR,9209 - Faltas ou atrasos,11,11,11,-,"11 - Artigo 28, inciso I, da Lei n° 8.212/91",11 - Artigos 3º e 7º da Lei nº 7.713/88,11 - Artigo 15 da Lei n° 8.036/90,"{""FGTS"": 11, ""INSS"": 11, ""IRRF"": 11, ""Analise"": ""-"", ""Rubrica"": ""DESC. ATRASOS REF MES ANTERIOR"", ""Cod Rubrica"": 1129, ""Cód Natureza"": ""9209 - Faltas ou atrasos"", ""Incid./Base Legal FGTS"": ""11 - Artigo 15 da Lei n° 8.036/90"", ""Incid./Base Legal INSS"": ""11 - Artigo 28, inciso I, da Lei n° 8.212/91"", ""Incid./Base Legal IRRF"": ""11 - Artigos 3º e 7º da Lei nº 7.713/88""}",2026-03-25 15:01:09.753784,,,,,,,,,,,,,,,,,,,,,,,,,,,,,,,,,,,,,,,,,,,,
1207,1,1207,1130,DESC. ASS. MÉDICA DEP. MES ANT,9219 - Desconto de assistência médica ou odontológica - Plano coletivo empresarial,0,9,0,Rubrica com inconsistência de IRRF,"0 - Artigo 28, § 9º da Lei n° 8.212/91",67 - Artigos 3º e 7º da Lei nº 7.713/88,"0 - Artigo 15, § 6º da Lei n° 8.036/90","{""FGTS"": 0, ""INSS"": 0, ""IRRF"": 9, ""Analise"": ""Rubrica com inconsistência de IRRF"", ""Rubrica"": ""DESC. ASS. MÉDICA DEP. MES ANT"", ""Cod Rubrica"": 1130, ""Cód Natureza"": ""9219 - Desconto de assistência médica ou odontológica - Plano coletivo empresarial"", ""Incid./Base Legal FGTS"": ""0 - Artigo 15, § 6º da Lei n° 8.036/90"", ""Incid./Base Legal INSS"": ""0 - Artigo 28, § 9º da Lei n° 8.212/91"", ""Incid./Base Legal IRRF"": ""67 - Artigos 3º e 7º da Lei nº 7.713/88""}",2026-03-25 15:01:09.753784,,,,,,,,,,,,,,,,,,,,,,,,,,,,,,,,,,,,,,,,,,,,
1208,1,1208,1131,DESC. CONTRIB. ASSISTENCIAL,9232 - Contribuição Sindical - Assistencial,0,9,0,-,"0 - Artigo 28, § 9º da Lei n° 8.212/91",9 - Artigo 4º da Lei nº 9.250/95,0 - Artigo 15 da Lei n° 8.036/90,"{""FGTS"": 0, ""INSS"": 0, ""IRRF"": 9, ""Analise"": ""-"", ""Rubrica"": ""DESC. CONTRIB. ASSISTENCIAL"", ""Cod Rubrica"": 1131, ""Cód Natureza"": ""9232 - Contribuição Sindical - Assistencial"", ""Incid./Base Legal FGTS"": ""0 - Artigo 15 da Lei n° 8.036/90"", ""Incid./Base Legal INSS"": ""0 - Artigo 28, § 9º da Lei n° 8.212/91"", ""Incid./Base Legal IRRF"": ""9 - Artigo 4º da Lei nº 9.250/95""}",2026-03-25 15:01:09.753784,,,,,,,,,,,,,,,,,,,,,,,,,,,,,,,,,,,,,,,,,,,,
1209,1,1209,1132,DESC. CONTRIB. SOCIO-ASSISTENCIAL,9232 - Contribuição Sindical - Assistencial,0,9,0,-,"0 - Artigo 28, § 9º da Lei n° 8.212/91",9 - Artigo 4º da Lei nº 9.250/95,0 - Artigo 15 da Lei n° 8.036/90,"{""FGTS"": 0, ""INSS"": 0, ""IRRF"": 9, ""Analise"": ""-"", ""Rubrica"": ""DESC. CONTRIB. SOCIO-ASSISTENCIAL"", ""Cod Rubrica"": 1132, ""Cód Natureza"": ""9232 - Contribuição Sindical - Assistencial"", ""Incid./Base Legal FGTS"": ""0 - Artigo 15 da Lei n° 8.036/90"", ""Incid./Base Legal INSS"": ""0 - Artigo 28, § 9º da Lei n° 8.212/91"", ""Incid./Base Legal IRRF"": ""9 - Artigo 4º da Lei nº 9.250/95""}",2026-03-25 15:01:09.753784,,,,,,,,,,,,,,,,,,,,,,,,,,,,,,,,,,,,,,,,,,,,
1210,1,1210,1133,PREMIO ASSIDUIDADE - NUTRI,2501 - Prêmios,0,11,0,-,"0 - ATO SOLUÇÃO DE CONSULTA Nº 5.003, de 09/04/2025",11 - Artigo 36 do Decreto nº 9.580/2018,0 - Artigo 15 da Lei n° 8.036/90,"{""FGTS"": 0, ""INSS"": 0, ""IRRF"": 11, ""Analise"": ""-"", ""Rubrica"": ""PREMIO ASSIDUIDADE - NUTRI"", ""Cod Rubrica"": 1133, ""Cód Natureza"": ""2501 - Prêmios"", ""Incid./Base Legal FGTS"": ""0 - Artigo 15 da Lei n° 8.036/90"", ""Incid./Base Legal INSS"": ""0 - ATO SOLUÇÃO DE CONSULTA Nº 5.003, de 09/04/2025"", ""Incid./Base Legal IRRF"": ""11 - Artigo 36 do Decreto nº 9.580/2018""}",2026-03-25 15:01:09.753784,,,,,,,,,,,,,,,,,,,,,,,,,,,,,,,,,,,,,,,,,,,,
1211,1,1211,1134,ADIC. PERICULOSIDADE MES 12/2025,1203 - Adicional de periculosidade,11,11,11,-,"11 - Artigo 28, inciso I, da Lei n° 8.212/91",11 - Artigos 3º e 7º da Lei nº 7.713/88,11 - Artigo 15 da Lei n° 8.036/90,"{""FGTS"": 11, ""INSS"": 11, ""IRRF"": 11, ""Analise"": ""-"", ""Rubrica"": ""ADIC. PERICULOSIDADE MES 12/2025"", ""Cod Rubrica"": 1134, ""Cód Natureza"": ""1203 - Adicional de periculosidade"", ""Incid./Base Legal FGTS"": ""11 - Artigo 15 da Lei n° 8.036/90"", ""Incid./Base Legal INSS"": ""11 - Artigo 28, inciso I, da Lei n° 8.212/91"", ""Incid./Base Legal IRRF"": ""11 - Artigos 3º e 7º da Lei nº 7.713/88""}",2026-03-25 15:01:09.753784,,,,,,,,,,,,,,,,,,,,,,,,,,,,,,,,,,,,,,,,,,,,
1212,1,1212,1135,ADIC. PERICULOSIDADE MES 01/2026,1203 - Adicional de periculosidade,11,11,11,-,"11 - Artigo 28, inciso I, da Lei n° 8.212/91",11 - Artigos 3º e 7º da Lei nº 7.713/88,11 - Artigo 15 da Lei n° 8.036/90,"{""FGTS"": 11, ""INSS"": 11, ""IRRF"": 11, ""Analise"": ""-"", ""Rubrica"": ""ADIC. PERICULOSIDADE MES 01/2026"", ""Cod Rubrica"": 1135, ""Cód Natureza"": ""1203 - Adicional de periculosidade"", ""Incid./Base Legal FGTS"": ""11 - Artigo 15 da Lei n° 8.036/90"", ""Incid./Base Legal INSS"": ""11 - Artigo 28, inciso I, da Lei n° 8.212/91"", ""Incid./Base Legal IRRF"": ""11 - Artigos 3º e 7º da Lei nº 7.713/88""}",2026-03-25 15:01:09.753784,,,,,,,,,,,,,,,,,,,,,,,,,,,,,,,,,,,,,,,,,,,,
1213,1,1213,1350,FERIAS (ANTECIPAÇÃO) - ESOCIAL,1020 - Férias - Gozadas,0,13,0,-,"11 - Artigo 28, inciso I, da Lei n° 8.212/91",13 - Artigos 3º e 7º da Lei nº 7.713/88,11 - Artigo 15 da Lei n° 8.036/90,"{""FGTS"": 0, ""INSS"": 0, ""IRRF"": 13, ""Analise"": ""-"", ""Rubrica"": ""FERIAS (ANTECIPAÇÃO) - ESOCIAL"", ""Cod Rubrica"": 1350, ""Cód Natureza"": ""1020 - Férias - Gozadas"", ""Incid./Base Legal FGTS"": ""11 - Artigo 15 da Lei n° 8.036/90"", ""Incid./Base Legal INSS"": ""11 - Artigo 28, inciso I, da Lei n° 8.212/91"", ""Incid./Base Legal IRRF"": ""13 - Artigos 3º e 7º da Lei nº 7.713/88""}",2026-03-25 15:01:09.753784,,,,,,,,,,,,,,,,,,,,,,,,,,,,,,,,,,,,,,,,,,,,
1214,1,1214,"0 - Artigo 28, inciso I, da Lei n° 8.212/91",0 - Artigo 15 da Lei n° 8.036/90,,,,,,,,,"{""Incid./Base Legal FGTS"": ""0 - Artigo 15 da Lei n° 8.036/90"", ""Incid./Base Legal INSS"": ""0 - Artigo 28, inciso I, da Lei n° 8.212/91""}",2026-03-25 15:01:09.753784,,,,,,,,,,,,,,,,,,,,,,,,,,,,,,,,,,,,,,,,,,,,
1215,1,1215,9276,VALE TRANSPORTE (INFORMATIIVO ESOCIAL),1810 - Transporte (Servidores e Empregados Públicos),0,9,0,-,"0 - Artigo 28, § 9º da Lei n° 8.212/91",9 - Artigos 5º da IN 1500/2014,0 - Precedente Administrativo nº 3,"{""FGTS"": 0, ""INSS"": 0, ""IRRF"": 9, ""Analise"": ""-"", ""Rubrica"": ""VALE TRANSPORTE (INFORMATIIVO ESOCIAL)"", ""Cod Rubrica"": 9276, ""Cód Natureza"": ""1810 - Transporte (Servidores e Empregados Públicos)"", ""Incid./Base Legal FGTS"": ""0 - Precedente Administrativo nº 3"", ""Incid./Base Legal INSS"": ""0 - Artigo 28, § 9º da Lei n° 8.212/91"", ""Incid./Base Legal IRRF"": ""9 - Artigos 5º da IN 1500/2014""}",2026-03-25 15:01:09.753784,,,,,,,,,,,,,,,,,,,,,,,,,,,,,,,,,,,,,,,,,,,,
1216,1,1216,"11 - Precedente Administrativo nº 3, Ato Declaratório 04/2002",,,,,,,,,,"{""Incid./Base Legal FGTS"": ""11 - Precedente Administrativo nº 3, Ato Declaratório 04/2002""}",2026-03-25 15:01:09.753784,,,,,,,,,,,,,,,,,,,,,,,,,,,,,,,,,,,,,,,,,,,,
1217,1,1217,9277,VALE REFEICAO (INFORMATIIVO ESOCIAL),"1806 - Alimentação em ticket ou cartão, vinculada ao PAT",0,9,0,-,"0 - Artigo 28, inciso I, da Lei n° 8.212/91","9 - artigo 35, inciso I, alínea p do Decreto n° 9.580/2018",0 - Artigo 15 da Lei n° 8.036/90,"{""FGTS"": 0, ""INSS"": 0, ""IRRF"": 9, ""Analise"": ""-"", ""Rubrica"": ""VALE REFEICAO (INFORMATIIVO ESOCIAL)"", ""Cod Rubrica"": 9277, ""Cód Natureza"": ""1806 - Alimentação em ticket ou cartão, vinculada ao PAT"", ""Incid./Base Legal FGTS"": ""0 - Artigo 15 da Lei n° 8.036/90"", ""Incid./Base Legal INSS"": ""0 - Artigo 28, inciso I, da Lei n° 8.212/91"", ""Incid./Base Legal IRRF"": ""9 - artigo 35, inciso I, alínea p do Decreto n° 9.580/2018""}",2026-03-25 15:01:09.753784,,,,,,,,,,,,,,,,,,,,,,,,,,,,,,,,,,,,,,,,,,,,
1218,1,1218,9278,CESTA BASICA (INFORMATIIVO ESOCIAL),"1808 - Alimentação concedida sob a forma de cesta básica ou refeição, por empresa vinculada ao PAT",0,9,0,-,"0 - Artigo 28, inciso I, da Lei n° 8.212/91","9 - artigo 35, inciso I, alínea p do Decreto n° 9.580/2018",0 - Artigo 15 da Lei n° 8.036/90,"{""FGTS"": 0, ""INSS"": 0, ""IRRF"": 9, ""Analise"": ""-"", ""Rubrica"": ""CESTA BASICA (INFORMATIIVO ESOCIAL)"", ""Cod Rubrica"": 9278, ""Cód Natureza"": ""1808 - Alimentação concedida sob a forma de cesta básica ou refeição, por empresa vinculada ao PAT"", ""Incid./Base Legal FGTS"": ""0 - Artigo 15 da Lei n° 8.036/90"", ""Incid./Base Legal INSS"": ""0 - Artigo 28, inciso I, da Lei n° 8.212/91"", ""Incid./Base Legal IRRF"": ""9 - artigo 35, inciso I, alínea p do Decreto n° 9.580/2018""}",2026-03-25 15:01:09.753784,,,,,,,,,,,,,,,,,,,,,,,,,,,,,,,,,,,,,,,,,,,,
1219,1,1219,9279,ASSISTENCIA MEDICA (INFORMATIIVO ESOCIAL),9911 - Assistência Médica,0,9,0,-,"0 - Artigo 28, § 9º da Lei n° 8.212/91",9 - Artigos 3º e 7º da Lei nº 7.713/88,0 - Artigo 15 da Lei n° 8.036/90,"{""FGTS"": 0, ""INSS"": 0, ""IRRF"": 9, ""Analise"": ""-"", ""Rubrica"": ""ASSISTENCIA MEDICA (INFORMATIIVO ESOCIAL)"", ""Cod Rubrica"": 9279, ""Cód Natureza"": ""9911 - Assistência Médica"", ""Incid./Base Legal FGTS"": ""0 - Artigo 15 da Lei n° 8.036/90"", ""Incid./Base Legal INSS"": ""0 - Artigo 28, § 9º da Lei n° 8.212/91"", ""Incid./Base Legal IRRF"": ""9 - Artigos 3º e 7º da Lei nº 7.713/88""}",2026-03-25 15:01:09.753784,,,,,,,,,,,,,,,,,,,,,,,,,,,,,,,,,,,,,,,,,,,,
1220,1,1220,9281,ASSISTENCIA ODONTOLOGICA (INFORMATIIVO ESOCIAL),9911 - Assistência Médica,0,9,0,-,"0 - Artigo 28, § 9º da Lei n° 8.212/91",9 - Artigos 3º e 7º da Lei nº 7.713/88,0 - Artigo 15 da Lei n° 8.036/90,"{""FGTS"": 0, ""INSS"": 0, ""IRRF"": 9, ""Analise"": ""-"", ""Rubrica"": ""ASSISTENCIA ODONTOLOGICA (INFORMATIIVO ESOCIAL)"", ""Cod Rubrica"": 9281, ""Cód Natureza"": ""9911 - Assistência Médica"", ""Incid./Base Legal FGTS"": ""0 - Artigo 15 da Lei n° 8.036/90"", ""Incid./Base Legal INSS"": ""0 - Artigo 28, § 9º da Lei n° 8.212/91"", ""Incid./Base Legal IRRF"": ""9 - Artigos 3º e 7º da Lei nº 7.713/88""}",2026-03-25 15:01:09.753784,,,,,,,,,,,,,,,,,,,,,,,,,,,,,,,,,,,,,,,,,,,,
1221,1,1221,9284,VALE ALIMENTACAO (INFORMATIIVO ESOCIAL),"1806 - Alimentação em ticket ou cartão, vinculada ao PAT",0,9,0,-,"0 - Artigo 28, inciso I, da Lei n° 8.212/91","9 - artigo 35, inciso I, alínea p do Decreto n° 9.580/2018",0 - Artigo 15 da Lei n° 8.036/90,"{""FGTS"": 0, ""INSS"": 0, ""IRRF"": 9, ""Analise"": ""-"", ""Rubrica"": ""VALE ALIMENTACAO (INFORMATIIVO ESOCIAL)"", ""Cod Rubrica"": 9284, ""Cód Natureza"": ""1806 - Alimentação em ticket ou cartão, vinculada ao PAT"", ""Incid./Base Legal FGTS"": ""0 - Artigo 15 da Lei n° 8.036/90"", ""Incid./Base Legal INSS"": ""0 - Artigo 28, inciso I, da Lei n° 8.212/91"", ""Incid./Base Legal IRRF"": ""9 - artigo 35, inciso I, alínea p do Decreto n° 9.580/2018""}",2026-03-25 15:01:09.753784,,,,,,,,,,,,,,,,,,,,,,,,,,,,,,,,,,,,,,,,,,,,
1222,1,1222,9285,BENEFICIO OUTROS (INFORMATIIVO ESOCIAL),9989 - Outros valores informativos,0,9,0,-,"0 - Artigo 28, inciso I, da Lei n° 8.212/91",9 - Artigo 12-A da Lei nº 7.713/88,0 - Artigo 15 da Lei n° 8.036/90,"{""FGTS"": 0, ""INSS"": 0, ""IRRF"": 9, ""Analise"": ""-"", ""Rubrica"": ""BENEFICIO OUTROS (INFORMATIIVO ESOCIAL)"", ""Cod Rubrica"": 9285, ""Cód Natureza"": ""9989 - Outros valores informativos"", ""Incid./Base Legal FGTS"": ""0 - Artigo 15 da Lei n° 8.036/90"", ""Incid./Base Legal INSS"": ""0 - Artigo 28, inciso I, da Lei n° 8.212/91"", ""Incid./Base Legal IRRF"": ""9 - Artigo 12-A da Lei nº 7.713/88""}",2026-03-25 15:01:09.753784,,,,,,,,,,,,,,,,,,,,,,,,,,,,,,,,,,,,,,,,,,,,
1223,1,1223,9286,BENEFICIO INFORMADO (INFORMATIIVO ESOCIAL),9989 - Outros valores informativos,0,9,0,-,"0 - Artigo 28, inciso I, da Lei n° 8.212/91",9 - Artigo 12-A da Lei nº 7.713/88,0 - Artigo 15 da Lei n° 8.036/90,"{""FGTS"": 0, ""INSS"": 0, ""IRRF"": 9, ""Analise"": ""-"", ""Rubrica"": ""BENEFICIO INFORMADO (INFORMATIIVO ESOCIAL)"", ""Cod Rubrica"": 9286, ""Cód Natureza"": ""9989 - Outros valores informativos"", ""Incid./Base Legal FGTS"": ""0 - Artigo 15 da Lei n° 8.036/90"", ""Incid./Base Legal INSS"": ""0 - Artigo 28, inciso I, da Lei n° 8.212/91"", ""Incid./Base Legal IRRF"": ""9 - Artigo 12-A da Lei nº 7.713/88""}",2026-03-25 15:01:09.753784,,,,,,,,,,,,,,,,,,,,,,,,,,,,,,,,,,,,,,,,,,,,
1224,1,1224,9287,BENEFICIO PROMOCAO (INFORMATIIVO ESOCIAL),9989 - Outros valores informativos,0,9,0,-,"0 - Artigo 28, inciso I, da Lei n° 8.212/91",9 - Artigo 12-A da Lei nº 7.713/88,0 - Artigo 15 da Lei n° 8.036/90,"{""FGTS"": 0, ""INSS"": 0, ""IRRF"": 9, ""Analise"": ""-"", ""Rubrica"": ""BENEFICIO PROMOCAO (INFORMATIIVO ESOCIAL)"", ""Cod Rubrica"": 9287, ""Cód Natureza"": ""9989 - Outros valores informativos"", ""Incid./Base Legal FGTS"": ""0 - Artigo 15 da Lei n° 8.036/90"", ""Incid./Base Legal INSS"": ""0 - Artigo 28, inciso I, da Lei n° 8.212/91"", ""Incid./Base Legal IRRF"": ""9 - Artigo 12-A da Lei nº 7.713/88""}",2026-03-25 15:01:09.753784,,,,,,,,,,,,,,,,,,,,,,,,,,,,,,,,,,,,,,,,,,,,
